id,shop_id,customer_id,sold_at,payment_mode,subtotal,discount,tax_amount,total,status,created_at
SALE-000001,SHOP-001,,2026-07-02T20:20:00+05:30,upi,135.00,0.00,6.43,135.00,completed,2026-07-02T20:20:00+05:30
SALE-000002,SHOP-001,CUST-0009,2026-07-02T17:40:00+05:30,cash,1380.00,0.00,95.62,1380.00,completed,2026-07-02T17:40:00+05:30
SALE-000003,SHOP-002,,2026-07-02T17:10:00+05:30,cash,1320.00,66.00,191.29,1254.00,completed,2026-07-02T17:10:00+05:30
SALE-000004,SHOP-003,CUST-0056,2026-07-02T14:20:00+05:30,upi,575.00,0.00,61.61,575.00,completed,2026-07-02T14:20:00+05:30
SALE-000005,SHOP-004,CUST-0085,2026-07-02T11:30:00+05:30,credit,131.00,0.00,3.62,131.00,completed,2026-07-02T11:30:00+05:30
SALE-000006,SHOP-005,CUST-0096,2026-07-02T12:50:00+05:30,upi,5292.00,0.00,807.25,5292.00,completed,2026-07-02T12:50:00+05:30
SALE-000007,SHOP-006,CUST-0123,2026-07-02T20:10:00+05:30,credit,105.00,0.00,16.02,105.00,completed,2026-07-02T20:10:00+05:30
SALE-000008,SHOP-006,,2026-07-02T13:30:00+05:30,cash,749.00,0.00,28.11,749.00,completed,2026-07-02T13:30:00+05:30
SALE-000009,SHOP-007,CUST-0132,2026-07-02T10:40:00+05:30,upi,320.00,0.00,28.41,320.00,completed,2026-07-02T10:40:00+05:30
SALE-000010,SHOP-008,CUST-0169,2026-07-02T18:10:00+05:30,credit,100.00,0.00,15.25,100.00,completed,2026-07-02T18:10:00+05:30
SALE-000011,SHOP-009,,2026-07-02T08:00:00+05:30,cash,24.00,0.00,3.66,24.00,completed,2026-07-02T08:00:00+05:30
SALE-000012,SHOP-010,CUST-0193,2026-07-02T19:50:00+05:30,upi,2893.00,0.00,441.31,2893.00,completed,2026-07-02T19:50:00+05:30
SALE-000013,SHOP-011,CUST-0223,2026-07-02T18:40:00+05:30,upi,315.00,0.00,15.00,315.00,completed,2026-07-02T18:40:00+05:30
SALE-000014,SHOP-011,CUST-0221,2026-07-02T12:40:00+05:30,cash,565.00,0.00,17.62,565.00,completed,2026-07-02T12:40:00+05:30
SALE-000015,SHOP-011,CUST-0213,2026-07-02T08:30:00+05:30,cash,90.00,0.00,4.29,90.00,completed,2026-07-02T08:30:00+05:30
SALE-000016,SHOP-012,CUST-0241,2026-07-02T17:50:00+05:30,cash,175.00,0.00,14.30,175.00,completed,2026-07-02T17:50:00+05:30
SALE-000017,SHOP-012,CUST-0241,2026-07-02T10:00:00+05:30,cash,81.00,0.00,3.81,81.00,completed,2026-07-02T10:00:00+05:30
SALE-000018,SHOP-014,CUST-0290,2026-07-02T16:20:00+05:30,cash,5250.00,0.00,800.85,5250.00,completed,2026-07-02T16:20:00+05:30
SALE-000019,SHOP-015,CUST-0298,2026-07-02T08:10:00+05:30,cash,150.00,0.00,22.88,150.00,completed,2026-07-02T08:10:00+05:30
SALE-000020,SHOP-017,CUST-0331,2026-07-02T12:20:00+05:30,cash,90.00,0.00,4.29,90.00,completed,2026-07-02T12:20:00+05:30
SALE-000021,SHOP-017,CUST-0351,2026-07-02T19:10:00+05:30,upi,190.00,0.00,9.05,190.00,completed,2026-07-02T19:10:00+05:30
SALE-000022,SHOP-018,,2026-07-02T14:30:00+05:30,card,450.00,0.00,48.62,450.00,completed,2026-07-02T14:30:00+05:30
SALE-000023,SHOP-020,CUST-0418,2026-07-02T10:10:00+05:30,upi,150.00,0.00,7.14,150.00,completed,2026-07-02T10:10:00+05:30
SALE-000024,SHOP-020,CUST-0401,2026-07-02T20:30:00+05:30,cash,635.00,0.00,20.95,635.00,completed,2026-07-02T20:30:00+05:30
SALE-000025,SHOP-020,CUST-0409,2026-07-02T20:40:00+05:30,upi,402.00,0.00,21.77,402.00,completed,2026-07-02T20:40:00+05:30
SALE-000026,SHOP-021,CUST-0432,2026-07-02T19:20:00+05:30,cash,670.00,0.00,89.49,670.00,completed,2026-07-02T19:20:00+05:30
SALE-000027,SHOP-023,CUST-0474,2026-07-02T16:20:00+05:30,upi,130.00,0.00,6.19,130.00,returned,2026-07-02T16:20:00+05:30
SALE-000028,SHOP-023,CUST-0473,2026-07-02T13:00:00+05:30,credit,358.00,0.00,50.94,358.00,completed,2026-07-02T13:00:00+05:30
SALE-000029,SHOP-023,CUST-0462,2026-07-02T18:50:00+05:30,credit,631.00,0.00,56.80,631.00,completed,2026-07-02T18:50:00+05:30
SALE-000030,SHOP-024,CUST-0488,2026-07-02T17:30:00+05:30,upi,389.00,0.00,19.29,389.00,completed,2026-07-02T17:30:00+05:30
SALE-000031,SHOP-025,,2026-07-02T08:30:00+05:30,upi,410.00,0.00,89.69,410.00,completed,2026-07-02T08:30:00+05:30
SALE-000032,SHOP-025,CUST-0505,2026-07-02T15:20:00+05:30,upi,810.00,0.00,123.56,810.00,returned,2026-07-02T15:20:00+05:30
SALE-000033,SHOP-026,,2026-07-02T12:20:00+05:30,upi,370.00,0.00,52.77,370.00,completed,2026-07-02T12:20:00+05:30
SALE-000034,SHOP-026,CUST-0531,2026-07-02T12:10:00+05:30,cash,760.00,38.00,37.37,722.00,completed,2026-07-02T12:10:00+05:30
SALE-000035,SHOP-027,CUST-0555,2026-07-02T14:00:00+05:30,cash,91.00,0.00,11.38,91.00,completed,2026-07-02T14:00:00+05:30
SALE-000036,SHOP-028,CUST-0579,2026-07-02T10:50:00+05:30,upi,70.00,0.00,0.00,70.00,completed,2026-07-02T10:50:00+05:30
SALE-000037,SHOP-030,CUST-0622,2026-07-02T13:40:00+05:30,credit,188.00,0.00,19.97,188.00,completed,2026-07-02T13:40:00+05:30
SALE-000038,SHOP-033,CUST-0683,2026-07-02T20:00:00+05:30,credit,105.00,0.00,0.00,105.00,completed,2026-07-02T20:00:00+05:30
SALE-000039,SHOP-033,,2026-07-02T17:50:00+05:30,upi,518.00,0.00,59.01,518.00,completed,2026-07-02T17:50:00+05:30
SALE-000040,SHOP-035,,2026-07-02T18:10:00+05:30,cash,1397.00,0.00,213.10,1397.00,completed,2026-07-02T18:10:00+05:30
SALE-000041,SHOP-037,CUST-0761,2026-07-02T18:50:00+05:30,credit,190.00,0.00,28.98,190.00,completed,2026-07-02T18:50:00+05:30
SALE-000042,SHOP-038,,2026-07-02T13:20:00+05:30,upi,15.00,0.00,0.00,15.00,completed,2026-07-02T13:20:00+05:30
SALE-000043,SHOP-040,CUST-0838,2026-07-02T12:10:00+05:30,cash,45.00,0.00,5.96,45.00,completed,2026-07-02T12:10:00+05:30
SALE-000044,SHOP-043,CUST-0886,2026-07-02T12:50:00+05:30,upi,240.00,0.00,11.43,240.00,completed,2026-07-02T12:50:00+05:30
SALE-000045,SHOP-044,,2026-07-02T12:40:00+05:30,upi,70.00,0.00,0.00,70.00,returned,2026-07-02T12:40:00+05:30
SALE-000046,SHOP-044,,2026-07-02T16:40:00+05:30,upi,440.00,0.00,53.95,440.00,completed,2026-07-02T16:40:00+05:30
SALE-000047,SHOP-044,,2026-07-02T12:00:00+05:30,card,105.00,0.00,0.00,105.00,completed,2026-07-02T12:00:00+05:30
SALE-000048,SHOP-045,,2026-07-02T20:30:00+05:30,cash,300.00,0.00,20.58,300.00,completed,2026-07-02T20:30:00+05:30
SALE-000049,SHOP-046,CUST-0955,2026-07-02T20:40:00+05:30,upi,25.00,0.00,3.81,25.00,completed,2026-07-02T20:40:00+05:30
SALE-000050,SHOP-047,CUST-0970,2026-07-02T08:40:00+05:30,credit,349.00,0.00,53.24,349.00,completed,2026-07-02T08:40:00+05:30
SALE-000051,SHOP-047,CUST-0957,2026-07-02T18:40:00+05:30,upi,1494.00,44.82,221.06,1449.18,completed,2026-07-02T18:40:00+05:30
SALE-000052,SHOP-048,CUST-0974,2026-07-02T11:50:00+05:30,upi,640.00,0.00,97.63,640.00,completed,2026-07-02T11:50:00+05:30
SALE-000053,SHOP-050,CUST-1030,2026-07-02T18:30:00+05:30,credit,397.00,0.00,25.04,397.00,completed,2026-07-02T18:30:00+05:30
SALE-000054,SHOP-050,CUST-1014,2026-07-02T18:20:00+05:30,cash,605.00,0.00,38.78,605.00,completed,2026-07-02T18:20:00+05:30
SALE-000055,SHOP-050,CUST-1012,2026-07-02T09:30:00+05:30,credit,315.00,0.00,48.05,315.00,completed,2026-07-02T09:30:00+05:30
SALE-000056,SHOP-050,CUST-1036,2026-07-02T20:50:00+05:30,cash,645.00,12.90,24.08,632.10,completed,2026-07-02T20:50:00+05:30
SALE-000057,SHOP-001,CUST-0016,2026-07-03T18:40:00+05:30,upi,92.00,0.00,4.38,92.00,completed,2026-07-03T18:40:00+05:30
SALE-000058,SHOP-003,CUST-0053,2026-07-03T18:20:00+05:30,cash,140.00,0.00,21.36,140.00,completed,2026-07-03T18:20:00+05:30
SALE-000059,SHOP-004,,2026-07-03T09:00:00+05:30,cash,153.00,0.00,5.24,153.00,completed,2026-07-03T09:00:00+05:30
SALE-000060,SHOP-004,CUST-0071,2026-07-03T12:40:00+05:30,cash,190.00,0.00,0.00,190.00,completed,2026-07-03T12:40:00+05:30
SALE-000061,SHOP-006,,2026-07-03T09:00:00+05:30,upi,883.00,0.00,32.71,883.00,completed,2026-07-03T09:00:00+05:30
SALE-000062,SHOP-006,CUST-0124,2026-07-03T15:30:00+05:30,credit,160.00,0.00,6.43,160.00,completed,2026-07-03T15:30:00+05:30
SALE-000063,SHOP-007,,2026-07-03T15:40:00+05:30,cash,95.00,0.00,6.43,95.00,completed,2026-07-03T15:40:00+05:30
SALE-000064,SHOP-007,CUST-0143,2026-07-03T11:50:00+05:30,upi,830.00,0.00,80.48,830.00,completed,2026-07-03T11:50:00+05:30
SALE-000065,SHOP-007,CUST-0137,2026-07-03T10:00:00+05:30,cash,35.00,0.00,0.00,35.00,completed,2026-07-03T10:00:00+05:30
SALE-000066,SHOP-008,CUST-0150,2026-07-03T08:50:00+05:30,credit,1355.00,67.75,196.36,1287.25,completed,2026-07-03T08:50:00+05:30
SALE-000067,SHOP-010,,2026-07-03T09:00:00+05:30,cash,315.00,0.00,48.05,315.00,completed,2026-07-03T09:00:00+05:30
SALE-000068,SHOP-011,,2026-07-03T13:30:00+05:30,cash,74.00,0.00,3.52,74.00,completed,2026-07-03T13:30:00+05:30
SALE-000069,SHOP-011,,2026-07-03T18:30:00+05:30,cash,3020.00,0.00,144.70,3020.00,completed,2026-07-03T18:30:00+05:30
SALE-000070,SHOP-012,CUST-0244,2026-07-03T09:40:00+05:30,cash,15.00,0.00,0.00,15.00,completed,2026-07-03T09:40:00+05:30
SALE-000071,SHOP-012,CUST-0235,2026-07-03T18:30:00+05:30,credit,241.00,0.00,6.48,241.00,completed,2026-07-03T18:30:00+05:30
SALE-000072,SHOP-013,CUST-0254,2026-07-03T09:00:00+05:30,credit,180.00,0.00,9.46,180.00,completed,2026-07-03T09:00:00+05:30
SALE-000073,SHOP-013,CUST-0248,2026-07-03T17:30:00+05:30,cash,540.00,0.00,25.71,540.00,completed,2026-07-03T17:30:00+05:30
SALE-000074,SHOP-014,CUST-0284,2026-07-03T19:50:00+05:30,upi,155.00,0.00,23.64,155.00,completed,2026-07-03T19:50:00+05:30
SALE-000075,SHOP-015,CUST-0305,2026-07-03T08:20:00+05:30,upi,560.00,0.00,60.00,560.00,completed,2026-07-03T08:20:00+05:30
SALE-000076,SHOP-017,,2026-07-03T20:20:00+05:30,upi,429.00,0.00,24.00,429.00,completed,2026-07-03T20:20:00+05:30
SALE-000077,SHOP-017,CUST-0327,2026-07-03T14:10:00+05:30,upi,107.00,0.00,5.99,107.00,completed,2026-07-03T14:10:00+05:30
SALE-000078,SHOP-019,CUST-0373,2026-07-03T20:00:00+05:30,upi,99.00,0.00,15.10,99.00,completed,2026-07-03T20:00:00+05:30
SALE-000079,SHOP-019,CUST-0387,2026-07-03T15:20:00+05:30,credit,1300.00,0.00,198.31,1300.00,completed,2026-07-03T15:20:00+05:30
SALE-000080,SHOP-020,,2026-07-03T13:20:00+05:30,upi,70.00,0.00,3.33,70.00,completed,2026-07-03T13:20:00+05:30
SALE-000081,SHOP-020,CUST-0425,2026-07-03T15:20:00+05:30,credit,495.00,0.00,42.46,495.00,completed,2026-07-03T15:20:00+05:30
SALE-000082,SHOP-020,,2026-07-03T10:40:00+05:30,cash,491.00,0.00,18.08,491.00,completed,2026-07-03T10:40:00+05:30
SALE-000083,SHOP-021,,2026-07-03T14:30:00+05:30,upi,166.00,0.00,20.51,166.00,completed,2026-07-03T14:30:00+05:30
SALE-000084,SHOP-023,,2026-07-03T10:50:00+05:30,upi,460.00,0.00,21.90,460.00,completed,2026-07-03T10:50:00+05:30
SALE-000085,SHOP-024,,2026-07-03T15:10:00+05:30,upi,30.00,0.00,3.21,30.00,completed,2026-07-03T15:10:00+05:30
SALE-000086,SHOP-024,CUST-0498,2026-07-03T12:50:00+05:30,cash,90.00,0.00,9.64,90.00,completed,2026-07-03T12:50:00+05:30
SALE-000087,SHOP-026,CUST-0541,2026-07-03T11:20:00+05:30,credit,320.00,0.00,15.24,320.00,completed,2026-07-03T11:20:00+05:30
SALE-000088,SHOP-026,,2026-07-03T19:40:00+05:30,cash,285.00,0.00,13.57,285.00,completed,2026-07-03T19:40:00+05:30
SALE-000089,SHOP-026,CUST-0520,2026-07-03T18:50:00+05:30,cash,474.00,0.00,36.32,474.00,completed,2026-07-03T18:50:00+05:30
SALE-000090,SHOP-027,CUST-0564,2026-07-03T18:30:00+05:30,cash,6.00,0.00,0.64,6.00,completed,2026-07-03T18:30:00+05:30
SALE-000091,SHOP-028,,2026-07-03T09:00:00+05:30,card,105.00,0.00,0.00,105.00,completed,2026-07-03T09:00:00+05:30
SALE-000092,SHOP-028,CUST-0576,2026-07-03T11:50:00+05:30,credit,220.00,0.00,29.36,220.00,completed,2026-07-03T11:50:00+05:30
SALE-000093,SHOP-028,CUST-0570,2026-07-03T09:50:00+05:30,upi,81.00,0.00,3.81,81.00,completed,2026-07-03T09:50:00+05:30
SALE-000094,SHOP-029,CUST-0600,2026-07-03T10:40:00+05:30,cash,3595.00,0.00,548.39,3595.00,completed,2026-07-03T10:40:00+05:30
SALE-000095,SHOP-030,CUST-0629,2026-07-03T08:40:00+05:30,cash,195.00,0.00,0.00,195.00,completed,2026-07-03T08:40:00+05:30
SALE-000096,SHOP-030,,2026-07-03T09:50:00+05:30,upi,60.00,0.00,9.15,60.00,completed,2026-07-03T09:50:00+05:30
SALE-000097,SHOP-032,CUST-0659,2026-07-03T19:30:00+05:30,cash,920.00,0.00,43.81,920.00,completed,2026-07-03T19:30:00+05:30
SALE-000098,SHOP-033,,2026-07-03T14:00:00+05:30,cash,325.00,0.00,9.05,325.00,completed,2026-07-03T14:00:00+05:30
SALE-000099,SHOP-034,,2026-07-03T11:40:00+05:30,card,114.00,0.00,13.30,114.00,completed,2026-07-03T11:40:00+05:30
SALE-000100,SHOP-035,CUST-0717,2026-07-03T14:50:00+05:30,cash,3343.00,0.00,509.95,3343.00,completed,2026-07-03T14:50:00+05:30
SALE-000101,SHOP-035,,2026-07-03T08:40:00+05:30,upi,2146.00,0.00,327.36,2146.00,completed,2026-07-03T08:40:00+05:30
SALE-000102,SHOP-035,,2026-07-03T10:30:00+05:30,upi,149.00,0.00,22.73,149.00,completed,2026-07-03T10:30:00+05:30
SALE-000103,SHOP-036,CUST-0732,2026-07-03T12:00:00+05:30,upi,1530.00,0.00,94.89,1530.00,completed,2026-07-03T12:00:00+05:30
SALE-000104,SHOP-037,,2026-07-03T10:00:00+05:30,cash,2400.00,72.00,355.12,2328.00,completed,2026-07-03T10:00:00+05:30
SALE-000105,SHOP-037,CUST-0761,2026-07-03T18:00:00+05:30,credit,1560.00,0.00,237.97,1560.00,completed,2026-07-03T18:00:00+05:30
SALE-000106,SHOP-037,CUST-0763,2026-07-03T18:40:00+05:30,cash,620.00,12.40,92.68,607.60,completed,2026-07-03T18:40:00+05:30
SALE-000107,SHOP-039,,2026-07-03T08:40:00+05:30,cash,236.00,0.00,13.86,236.00,completed,2026-07-03T08:40:00+05:30
SALE-000108,SHOP-039,CUST-0794,2026-07-03T10:10:00+05:30,credit,25.00,0.00,3.81,25.00,completed,2026-07-03T10:10:00+05:30
SALE-000109,SHOP-040,CUST-0830,2026-07-03T18:20:00+05:30,upi,45.00,0.00,4.82,45.00,completed,2026-07-03T18:20:00+05:30
SALE-000110,SHOP-041,CUST-0846,2026-07-03T12:30:00+05:30,upi,599.00,0.00,91.37,599.00,completed,2026-07-03T12:30:00+05:30
SALE-000111,SHOP-042,CUST-0858,2026-07-03T13:20:00+05:30,cash,2898.00,0.00,442.07,2898.00,completed,2026-07-03T13:20:00+05:30
SALE-000112,SHOP-042,,2026-07-03T14:20:00+05:30,card,1200.00,0.00,183.05,1200.00,completed,2026-07-03T14:20:00+05:30
SALE-000113,SHOP-043,CUST-0872,2026-07-03T10:20:00+05:30,cash,100.00,0.00,4.76,100.00,completed,2026-07-03T10:20:00+05:30
SALE-000114,SHOP-043,CUST-0878,2026-07-03T11:40:00+05:30,cash,1960.00,0.00,89.76,1960.00,completed,2026-07-03T11:40:00+05:30
SALE-000115,SHOP-044,CUST-0895,2026-07-03T20:30:00+05:30,credit,410.00,0.00,13.57,410.00,completed,2026-07-03T20:30:00+05:30
SALE-000116,SHOP-045,CUST-0927,2026-07-03T17:20:00+05:30,upi,166.00,0.00,7.90,166.00,completed,2026-07-03T17:20:00+05:30
SALE-000117,SHOP-047,,2026-07-03T08:20:00+05:30,upi,797.00,0.00,121.58,797.00,completed,2026-07-03T08:20:00+05:30
SALE-000118,SHOP-047,CUST-0958,2026-07-03T14:00:00+05:30,cash,1196.00,0.00,182.44,1196.00,completed,2026-07-03T14:00:00+05:30
SALE-000119,SHOP-048,CUST-0976,2026-07-03T10:00:00+05:30,cash,1410.00,0.00,215.08,1410.00,completed,2026-07-03T10:00:00+05:30
SALE-000120,SHOP-049,CUST-0989,2026-07-03T16:00:00+05:30,upi,150.00,0.00,22.88,150.00,completed,2026-07-03T16:00:00+05:30
SALE-000121,SHOP-049,,2026-07-03T12:00:00+05:30,cash,38.00,0.00,1.81,38.00,completed,2026-07-03T12:00:00+05:30
SALE-000122,SHOP-050,,2026-07-03T11:40:00+05:30,cash,665.00,33.25,37.56,631.75,completed,2026-07-03T11:40:00+05:30
SALE-000123,SHOP-050,CUST-1022,2026-07-03T09:20:00+05:30,credit,63.00,0.00,1.81,63.00,completed,2026-07-03T09:20:00+05:30
SALE-000124,SHOP-001,,2026-07-04T09:10:00+05:30,upi,180.00,0.00,12.63,180.00,completed,2026-07-04T09:10:00+05:30
SALE-000125,SHOP-001,CUST-0012,2026-07-04T11:00:00+05:30,upi,415.00,0.00,3.81,415.00,completed,2026-07-04T11:00:00+05:30
SALE-000126,SHOP-001,CUST-0006,2026-07-04T15:10:00+05:30,cash,267.00,0.00,19.39,267.00,completed,2026-07-04T15:10:00+05:30
SALE-000127,SHOP-002,CUST-0034,2026-07-04T11:10:00+05:30,cash,130.00,0.00,19.83,130.00,completed,2026-07-04T11:10:00+05:30
SALE-000128,SHOP-002,CUST-0039,2026-07-04T12:10:00+05:30,upi,5265.00,0.00,803.14,5265.00,completed,2026-07-04T12:10:00+05:30
SALE-000129,SHOP-003,CUST-0062,2026-07-04T08:00:00+05:30,cash,330.00,0.00,35.36,330.00,completed,2026-07-04T08:00:00+05:30
SALE-000130,SHOP-003,CUST-0053,2026-07-04T17:50:00+05:30,cash,130.00,0.00,19.83,130.00,completed,2026-07-04T17:50:00+05:30
SALE-000131,SHOP-006,CUST-0101,2026-07-04T19:20:00+05:30,upi,300.00,0.00,14.29,300.00,completed,2026-07-04T19:20:00+05:30
SALE-000132,SHOP-006,,2026-07-04T10:20:00+05:30,upi,537.00,0.00,24.38,537.00,completed,2026-07-04T10:20:00+05:30
SALE-000133,SHOP-006,,2026-07-04T15:40:00+05:30,upi,40.00,0.00,1.90,40.00,completed,2026-07-04T15:40:00+05:30
SALE-000134,SHOP-008,,2026-07-04T16:20:00+05:30,upi,714.00,0.00,108.92,714.00,completed,2026-07-04T16:20:00+05:30
SALE-000135,SHOP-009,CUST-0182,2026-07-04T12:50:00+05:30,upi,90.00,0.00,12.37,90.00,completed,2026-07-04T12:50:00+05:30
SALE-000136,SHOP-011,CUST-0203,2026-07-04T19:00:00+05:30,credit,75.00,0.00,11.44,75.00,completed,2026-07-04T19:00:00+05:30
SALE-000137,SHOP-011,CUST-0215,2026-07-04T13:30:00+05:30,credit,467.00,0.00,26.28,467.00,completed,2026-07-04T13:30:00+05:30
SALE-000138,SHOP-012,CUST-0233,2026-07-04T12:00:00+05:30,card,270.00,0.00,12.86,270.00,completed,2026-07-04T12:00:00+05:30
SALE-000139,SHOP-013,CUST-0252,2026-07-04T12:00:00+05:30,cash,82.00,0.00,6.88,82.00,completed,2026-07-04T12:00:00+05:30
SALE-000140,SHOP-014,CUST-0288,2026-07-04T12:40:00+05:30,cash,515.00,0.00,105.70,515.00,completed,2026-07-04T12:40:00+05:30
SALE-000141,SHOP-014,,2026-07-04T08:30:00+05:30,upi,1230.00,24.60,210.48,1205.40,completed,2026-07-04T08:30:00+05:30
SALE-000142,SHOP-015,CUST-0307,2026-07-04T10:40:00+05:30,upi,30.00,0.00,4.58,30.00,completed,2026-07-04T10:40:00+05:30
SALE-000143,SHOP-016,CUST-0320,2026-07-04T09:20:00+05:30,upi,1198.00,0.00,182.75,1198.00,completed,2026-07-04T09:20:00+05:30
SALE-000144,SHOP-016,CUST-0318,2026-07-04T13:40:00+05:30,cash,597.00,0.00,91.07,597.00,completed,2026-07-04T13:40:00+05:30
SALE-000145,SHOP-017,CUST-0337,2026-07-04T20:10:00+05:30,credit,170.00,0.00,10.48,170.00,completed,2026-07-04T20:10:00+05:30
SALE-000146,SHOP-017,CUST-0332,2026-07-04T17:20:00+05:30,cash,25.00,0.00,3.81,25.00,completed,2026-07-04T17:20:00+05:30
SALE-000147,SHOP-017,CUST-0350,2026-07-04T08:00:00+05:30,upi,410.00,0.00,19.52,410.00,completed,2026-07-04T08:00:00+05:30
SALE-000148,SHOP-019,CUST-0395,2026-07-04T16:10:00+05:30,upi,710.00,0.00,108.31,710.00,completed,2026-07-04T16:10:00+05:30
SALE-000149,SHOP-020,CUST-0419,2026-07-04T09:40:00+05:30,credit,1985.00,0.00,69.53,1985.00,completed,2026-07-04T09:40:00+05:30
SALE-000150,SHOP-020,CUST-0404,2026-07-04T08:00:00+05:30,cash,330.00,0.00,15.71,330.00,completed,2026-07-04T08:00:00+05:30
SALE-000151,SHOP-021,,2026-07-04T18:00:00+05:30,cash,265.00,0.00,40.20,265.00,completed,2026-07-04T18:00:00+05:30
SALE-000152,SHOP-023,CUST-0475,2026-07-04T12:30:00+05:30,cash,422.00,0.00,20.10,422.00,completed,2026-07-04T12:30:00+05:30
SALE-000153,SHOP-023,CUST-0463,2026-07-04T18:50:00+05:30,credit,1560.00,0.00,74.29,1560.00,completed,2026-07-04T18:50:00+05:30
SALE-000154,SHOP-023,,2026-07-04T13:40:00+05:30,upi,770.00,15.40,55.47,754.60,completed,2026-07-04T13:40:00+05:30
SALE-000155,SHOP-024,,2026-07-04T15:50:00+05:30,upi,279.00,0.00,8.57,279.00,completed,2026-07-04T15:50:00+05:30
SALE-000156,SHOP-025,,2026-07-04T17:50:00+05:30,upi,570.00,0.00,86.95,570.00,completed,2026-07-04T17:50:00+05:30
SALE-000157,SHOP-026,,2026-07-04T14:00:00+05:30,upi,140.00,0.00,8.45,140.00,completed,2026-07-04T14:00:00+05:30
SALE-000158,SHOP-026,CUST-0547,2026-07-04T20:30:00+05:30,credit,830.00,0.00,39.52,830.00,completed,2026-07-04T20:30:00+05:30
SALE-000159,SHOP-026,,2026-07-04T19:00:00+05:30,cash,15.00,0.00,1.61,15.00,completed,2026-07-04T19:00:00+05:30
SALE-000160,SHOP-026,CUST-0531,2026-07-04T11:10:00+05:30,cash,575.00,0.00,28.27,575.00,completed,2026-07-04T11:10:00+05:30
SALE-000161,SHOP-027,CUST-0555,2026-07-04T18:00:00+05:30,upi,96.00,0.00,11.92,96.00,completed,2026-07-04T18:00:00+05:30
SALE-000162,SHOP-028,CUST-0583,2026-07-04T11:10:00+05:30,upi,309.00,0.00,0.00,309.00,completed,2026-07-04T11:10:00+05:30
SALE-000163,SHOP-029,CUST-0609,2026-07-04T09:00:00+05:30,credit,2794.00,0.00,426.20,2794.00,completed,2026-07-04T09:00:00+05:30
SALE-000164,SHOP-030,CUST-0617,2026-07-04T12:00:00+05:30,cash,316.00,0.00,43.38,316.00,completed,2026-07-04T12:00:00+05:30
SALE-000165,SHOP-030,CUST-0617,2026-07-04T12:50:00+05:30,upi,665.00,0.00,37.96,665.00,completed,2026-07-04T12:50:00+05:30
SALE-000166,SHOP-033,,2026-07-04T09:30:00+05:30,cash,291.00,0.00,3.81,291.00,completed,2026-07-04T09:30:00+05:30
SALE-000167,SHOP-035,CUST-0706,2026-07-04T13:30:00+05:30,cash,398.00,0.00,60.71,398.00,completed,2026-07-04T13:30:00+05:30
SALE-000168,SHOP-036,CUST-0726,2026-07-04T18:50:00+05:30,upi,35.00,0.00,1.67,35.00,completed,2026-07-04T18:50:00+05:30
SALE-000169,SHOP-038,CUST-0781,2026-07-04T11:10:00+05:30,cash,225.00,0.00,15.54,225.00,completed,2026-07-04T11:10:00+05:30
SALE-000170,SHOP-039,CUST-0790,2026-07-04T18:00:00+05:30,cash,607.00,0.00,27.71,607.00,completed,2026-07-04T18:00:00+05:30
SALE-000171,SHOP-039,,2026-07-04T19:50:00+05:30,cash,92.00,0.00,4.38,92.00,completed,2026-07-04T19:50:00+05:30
SALE-000172,SHOP-039,,2026-07-04T20:40:00+05:30,upi,130.00,0.00,6.19,130.00,returned,2026-07-04T20:40:00+05:30
SALE-000173,SHOP-040,,2026-07-04T19:40:00+05:30,upi,51.00,0.00,7.51,51.00,completed,2026-07-04T19:40:00+05:30
SALE-000174,SHOP-040,CUST-0817,2026-07-04T11:00:00+05:30,credit,40.00,0.00,6.10,40.00,completed,2026-07-04T11:00:00+05:30
SALE-000175,SHOP-040,CUST-0819,2026-07-04T09:00:00+05:30,cash,240.00,0.00,36.61,240.00,completed,2026-07-04T09:00:00+05:30
SALE-000176,SHOP-043,CUST-0884,2026-07-04T08:40:00+05:30,upi,700.00,0.00,33.33,700.00,completed,2026-07-04T08:40:00+05:30
SALE-000177,SHOP-043,,2026-07-04T12:40:00+05:30,upi,90.00,0.00,13.73,90.00,completed,2026-07-04T12:40:00+05:30
SALE-000178,SHOP-044,CUST-0905,2026-07-04T17:50:00+05:30,upi,275.00,0.00,16.31,275.00,completed,2026-07-04T17:50:00+05:30
SALE-000179,SHOP-044,CUST-0908,2026-07-04T20:50:00+05:30,credit,445.00,0.00,36.43,445.00,completed,2026-07-04T20:50:00+05:30
SALE-000180,SHOP-044,,2026-07-04T17:30:00+05:30,cash,240.00,0.00,11.43,240.00,completed,2026-07-04T17:30:00+05:30
SALE-000181,SHOP-045,,2026-07-04T15:00:00+05:30,upi,1389.00,0.00,64.95,1389.00,completed,2026-07-04T15:00:00+05:30
SALE-000182,SHOP-045,,2026-07-04T09:20:00+05:30,upi,55.00,0.00,7.03,55.00,completed,2026-07-04T09:20:00+05:30
SALE-000183,SHOP-047,CUST-0964,2026-07-04T08:10:00+05:30,cash,599.00,0.00,91.37,599.00,completed,2026-07-04T08:10:00+05:30
SALE-000184,SHOP-048,,2026-07-04T13:40:00+05:30,cash,570.00,0.00,86.95,570.00,completed,2026-07-04T13:40:00+05:30
SALE-000185,SHOP-049,CUST-1003,2026-07-04T09:50:00+05:30,upi,91.00,0.00,0.00,91.00,completed,2026-07-04T09:50:00+05:30
SALE-000186,SHOP-050,CUST-1032,2026-07-04T10:20:00+05:30,upi,640.00,0.00,30.48,640.00,completed,2026-07-04T10:20:00+05:30
SALE-000187,SHOP-003,CUST-0064,2026-07-05T11:40:00+05:30,upi,830.00,0.00,123.43,830.00,completed,2026-07-05T11:40:00+05:30
SALE-000188,SHOP-004,,2026-07-05T19:30:00+05:30,cash,323.00,0.00,15.38,323.00,completed,2026-07-05T19:30:00+05:30
SALE-000189,SHOP-005,CUST-0091,2026-07-05T17:20:00+05:30,upi,3444.00,0.00,525.36,3444.00,completed,2026-07-05T17:20:00+05:30
SALE-000190,SHOP-005,,2026-07-05T18:10:00+05:30,card,2196.00,0.00,334.98,2196.00,completed,2026-07-05T18:10:00+05:30
SALE-000191,SHOP-007,,2026-07-05T10:00:00+05:30,cash,76.00,0.00,0.95,76.00,completed,2026-07-05T10:00:00+05:30
SALE-000192,SHOP-007,CUST-0142,2026-07-05T09:20:00+05:30,upi,270.00,0.00,19.29,270.00,completed,2026-07-05T09:20:00+05:30
SALE-000193,SHOP-007,,2026-07-05T13:30:00+05:30,upi,155.00,0.00,5.71,155.00,completed,2026-07-05T13:30:00+05:30
SALE-000194,SHOP-008,CUST-0161,2026-07-05T14:20:00+05:30,credit,729.00,0.00,111.20,729.00,completed,2026-07-05T14:20:00+05:30
SALE-000195,SHOP-008,CUST-0162,2026-07-05T14:20:00+05:30,upi,1202.00,0.00,237.65,1202.00,completed,2026-07-05T14:20:00+05:30
SALE-000196,SHOP-009,,2026-07-05T19:10:00+05:30,upi,54.00,0.00,8.24,54.00,completed,2026-07-05T19:10:00+05:30
SALE-000197,SHOP-010,CUST-0196,2026-07-05T12:40:00+05:30,cash,996.00,0.00,151.93,996.00,completed,2026-07-05T12:40:00+05:30
SALE-000198,SHOP-011,CUST-0209,2026-07-05T13:10:00+05:30,upi,2781.00,55.62,140.58,2725.38,completed,2026-07-05T13:10:00+05:30
SALE-000199,SHOP-011,CUST-0221,2026-07-05T09:30:00+05:30,upi,106.00,0.00,8.20,106.00,completed,2026-07-05T09:30:00+05:30
SALE-000200,SHOP-015,CUST-0300,2026-07-05T13:10:00+05:30,upi,315.00,0.00,45.33,315.00,completed,2026-07-05T13:10:00+05:30
SALE-000201,SHOP-017,CUST-0335,2026-07-05T10:50:00+05:30,upi,40.00,0.00,1.90,40.00,completed,2026-07-05T10:50:00+05:30
SALE-000202,SHOP-017,CUST-0327,2026-07-05T19:10:00+05:30,card,15.00,0.00,1.61,15.00,completed,2026-07-05T19:10:00+05:30
SALE-000203,SHOP-018,,2026-07-05T18:40:00+05:30,upi,15.00,0.00,0.00,15.00,completed,2026-07-05T18:40:00+05:30
SALE-000204,SHOP-019,,2026-07-05T14:40:00+05:30,upi,840.00,0.00,128.14,840.00,completed,2026-07-05T14:40:00+05:30
SALE-000205,SHOP-020,CUST-0426,2026-07-05T13:50:00+05:30,cash,306.00,0.00,14.57,306.00,completed,2026-07-05T13:50:00+05:30
SALE-000206,SHOP-021,,2026-07-05T16:10:00+05:30,upi,550.00,16.50,81.38,533.50,completed,2026-07-05T16:10:00+05:30
SALE-000207,SHOP-023,CUST-0474,2026-07-05T13:50:00+05:30,upi,370.00,0.00,36.51,370.00,completed,2026-07-05T13:50:00+05:30
SALE-000208,SHOP-023,,2026-07-05T17:40:00+05:30,cash,1010.00,0.00,48.10,1010.00,completed,2026-07-05T17:40:00+05:30
SALE-000209,SHOP-025,CUST-0510,2026-07-05T13:40:00+05:30,upi,457.00,0.00,69.71,457.00,completed,2026-07-05T13:40:00+05:30
SALE-000210,SHOP-026,CUST-0542,2026-07-05T11:40:00+05:30,credit,46.00,0.00,2.19,46.00,completed,2026-07-05T11:40:00+05:30
SALE-000211,SHOP-026,,2026-07-05T16:00:00+05:30,upi,120.00,0.00,5.71,120.00,completed,2026-07-05T16:00:00+05:30
SALE-000212,SHOP-026,CUST-0545,2026-07-05T19:10:00+05:30,upi,166.00,0.00,7.90,166.00,completed,2026-07-05T19:10:00+05:30
SALE-000213,SHOP-026,CUST-0543,2026-07-05T19:20:00+05:30,credit,76.00,0.00,11.59,76.00,completed,2026-07-05T19:20:00+05:30
SALE-000214,SHOP-027,,2026-07-05T17:20:00+05:30,upi,1085.00,0.00,152.57,1085.00,completed,2026-07-05T17:20:00+05:30
SALE-000215,SHOP-027,,2026-07-05T18:40:00+05:30,cash,690.00,0.00,79.83,690.00,completed,2026-07-05T18:40:00+05:30
SALE-000216,SHOP-028,CUST-0583,2026-07-05T13:40:00+05:30,upi,360.00,0.00,22.78,360.00,completed,2026-07-05T13:40:00+05:30
SALE-000217,SHOP-029,,2026-07-05T10:50:00+05:30,cash,3296.00,0.00,502.78,3296.00,completed,2026-07-05T10:50:00+05:30
SALE-000218,SHOP-029,,2026-07-05T15:40:00+05:30,upi,149.00,0.00,22.73,149.00,completed,2026-07-05T15:40:00+05:30
SALE-000219,SHOP-030,,2026-07-05T13:10:00+05:30,cash,207.00,0.00,12.48,207.00,completed,2026-07-05T13:10:00+05:30
SALE-000220,SHOP-030,CUST-0628,2026-07-05T15:50:00+05:30,upi,3060.00,0.00,145.71,3060.00,completed,2026-07-05T15:50:00+05:30
SALE-000221,SHOP-033,CUST-0673,2026-07-05T10:50:00+05:30,credit,35.00,0.00,0.00,35.00,completed,2026-07-05T10:50:00+05:30
SALE-000222,SHOP-034,CUST-0690,2026-07-05T13:40:00+05:30,cash,255.00,0.00,32.09,255.00,completed,2026-07-05T13:40:00+05:30
SALE-000223,SHOP-035,CUST-0721,2026-07-05T15:00:00+05:30,cash,2942.00,0.00,448.78,2942.00,completed,2026-07-05T15:00:00+05:30
SALE-000224,SHOP-036,CUST-0725,2026-07-05T17:10:00+05:30,credit,898.00,0.00,42.76,898.00,completed,2026-07-05T17:10:00+05:30
SALE-000225,SHOP-036,CUST-0745,2026-07-05T12:20:00+05:30,upi,1545.00,0.00,83.54,1545.00,returned,2026-07-05T12:20:00+05:30
SALE-000226,SHOP-037,CUST-0770,2026-07-05T20:40:00+05:30,upi,944.00,0.00,144.00,944.00,completed,2026-07-05T20:40:00+05:30
SALE-000227,SHOP-038,,2026-07-05T20:40:00+05:30,cash,66.00,0.00,1.81,66.00,completed,2026-07-05T20:40:00+05:30
SALE-000228,SHOP-038,CUST-0777,2026-07-05T18:30:00+05:30,credit,105.00,0.00,6.43,105.00,completed,2026-07-05T18:30:00+05:30
SALE-000229,SHOP-040,,2026-07-05T11:10:00+05:30,upi,154.00,0.00,23.49,154.00,completed,2026-07-05T11:10:00+05:30
SALE-000230,SHOP-040,,2026-07-05T18:00:00+05:30,upi,520.00,0.00,78.41,520.00,completed,2026-07-05T18:00:00+05:30
SALE-000231,SHOP-042,,2026-07-05T10:50:00+05:30,cash,60.00,0.00,9.15,60.00,completed,2026-07-05T10:50:00+05:30
SALE-000232,SHOP-043,CUST-0872,2026-07-05T18:30:00+05:30,upi,505.00,15.15,22.17,489.85,completed,2026-07-05T18:30:00+05:30
SALE-000233,SHOP-044,CUST-0893,2026-07-05T18:40:00+05:30,upi,245.00,0.00,14.06,245.00,completed,2026-07-05T18:40:00+05:30
SALE-000234,SHOP-046,,2026-07-05T18:50:00+05:30,cash,50.00,0.00,5.36,50.00,completed,2026-07-05T18:50:00+05:30
SALE-000235,SHOP-047,CUST-0970,2026-07-05T13:50:00+05:30,cash,597.00,0.00,91.07,597.00,completed,2026-07-05T13:50:00+05:30
SALE-000236,SHOP-047,CUST-0966,2026-07-05T19:20:00+05:30,upi,3544.00,0.00,540.61,3544.00,completed,2026-07-05T19:20:00+05:30
SALE-000237,SHOP-049,CUST-0987,2026-07-05T19:00:00+05:30,upi,158.00,0.00,14.67,158.00,completed,2026-07-05T19:00:00+05:30
SALE-000238,SHOP-049,CUST-1001,2026-07-05T13:40:00+05:30,credit,28.00,0.00,0.00,28.00,completed,2026-07-05T13:40:00+05:30
SALE-000239,SHOP-050,,2026-07-05T19:10:00+05:30,cash,30.00,0.00,3.21,30.00,completed,2026-07-05T19:10:00+05:30
SALE-000240,SHOP-050,CUST-1028,2026-07-05T14:10:00+05:30,cash,208.00,0.00,16.58,208.00,completed,2026-07-05T14:10:00+05:30
SALE-000241,SHOP-003,CUST-0055,2026-07-06T19:20:00+05:30,upi,24.00,0.00,3.66,24.00,completed,2026-07-06T19:20:00+05:30
SALE-000242,SHOP-004,CUST-0074,2026-07-06T10:30:00+05:30,credit,60.00,0.00,6.43,60.00,completed,2026-07-06T10:30:00+05:30
SALE-000243,SHOP-005,,2026-07-06T08:10:00+05:30,upi,899.00,0.00,137.14,899.00,completed,2026-07-06T08:10:00+05:30
SALE-000244,SHOP-007,CUST-0131,2026-07-06T14:50:00+05:30,upi,290.00,0.00,31.07,290.00,completed,2026-07-06T14:50:00+05:30
SALE-000245,SHOP-008,,2026-07-06T17:30:00+05:30,cash,705.00,0.00,107.54,705.00,completed,2026-07-06T17:30:00+05:30
SALE-000246,SHOP-009,,2026-07-06T20:00:00+05:30,upi,265.00,0.00,35.66,265.00,completed,2026-07-06T20:00:00+05:30
SALE-000247,SHOP-011,CUST-0224,2026-07-06T09:10:00+05:30,cash,440.00,0.00,20.95,440.00,completed,2026-07-06T09:10:00+05:30
SALE-000248,SHOP-011,CUST-0209,2026-07-06T15:10:00+05:30,upi,587.00,0.00,27.95,587.00,completed,2026-07-06T15:10:00+05:30
SALE-000249,SHOP-012,,2026-07-06T13:10:00+05:30,upi,830.00,16.60,105.57,813.40,completed,2026-07-06T13:10:00+05:30
SALE-000250,SHOP-013,,2026-07-06T17:10:00+05:30,cash,330.00,0.00,32.56,330.00,completed,2026-07-06T17:10:00+05:30
SALE-000251,SHOP-013,,2026-07-06T14:00:00+05:30,upi,210.00,0.00,16.30,210.00,completed,2026-07-06T14:00:00+05:30
SALE-000252,SHOP-016,CUST-0312,2026-07-06T16:00:00+05:30,cash,2197.00,0.00,335.14,2197.00,completed,2026-07-06T16:00:00+05:30
SALE-000253,SHOP-017,,2026-07-06T15:00:00+05:30,upi,1338.00,0.00,67.70,1338.00,completed,2026-07-06T15:00:00+05:30
SALE-000254,SHOP-018,CUST-0354,2026-07-06T16:20:00+05:30,upi,55.00,0.00,1.90,55.00,completed,2026-07-06T16:20:00+05:30
SALE-000255,SHOP-018,,2026-07-06T17:20:00+05:30,cash,940.00,47.00,84.14,893.00,completed,2026-07-06T17:20:00+05:30
SALE-000256,SHOP-019,CUST-0382,2026-07-06T08:40:00+05:30,upi,420.00,0.00,64.07,420.00,completed,2026-07-06T08:40:00+05:30
SALE-000257,SHOP-019,,2026-07-06T14:00:00+05:30,cash,2230.00,0.00,340.17,2230.00,completed,2026-07-06T14:00:00+05:30
SALE-000258,SHOP-020,CUST-0409,2026-07-06T12:20:00+05:30,credit,461.00,0.00,21.95,461.00,completed,2026-07-06T12:20:00+05:30
SALE-000259,SHOP-021,,2026-07-06T14:40:00+05:30,upi,629.00,0.00,69.84,629.00,completed,2026-07-06T14:40:00+05:30
SALE-000260,SHOP-023,,2026-07-06T20:10:00+05:30,upi,600.00,0.00,60.57,600.00,completed,2026-07-06T20:10:00+05:30
SALE-000261,SHOP-023,,2026-07-06T14:20:00+05:30,cash,300.00,0.00,14.29,300.00,completed,2026-07-06T14:20:00+05:30
SALE-000262,SHOP-024,CUST-0485,2026-07-06T10:20:00+05:30,credit,180.00,0.00,4.52,180.00,completed,2026-07-06T10:20:00+05:30
SALE-000263,SHOP-026,CUST-0529,2026-07-06T13:20:00+05:30,cash,426.00,0.00,44.11,426.00,completed,2026-07-06T13:20:00+05:30
SALE-000264,SHOP-026,,2026-07-06T16:50:00+05:30,upi,495.00,0.00,23.57,495.00,completed,2026-07-06T16:50:00+05:30
SALE-000265,SHOP-027,CUST-0568,2026-07-06T09:10:00+05:30,card,60.00,0.00,9.15,60.00,completed,2026-07-06T09:10:00+05:30
SALE-000266,SHOP-028,CUST-0580,2026-07-06T14:30:00+05:30,credit,176.00,0.00,5.71,176.00,completed,2026-07-06T14:30:00+05:30
SALE-000267,SHOP-028,,2026-07-06T15:10:00+05:30,upi,20.00,0.00,0.95,20.00,completed,2026-07-06T15:10:00+05:30
SALE-000268,SHOP-029,CUST-0608,2026-07-06T09:40:00+05:30,cash,199.00,0.00,30.36,199.00,completed,2026-07-06T09:40:00+05:30
SALE-000269,SHOP-030,CUST-0621,2026-07-06T18:00:00+05:30,cash,260.00,0.00,12.38,260.00,completed,2026-07-06T18:00:00+05:30
SALE-000270,SHOP-030,,2026-07-06T12:30:00+05:30,upi,185.00,0.00,15.10,185.00,completed,2026-07-06T12:30:00+05:30
SALE-000271,SHOP-031,CUST-0638,2026-07-06T11:50:00+05:30,credit,2037.00,0.00,310.73,2037.00,completed,2026-07-06T11:50:00+05:30
SALE-000272,SHOP-032,CUST-0647,2026-07-06T09:20:00+05:30,upi,1540.00,0.00,78.58,1540.00,completed,2026-07-06T09:20:00+05:30
SALE-000273,SHOP-032,CUST-0664,2026-07-06T13:10:00+05:30,cash,1820.00,0.00,99.26,1820.00,completed,2026-07-06T13:10:00+05:30
SALE-000274,SHOP-032,CUST-0645,2026-07-06T11:10:00+05:30,cash,50.00,0.00,7.63,50.00,completed,2026-07-06T11:10:00+05:30
SALE-000275,SHOP-036,,2026-07-06T17:50:00+05:30,upi,510.00,0.00,24.29,510.00,completed,2026-07-06T17:50:00+05:30
SALE-000276,SHOP-036,,2026-07-06T18:50:00+05:30,cash,3186.00,0.00,151.71,3186.00,completed,2026-07-06T18:50:00+05:30
SALE-000277,SHOP-036,CUST-0728,2026-07-06T20:00:00+05:30,upi,135.00,0.00,6.43,135.00,completed,2026-07-06T20:00:00+05:30
SALE-000278,SHOP-037,CUST-0757,2026-07-06T15:10:00+05:30,cash,1290.00,0.00,278.22,1290.00,completed,2026-07-06T15:10:00+05:30
SALE-000279,SHOP-038,CUST-0782,2026-07-06T17:20:00+05:30,upi,234.00,0.00,8.14,234.00,completed,2026-07-06T17:20:00+05:30
SALE-000280,SHOP-039,CUST-0799,2026-07-06T10:10:00+05:30,upi,138.00,0.00,6.57,138.00,completed,2026-07-06T10:10:00+05:30
SALE-000281,SHOP-040,CUST-0815,2026-07-06T19:40:00+05:30,credit,25.00,0.00,3.81,25.00,completed,2026-07-06T19:40:00+05:30
SALE-000282,SHOP-040,,2026-07-06T16:20:00+05:30,upi,200.00,0.00,25.51,200.00,completed,2026-07-06T16:20:00+05:30
SALE-000283,SHOP-041,CUST-0848,2026-07-06T12:10:00+05:30,upi,596.00,0.00,90.92,596.00,completed,2026-07-06T12:10:00+05:30
SALE-000284,SHOP-043,CUST-0872,2026-07-06T16:00:00+05:30,cash,673.00,20.19,54.80,652.81,completed,2026-07-06T16:00:00+05:30
SALE-000285,SHOP-043,CUST-0889,2026-07-06T18:10:00+05:30,credit,393.00,0.00,29.00,393.00,completed,2026-07-06T18:10:00+05:30
SALE-000286,SHOP-044,CUST-0911,2026-07-06T10:40:00+05:30,credit,134.00,0.00,0.00,134.00,completed,2026-07-06T10:40:00+05:30
SALE-000287,SHOP-045,CUST-0930,2026-07-06T09:10:00+05:30,upi,195.00,0.00,12.43,195.00,completed,2026-07-06T09:10:00+05:30
SALE-000288,SHOP-046,CUST-0954,2026-07-06T15:50:00+05:30,upi,147.00,0.00,15.75,147.00,completed,2026-07-06T15:50:00+05:30
SALE-000289,SHOP-047,,2026-07-06T10:20:00+05:30,upi,1198.00,0.00,182.75,1198.00,completed,2026-07-06T10:20:00+05:30
SALE-000290,SHOP-047,CUST-0965,2026-07-06T16:20:00+05:30,cash,2347.00,0.00,358.02,2347.00,completed,2026-07-06T16:20:00+05:30
SALE-000291,SHOP-049,CUST-0992,2026-07-06T09:30:00+05:30,upi,56.00,0.00,0.00,56.00,completed,2026-07-06T09:30:00+05:30
SALE-000292,SHOP-049,CUST-1004,2026-07-06T16:20:00+05:30,credit,35.00,0.00,0.00,35.00,completed,2026-07-06T16:20:00+05:30
SALE-000293,SHOP-049,CUST-1003,2026-07-06T10:10:00+05:30,credit,151.00,0.00,4.52,151.00,completed,2026-07-06T10:10:00+05:30
SALE-000294,SHOP-050,CUST-1012,2026-07-06T12:10:00+05:30,upi,470.00,0.00,6.43,470.00,completed,2026-07-06T12:10:00+05:30
SALE-000295,SHOP-050,,2026-07-06T19:20:00+05:30,cash,140.00,0.00,17.68,140.00,completed,2026-07-06T19:20:00+05:30
SALE-000296,SHOP-001,CUST-0012,2026-07-07T16:50:00+05:30,cash,50.00,0.00,0.00,50.00,completed,2026-07-07T16:50:00+05:30
SALE-000297,SHOP-001,CUST-0007,2026-07-07T17:30:00+05:30,upi,220.00,0.00,16.25,220.00,completed,2026-07-07T17:30:00+05:30
SALE-000298,SHOP-002,,2026-07-07T12:00:00+05:30,cash,1470.00,0.00,224.24,1470.00,returned,2026-07-07T12:00:00+05:30
SALE-000299,SHOP-004,,2026-07-07T09:30:00+05:30,cash,70.00,0.00,0.00,70.00,returned,2026-07-07T09:30:00+05:30
SALE-000300,SHOP-004,CUST-0084,2026-07-07T20:50:00+05:30,cash,174.00,0.00,6.38,174.00,completed,2026-07-07T20:50:00+05:30
SALE-000301,SHOP-005,,2026-07-07T11:50:00+05:30,cash,2397.00,0.00,365.64,2397.00,completed,2026-07-07T11:50:00+05:30
SALE-000302,SHOP-006,,2026-07-07T14:30:00+05:30,cash,405.00,0.00,19.29,405.00,completed,2026-07-07T14:30:00+05:30
SALE-000303,SHOP-006,,2026-07-07T13:40:00+05:30,card,780.00,0.00,18.57,780.00,completed,2026-07-07T13:40:00+05:30
SALE-000304,SHOP-006,CUST-0119,2026-07-07T16:10:00+05:30,card,68.00,0.00,5.02,68.00,completed,2026-07-07T16:10:00+05:30
SALE-000305,SHOP-008,,2026-07-07T16:50:00+05:30,upi,3995.00,0.00,609.41,3995.00,completed,2026-07-07T16:50:00+05:30
SALE-000306,SHOP-010,,2026-07-07T12:10:00+05:30,cash,199.00,0.00,30.36,199.00,completed,2026-07-07T12:10:00+05:30
SALE-000307,SHOP-011,CUST-0224,2026-07-07T19:40:00+05:30,upi,70.00,0.00,3.33,70.00,completed,2026-07-07T19:40:00+05:30
SALE-000308,SHOP-011,CUST-0227,2026-07-07T08:10:00+05:30,cash,440.00,0.00,20.95,440.00,completed,2026-07-07T08:10:00+05:30
SALE-000309,SHOP-011,CUST-0205,2026-07-07T12:10:00+05:30,credit,165.00,0.00,25.17,165.00,completed,2026-07-07T12:10:00+05:30
SALE-000310,SHOP-011,,2026-07-07T15:00:00+05:30,cash,35.00,0.00,1.67,35.00,completed,2026-07-07T15:00:00+05:30
SALE-000311,SHOP-012,,2026-07-07T16:40:00+05:30,card,312.00,0.00,19.15,312.00,completed,2026-07-07T16:40:00+05:30
SALE-000312,SHOP-013,CUST-0263,2026-07-07T08:00:00+05:30,cash,996.00,29.88,45.72,966.12,completed,2026-07-07T08:00:00+05:30
SALE-000313,SHOP-016,CUST-0319,2026-07-07T08:20:00+05:30,upi,398.00,0.00,60.71,398.00,completed,2026-07-07T08:20:00+05:30
SALE-000314,SHOP-017,CUST-0330,2026-07-07T15:00:00+05:30,credit,25.00,0.00,3.81,25.00,completed,2026-07-07T15:00:00+05:30
SALE-000315,SHOP-018,CUST-0366,2026-07-07T10:50:00+05:30,upi,15.00,0.00,0.00,15.00,completed,2026-07-07T10:50:00+05:30
SALE-000316,SHOP-019,,2026-07-07T12:30:00+05:30,upi,99.00,0.00,15.10,99.00,completed,2026-07-07T12:30:00+05:30
SALE-000317,SHOP-020,CUST-0398,2026-07-07T10:30:00+05:30,cash,300.00,0.00,14.29,300.00,completed,2026-07-07T10:30:00+05:30
SALE-000318,SHOP-020,CUST-0410,2026-07-07T15:30:00+05:30,credit,310.00,0.00,14.76,310.00,completed,2026-07-07T15:30:00+05:30
SALE-000319,SHOP-021,CUST-0447,2026-07-07T18:50:00+05:30,card,428.00,0.00,51.76,428.00,completed,2026-07-07T18:50:00+05:30
SALE-000320,SHOP-021,CUST-0443,2026-07-07T12:40:00+05:30,upi,545.00,0.00,75.64,545.00,completed,2026-07-07T12:40:00+05:30
SALE-000321,SHOP-023,,2026-07-07T10:40:00+05:30,cash,317.00,0.00,8.96,317.00,completed,2026-07-07T10:40:00+05:30
SALE-000322,SHOP-023,,2026-07-07T20:10:00+05:30,upi,76.00,0.00,3.62,76.00,completed,2026-07-07T20:10:00+05:30
SALE-000323,SHOP-024,CUST-0485,2026-07-07T12:40:00+05:30,card,330.00,0.00,27.46,330.00,completed,2026-07-07T12:40:00+05:30
SALE-000324,SHOP-025,,2026-07-07T15:50:00+05:30,upi,190.00,0.00,28.98,190.00,completed,2026-07-07T15:50:00+05:30
SALE-000325,SHOP-025,CUST-0510,2026-07-07T09:00:00+05:30,cash,1493.00,0.00,227.75,1493.00,completed,2026-07-07T09:00:00+05:30
SALE-000326,SHOP-026,CUST-0533,2026-07-07T16:10:00+05:30,upi,605.00,0.00,15.48,605.00,completed,2026-07-07T16:10:00+05:30
SALE-000327,SHOP-026,CUST-0541,2026-07-07T17:10:00+05:30,credit,35.00,0.00,1.67,35.00,completed,2026-07-07T17:10:00+05:30
SALE-000328,SHOP-028,,2026-07-07T17:30:00+05:30,cash,265.00,0.00,13.73,265.00,completed,2026-07-07T17:30:00+05:30
SALE-000329,SHOP-029,CUST-0609,2026-07-07T12:10:00+05:30,credit,1695.00,0.00,258.56,1695.00,completed,2026-07-07T12:10:00+05:30
SALE-000330,SHOP-032,CUST-0650,2026-07-07T18:10:00+05:30,cash,491.00,0.00,24.27,491.00,completed,2026-07-07T18:10:00+05:30
SALE-000331,SHOP-033,,2026-07-07T09:50:00+05:30,cash,70.00,0.00,0.00,70.00,completed,2026-07-07T09:50:00+05:30
SALE-000332,SHOP-034,CUST-0691,2026-07-07T08:30:00+05:30,upi,85.00,0.00,9.11,85.00,completed,2026-07-07T08:30:00+05:30
SALE-000333,SHOP-035,CUST-0710,2026-07-07T11:50:00+05:30,card,3043.00,0.00,464.19,3043.00,completed,2026-07-07T11:50:00+05:30
SALE-000334,SHOP-035,CUST-0718,2026-07-07T18:40:00+05:30,upi,1096.00,0.00,167.19,1096.00,completed,2026-07-07T18:40:00+05:30
SALE-000335,SHOP-036,,2026-07-07T15:10:00+05:30,upi,3900.00,0.00,185.71,3900.00,completed,2026-07-07T15:10:00+05:30
SALE-000336,SHOP-036,CUST-0746,2026-07-07T16:50:00+05:30,upi,571.00,0.00,35.16,571.00,completed,2026-07-07T16:50:00+05:30
SALE-000337,SHOP-037,,2026-07-07T14:50:00+05:30,upi,976.00,0.00,148.88,976.00,completed,2026-07-07T14:50:00+05:30
SALE-000338,SHOP-037,,2026-07-07T20:50:00+05:30,upi,2980.00,89.40,440.94,2890.60,completed,2026-07-07T20:50:00+05:30
SALE-000339,SHOP-037,,2026-07-07T09:20:00+05:30,cash,890.00,0.00,162.91,890.00,completed,2026-07-07T09:20:00+05:30
SALE-000340,SHOP-038,,2026-07-07T20:00:00+05:30,cash,150.00,0.00,20.16,150.00,returned,2026-07-07T20:00:00+05:30
SALE-000341,SHOP-039,,2026-07-07T20:20:00+05:30,upi,880.00,0.00,41.90,880.00,completed,2026-07-07T20:20:00+05:30
SALE-000342,SHOP-039,,2026-07-07T17:40:00+05:30,cash,105.00,0.00,16.02,105.00,completed,2026-07-07T17:40:00+05:30
SALE-000343,SHOP-040,CUST-0824,2026-07-07T13:40:00+05:30,upi,20.00,0.00,3.05,20.00,completed,2026-07-07T13:40:00+05:30
SALE-000344,SHOP-041,CUST-0851,2026-07-07T09:10:00+05:30,card,761.00,0.00,116.08,761.00,completed,2026-07-07T09:10:00+05:30
SALE-000345,SHOP-042,CUST-0869,2026-07-07T14:20:00+05:30,upi,1310.00,0.00,281.27,1310.00,completed,2026-07-07T14:20:00+05:30
SALE-000346,SHOP-042,CUST-0862,2026-07-07T15:00:00+05:30,upi,2085.00,41.70,311.69,2043.30,completed,2026-07-07T15:00:00+05:30
SALE-000347,SHOP-043,CUST-0879,2026-07-07T15:30:00+05:30,credit,713.00,0.00,24.67,713.00,completed,2026-07-07T15:30:00+05:30
SALE-000348,SHOP-044,CUST-0908,2026-07-07T20:20:00+05:30,upi,225.00,0.00,0.00,225.00,completed,2026-07-07T20:20:00+05:30
SALE-000349,SHOP-045,CUST-0923,2026-07-07T19:10:00+05:30,cash,20.00,0.00,2.14,20.00,completed,2026-07-07T19:10:00+05:30
SALE-000350,SHOP-047,,2026-07-07T11:30:00+05:30,upi,3593.00,0.00,548.08,3593.00,completed,2026-07-07T11:30:00+05:30
SALE-000351,SHOP-047,CUST-0970,2026-07-07T10:00:00+05:30,upi,2598.00,0.00,396.31,2598.00,completed,2026-07-07T10:00:00+05:30
SALE-000352,SHOP-049,CUST-0998,2026-07-07T19:00:00+05:30,upi,30.00,0.00,1.43,30.00,completed,2026-07-07T19:00:00+05:30
SALE-000353,SHOP-050,,2026-07-07T18:20:00+05:30,upi,32.00,0.00,1.52,32.00,completed,2026-07-07T18:20:00+05:30
SALE-000354,SHOP-050,CUST-1025,2026-07-07T08:50:00+05:30,upi,405.00,0.00,22.43,405.00,completed,2026-07-07T08:50:00+05:30
SALE-000355,SHOP-002,CUST-0038,2026-07-08T19:30:00+05:30,cash,1170.00,0.00,178.47,1170.00,completed,2026-07-08T19:30:00+05:30
SALE-000356,SHOP-003,CUST-0052,2026-07-08T20:00:00+05:30,credit,36.00,0.00,5.49,36.00,completed,2026-07-08T20:00:00+05:30
SALE-000357,SHOP-004,CUST-0083,2026-07-08T16:00:00+05:30,cash,90.00,0.00,13.73,90.00,completed,2026-07-08T16:00:00+05:30
SALE-000358,SHOP-004,CUST-0078,2026-07-08T11:50:00+05:30,upi,101.00,0.00,0.00,101.00,completed,2026-07-08T11:50:00+05:30
SALE-000359,SHOP-004,CUST-0071,2026-07-08T19:10:00+05:30,upi,203.00,0.00,14.67,203.00,completed,2026-07-08T19:10:00+05:30
SALE-000360,SHOP-005,CUST-0086,2026-07-08T16:10:00+05:30,cash,1047.00,0.00,159.71,1047.00,completed,2026-07-08T16:10:00+05:30
SALE-000361,SHOP-006,CUST-0120,2026-07-08T18:40:00+05:30,upi,250.00,0.00,30.79,250.00,completed,2026-07-08T18:40:00+05:30
SALE-000362,SHOP-006,CUST-0108,2026-07-08T08:30:00+05:30,credit,290.00,0.00,15.00,290.00,completed,2026-07-08T08:30:00+05:30
SALE-000363,SHOP-006,,2026-07-08T16:30:00+05:30,upi,594.00,0.00,67.63,594.00,completed,2026-07-08T16:30:00+05:30
SALE-000364,SHOP-007,CUST-0140,2026-07-08T14:30:00+05:30,cash,285.00,0.00,13.57,285.00,completed,2026-07-08T14:30:00+05:30
SALE-000365,SHOP-008,CUST-0158,2026-07-08T12:40:00+05:30,upi,687.00,13.74,102.70,673.26,completed,2026-07-08T12:40:00+05:30
SALE-000366,SHOP-008,,2026-07-08T14:10:00+05:30,card,440.00,0.00,67.12,440.00,completed,2026-07-08T14:10:00+05:30
SALE-000367,SHOP-008,CUST-0163,2026-07-08T10:40:00+05:30,upi,4950.00,0.00,755.08,4950.00,completed,2026-07-08T10:40:00+05:30
SALE-000368,SHOP-009,CUST-0176,2026-07-08T15:10:00+05:30,upi,10.00,0.00,1.07,10.00,completed,2026-07-08T15:10:00+05:30
SALE-000369,SHOP-011,,2026-07-08T13:10:00+05:30,upi,285.00,0.00,43.47,285.00,completed,2026-07-08T13:10:00+05:30
SALE-000370,SHOP-012,,2026-07-08T14:50:00+05:30,upi,98.00,0.00,0.00,98.00,completed,2026-07-08T14:50:00+05:30
SALE-000371,SHOP-013,CUST-0268,2026-07-08T08:50:00+05:30,credit,1880.00,0.00,130.44,1880.00,completed,2026-07-08T08:50:00+05:30
SALE-000372,SHOP-013,,2026-07-08T09:00:00+05:30,cash,32.00,0.00,1.52,32.00,completed,2026-07-08T09:00:00+05:30
SALE-000373,SHOP-015,,2026-07-08T11:00:00+05:30,cash,290.00,0.00,41.97,290.00,completed,2026-07-08T11:00:00+05:30
SALE-000374,SHOP-017,CUST-0330,2026-07-08T09:10:00+05:30,cash,105.00,0.00,16.02,105.00,completed,2026-07-08T09:10:00+05:30
SALE-000375,SHOP-017,CUST-0334,2026-07-08T11:10:00+05:30,upi,428.00,0.00,20.38,428.00,completed,2026-07-08T11:10:00+05:30
SALE-000376,SHOP-017,,2026-07-08T12:10:00+05:30,cash,25.00,0.00,3.81,25.00,completed,2026-07-08T12:10:00+05:30
SALE-000377,SHOP-019,CUST-0380,2026-07-08T15:00:00+05:30,upi,60.00,0.00,9.15,60.00,completed,2026-07-08T15:00:00+05:30
SALE-000378,SHOP-020,CUST-0407,2026-07-08T17:50:00+05:30,cash,200.00,0.00,16.20,200.00,completed,2026-07-08T17:50:00+05:30
SALE-000379,SHOP-020,CUST-0427,2026-07-08T17:00:00+05:30,cash,555.00,0.00,26.43,555.00,completed,2026-07-08T17:00:00+05:30
SALE-000380,SHOP-023,,2026-07-08T15:10:00+05:30,card,596.00,0.00,37.82,596.00,completed,2026-07-08T15:10:00+05:30
SALE-000381,SHOP-023,CUST-0471,2026-07-08T14:20:00+05:30,upi,405.00,0.00,19.29,405.00,completed,2026-07-08T14:20:00+05:30
SALE-000382,SHOP-026,,2026-07-08T14:30:00+05:30,cash,195.00,0.00,11.07,195.00,completed,2026-07-08T14:30:00+05:30
SALE-000383,SHOP-026,,2026-07-08T10:50:00+05:30,upi,185.00,0.00,10.00,185.00,completed,2026-07-08T10:50:00+05:30
SALE-000384,SHOP-026,CUST-0527,2026-07-08T19:50:00+05:30,cash,36.00,0.00,1.71,36.00,completed,2026-07-08T19:50:00+05:30
SALE-000385,SHOP-026,,2026-07-08T11:30:00+05:30,upi,215.00,0.00,32.80,215.00,completed,2026-07-08T11:30:00+05:30
SALE-000386,SHOP-027,CUST-0569,2026-07-08T14:10:00+05:30,upi,620.00,0.00,66.43,620.00,completed,2026-07-08T14:10:00+05:30
SALE-000387,SHOP-028,CUST-0591,2026-07-08T18:30:00+05:30,upi,114.00,0.00,5.43,114.00,completed,2026-07-08T18:30:00+05:30
SALE-000388,SHOP-030,,2026-07-08T08:50:00+05:30,upi,120.00,0.00,3.33,120.00,completed,2026-07-08T08:50:00+05:30
SALE-000389,SHOP-032,,2026-07-08T13:40:00+05:30,upi,575.00,0.00,27.38,575.00,completed,2026-07-08T13:40:00+05:30
SALE-000390,SHOP-032,,2026-07-08T16:10:00+05:30,cash,183.00,0.00,8.71,183.00,completed,2026-07-08T16:10:00+05:30
SALE-000391,SHOP-033,CUST-0689,2026-07-08T19:10:00+05:30,card,220.00,0.00,0.00,220.00,completed,2026-07-08T19:10:00+05:30
SALE-000392,SHOP-033,,2026-07-08T13:30:00+05:30,upi,213.00,0.00,6.43,213.00,completed,2026-07-08T13:30:00+05:30
SALE-000393,SHOP-035,CUST-0715,2026-07-08T18:30:00+05:30,cash,149.00,0.00,22.73,149.00,completed,2026-07-08T18:30:00+05:30
SALE-000394,SHOP-035,,2026-07-08T18:20:00+05:30,cash,297.00,0.00,45.31,297.00,completed,2026-07-08T18:20:00+05:30
SALE-000395,SHOP-035,CUST-0707,2026-07-08T12:10:00+05:30,credit,1347.00,0.00,205.47,1347.00,completed,2026-07-08T12:10:00+05:30
SALE-000396,SHOP-038,CUST-0781,2026-07-08T08:10:00+05:30,credit,124.00,0.00,1.90,124.00,completed,2026-07-08T08:10:00+05:30
SALE-000397,SHOP-040,CUST-0816,2026-07-08T13:50:00+05:30,cash,264.00,0.00,40.27,264.00,completed,2026-07-08T13:50:00+05:30
SALE-000398,SHOP-040,CUST-0821,2026-07-08T18:20:00+05:30,cash,290.00,0.00,37.43,290.00,completed,2026-07-08T18:20:00+05:30
SALE-000399,SHOP-045,CUST-0930,2026-07-08T10:10:00+05:30,cash,435.00,0.00,16.79,435.00,completed,2026-07-08T10:10:00+05:30
SALE-000400,SHOP-045,,2026-07-08T08:30:00+05:30,card,300.00,0.00,14.29,300.00,completed,2026-07-08T08:30:00+05:30
SALE-000401,SHOP-045,,2026-07-08T16:10:00+05:30,cash,1320.00,0.00,62.86,1320.00,completed,2026-07-08T16:10:00+05:30
SALE-000402,SHOP-046,CUST-0942,2026-07-08T08:00:00+05:30,cash,190.00,0.00,28.98,190.00,returned,2026-07-08T08:00:00+05:30
SALE-000403,SHOP-050,CUST-1020,2026-07-08T18:20:00+05:30,upi,1381.00,0.00,66.65,1381.00,completed,2026-07-08T18:20:00+05:30
SALE-000404,SHOP-050,CUST-1012,2026-07-08T17:30:00+05:30,cash,240.00,0.00,11.43,240.00,completed,2026-07-08T17:30:00+05:30
SALE-000405,SHOP-050,CUST-1031,2026-07-08T13:30:00+05:30,credit,915.00,0.00,11.90,915.00,completed,2026-07-08T13:30:00+05:30
SALE-000406,SHOP-050,CUST-1032,2026-07-08T11:40:00+05:30,upi,325.00,0.00,14.29,325.00,completed,2026-07-08T11:40:00+05:30
SALE-000407,SHOP-001,CUST-0001,2026-07-09T10:10:00+05:30,upi,70.00,0.00,7.32,70.00,completed,2026-07-09T10:10:00+05:30
SALE-000408,SHOP-003,CUST-0055,2026-07-09T10:30:00+05:30,upi,310.00,0.00,41.84,310.00,completed,2026-07-09T10:30:00+05:30
SALE-000409,SHOP-005,CUST-0094,2026-07-09T12:50:00+05:30,upi,1898.00,0.00,289.53,1898.00,returned,2026-07-09T12:50:00+05:30
SALE-000410,SHOP-006,CUST-0110,2026-07-09T08:30:00+05:30,upi,83.00,0.00,7.94,83.00,completed,2026-07-09T08:30:00+05:30
SALE-000411,SHOP-006,CUST-0108,2026-07-09T13:50:00+05:30,cash,105.00,0.00,5.00,105.00,completed,2026-07-09T13:50:00+05:30
SALE-000412,SHOP-006,,2026-07-09T10:20:00+05:30,upi,101.00,0.00,15.41,101.00,completed,2026-07-09T10:20:00+05:30
SALE-000413,SHOP-007,,2026-07-09T09:30:00+05:30,upi,141.00,0.00,7.43,141.00,completed,2026-07-09T09:30:00+05:30
SALE-000414,SHOP-009,CUST-0183,2026-07-09T13:00:00+05:30,upi,120.00,0.00,18.31,120.00,completed,2026-07-09T13:00:00+05:30
SALE-000415,SHOP-011,CUST-0228,2026-07-09T20:50:00+05:30,credit,350.00,0.00,17.86,350.00,completed,2026-07-09T20:50:00+05:30
SALE-000416,SHOP-011,CUST-0232,2026-07-09T20:30:00+05:30,cash,305.00,0.00,13.04,305.00,completed,2026-07-09T20:30:00+05:30
SALE-000417,SHOP-011,CUST-0229,2026-07-09T18:50:00+05:30,credit,25.00,0.00,0.00,25.00,completed,2026-07-09T18:50:00+05:30
SALE-000418,SHOP-012,,2026-07-09T17:30:00+05:30,upi,290.00,0.00,31.07,290.00,completed,2026-07-09T17:30:00+05:30
SALE-000419,SHOP-013,CUST-0254,2026-07-09T13:50:00+05:30,credit,111.00,0.00,7.61,111.00,completed,2026-07-09T13:50:00+05:30
SALE-000420,SHOP-013,CUST-0248,2026-07-09T16:00:00+05:30,upi,320.00,0.00,12.56,320.00,completed,2026-07-09T16:00:00+05:30
SALE-000421,SHOP-014,CUST-0275,2026-07-09T13:20:00+05:30,credit,1680.00,0.00,256.27,1680.00,completed,2026-07-09T13:20:00+05:30
SALE-000422,SHOP-016,CUST-0320,2026-07-09T09:20:00+05:30,cash,348.00,0.00,53.08,348.00,completed,2026-07-09T09:20:00+05:30
SALE-000423,SHOP-016,CUST-0308,2026-07-09T08:40:00+05:30,credit,2745.00,0.00,418.73,2745.00,completed,2026-07-09T08:40:00+05:30
SALE-000424,SHOP-017,CUST-0324,2026-07-09T13:50:00+05:30,cash,15.00,0.00,1.61,15.00,completed,2026-07-09T13:50:00+05:30
SALE-000425,SHOP-017,CUST-0351,2026-07-09T18:50:00+05:30,credit,165.00,0.00,25.17,165.00,completed,2026-07-09T18:50:00+05:30
SALE-000426,SHOP-017,CUST-0331,2026-07-09T14:00:00+05:30,cash,595.00,0.00,39.35,595.00,completed,2026-07-09T14:00:00+05:30
SALE-000427,SHOP-018,CUST-0369,2026-07-09T11:10:00+05:30,upi,98.00,0.00,0.00,98.00,completed,2026-07-09T11:10:00+05:30
SALE-000428,SHOP-018,,2026-07-09T12:10:00+05:30,upi,835.00,0.00,105.82,835.00,completed,2026-07-09T12:10:00+05:30
SALE-000429,SHOP-019,,2026-07-09T14:40:00+05:30,cash,430.00,0.00,65.59,430.00,completed,2026-07-09T14:40:00+05:30
SALE-000430,SHOP-020,CUST-0407,2026-07-09T12:30:00+05:30,upi,227.00,0.00,24.29,227.00,completed,2026-07-09T12:30:00+05:30
SALE-000431,SHOP-020,CUST-0416,2026-07-09T14:50:00+05:30,credit,165.00,0.00,7.86,165.00,completed,2026-07-09T14:50:00+05:30
SALE-000432,SHOP-020,,2026-07-09T20:00:00+05:30,cash,138.00,0.00,6.57,138.00,completed,2026-07-09T20:00:00+05:30
SALE-000433,SHOP-021,CUST-0434,2026-07-09T20:00:00+05:30,card,60.00,0.00,9.15,60.00,completed,2026-07-09T20:00:00+05:30
SALE-000434,SHOP-023,,2026-07-09T10:10:00+05:30,upi,110.00,0.00,5.24,110.00,completed,2026-07-09T10:10:00+05:30
SALE-000435,SHOP-023,CUST-0481,2026-07-09T08:50:00+05:30,credit,300.00,0.00,20.58,300.00,completed,2026-07-09T08:50:00+05:30
SALE-000436,SHOP-023,CUST-0484,2026-07-09T11:10:00+05:30,credit,63.00,0.00,3.00,63.00,completed,2026-07-09T11:10:00+05:30
SALE-000437,SHOP-025,CUST-0515,2026-07-09T17:20:00+05:30,credit,60.00,0.00,9.15,60.00,completed,2026-07-09T17:20:00+05:30
SALE-000438,SHOP-026,CUST-0548,2026-07-09T17:30:00+05:30,credit,135.00,0.00,15.87,135.00,completed,2026-07-09T17:30:00+05:30
SALE-000439,SHOP-026,CUST-0531,2026-07-09T14:00:00+05:30,credit,390.00,0.00,18.57,390.00,completed,2026-07-09T14:00:00+05:30
SALE-000440,SHOP-027,,2026-07-09T13:40:00+05:30,cash,271.00,0.00,31.31,271.00,completed,2026-07-09T13:40:00+05:30
SALE-000441,SHOP-028,CUST-0576,2026-07-09T16:50:00+05:30,credit,265.00,0.00,9.53,265.00,completed,2026-07-09T16:50:00+05:30
SALE-000442,SHOP-028,,2026-07-09T14:10:00+05:30,upi,440.00,0.00,41.17,440.00,completed,2026-07-09T14:10:00+05:30
SALE-000443,SHOP-028,CUST-0593,2026-07-09T10:50:00+05:30,upi,450.00,0.00,30.87,450.00,completed,2026-07-09T10:50:00+05:30
SALE-000444,SHOP-028,,2026-07-09T15:10:00+05:30,upi,300.00,0.00,45.76,300.00,completed,2026-07-09T15:10:00+05:30
SALE-000445,SHOP-029,CUST-0601,2026-07-09T11:10:00+05:30,cash,598.00,11.96,89.40,586.04,completed,2026-07-09T11:10:00+05:30
SALE-000446,SHOP-031,,2026-07-09T17:40:00+05:30,upi,3570.00,0.00,544.58,3570.00,completed,2026-07-09T17:40:00+05:30
SALE-000447,SHOP-033,,2026-07-09T18:30:00+05:30,upi,70.00,0.00,1.90,70.00,completed,2026-07-09T18:30:00+05:30
SALE-000448,SHOP-034,,2026-07-09T11:50:00+05:30,cash,12.00,0.00,1.29,12.00,completed,2026-07-09T11:50:00+05:30
SALE-000449,SHOP-036,CUST-0740,2026-07-09T11:40:00+05:30,upi,50.00,0.00,0.00,50.00,completed,2026-07-09T11:40:00+05:30
SALE-000450,SHOP-037,CUST-0766,2026-07-09T19:00:00+05:30,upi,1170.00,0.00,178.47,1170.00,completed,2026-07-09T19:00:00+05:30
SALE-000451,SHOP-037,CUST-0753,2026-07-09T09:10:00+05:30,cash,2525.00,0.00,385.17,2525.00,completed,2026-07-09T09:10:00+05:30
SALE-000452,SHOP-037,CUST-0757,2026-07-09T20:30:00+05:30,upi,2340.00,0.00,356.95,2340.00,completed,2026-07-09T20:30:00+05:30
SALE-000453,SHOP-038,,2026-07-09T10:50:00+05:30,cash,453.00,0.00,58.53,453.00,completed,2026-07-09T10:50:00+05:30
SALE-000454,SHOP-040,CUST-0831,2026-07-09T18:20:00+05:30,credit,705.00,0.00,75.54,705.00,completed,2026-07-09T18:20:00+05:30
SALE-000455,SHOP-040,CUST-0831,2026-07-09T17:10:00+05:30,credit,20.00,0.00,3.05,20.00,completed,2026-07-09T17:10:00+05:30
SALE-000456,SHOP-041,CUST-0844,2026-07-09T11:10:00+05:30,cash,1397.00,0.00,213.10,1397.00,completed,2026-07-09T11:10:00+05:30
SALE-000457,SHOP-042,CUST-0853,2026-07-09T11:10:00+05:30,credit,2618.00,0.00,399.36,2618.00,completed,2026-07-09T11:10:00+05:30
SALE-000458,SHOP-043,CUST-0884,2026-07-09T20:00:00+05:30,credit,143.00,0.00,21.13,143.00,completed,2026-07-09T20:00:00+05:30
SALE-000459,SHOP-045,,2026-07-09T08:20:00+05:30,upi,175.00,0.00,19.35,175.00,completed,2026-07-09T08:20:00+05:30
SALE-000460,SHOP-045,,2026-07-09T17:10:00+05:30,upi,1320.00,0.00,62.86,1320.00,completed,2026-07-09T17:10:00+05:30
SALE-000461,SHOP-046,,2026-07-09T15:00:00+05:30,upi,160.00,0.00,21.23,160.00,completed,2026-07-09T15:00:00+05:30
SALE-000462,SHOP-046,CUST-0937,2026-07-09T12:30:00+05:30,cash,140.00,0.00,19.09,140.00,completed,2026-07-09T12:30:00+05:30
SALE-000463,SHOP-047,CUST-0965,2026-07-09T17:40:00+05:30,upi,3095.00,0.00,472.12,3095.00,completed,2026-07-09T17:40:00+05:30
SALE-000464,SHOP-048,CUST-0983,2026-07-09T18:20:00+05:30,cash,245.00,0.00,37.37,245.00,completed,2026-07-09T18:20:00+05:30
SALE-000465,SHOP-049,CUST-0997,2026-07-09T18:30:00+05:30,credit,95.00,0.00,0.00,95.00,completed,2026-07-09T18:30:00+05:30
SALE-000466,SHOP-049,CUST-1006,2026-07-09T11:50:00+05:30,upi,155.00,0.00,5.71,155.00,completed,2026-07-09T11:50:00+05:30
SALE-000467,SHOP-049,,2026-07-09T18:10:00+05:30,upi,325.00,0.00,17.87,325.00,completed,2026-07-09T18:10:00+05:30
SALE-000468,SHOP-050,CUST-1019,2026-07-09T09:20:00+05:30,credit,160.00,0.00,7.62,160.00,completed,2026-07-09T09:20:00+05:30
SALE-000469,SHOP-050,CUST-1019,2026-07-09T16:40:00+05:30,upi,3685.00,0.00,165.71,3685.00,completed,2026-07-09T16:40:00+05:30
SALE-000470,SHOP-050,CUST-1015,2026-07-09T15:30:00+05:30,card,205.00,0.00,0.00,205.00,completed,2026-07-09T15:30:00+05:30
SALE-000471,SHOP-001,CUST-0008,2026-07-10T20:30:00+05:30,cash,2600.00,0.00,123.81,2600.00,completed,2026-07-10T20:30:00+05:30
SALE-000472,SHOP-001,CUST-0020,2026-07-10T17:20:00+05:30,upi,20.00,0.00,2.14,20.00,completed,2026-07-10T17:20:00+05:30
SALE-000473,SHOP-001,,2026-07-10T15:40:00+05:30,cash,330.00,0.00,15.71,330.00,completed,2026-07-10T15:40:00+05:30
SALE-000474,SHOP-003,,2026-07-10T15:10:00+05:30,upi,145.00,0.00,21.89,145.00,completed,2026-07-10T15:10:00+05:30
SALE-000475,SHOP-003,,2026-07-10T11:50:00+05:30,upi,270.00,0.00,40.28,270.00,completed,2026-07-10T11:50:00+05:30
SALE-000476,SHOP-004,CUST-0066,2026-07-10T09:40:00+05:30,credit,110.00,0.00,0.00,110.00,completed,2026-07-10T09:40:00+05:30
SALE-000477,SHOP-004,,2026-07-10T17:30:00+05:30,cash,1025.00,0.00,90.24,1025.00,completed,2026-07-10T17:30:00+05:30
SALE-000478,SHOP-004,,2026-07-10T08:30:00+05:30,cash,431.00,0.00,49.83,431.00,completed,2026-07-10T08:30:00+05:30
SALE-000479,SHOP-005,CUST-0090,2026-07-10T17:50:00+05:30,cash,1197.00,0.00,182.59,1197.00,completed,2026-07-10T17:50:00+05:30
SALE-000480,SHOP-006,,2026-07-10T09:40:00+05:30,upi,255.00,0.00,12.14,255.00,completed,2026-07-10T09:40:00+05:30
SALE-000481,SHOP-008,CUST-0159,2026-07-10T17:00:00+05:30,cash,580.00,11.60,86.71,568.40,completed,2026-07-10T17:00:00+05:30
SALE-000482,SHOP-009,CUST-0186,2026-07-10T09:00:00+05:30,upi,170.00,0.00,25.93,170.00,completed,2026-07-10T09:00:00+05:30
SALE-000483,SHOP-010,CUST-0198,2026-07-10T12:40:00+05:30,cash,863.00,0.00,131.64,863.00,completed,2026-07-10T12:40:00+05:30
SALE-000484,SHOP-011,CUST-0208,2026-07-10T13:40:00+05:30,cash,165.00,0.00,7.86,165.00,completed,2026-07-10T13:40:00+05:30
SALE-000485,SHOP-012,CUST-0234,2026-07-10T18:30:00+05:30,upi,184.00,0.00,7.43,184.00,completed,2026-07-10T18:30:00+05:30
SALE-000486,SHOP-013,CUST-0268,2026-07-10T15:10:00+05:30,credit,525.00,0.00,26.79,525.00,completed,2026-07-10T15:10:00+05:30
SALE-000487,SHOP-013,,2026-07-10T09:40:00+05:30,upi,120.00,0.00,5.71,120.00,completed,2026-07-10T09:40:00+05:30
SALE-000488,SHOP-013,,2026-07-10T20:50:00+05:30,cash,175.00,0.00,7.14,175.00,completed,2026-07-10T20:50:00+05:30
SALE-000489,SHOP-014,,2026-07-10T11:30:00+05:30,upi,4579.00,0.00,698.49,4579.00,completed,2026-07-10T11:30:00+05:30
SALE-000490,SHOP-014,CUST-0274,2026-07-10T08:20:00+05:30,credit,390.00,0.00,59.49,390.00,completed,2026-07-10T08:20:00+05:30
SALE-000491,SHOP-015,CUST-0297,2026-07-10T13:10:00+05:30,cash,48.00,0.00,5.96,48.00,completed,2026-07-10T13:10:00+05:30
SALE-000492,SHOP-017,CUST-0323,2026-07-10T08:40:00+05:30,upi,3510.00,0.00,170.29,3510.00,completed,2026-07-10T08:40:00+05:30
SALE-000493,SHOP-017,CUST-0351,2026-07-10T19:40:00+05:30,upi,200.00,0.00,9.52,200.00,completed,2026-07-10T19:40:00+05:30
SALE-000494,SHOP-017,CUST-0327,2026-07-10T11:00:00+05:30,credit,585.00,0.00,27.86,585.00,completed,2026-07-10T11:00:00+05:30
SALE-000495,SHOP-017,CUST-0331,2026-07-10T14:10:00+05:30,cash,560.00,0.00,26.67,560.00,completed,2026-07-10T14:10:00+05:30
SALE-000496,SHOP-018,CUST-0355,2026-07-10T20:00:00+05:30,upi,90.00,0.00,13.73,90.00,completed,2026-07-10T20:00:00+05:30
SALE-000497,SHOP-020,CUST-0409,2026-07-10T13:50:00+05:30,upi,132.00,0.00,8.67,132.00,completed,2026-07-10T13:50:00+05:30
SALE-000498,SHOP-020,,2026-07-10T20:10:00+05:30,upi,435.00,0.00,20.71,435.00,completed,2026-07-10T20:10:00+05:30
SALE-000499,SHOP-021,CUST-0444,2026-07-10T12:20:00+05:30,card,22.00,0.00,2.36,22.00,completed,2026-07-10T12:20:00+05:30
SALE-000500,SHOP-023,CUST-0464,2026-07-10T14:40:00+05:30,cash,36.00,0.00,1.71,36.00,completed,2026-07-10T14:40:00+05:30
SALE-000501,SHOP-024,CUST-0499,2026-07-10T13:00:00+05:30,credit,271.00,0.00,4.52,271.00,completed,2026-07-10T13:00:00+05:30
SALE-000502,SHOP-025,,2026-07-10T13:10:00+05:30,cash,1762.00,0.00,268.78,1762.00,returned,2026-07-10T13:10:00+05:30
SALE-000503,SHOP-026,CUST-0522,2026-07-10T18:50:00+05:30,cash,4350.00,130.50,201.08,4219.50,completed,2026-07-10T18:50:00+05:30
SALE-000504,SHOP-027,CUST-0555,2026-07-10T17:00:00+05:30,card,304.00,0.00,33.66,304.00,completed,2026-07-10T17:00:00+05:30
SALE-000505,SHOP-027,,2026-07-10T15:00:00+05:30,upi,240.00,0.00,36.61,240.00,completed,2026-07-10T15:00:00+05:30
SALE-000506,SHOP-028,CUST-0589,2026-07-10T09:30:00+05:30,upi,75.00,0.00,0.00,75.00,completed,2026-07-10T09:30:00+05:30
SALE-000507,SHOP-028,CUST-0592,2026-07-10T20:30:00+05:30,upi,174.00,0.00,13.73,174.00,completed,2026-07-10T20:30:00+05:30
SALE-000508,SHOP-028,CUST-0586,2026-07-10T11:20:00+05:30,upi,490.00,0.00,54.81,490.00,completed,2026-07-10T11:20:00+05:30
SALE-000509,SHOP-028,,2026-07-10T08:00:00+05:30,upi,38.00,0.00,1.81,38.00,completed,2026-07-10T08:00:00+05:30
SALE-000510,SHOP-029,CUST-0606,2026-07-10T17:10:00+05:30,upi,349.00,0.00,53.24,349.00,completed,2026-07-10T17:10:00+05:30
SALE-000511,SHOP-031,,2026-07-10T10:30:00+05:30,cash,320.00,0.00,48.81,320.00,completed,2026-07-10T10:30:00+05:30
SALE-000512,SHOP-033,CUST-0685,2026-07-10T13:50:00+05:30,cash,195.00,0.00,8.57,195.00,completed,2026-07-10T13:50:00+05:30
SALE-000513,SHOP-033,,2026-07-10T20:10:00+05:30,cash,210.00,0.00,10.00,210.00,completed,2026-07-10T20:10:00+05:30
SALE-000514,SHOP-034,,2026-07-10T12:10:00+05:30,upi,110.00,0.00,14.51,110.00,completed,2026-07-10T12:10:00+05:30
SALE-000515,SHOP-036,CUST-0725,2026-07-10T18:50:00+05:30,credit,330.00,0.00,15.71,330.00,completed,2026-07-10T18:50:00+05:30
SALE-000516,SHOP-036,,2026-07-10T19:40:00+05:30,upi,590.00,0.00,28.47,590.00,completed,2026-07-10T19:40:00+05:30
SALE-000517,SHOP-036,CUST-0742,2026-07-10T14:30:00+05:30,upi,540.00,0.00,25.71,540.00,completed,2026-07-10T14:30:00+05:30
SALE-000518,SHOP-037,,2026-07-10T16:10:00+05:30,cash,1015.00,0.00,154.83,1015.00,completed,2026-07-10T16:10:00+05:30
SALE-000519,SHOP-038,CUST-0775,2026-07-10T08:40:00+05:30,upi,106.00,0.00,7.63,106.00,completed,2026-07-10T08:40:00+05:30
SALE-000520,SHOP-039,,2026-07-10T16:50:00+05:30,upi,819.00,0.00,29.71,819.00,completed,2026-07-10T16:50:00+05:30
SALE-000521,SHOP-039,CUST-0811,2026-07-10T19:50:00+05:30,cash,362.00,0.00,17.24,362.00,completed,2026-07-10T19:50:00+05:30
SALE-000522,SHOP-040,CUST-0828,2026-07-10T12:20:00+05:30,cash,10.00,0.00,1.07,10.00,completed,2026-07-10T12:20:00+05:30
SALE-000523,SHOP-040,,2026-07-10T09:30:00+05:30,card,125.00,0.00,16.12,125.00,completed,2026-07-10T09:30:00+05:30
SALE-000524,SHOP-041,CUST-0841,2026-07-10T14:10:00+05:30,upi,548.00,0.00,83.59,548.00,completed,2026-07-10T14:10:00+05:30
SALE-000525,SHOP-044,CUST-0909,2026-07-10T14:30:00+05:30,credit,120.00,0.00,0.00,120.00,completed,2026-07-10T14:30:00+05:30
SALE-000526,SHOP-045,CUST-0927,2026-07-10T13:50:00+05:30,upi,788.00,0.00,18.95,788.00,completed,2026-07-10T13:50:00+05:30
SALE-000527,SHOP-047,CUST-0963,2026-07-10T15:30:00+05:30,upi,1543.00,0.00,235.37,1543.00,completed,2026-07-10T15:30:00+05:30
SALE-000528,SHOP-049,CUST-1004,2026-07-10T19:20:00+05:30,upi,185.00,0.00,18.25,185.00,completed,2026-07-10T19:20:00+05:30
SALE-000529,SHOP-050,CUST-1020,2026-07-10T12:50:00+05:30,cash,205.00,0.00,0.00,205.00,completed,2026-07-10T12:50:00+05:30
SALE-000530,SHOP-050,CUST-1007,2026-07-10T10:40:00+05:30,credit,205.00,0.00,0.00,205.00,completed,2026-07-10T10:40:00+05:30
SALE-000531,SHOP-001,,2026-07-11T14:00:00+05:30,cash,95.00,0.00,14.49,95.00,completed,2026-07-11T14:00:00+05:30
SALE-000532,SHOP-001,,2026-07-11T15:00:00+05:30,cash,308.00,0.00,14.67,308.00,completed,2026-07-11T15:00:00+05:30
SALE-000533,SHOP-001,CUST-0012,2026-07-11T11:00:00+05:30,upi,152.00,0.00,13.53,152.00,completed,2026-07-11T11:00:00+05:30
SALE-000534,SHOP-002,,2026-07-11T19:50:00+05:30,upi,60.00,0.00,9.15,60.00,completed,2026-07-11T19:50:00+05:30
SALE-000535,SHOP-002,CUST-0042,2026-07-11T17:50:00+05:30,upi,150.00,0.00,22.88,150.00,completed,2026-07-11T17:50:00+05:30
SALE-000536,SHOP-003,CUST-0059,2026-07-11T16:20:00+05:30,cash,50.00,0.00,7.63,50.00,completed,2026-07-11T16:20:00+05:30
SALE-000537,SHOP-003,CUST-0058,2026-07-11T18:40:00+05:30,cash,325.00,0.00,44.36,325.00,completed,2026-07-11T18:40:00+05:30
SALE-000538,SHOP-004,CUST-0074,2026-07-11T11:20:00+05:30,credit,369.00,0.00,8.57,369.00,completed,2026-07-11T11:20:00+05:30
SALE-000539,SHOP-004,,2026-07-11T10:10:00+05:30,cash,184.00,0.00,15.54,184.00,completed,2026-07-11T10:10:00+05:30
SALE-000540,SHOP-005,CUST-0092,2026-07-11T11:50:00+05:30,cash,4096.00,0.00,624.81,4096.00,completed,2026-07-11T11:50:00+05:30
SALE-000541,SHOP-006,CUST-0109,2026-07-11T16:20:00+05:30,cash,1540.00,46.20,71.13,1493.80,completed,2026-07-11T16:20:00+05:30
SALE-000542,SHOP-006,CUST-0104,2026-07-11T09:40:00+05:30,upi,316.00,0.00,15.05,316.00,completed,2026-07-11T09:40:00+05:30
SALE-000543,SHOP-007,CUST-0134,2026-07-11T10:00:00+05:30,cash,98.00,0.00,4.67,98.00,completed,2026-07-11T10:00:00+05:30
SALE-000544,SHOP-008,CUST-0163,2026-07-11T20:20:00+05:30,credit,805.00,0.00,122.80,805.00,completed,2026-07-11T20:20:00+05:30
SALE-000545,SHOP-008,,2026-07-11T12:20:00+05:30,cash,410.00,0.00,89.69,410.00,completed,2026-07-11T12:20:00+05:30
SALE-000546,SHOP-009,,2026-07-11T20:40:00+05:30,cash,560.00,28.00,78.56,532.00,completed,2026-07-11T20:40:00+05:30
SALE-000547,SHOP-009,CUST-0181,2026-07-11T12:50:00+05:30,cash,6.00,0.00,0.64,6.00,completed,2026-07-11T12:50:00+05:30
SALE-000548,SHOP-011,CUST-0214,2026-07-11T11:20:00+05:30,cash,300.00,0.00,14.29,300.00,completed,2026-07-11T11:20:00+05:30
SALE-000549,SHOP-011,CUST-0213,2026-07-11T08:50:00+05:30,cash,257.00,0.00,12.24,257.00,completed,2026-07-11T08:50:00+05:30
SALE-000550,SHOP-011,CUST-0221,2026-07-11T19:00:00+05:30,credit,46.00,0.00,2.19,46.00,completed,2026-07-11T19:00:00+05:30
SALE-000551,SHOP-011,CUST-0220,2026-07-11T08:20:00+05:30,cash,485.00,0.00,23.10,485.00,completed,2026-07-11T08:20:00+05:30
SALE-000552,SHOP-012,CUST-0247,2026-07-11T20:40:00+05:30,cash,106.00,0.00,0.00,106.00,completed,2026-07-11T20:40:00+05:30
SALE-000553,SHOP-013,CUST-0270,2026-07-11T11:30:00+05:30,cash,186.00,0.00,18.30,186.00,completed,2026-07-11T11:30:00+05:30
SALE-000554,SHOP-014,CUST-0291,2026-07-11T19:00:00+05:30,credit,450.00,0.00,95.79,450.00,completed,2026-07-11T19:00:00+05:30
SALE-000555,SHOP-014,,2026-07-11T11:10:00+05:30,cash,565.00,0.00,113.33,565.00,completed,2026-07-11T11:10:00+05:30
SALE-000556,SHOP-015,CUST-0295,2026-07-11T18:20:00+05:30,cash,150.00,0.00,16.07,150.00,completed,2026-07-11T18:20:00+05:30
SALE-000557,SHOP-017,CUST-0334,2026-07-11T09:10:00+05:30,credit,90.00,0.00,13.73,90.00,completed,2026-07-11T09:10:00+05:30
SALE-000558,SHOP-017,CUST-0327,2026-07-11T16:40:00+05:30,upi,605.00,0.00,28.81,605.00,completed,2026-07-11T16:40:00+05:30
SALE-000559,SHOP-017,,2026-07-11T14:10:00+05:30,upi,995.00,0.00,49.79,995.00,completed,2026-07-11T14:10:00+05:30
SALE-000560,SHOP-018,CUST-0372,2026-07-11T20:40:00+05:30,credit,30.00,0.00,3.21,30.00,completed,2026-07-11T20:40:00+05:30
SALE-000561,SHOP-019,CUST-0395,2026-07-11T09:40:00+05:30,upi,280.00,0.00,42.71,280.00,completed,2026-07-11T09:40:00+05:30
SALE-000562,SHOP-019,CUST-0393,2026-07-11T09:10:00+05:30,credit,3430.00,0.00,631.80,3430.00,completed,2026-07-11T09:10:00+05:30
SALE-000563,SHOP-019,CUST-0375,2026-07-11T08:30:00+05:30,upi,475.00,0.00,99.60,475.00,completed,2026-07-11T08:30:00+05:30
SALE-000564,SHOP-020,,2026-07-11T17:30:00+05:30,upi,18.00,0.00,0.86,18.00,completed,2026-07-11T17:30:00+05:30
SALE-000565,SHOP-020,CUST-0421,2026-07-11T20:50:00+05:30,upi,188.00,0.00,10.38,188.00,completed,2026-07-11T20:50:00+05:30
SALE-000566,SHOP-022,CUST-0459,2026-07-11T18:20:00+05:30,cash,999.00,0.00,152.39,999.00,completed,2026-07-11T18:20:00+05:30
SALE-000567,SHOP-023,CUST-0464,2026-07-11T10:00:00+05:30,credit,170.00,0.00,5.71,170.00,completed,2026-07-11T10:00:00+05:30
SALE-000568,SHOP-023,CUST-0464,2026-07-11T16:40:00+05:30,cash,156.00,0.00,10.58,156.00,completed,2026-07-11T16:40:00+05:30
SALE-000569,SHOP-023,,2026-07-11T08:50:00+05:30,cash,540.00,0.00,25.71,540.00,completed,2026-07-11T08:50:00+05:30
SALE-000570,SHOP-024,CUST-0486,2026-07-11T09:10:00+05:30,cash,340.00,0.00,31.93,340.00,completed,2026-07-11T09:10:00+05:30
SALE-000571,SHOP-025,CUST-0510,2026-07-11T08:50:00+05:30,cash,1850.00,92.50,268.09,1757.50,completed,2026-07-11T08:50:00+05:30
SALE-000572,SHOP-025,CUST-0513,2026-07-11T17:20:00+05:30,upi,190.00,0.00,28.98,190.00,completed,2026-07-11T17:20:00+05:30
SALE-000573,SHOP-026,CUST-0528,2026-07-11T16:40:00+05:30,cash,180.00,0.00,27.46,180.00,completed,2026-07-11T16:40:00+05:30
SALE-000574,SHOP-026,,2026-07-11T15:30:00+05:30,upi,91.00,0.00,7.01,91.00,completed,2026-07-11T15:30:00+05:30
SALE-000575,SHOP-027,CUST-0556,2026-07-11T17:50:00+05:30,upi,300.00,0.00,43.49,300.00,completed,2026-07-11T17:50:00+05:30
SALE-000576,SHOP-028,CUST-0591,2026-07-11T09:20:00+05:30,credit,318.00,0.00,7.38,318.00,completed,2026-07-11T09:20:00+05:30
SALE-000577,SHOP-028,,2026-07-11T18:30:00+05:30,upi,101.00,0.00,0.00,101.00,completed,2026-07-11T18:30:00+05:30
SALE-000578,SHOP-028,CUST-0594,2026-07-11T18:20:00+05:30,credit,65.00,0.00,0.95,65.00,completed,2026-07-11T18:20:00+05:30
SALE-000579,SHOP-028,CUST-0591,2026-07-11T14:20:00+05:30,credit,285.00,0.00,13.57,285.00,completed,2026-07-11T14:20:00+05:30
SALE-000580,SHOP-029,CUST-0608,2026-07-11T16:10:00+05:30,cash,1195.00,0.00,182.29,1195.00,completed,2026-07-11T16:10:00+05:30
SALE-000581,SHOP-030,CUST-0611,2026-07-11T13:50:00+05:30,credit,231.00,0.00,13.62,231.00,completed,2026-07-11T13:50:00+05:30
SALE-000582,SHOP-032,CUST-0659,2026-07-11T13:10:00+05:30,upi,1060.00,53.00,23.98,1007.00,completed,2026-07-11T13:10:00+05:30
SALE-000583,SHOP-032,CUST-0658,2026-07-11T17:40:00+05:30,upi,45.00,0.00,2.14,45.00,completed,2026-07-11T17:40:00+05:30
SALE-000584,SHOP-032,CUST-0655,2026-07-11T08:00:00+05:30,upi,370.00,0.00,20.00,370.00,completed,2026-07-11T08:00:00+05:30
SALE-000585,SHOP-035,CUST-0724,2026-07-11T17:00:00+05:30,credit,3492.00,0.00,532.68,3492.00,completed,2026-07-11T17:00:00+05:30
SALE-000586,SHOP-035,,2026-07-11T13:10:00+05:30,cash,596.00,0.00,90.92,596.00,completed,2026-07-11T13:10:00+05:30
SALE-000587,SHOP-035,,2026-07-11T18:40:00+05:30,upi,899.00,0.00,137.14,899.00,completed,2026-07-11T18:40:00+05:30
SALE-000588,SHOP-036,CUST-0741,2026-07-11T11:40:00+05:30,cash,2750.00,0.00,130.95,2750.00,completed,2026-07-11T11:40:00+05:30
SALE-000589,SHOP-037,CUST-0760,2026-07-11T14:50:00+05:30,credit,11590.00,0.00,2419.45,11590.00,completed,2026-07-11T14:50:00+05:30
SALE-000590,SHOP-039,,2026-07-11T09:50:00+05:30,upi,206.00,0.00,17.78,206.00,completed,2026-07-11T09:50:00+05:30
SALE-000591,SHOP-039,CUST-0814,2026-07-11T08:40:00+05:30,upi,35.00,0.00,1.67,35.00,completed,2026-07-11T08:40:00+05:30
SALE-000592,SHOP-040,,2026-07-11T18:30:00+05:30,cash,18.00,0.00,2.75,18.00,completed,2026-07-11T18:30:00+05:30
SALE-000593,SHOP-040,CUST-0838,2026-07-11T12:20:00+05:30,upi,50.00,0.00,5.36,50.00,completed,2026-07-11T12:20:00+05:30
SALE-000594,SHOP-041,CUST-0846,2026-07-11T12:20:00+05:30,upi,2044.00,0.00,311.80,2044.00,completed,2026-07-11T12:20:00+05:30
SALE-000595,SHOP-043,,2026-07-11T18:40:00+05:30,upi,150.00,0.00,7.14,150.00,completed,2026-07-11T18:40:00+05:30
SALE-000596,SHOP-043,,2026-07-11T15:50:00+05:30,cash,513.00,15.39,23.70,497.61,completed,2026-07-11T15:50:00+05:30
SALE-000597,SHOP-045,,2026-07-11T12:40:00+05:30,card,346.00,0.00,16.48,346.00,completed,2026-07-11T12:40:00+05:30
SALE-000598,SHOP-045,,2026-07-11T17:40:00+05:30,cash,124.00,0.00,5.90,124.00,completed,2026-07-11T17:40:00+05:30
SALE-000599,SHOP-045,,2026-07-11T16:20:00+05:30,cash,230.00,0.00,13.52,230.00,completed,2026-07-11T16:20:00+05:30
SALE-000600,SHOP-046,CUST-0947,2026-07-11T10:10:00+05:30,upi,622.00,0.00,66.64,622.00,completed,2026-07-11T10:10:00+05:30
SALE-000601,SHOP-046,CUST-0944,2026-07-11T08:30:00+05:30,upi,310.00,0.00,44.11,310.00,completed,2026-07-11T08:30:00+05:30
SALE-000602,SHOP-047,CUST-0963,2026-07-11T19:10:00+05:30,cash,2743.00,0.00,418.42,2743.00,completed,2026-07-11T19:10:00+05:30
SALE-000603,SHOP-047,CUST-0960,2026-07-11T10:50:00+05:30,cash,646.00,0.00,98.54,646.00,completed,2026-07-11T10:50:00+05:30
SALE-000604,SHOP-049,,2026-07-11T14:20:00+05:30,upi,90.00,0.00,4.29,90.00,completed,2026-07-11T14:20:00+05:30
SALE-000605,SHOP-049,CUST-0991,2026-07-11T12:00:00+05:30,cash,165.00,0.00,6.43,165.00,completed,2026-07-11T12:00:00+05:30
SALE-000606,SHOP-050,CUST-1027,2026-07-11T14:00:00+05:30,cash,90.00,0.00,13.73,90.00,completed,2026-07-11T14:00:00+05:30
SALE-000607,SHOP-050,,2026-07-11T14:40:00+05:30,upi,193.00,0.00,21.95,193.00,completed,2026-07-11T14:40:00+05:30
SALE-000608,SHOP-050,CUST-1025,2026-07-11T20:10:00+05:30,credit,71.00,0.00,6.00,71.00,completed,2026-07-11T20:10:00+05:30
SALE-000609,SHOP-001,CUST-0006,2026-07-12T18:20:00+05:30,cash,180.00,0.00,24.51,180.00,completed,2026-07-12T18:20:00+05:30
SALE-000610,SHOP-001,CUST-0016,2026-07-12T15:10:00+05:30,upi,176.00,0.00,8.38,176.00,completed,2026-07-12T15:10:00+05:30
SALE-000611,SHOP-002,,2026-07-12T14:00:00+05:30,upi,1747.00,0.00,320.78,1747.00,completed,2026-07-12T14:00:00+05:30
SALE-000612,SHOP-003,CUST-0054,2026-07-12T12:00:00+05:30,upi,100.00,0.00,10.71,100.00,completed,2026-07-12T12:00:00+05:30
SALE-000613,SHOP-003,,2026-07-12T10:20:00+05:30,cash,60.00,0.00,6.43,60.00,completed,2026-07-12T10:20:00+05:30
SALE-000614,SHOP-004,CUST-0078,2026-07-12T10:50:00+05:30,credit,40.00,0.00,0.00,40.00,completed,2026-07-12T10:50:00+05:30
SALE-000615,SHOP-005,CUST-0094,2026-07-12T16:20:00+05:30,cash,3495.00,0.00,533.14,3495.00,completed,2026-07-12T16:20:00+05:30
SALE-000616,SHOP-006,,2026-07-12T09:30:00+05:30,cash,170.00,0.00,13.34,170.00,completed,2026-07-12T09:30:00+05:30
SALE-000617,SHOP-007,CUST-0134,2026-07-12T10:30:00+05:30,cash,30.00,0.00,0.00,30.00,completed,2026-07-12T10:30:00+05:30
SALE-000618,SHOP-008,CUST-0151,2026-07-12T16:10:00+05:30,credit,3280.00,0.00,717.50,3280.00,completed,2026-07-12T16:10:00+05:30
SALE-000619,SHOP-008,CUST-0152,2026-07-12T15:50:00+05:30,upi,115.00,0.00,17.54,115.00,completed,2026-07-12T15:50:00+05:30
SALE-000620,SHOP-008,,2026-07-12T10:40:00+05:30,cash,2495.00,124.75,361.56,2370.25,completed,2026-07-12T10:40:00+05:30
SALE-000621,SHOP-010,,2026-07-12T14:30:00+05:30,upi,2997.00,0.00,457.17,2997.00,completed,2026-07-12T14:30:00+05:30
SALE-000622,SHOP-011,CUST-0204,2026-07-12T10:00:00+05:30,upi,110.00,0.00,16.78,110.00,completed,2026-07-12T10:00:00+05:30
SALE-000623,SHOP-011,CUST-0203,2026-07-12T18:10:00+05:30,credit,195.00,0.00,12.43,195.00,completed,2026-07-12T18:10:00+05:30
SALE-000624,SHOP-011,CUST-0215,2026-07-12T09:40:00+05:30,credit,344.00,0.00,36.74,344.00,completed,2026-07-12T09:40:00+05:30
SALE-000625,SHOP-013,CUST-0262,2026-07-12T17:40:00+05:30,cash,115.00,0.00,14.82,115.00,completed,2026-07-12T17:40:00+05:30
SALE-000626,SHOP-013,CUST-0265,2026-07-12T13:00:00+05:30,credit,20.00,0.00,2.14,20.00,completed,2026-07-12T13:00:00+05:30
SALE-000627,SHOP-013,,2026-07-12T12:50:00+05:30,upi,471.00,0.00,22.59,471.00,completed,2026-07-12T12:50:00+05:30
SALE-000628,SHOP-014,,2026-07-12T20:00:00+05:30,upi,705.00,0.00,107.54,705.00,completed,2026-07-12T20:00:00+05:30
SALE-000629,SHOP-015,,2026-07-12T15:10:00+05:30,cash,60.00,0.00,9.15,60.00,completed,2026-07-12T15:10:00+05:30
SALE-000630,SHOP-017,CUST-0325,2026-07-12T17:40:00+05:30,upi,660.00,0.00,14.64,660.00,completed,2026-07-12T17:40:00+05:30
SALE-000631,SHOP-017,,2026-07-12T19:00:00+05:30,upi,405.00,0.00,47.62,405.00,completed,2026-07-12T19:00:00+05:30
SALE-000632,SHOP-018,CUST-0358,2026-07-12T17:00:00+05:30,upi,302.00,0.00,3.62,302.00,completed,2026-07-12T17:00:00+05:30
SALE-000633,SHOP-018,CUST-0356,2026-07-12T19:20:00+05:30,cash,190.00,0.00,9.05,190.00,completed,2026-07-12T19:20:00+05:30
SALE-000634,SHOP-018,,2026-07-12T11:10:00+05:30,upi,136.00,0.00,10.05,136.00,completed,2026-07-12T11:10:00+05:30
SALE-000635,SHOP-019,CUST-0380,2026-07-12T17:00:00+05:30,card,390.00,0.00,59.49,390.00,completed,2026-07-12T17:00:00+05:30
SALE-000636,SHOP-020,,2026-07-12T13:30:00+05:30,cash,370.00,0.00,17.62,370.00,completed,2026-07-12T13:30:00+05:30
SALE-000637,SHOP-021,,2026-07-12T17:50:00+05:30,cash,25.00,0.00,3.81,25.00,completed,2026-07-12T17:50:00+05:30
SALE-000638,SHOP-022,CUST-0459,2026-07-12T16:20:00+05:30,upi,1295.00,0.00,197.54,1295.00,completed,2026-07-12T16:20:00+05:30
SALE-000639,SHOP-023,,2026-07-12T16:40:00+05:30,upi,1300.00,65.00,58.81,1235.00,completed,2026-07-12T16:40:00+05:30
SALE-000640,SHOP-023,CUST-0463,2026-07-12T11:20:00+05:30,credit,215.00,0.00,11.13,215.00,completed,2026-07-12T11:20:00+05:30
SALE-000641,SHOP-024,CUST-0489,2026-07-12T11:00:00+05:30,cash,120.00,0.00,12.86,120.00,returned,2026-07-12T11:00:00+05:30
SALE-000642,SHOP-026,CUST-0545,2026-07-12T10:50:00+05:30,cash,180.00,0.00,6.19,180.00,completed,2026-07-12T10:50:00+05:30
SALE-000643,SHOP-026,,2026-07-12T13:10:00+05:30,cash,46.00,0.00,2.19,46.00,completed,2026-07-12T13:10:00+05:30
SALE-000644,SHOP-026,CUST-0539,2026-07-12T20:30:00+05:30,upi,385.00,0.00,21.61,385.00,completed,2026-07-12T20:30:00+05:30
SALE-000645,SHOP-026,CUST-0531,2026-07-12T13:30:00+05:30,upi,92.00,0.00,4.38,92.00,completed,2026-07-12T13:30:00+05:30
SALE-000646,SHOP-027,CUST-0563,2026-07-12T16:30:00+05:30,cash,584.00,0.00,63.66,584.00,completed,2026-07-12T16:30:00+05:30
SALE-000647,SHOP-028,CUST-0580,2026-07-12T13:20:00+05:30,credit,240.00,0.00,18.57,240.00,completed,2026-07-12T13:20:00+05:30
SALE-000648,SHOP-029,CUST-0597,2026-07-12T10:00:00+05:30,cash,696.00,0.00,106.17,696.00,completed,2026-07-12T10:00:00+05:30
SALE-000649,SHOP-030,CUST-0617,2026-07-12T09:10:00+05:30,upi,190.00,0.00,10.24,190.00,completed,2026-07-12T09:10:00+05:30
SALE-000650,SHOP-032,,2026-07-12T17:40:00+05:30,cash,100.00,0.00,7.63,100.00,completed,2026-07-12T17:40:00+05:30
SALE-000651,SHOP-033,,2026-07-12T10:20:00+05:30,cash,604.00,0.00,32.39,604.00,completed,2026-07-12T10:20:00+05:30
SALE-000652,SHOP-033,,2026-07-12T09:50:00+05:30,upi,461.00,0.00,30.51,461.00,completed,2026-07-12T09:50:00+05:30
SALE-000653,SHOP-035,CUST-0706,2026-07-12T11:50:00+05:30,cash,2547.00,0.00,388.53,2547.00,completed,2026-07-12T11:50:00+05:30
SALE-000654,SHOP-036,CUST-0740,2026-07-12T15:30:00+05:30,upi,225.00,0.00,17.01,225.00,completed,2026-07-12T15:30:00+05:30
SALE-000655,SHOP-036,CUST-0748,2026-07-12T08:20:00+05:30,cash,117.00,0.00,8.19,117.00,completed,2026-07-12T08:20:00+05:30
SALE-000656,SHOP-036,CUST-0727,2026-07-12T09:30:00+05:30,cash,361.00,0.00,47.09,361.00,completed,2026-07-12T09:30:00+05:30
SALE-000657,SHOP-037,,2026-07-12T08:20:00+05:30,upi,2680.00,0.00,490.25,2680.00,completed,2026-07-12T08:20:00+05:30
SALE-000658,SHOP-037,CUST-0754,2026-07-12T17:00:00+05:30,credit,400.00,0.00,61.02,400.00,completed,2026-07-12T17:00:00+05:30
SALE-000659,SHOP-038,CUST-0789,2026-07-12T17:40:00+05:30,credit,60.00,0.00,6.43,60.00,completed,2026-07-12T17:40:00+05:30
SALE-000660,SHOP-038,CUST-0783,2026-07-12T19:30:00+05:30,upi,198.00,0.00,5.43,198.00,completed,2026-07-12T19:30:00+05:30
SALE-000661,SHOP-040,CUST-0839,2026-07-12T17:30:00+05:30,upi,45.00,0.00,5.96,45.00,completed,2026-07-12T17:30:00+05:30
SALE-000662,SHOP-040,CUST-0833,2026-07-12T17:30:00+05:30,credit,5.00,0.00,0.54,5.00,completed,2026-07-12T17:30:00+05:30
SALE-000663,SHOP-042,CUST-0869,2026-07-12T08:40:00+05:30,cash,1955.00,0.00,298.22,1955.00,completed,2026-07-12T08:40:00+05:30
SALE-000664,SHOP-044,,2026-07-12T13:50:00+05:30,upi,495.00,0.00,19.29,495.00,completed,2026-07-12T13:50:00+05:30
SALE-000665,SHOP-044,CUST-0897,2026-07-12T20:00:00+05:30,upi,70.00,0.00,0.00,70.00,completed,2026-07-12T20:00:00+05:30
SALE-000666,SHOP-044,CUST-0900,2026-07-12T09:30:00+05:30,upi,68.00,0.00,1.81,68.00,returned,2026-07-12T09:30:00+05:30
SALE-000667,SHOP-045,,2026-07-12T19:40:00+05:30,upi,1365.00,0.00,65.00,1365.00,completed,2026-07-12T19:40:00+05:30
SALE-000668,SHOP-045,,2026-07-12T08:40:00+05:30,upi,4342.00,0.00,204.38,4342.00,completed,2026-07-12T08:40:00+05:30
SALE-000669,SHOP-045,CUST-0927,2026-07-12T09:10:00+05:30,upi,880.00,0.00,41.90,880.00,completed,2026-07-12T09:10:00+05:30
SALE-000670,SHOP-046,CUST-0942,2026-07-12T14:30:00+05:30,card,75.00,0.00,11.44,75.00,completed,2026-07-12T14:30:00+05:30
SALE-000671,SHOP-050,CUST-1030,2026-07-12T19:10:00+05:30,cash,154.00,0.00,16.78,154.00,completed,2026-07-12T19:10:00+05:30
SALE-000672,SHOP-003,CUST-0064,2026-07-13T14:00:00+05:30,credit,45.00,0.00,6.86,45.00,completed,2026-07-13T14:00:00+05:30
SALE-000673,SHOP-005,CUST-0088,2026-07-13T16:20:00+05:30,cash,1695.00,0.00,258.56,1695.00,completed,2026-07-13T16:20:00+05:30
SALE-000674,SHOP-005,CUST-0092,2026-07-13T20:10:00+05:30,upi,1498.00,0.00,228.51,1498.00,completed,2026-07-13T20:10:00+05:30
SALE-000675,SHOP-007,CUST-0143,2026-07-13T19:00:00+05:30,cash,225.00,0.00,9.05,225.00,completed,2026-07-13T19:00:00+05:30
SALE-000676,SHOP-009,CUST-0174,2026-07-13T08:10:00+05:30,upi,147.00,0.00,16.29,147.00,completed,2026-07-13T08:10:00+05:30
SALE-000677,SHOP-011,CUST-0231,2026-07-13T12:40:00+05:30,cash,110.00,0.00,14.06,110.00,completed,2026-07-13T12:40:00+05:30
SALE-000678,SHOP-011,CUST-0217,2026-07-13T10:20:00+05:30,cash,425.00,0.00,10.95,425.00,completed,2026-07-13T10:20:00+05:30
SALE-000679,SHOP-011,CUST-0203,2026-07-13T16:00:00+05:30,upi,120.00,0.00,5.71,120.00,completed,2026-07-13T16:00:00+05:30
SALE-000680,SHOP-011,CUST-0203,2026-07-13T20:50:00+05:30,upi,633.00,0.00,39.38,633.00,completed,2026-07-13T20:50:00+05:30
SALE-000681,SHOP-012,CUST-0246,2026-07-13T08:20:00+05:30,credit,158.00,0.00,6.43,158.00,completed,2026-07-13T08:20:00+05:30
SALE-000682,SHOP-013,CUST-0254,2026-07-13T16:40:00+05:30,credit,118.00,0.00,5.62,118.00,completed,2026-07-13T16:40:00+05:30
SALE-000683,SHOP-013,,2026-07-13T08:20:00+05:30,cash,176.00,0.00,8.38,176.00,completed,2026-07-13T08:20:00+05:30
SALE-000684,SHOP-015,,2026-07-13T09:40:00+05:30,cash,35.00,0.00,5.11,35.00,completed,2026-07-13T09:40:00+05:30
SALE-000685,SHOP-016,CUST-0308,2026-07-13T08:30:00+05:30,credit,1598.00,31.96,238.89,1566.04,completed,2026-07-13T08:30:00+05:30
SALE-000686,SHOP-017,,2026-07-13T20:40:00+05:30,cash,3900.00,0.00,185.71,3900.00,completed,2026-07-13T20:40:00+05:30
SALE-000687,SHOP-018,CUST-0363,2026-07-13T20:10:00+05:30,cash,180.00,0.00,8.57,180.00,completed,2026-07-13T20:10:00+05:30
SALE-000688,SHOP-019,CUST-0392,2026-07-13T18:00:00+05:30,card,1820.00,0.00,277.63,1820.00,completed,2026-07-13T18:00:00+05:30
SALE-000689,SHOP-019,CUST-0391,2026-07-13T09:10:00+05:30,credit,5700.00,0.00,869.49,5700.00,completed,2026-07-13T09:10:00+05:30
SALE-000690,SHOP-019,CUST-0382,2026-07-13T10:20:00+05:30,cash,780.00,0.00,118.98,780.00,completed,2026-07-13T10:20:00+05:30
SALE-000691,SHOP-020,,2026-07-13T12:10:00+05:30,cash,307.00,0.00,19.87,307.00,completed,2026-07-13T12:10:00+05:30
SALE-000692,SHOP-020,,2026-07-13T18:50:00+05:30,cash,960.00,0.00,45.71,960.00,completed,2026-07-13T18:50:00+05:30
SALE-000693,SHOP-020,,2026-07-13T20:40:00+05:30,upi,291.00,0.00,22.72,291.00,completed,2026-07-13T20:40:00+05:30
SALE-000694,SHOP-020,CUST-0417,2026-07-13T19:40:00+05:30,card,263.00,0.00,26.48,263.00,completed,2026-07-13T19:40:00+05:30
SALE-000695,SHOP-021,,2026-07-13T15:20:00+05:30,cash,646.00,12.92,69.43,633.08,completed,2026-07-13T15:20:00+05:30
SALE-000696,SHOP-023,CUST-0460,2026-07-13T10:10:00+05:30,cash,268.00,0.00,20.74,268.00,completed,2026-07-13T10:10:00+05:30
SALE-000697,SHOP-023,CUST-0462,2026-07-13T18:40:00+05:30,credit,540.00,0.00,28.39,540.00,completed,2026-07-13T18:40:00+05:30
SALE-000698,SHOP-023,CUST-0465,2026-07-13T15:50:00+05:30,upi,215.00,0.00,24.40,215.00,completed,2026-07-13T15:50:00+05:30
SALE-000699,SHOP-024,CUST-0496,2026-07-13T14:00:00+05:30,upi,38.00,0.00,1.81,38.00,completed,2026-07-13T14:00:00+05:30
SALE-000700,SHOP-024,CUST-0485,2026-07-13T19:40:00+05:30,cash,169.00,0.00,5.90,169.00,completed,2026-07-13T19:40:00+05:30
SALE-000701,SHOP-025,CUST-0514,2026-07-13T19:50:00+05:30,upi,2088.00,0.00,318.51,2088.00,completed,2026-07-13T19:50:00+05:30
SALE-000702,SHOP-026,CUST-0543,2026-07-13T15:00:00+05:30,credit,295.00,0.00,14.05,295.00,completed,2026-07-13T15:00:00+05:30
SALE-000703,SHOP-026,CUST-0530,2026-07-13T20:10:00+05:30,credit,190.00,0.00,9.05,190.00,completed,2026-07-13T20:10:00+05:30
SALE-000704,SHOP-026,,2026-07-13T20:10:00+05:30,card,96.00,0.00,9.82,96.00,completed,2026-07-13T20:10:00+05:30
SALE-000705,SHOP-027,CUST-0551,2026-07-13T20:40:00+05:30,card,170.00,0.00,21.39,170.00,completed,2026-07-13T20:40:00+05:30
SALE-000706,SHOP-027,CUST-0568,2026-07-13T09:20:00+05:30,upi,10.00,0.00,1.07,10.00,returned,2026-07-13T09:20:00+05:30
SALE-000707,SHOP-028,CUST-0594,2026-07-13T14:00:00+05:30,cash,493.00,0.00,21.81,493.00,completed,2026-07-13T14:00:00+05:30
SALE-000708,SHOP-030,CUST-0620,2026-07-13T08:10:00+05:30,credit,1641.00,0.00,88.11,1641.00,completed,2026-07-13T08:10:00+05:30
SALE-000709,SHOP-030,,2026-07-13T19:30:00+05:30,upi,265.00,0.00,15.24,265.00,completed,2026-07-13T19:30:00+05:30
SALE-000710,SHOP-032,CUST-0663,2026-07-13T09:20:00+05:30,upi,110.00,0.00,12.92,110.00,completed,2026-07-13T09:20:00+05:30
SALE-000711,SHOP-032,CUST-0653,2026-07-13T14:50:00+05:30,upi,225.00,0.00,4.58,225.00,completed,2026-07-13T14:50:00+05:30
SALE-000712,SHOP-033,CUST-0687,2026-07-13T16:30:00+05:30,credit,224.00,0.00,15.91,224.00,completed,2026-07-13T16:30:00+05:30
SALE-000713,SHOP-033,CUST-0672,2026-07-13T09:40:00+05:30,cash,174.00,0.00,11.86,174.00,completed,2026-07-13T09:40:00+05:30
SALE-000714,SHOP-034,,2026-07-13T08:20:00+05:30,upi,90.00,0.00,13.73,90.00,completed,2026-07-13T08:20:00+05:30
SALE-000715,SHOP-035,,2026-07-13T20:30:00+05:30,upi,1198.00,0.00,182.75,1198.00,completed,2026-07-13T20:30:00+05:30
SALE-000716,SHOP-035,CUST-0715,2026-07-13T13:20:00+05:30,upi,3897.00,0.00,594.46,3897.00,completed,2026-07-13T13:20:00+05:30
SALE-000717,SHOP-037,CUST-0754,2026-07-13T14:50:00+05:30,credit,77.00,0.00,11.75,77.00,completed,2026-07-13T14:50:00+05:30
SALE-000718,SHOP-037,,2026-07-13T12:20:00+05:30,cash,3110.00,0.00,474.41,3110.00,completed,2026-07-13T12:20:00+05:30
SALE-000719,SHOP-037,CUST-0761,2026-07-13T11:10:00+05:30,credit,1359.00,0.00,207.31,1359.00,completed,2026-07-13T11:10:00+05:30
SALE-000720,SHOP-039,CUST-0802,2026-07-13T12:00:00+05:30,cash,88.00,0.00,13.42,88.00,completed,2026-07-13T12:00:00+05:30
SALE-000721,SHOP-039,CUST-0810,2026-07-13T10:10:00+05:30,upi,165.00,0.00,8.75,165.00,completed,2026-07-13T10:10:00+05:30
SALE-000722,SHOP-040,,2026-07-13T14:10:00+05:30,upi,105.00,0.00,15.34,105.00,completed,2026-07-13T14:10:00+05:30
SALE-000723,SHOP-041,CUST-0841,2026-07-13T16:20:00+05:30,cash,349.00,0.00,53.24,349.00,completed,2026-07-13T16:20:00+05:30
SALE-000724,SHOP-042,,2026-07-13T15:40:00+05:30,cash,198.00,0.00,30.20,198.00,completed,2026-07-13T15:40:00+05:30
SALE-000725,SHOP-043,,2026-07-13T17:20:00+05:30,cash,440.00,0.00,20.95,440.00,returned,2026-07-13T17:20:00+05:30
SALE-000726,SHOP-043,CUST-0872,2026-07-13T18:30:00+05:30,upi,455.00,0.00,12.38,455.00,completed,2026-07-13T18:30:00+05:30
SALE-000727,SHOP-044,CUST-0908,2026-07-13T17:50:00+05:30,credit,96.00,0.00,4.57,96.00,completed,2026-07-13T17:50:00+05:30
SALE-000728,SHOP-046,CUST-0945,2026-07-13T20:20:00+05:30,credit,350.00,0.00,42.95,350.00,completed,2026-07-13T20:20:00+05:30
SALE-000729,SHOP-047,CUST-0967,2026-07-13T09:00:00+05:30,upi,2046.00,0.00,312.10,2046.00,completed,2026-07-13T09:00:00+05:30
SALE-000730,SHOP-048,CUST-0980,2026-07-13T11:50:00+05:30,credit,1158.00,0.00,176.64,1158.00,completed,2026-07-13T11:50:00+05:30
SALE-000731,SHOP-049,CUST-0987,2026-07-13T18:10:00+05:30,upi,90.00,0.00,0.00,90.00,completed,2026-07-13T18:10:00+05:30
SALE-000732,SHOP-050,,2026-07-13T08:30:00+05:30,upi,248.00,0.00,22.52,248.00,returned,2026-07-13T08:30:00+05:30
SALE-000733,SHOP-050,CUST-1032,2026-07-13T17:10:00+05:30,credit,50.00,0.00,0.00,50.00,completed,2026-07-13T17:10:00+05:30
SALE-000734,SHOP-001,,2026-07-14T20:40:00+05:30,upi,245.00,0.00,11.67,245.00,completed,2026-07-14T20:40:00+05:30
SALE-000735,SHOP-002,CUST-0045,2026-07-14T16:50:00+05:30,card,420.00,0.00,64.07,420.00,completed,2026-07-14T16:50:00+05:30
SALE-000736,SHOP-003,,2026-07-14T13:30:00+05:30,cash,515.00,0.00,77.88,515.00,completed,2026-07-14T13:30:00+05:30
SALE-000737,SHOP-004,CUST-0080,2026-07-14T16:50:00+05:30,credit,874.00,17.48,73.27,856.52,completed,2026-07-14T16:50:00+05:30
SALE-000738,SHOP-004,CUST-0080,2026-07-14T09:50:00+05:30,credit,40.00,0.00,0.00,40.00,completed,2026-07-14T09:50:00+05:30
SALE-000739,SHOP-005,,2026-07-14T16:00:00+05:30,cash,1998.00,0.00,304.78,1998.00,completed,2026-07-14T16:00:00+05:30
SALE-000740,SHOP-006,CUST-0104,2026-07-14T08:00:00+05:30,credit,105.00,0.00,16.02,105.00,completed,2026-07-14T08:00:00+05:30
SALE-000741,SHOP-007,CUST-0129,2026-07-14T17:50:00+05:30,upi,90.00,0.00,0.00,90.00,completed,2026-07-14T17:50:00+05:30
SALE-000742,SHOP-007,,2026-07-14T19:10:00+05:30,cash,193.00,0.00,4.52,193.00,completed,2026-07-14T19:10:00+05:30
SALE-000743,SHOP-008,CUST-0166,2026-07-14T20:40:00+05:30,credit,12.00,0.00,1.83,12.00,completed,2026-07-14T20:40:00+05:30
SALE-000744,SHOP-009,CUST-0189,2026-07-14T20:00:00+05:30,cash,370.00,0.00,56.44,370.00,completed,2026-07-14T20:00:00+05:30
SALE-000745,SHOP-011,CUST-0229,2026-07-14T18:30:00+05:30,credit,450.00,0.00,21.43,450.00,completed,2026-07-14T18:30:00+05:30
SALE-000746,SHOP-011,CUST-0205,2026-07-14T19:00:00+05:30,cash,3900.00,0.00,185.71,3900.00,completed,2026-07-14T19:00:00+05:30
SALE-000747,SHOP-011,,2026-07-14T16:20:00+05:30,upi,195.00,0.00,0.00,195.00,completed,2026-07-14T16:20:00+05:30
SALE-000748,SHOP-011,CUST-0222,2026-07-14T20:10:00+05:30,upi,227.00,0.00,11.70,227.00,completed,2026-07-14T20:10:00+05:30
SALE-000749,SHOP-012,CUST-0239,2026-07-14T16:30:00+05:30,upi,430.00,0.00,45.76,430.00,completed,2026-07-14T16:30:00+05:30
SALE-000750,SHOP-013,CUST-0264,2026-07-14T14:00:00+05:30,cash,542.00,0.00,27.60,542.00,completed,2026-07-14T14:00:00+05:30
SALE-000751,SHOP-013,,2026-07-14T19:20:00+05:30,cash,165.00,0.00,7.86,165.00,completed,2026-07-14T19:20:00+05:30
SALE-000752,SHOP-013,CUST-0268,2026-07-14T17:20:00+05:30,credit,230.00,0.00,24.59,230.00,completed,2026-07-14T17:20:00+05:30
SALE-000753,SHOP-014,CUST-0289,2026-07-14T09:50:00+05:30,cash,470.00,0.00,71.69,470.00,completed,2026-07-14T09:50:00+05:30
SALE-000754,SHOP-015,CUST-0305,2026-07-14T18:40:00+05:30,upi,150.00,0.00,16.07,150.00,completed,2026-07-14T18:40:00+05:30
SALE-000755,SHOP-016,CUST-0310,2026-07-14T15:00:00+05:30,cash,1496.00,0.00,228.20,1496.00,completed,2026-07-14T15:00:00+05:30
SALE-000756,SHOP-016,,2026-07-14T13:50:00+05:30,upi,498.00,0.00,75.97,498.00,completed,2026-07-14T13:50:00+05:30
SALE-000757,SHOP-017,CUST-0347,2026-07-14T09:50:00+05:30,credit,510.00,0.00,46.32,510.00,completed,2026-07-14T09:50:00+05:30
SALE-000758,SHOP-018,CUST-0354,2026-07-14T16:40:00+05:30,card,85.00,0.00,7.63,85.00,completed,2026-07-14T16:40:00+05:30
SALE-000759,SHOP-019,CUST-0375,2026-07-14T15:10:00+05:30,credit,260.00,0.00,39.66,260.00,completed,2026-07-14T15:10:00+05:30
SALE-000760,SHOP-020,CUST-0427,2026-07-14T16:50:00+05:30,upi,368.00,0.00,40.40,368.00,completed,2026-07-14T16:50:00+05:30
SALE-000761,SHOP-024,CUST-0486,2026-07-14T08:30:00+05:30,cash,211.00,0.00,8.38,211.00,completed,2026-07-14T08:30:00+05:30
SALE-000762,SHOP-026,,2026-07-14T17:40:00+05:30,cash,138.00,0.00,9.61,138.00,completed,2026-07-14T17:40:00+05:30
SALE-000763,SHOP-027,CUST-0563,2026-07-14T19:00:00+05:30,cash,170.00,0.00,21.39,170.00,completed,2026-07-14T19:00:00+05:30
SALE-000764,SHOP-027,,2026-07-14T08:20:00+05:30,upi,370.00,0.00,53.90,370.00,completed,2026-07-14T08:20:00+05:30
SALE-000765,SHOP-028,,2026-07-14T20:50:00+05:30,cash,111.00,0.00,3.62,111.00,completed,2026-07-14T20:50:00+05:30
SALE-000766,SHOP-028,CUST-0578,2026-07-14T12:40:00+05:30,cash,190.00,0.00,21.44,190.00,completed,2026-07-14T12:40:00+05:30
SALE-000767,SHOP-028,CUST-0593,2026-07-14T12:40:00+05:30,card,295.00,0.00,15.54,295.00,completed,2026-07-14T12:40:00+05:30
SALE-000768,SHOP-028,CUST-0587,2026-07-14T20:50:00+05:30,upi,220.00,0.00,10.48,220.00,completed,2026-07-14T20:50:00+05:30
SALE-000769,SHOP-032,CUST-0656,2026-07-14T17:10:00+05:30,cash,300.00,0.00,14.29,300.00,completed,2026-07-14T17:10:00+05:30
SALE-000770,SHOP-032,,2026-07-14T20:20:00+05:30,upi,30.00,0.00,3.21,30.00,completed,2026-07-14T20:20:00+05:30
SALE-000771,SHOP-033,,2026-07-14T18:00:00+05:30,cash,312.00,0.00,15.76,312.00,completed,2026-07-14T18:00:00+05:30
SALE-000772,SHOP-034,CUST-0701,2026-07-14T17:20:00+05:30,cash,60.00,0.00,6.43,60.00,completed,2026-07-14T17:20:00+05:30
SALE-000773,SHOP-035,,2026-07-14T18:10:00+05:30,upi,199.00,0.00,30.36,199.00,completed,2026-07-14T18:10:00+05:30
SALE-000774,SHOP-036,CUST-0726,2026-07-14T08:00:00+05:30,upi,270.00,0.00,12.86,270.00,completed,2026-07-14T08:00:00+05:30
SALE-000775,SHOP-036,CUST-0735,2026-07-14T13:50:00+05:30,upi,25.00,0.00,3.81,25.00,completed,2026-07-14T13:50:00+05:30
SALE-000776,SHOP-036,,2026-07-14T15:50:00+05:30,cash,301.00,0.00,15.23,301.00,completed,2026-07-14T15:50:00+05:30
SALE-000777,SHOP-037,CUST-0761,2026-07-14T20:50:00+05:30,credit,2947.00,0.00,449.54,2947.00,completed,2026-07-14T20:50:00+05:30
SALE-000778,SHOP-037,CUST-0772,2026-07-14T09:00:00+05:30,upi,810.00,0.00,150.70,810.00,completed,2026-07-14T09:00:00+05:30
SALE-000779,SHOP-037,CUST-0770,2026-07-14T13:20:00+05:30,upi,540.00,0.00,82.37,540.00,completed,2026-07-14T13:20:00+05:30
SALE-000780,SHOP-038,,2026-07-14T15:40:00+05:30,cash,375.00,0.00,36.43,375.00,completed,2026-07-14T15:40:00+05:30
SALE-000781,SHOP-039,CUST-0807,2026-07-14T15:20:00+05:30,upi,240.00,0.00,11.43,240.00,completed,2026-07-14T15:20:00+05:30
SALE-000782,SHOP-039,CUST-0812,2026-07-14T19:10:00+05:30,cash,390.00,0.00,0.00,390.00,completed,2026-07-14T19:10:00+05:30
SALE-000783,SHOP-039,,2026-07-14T15:30:00+05:30,cash,148.00,0.00,16.87,148.00,completed,2026-07-14T15:30:00+05:30
SALE-000784,SHOP-040,CUST-0815,2026-07-14T11:30:00+05:30,credit,60.00,0.00,6.43,60.00,completed,2026-07-14T11:30:00+05:30
SALE-000785,SHOP-041,CUST-0841,2026-07-14T19:10:00+05:30,cash,596.00,0.00,90.92,596.00,completed,2026-07-14T19:10:00+05:30
SALE-000786,SHOP-042,,2026-07-14T18:30:00+05:30,upi,410.00,0.00,89.69,410.00,completed,2026-07-14T18:30:00+05:30
SALE-000787,SHOP-043,CUST-0889,2026-07-14T20:10:00+05:30,credit,166.00,0.00,20.50,166.00,completed,2026-07-14T20:10:00+05:30
SALE-000788,SHOP-044,,2026-07-14T19:40:00+05:30,cash,275.00,0.00,16.96,275.00,completed,2026-07-14T19:40:00+05:30
SALE-000789,SHOP-045,CUST-0919,2026-07-14T16:10:00+05:30,credit,325.00,0.00,45.38,325.00,completed,2026-07-14T16:10:00+05:30
SALE-000790,SHOP-045,CUST-0926,2026-07-14T09:00:00+05:30,upi,135.00,0.00,16.40,135.00,completed,2026-07-14T09:00:00+05:30
SALE-000791,SHOP-046,,2026-07-14T19:50:00+05:30,upi,475.00,0.00,57.02,475.00,completed,2026-07-14T19:50:00+05:30
SALE-000792,SHOP-047,,2026-07-14T16:30:00+05:30,cash,2346.00,0.00,357.86,2346.00,completed,2026-07-14T16:30:00+05:30
SALE-000793,SHOP-047,CUST-0962,2026-07-14T15:50:00+05:30,upi,497.00,0.00,75.81,497.00,completed,2026-07-14T15:50:00+05:30
SALE-000794,SHOP-050,CUST-1031,2026-07-14T12:00:00+05:30,upi,1245.00,0.00,65.42,1245.00,completed,2026-07-14T12:00:00+05:30
SALE-000795,SHOP-050,,2026-07-14T17:20:00+05:30,upi,345.00,0.00,16.43,345.00,completed,2026-07-14T17:20:00+05:30
SALE-000796,SHOP-001,CUST-0005,2026-07-15T10:50:00+05:30,cash,90.00,0.00,4.29,90.00,completed,2026-07-15T10:50:00+05:30
SALE-000797,SHOP-003,CUST-0059,2026-07-15T08:20:00+05:30,cash,100.00,0.00,12.98,100.00,completed,2026-07-15T08:20:00+05:30
SALE-000798,SHOP-004,CUST-0077,2026-07-15T08:50:00+05:30,credit,118.00,0.00,0.00,118.00,completed,2026-07-15T08:50:00+05:30
SALE-000799,SHOP-004,CUST-0085,2026-07-15T12:30:00+05:30,credit,45.00,0.00,0.00,45.00,completed,2026-07-15T12:30:00+05:30
SALE-000800,SHOP-006,CUST-0101,2026-07-15T14:30:00+05:30,cash,112.00,0.00,6.52,112.00,completed,2026-07-15T14:30:00+05:30
SALE-000801,SHOP-007,,2026-07-15T14:30:00+05:30,card,420.00,0.00,36.43,420.00,completed,2026-07-15T14:30:00+05:30
SALE-000802,SHOP-009,CUST-0187,2026-07-15T20:20:00+05:30,upi,74.00,0.00,9.02,74.00,completed,2026-07-15T20:20:00+05:30
SALE-000803,SHOP-010,CUST-0194,2026-07-15T10:30:00+05:30,credit,1894.00,0.00,288.92,1894.00,completed,2026-07-15T10:30:00+05:30
SALE-000804,SHOP-011,CUST-0207,2026-07-15T19:20:00+05:30,cash,1010.00,0.00,48.10,1010.00,completed,2026-07-15T19:20:00+05:30
SALE-000805,SHOP-012,,2026-07-15T14:10:00+05:30,upi,254.00,0.00,5.12,254.00,completed,2026-07-15T14:10:00+05:30
SALE-000806,SHOP-012,CUST-0244,2026-07-15T14:20:00+05:30,upi,450.00,0.00,45.76,450.00,completed,2026-07-15T14:20:00+05:30
SALE-000807,SHOP-013,,2026-07-15T13:40:00+05:30,upi,230.00,0.00,1.67,230.00,completed,2026-07-15T13:40:00+05:30
SALE-000808,SHOP-016,,2026-07-15T19:40:00+05:30,upi,1696.00,0.00,258.71,1696.00,completed,2026-07-15T19:40:00+05:30
SALE-000809,SHOP-017,CUST-0345,2026-07-15T17:30:00+05:30,credit,295.00,0.00,36.50,295.00,completed,2026-07-15T17:30:00+05:30
SALE-000810,SHOP-017,,2026-07-15T20:00:00+05:30,cash,450.00,0.00,21.43,450.00,completed,2026-07-15T20:00:00+05:30
SALE-000811,SHOP-017,CUST-0351,2026-07-15T08:40:00+05:30,cash,265.00,0.00,12.62,265.00,completed,2026-07-15T08:40:00+05:30
SALE-000812,SHOP-018,,2026-07-15T13:20:00+05:30,upi,90.00,0.00,7.63,90.00,completed,2026-07-15T13:20:00+05:30
SALE-000813,SHOP-018,CUST-0365,2026-07-15T10:10:00+05:30,upi,125.00,0.00,13.73,125.00,completed,2026-07-15T10:10:00+05:30
SALE-000814,SHOP-018,CUST-0371,2026-07-15T08:50:00+05:30,cash,76.00,0.00,3.62,76.00,completed,2026-07-15T08:50:00+05:30
SALE-000815,SHOP-019,CUST-0378,2026-07-15T14:10:00+05:30,cash,1770.00,0.00,270.00,1770.00,completed,2026-07-15T14:10:00+05:30
SALE-000816,SHOP-019,,2026-07-15T18:50:00+05:30,cash,85.00,0.00,12.97,85.00,completed,2026-07-15T18:50:00+05:30
SALE-000817,SHOP-019,,2026-07-15T16:30:00+05:30,upi,1780.00,89.00,257.95,1691.00,completed,2026-07-15T16:30:00+05:30
SALE-000818,SHOP-020,CUST-0404,2026-07-15T16:30:00+05:30,cash,347.00,0.00,49.57,347.00,completed,2026-07-15T16:30:00+05:30
SALE-000819,SHOP-020,CUST-0425,2026-07-15T19:10:00+05:30,cash,586.00,0.00,37.35,586.00,completed,2026-07-15T19:10:00+05:30
SALE-000820,SHOP-021,CUST-0441,2026-07-15T12:00:00+05:30,cash,145.00,0.00,17.58,145.00,completed,2026-07-15T12:00:00+05:30
SALE-000821,SHOP-023,CUST-0471,2026-07-15T19:10:00+05:30,upi,152.00,0.00,7.24,152.00,completed,2026-07-15T19:10:00+05:30
SALE-000822,SHOP-023,CUST-0465,2026-07-15T11:40:00+05:30,cash,270.00,0.00,23.87,270.00,completed,2026-07-15T11:40:00+05:30
SALE-000823,SHOP-023,,2026-07-15T16:50:00+05:30,upi,35.00,0.00,1.67,35.00,completed,2026-07-15T16:50:00+05:30
SALE-000824,SHOP-024,,2026-07-15T13:50:00+05:30,upi,56.00,0.00,0.00,56.00,completed,2026-07-15T13:50:00+05:30
SALE-000825,SHOP-026,,2026-07-15T18:50:00+05:30,upi,480.00,0.00,22.86,480.00,completed,2026-07-15T18:50:00+05:30
SALE-000826,SHOP-026,CUST-0527,2026-07-15T15:10:00+05:30,upi,300.00,0.00,14.29,300.00,completed,2026-07-15T15:10:00+05:30
SALE-000827,SHOP-026,,2026-07-15T08:20:00+05:30,upi,190.00,0.00,28.98,190.00,completed,2026-07-15T08:20:00+05:30
SALE-000828,SHOP-027,,2026-07-15T16:20:00+05:30,cash,100.00,0.00,10.71,100.00,completed,2026-07-15T16:20:00+05:30
SALE-000829,SHOP-028,,2026-07-15T20:10:00+05:30,upi,151.00,0.00,2.86,151.00,completed,2026-07-15T20:10:00+05:30
SALE-000830,SHOP-030,CUST-0621,2026-07-15T20:20:00+05:30,upi,590.00,0.00,87.28,590.00,returned,2026-07-15T20:20:00+05:30
SALE-000831,SHOP-031,CUST-0635,2026-07-15T10:10:00+05:30,card,309.00,0.00,47.14,309.00,completed,2026-07-15T10:10:00+05:30
SALE-000832,SHOP-032,CUST-0648,2026-07-15T18:10:00+05:30,cash,1023.00,0.00,20.86,1023.00,completed,2026-07-15T18:10:00+05:30
SALE-000833,SHOP-032,CUST-0656,2026-07-15T18:00:00+05:30,cash,340.00,0.00,16.19,340.00,completed,2026-07-15T18:00:00+05:30
SALE-000834,SHOP-032,,2026-07-15T15:10:00+05:30,upi,330.00,0.00,50.34,330.00,completed,2026-07-15T15:10:00+05:30
SALE-000835,SHOP-033,CUST-0682,2026-07-15T13:10:00+05:30,upi,876.00,0.00,115.12,876.00,completed,2026-07-15T13:10:00+05:30
SALE-000836,SHOP-033,CUST-0672,2026-07-15T08:40:00+05:30,cash,20.00,0.00,0.95,20.00,completed,2026-07-15T08:40:00+05:30
SALE-000837,SHOP-033,,2026-07-15T15:00:00+05:30,cash,410.00,0.00,31.45,410.00,completed,2026-07-15T15:00:00+05:30
SALE-000838,SHOP-036,CUST-0743,2026-07-15T13:30:00+05:30,upi,4380.00,0.00,208.57,4380.00,completed,2026-07-15T13:30:00+05:30
SALE-000839,SHOP-036,CUST-0736,2026-07-15T10:30:00+05:30,credit,120.00,0.00,5.71,120.00,completed,2026-07-15T10:30:00+05:30
SALE-000840,SHOP-039,CUST-0814,2026-07-15T11:00:00+05:30,upi,870.00,0.00,44.58,870.00,completed,2026-07-15T11:00:00+05:30
SALE-000841,SHOP-040,CUST-0834,2026-07-15T20:00:00+05:30,cash,150.00,0.00,16.07,150.00,completed,2026-07-15T20:00:00+05:30
SALE-000842,SHOP-040,CUST-0825,2026-07-15T18:50:00+05:30,upi,390.00,0.00,59.49,390.00,completed,2026-07-15T18:50:00+05:30
SALE-000843,SHOP-042,CUST-0858,2026-07-15T17:50:00+05:30,upi,75.00,0.00,11.44,75.00,completed,2026-07-15T17:50:00+05:30
SALE-000844,SHOP-043,CUST-0875,2026-07-15T15:20:00+05:30,card,485.00,0.00,45.13,485.00,completed,2026-07-15T15:20:00+05:30
SALE-000845,SHOP-045,CUST-0936,2026-07-15T09:30:00+05:30,credit,110.00,0.00,9.15,110.00,completed,2026-07-15T09:30:00+05:30
SALE-000846,SHOP-045,,2026-07-15T08:00:00+05:30,upi,225.00,0.00,20.68,225.00,completed,2026-07-15T08:00:00+05:30
SALE-000847,SHOP-046,CUST-0938,2026-07-15T18:40:00+05:30,credit,130.00,0.00,17.56,130.00,completed,2026-07-15T18:40:00+05:30
SALE-000848,SHOP-047,CUST-0960,2026-07-15T08:10:00+05:30,upi,398.00,0.00,60.71,398.00,completed,2026-07-15T08:10:00+05:30
SALE-000849,SHOP-048,CUST-0978,2026-07-15T12:30:00+05:30,credit,2140.00,0.00,326.44,2140.00,completed,2026-07-15T12:30:00+05:30
SALE-000850,SHOP-049,,2026-07-15T12:40:00+05:30,upi,115.00,0.00,5.48,115.00,completed,2026-07-15T12:40:00+05:30
SALE-000851,SHOP-050,CUST-1029,2026-07-15T12:00:00+05:30,upi,306.00,0.00,14.57,306.00,completed,2026-07-15T12:00:00+05:30
SALE-000852,SHOP-050,CUST-1028,2026-07-15T17:50:00+05:30,upi,706.00,0.00,35.40,706.00,completed,2026-07-15T17:50:00+05:30
SALE-000853,SHOP-050,,2026-07-15T20:40:00+05:30,card,136.00,0.00,12.25,136.00,completed,2026-07-15T20:40:00+05:30
SALE-000854,SHOP-050,CUST-1008,2026-07-15T14:20:00+05:30,cash,350.00,0.00,21.91,350.00,completed,2026-07-15T14:20:00+05:30
SALE-000855,SHOP-001,,2026-07-16T09:20:00+05:30,cash,180.00,0.00,27.46,180.00,returned,2026-07-16T09:20:00+05:30
SALE-000856,SHOP-001,,2026-07-16T16:20:00+05:30,upi,261.00,0.00,11.24,261.00,completed,2026-07-16T16:20:00+05:30
SALE-000857,SHOP-001,CUST-0007,2026-07-16T11:20:00+05:30,upi,630.00,12.60,48.94,617.40,completed,2026-07-16T11:20:00+05:30
SALE-000858,SHOP-002,CUST-0029,2026-07-16T16:50:00+05:30,upi,360.00,0.00,54.92,360.00,completed,2026-07-16T16:50:00+05:30
SALE-000859,SHOP-003,,2026-07-16T10:40:00+05:30,upi,439.00,0.00,49.49,439.00,completed,2026-07-16T10:40:00+05:30
SALE-000860,SHOP-004,,2026-07-16T18:30:00+05:30,cash,135.00,0.00,0.00,135.00,completed,2026-07-16T18:30:00+05:30
SALE-000861,SHOP-004,CUST-0075,2026-07-16T12:10:00+05:30,card,40.00,0.00,0.00,40.00,completed,2026-07-16T12:10:00+05:30
SALE-000862,SHOP-004,,2026-07-16T13:00:00+05:30,upi,70.00,0.00,0.00,70.00,completed,2026-07-16T13:00:00+05:30
SALE-000863,SHOP-005,CUST-0088,2026-07-16T10:40:00+05:30,cash,1398.00,0.00,213.25,1398.00,completed,2026-07-16T10:40:00+05:30
SALE-000864,SHOP-006,CUST-0104,2026-07-16T12:30:00+05:30,credit,440.00,0.00,20.95,440.00,completed,2026-07-16T12:30:00+05:30
SALE-000865,SHOP-006,CUST-0103,2026-07-16T13:10:00+05:30,upi,2880.00,0.00,137.14,2880.00,completed,2026-07-16T13:10:00+05:30
SALE-000866,SHOP-007,CUST-0132,2026-07-16T19:40:00+05:30,upi,28.00,0.00,0.00,28.00,completed,2026-07-16T19:40:00+05:30
SALE-000867,SHOP-008,CUST-0146,2026-07-16T09:40:00+05:30,credit,285.00,0.00,43.47,285.00,completed,2026-07-16T09:40:00+05:30
SALE-000868,SHOP-008,,2026-07-16T20:10:00+05:30,cash,1230.00,0.00,269.06,1230.00,completed,2026-07-16T20:10:00+05:30
SALE-000869,SHOP-010,,2026-07-16T18:50:00+05:30,upi,746.00,0.00,113.80,746.00,completed,2026-07-16T18:50:00+05:30
SALE-000870,SHOP-011,CUST-0228,2026-07-16T15:10:00+05:30,upi,308.00,0.00,14.67,308.00,completed,2026-07-16T15:10:00+05:30
SALE-000871,SHOP-011,,2026-07-16T17:00:00+05:30,cash,165.00,0.00,8.75,165.00,completed,2026-07-16T17:00:00+05:30
SALE-000872,SHOP-011,,2026-07-16T19:10:00+05:30,cash,796.00,0.00,45.88,796.00,returned,2026-07-16T19:10:00+05:30
SALE-000873,SHOP-012,CUST-0245,2026-07-16T08:00:00+05:30,credit,25.00,0.00,3.81,25.00,completed,2026-07-16T08:00:00+05:30
SALE-000874,SHOP-014,CUST-0292,2026-07-16T08:30:00+05:30,upi,240.00,0.00,36.61,240.00,completed,2026-07-16T08:30:00+05:30
SALE-000875,SHOP-014,CUST-0274,2026-07-16T20:00:00+05:30,upi,331.00,0.00,50.49,331.00,completed,2026-07-16T20:00:00+05:30
SALE-000876,SHOP-016,CUST-0316,2026-07-16T14:10:00+05:30,cash,348.00,0.00,53.08,348.00,completed,2026-07-16T14:10:00+05:30
SALE-000877,SHOP-017,CUST-0343,2026-07-16T11:10:00+05:30,upi,1420.00,0.00,70.24,1420.00,completed,2026-07-16T11:10:00+05:30
SALE-000878,SHOP-017,,2026-07-16T16:30:00+05:30,upi,50.00,0.00,3.81,50.00,completed,2026-07-16T16:30:00+05:30
SALE-000879,SHOP-018,CUST-0367,2026-07-16T17:50:00+05:30,upi,25.00,0.00,3.81,25.00,completed,2026-07-16T17:50:00+05:30
SALE-000880,SHOP-019,CUST-0397,2026-07-16T14:30:00+05:30,upi,280.00,0.00,42.71,280.00,completed,2026-07-16T14:30:00+05:30
SALE-000881,SHOP-020,,2026-07-16T10:10:00+05:30,cash,292.00,0.00,13.90,292.00,completed,2026-07-16T10:10:00+05:30
SALE-000882,SHOP-020,,2026-07-16T17:10:00+05:30,cash,490.00,0.00,33.30,490.00,completed,2026-07-16T17:10:00+05:30
SALE-000883,SHOP-020,CUST-0409,2026-07-16T20:30:00+05:30,upi,195.00,0.00,10.18,195.00,completed,2026-07-16T20:30:00+05:30
SALE-000884,SHOP-020,CUST-0402,2026-07-16T20:10:00+05:30,cash,121.00,0.00,3.38,121.00,completed,2026-07-16T20:10:00+05:30
SALE-000885,SHOP-021,,2026-07-16T18:40:00+05:30,cash,275.00,0.00,29.46,275.00,completed,2026-07-16T18:40:00+05:30
SALE-000886,SHOP-021,CUST-0434,2026-07-16T20:00:00+05:30,upi,10.00,0.00,1.07,10.00,completed,2026-07-16T20:00:00+05:30
SALE-000887,SHOP-024,,2026-07-16T10:30:00+05:30,cash,140.00,0.00,0.95,140.00,completed,2026-07-16T10:30:00+05:30
SALE-000888,SHOP-025,CUST-0500,2026-07-16T12:40:00+05:30,upi,99.00,0.00,15.10,99.00,completed,2026-07-16T12:40:00+05:30
SALE-000889,SHOP-026,,2026-07-16T16:20:00+05:30,upi,3156.00,0.00,177.15,3156.00,completed,2026-07-16T16:20:00+05:30
SALE-000890,SHOP-026,,2026-07-16T19:00:00+05:30,cash,168.00,0.00,9.79,168.00,completed,2026-07-16T19:00:00+05:30
SALE-000891,SHOP-027,CUST-0555,2026-07-16T20:10:00+05:30,upi,75.00,0.00,11.44,75.00,completed,2026-07-16T20:10:00+05:30
SALE-000892,SHOP-028,CUST-0572,2026-07-16T09:20:00+05:30,credit,190.00,0.00,9.05,190.00,completed,2026-07-16T09:20:00+05:30
SALE-000893,SHOP-029,,2026-07-16T19:40:00+05:30,card,4192.00,0.00,639.46,4192.00,completed,2026-07-16T19:40:00+05:30
SALE-000894,SHOP-029,CUST-0597,2026-07-16T19:10:00+05:30,cash,796.00,39.80,115.35,756.20,completed,2026-07-16T19:10:00+05:30
SALE-000895,SHOP-030,,2026-07-16T16:10:00+05:30,upi,745.00,0.00,38.62,745.00,completed,2026-07-16T16:10:00+05:30
SALE-000896,SHOP-031,,2026-07-16T15:30:00+05:30,upi,1058.00,0.00,215.68,1058.00,completed,2026-07-16T15:30:00+05:30
SALE-000897,SHOP-032,,2026-07-16T14:50:00+05:30,upi,190.00,0.00,28.98,190.00,completed,2026-07-16T14:50:00+05:30
SALE-000898,SHOP-033,,2026-07-16T18:40:00+05:30,cash,129.00,0.00,0.00,129.00,completed,2026-07-16T18:40:00+05:30
SALE-000899,SHOP-034,CUST-0697,2026-07-16T20:00:00+05:30,cash,140.00,0.00,21.36,140.00,completed,2026-07-16T20:00:00+05:30
SALE-000900,SHOP-035,,2026-07-16T09:50:00+05:30,upi,447.00,0.00,68.19,447.00,completed,2026-07-16T09:50:00+05:30
SALE-000901,SHOP-035,CUST-0721,2026-07-16T19:50:00+05:30,cash,3742.00,0.00,570.81,3742.00,completed,2026-07-16T19:50:00+05:30
SALE-000902,SHOP-035,CUST-0720,2026-07-16T10:00:00+05:30,upi,1195.00,0.00,182.29,1195.00,completed,2026-07-16T10:00:00+05:30
SALE-000903,SHOP-036,CUST-0745,2026-07-16T09:30:00+05:30,upi,286.00,0.00,13.62,286.00,completed,2026-07-16T09:30:00+05:30
SALE-000904,SHOP-036,,2026-07-16T10:50:00+05:30,cash,1025.00,0.00,47.39,1025.00,completed,2026-07-16T10:50:00+05:30
SALE-000905,SHOP-036,,2026-07-16T09:10:00+05:30,upi,1010.00,0.00,70.13,1010.00,completed,2026-07-16T09:10:00+05:30
SALE-000906,SHOP-037,CUST-0768,2026-07-16T18:50:00+05:30,upi,105.00,0.00,16.02,105.00,completed,2026-07-16T18:50:00+05:30
SALE-000907,SHOP-037,CUST-0764,2026-07-16T17:20:00+05:30,upi,1240.00,0.00,216.30,1240.00,completed,2026-07-16T17:20:00+05:30
SALE-000908,SHOP-037,CUST-0764,2026-07-16T12:40:00+05:30,cash,1220.00,0.00,186.10,1220.00,completed,2026-07-16T12:40:00+05:30
SALE-000909,SHOP-038,CUST-0779,2026-07-16T20:40:00+05:30,upi,30.00,0.00,3.21,30.00,completed,2026-07-16T20:40:00+05:30
SALE-000910,SHOP-038,,2026-07-16T15:40:00+05:30,cash,15.00,0.00,0.00,15.00,completed,2026-07-16T15:40:00+05:30
SALE-000911,SHOP-039,,2026-07-16T20:40:00+05:30,cash,556.00,0.00,34.45,556.00,completed,2026-07-16T20:40:00+05:30
SALE-000912,SHOP-039,CUST-0810,2026-07-16T15:00:00+05:30,credit,88.00,0.00,9.61,88.00,completed,2026-07-16T15:00:00+05:30
SALE-000913,SHOP-040,,2026-07-16T12:20:00+05:30,cash,250.00,0.00,38.14,250.00,completed,2026-07-16T12:20:00+05:30
SALE-000914,SHOP-040,CUST-0839,2026-07-16T18:00:00+05:30,upi,560.00,0.00,60.00,560.00,completed,2026-07-16T18:00:00+05:30
SALE-000915,SHOP-040,CUST-0824,2026-07-16T11:00:00+05:30,cash,113.00,0.00,14.29,113.00,completed,2026-07-16T11:00:00+05:30
SALE-000916,SHOP-043,,2026-07-16T08:20:00+05:30,upi,425.00,0.00,30.21,425.00,completed,2026-07-16T08:20:00+05:30
SALE-000917,SHOP-043,CUST-0875,2026-07-16T16:30:00+05:30,cash,272.00,0.00,31.84,272.00,completed,2026-07-16T16:30:00+05:30
SALE-000918,SHOP-046,CUST-0940,2026-07-16T12:10:00+05:30,cash,70.00,0.00,10.68,70.00,completed,2026-07-16T12:10:00+05:30
SALE-000919,SHOP-047,CUST-0967,2026-07-16T14:10:00+05:30,cash,2147.00,0.00,327.51,2147.00,completed,2026-07-16T14:10:00+05:30
SALE-000920,SHOP-049,,2026-07-16T10:10:00+05:30,upi,190.00,0.00,9.05,190.00,completed,2026-07-16T10:10:00+05:30
SALE-000921,SHOP-049,CUST-0987,2026-07-16T20:00:00+05:30,cash,204.00,0.00,15.07,204.00,completed,2026-07-16T20:00:00+05:30
SALE-000922,SHOP-050,CUST-1028,2026-07-16T16:10:00+05:30,cash,740.00,0.00,35.24,740.00,completed,2026-07-16T16:10:00+05:30
SALE-000923,SHOP-050,CUST-1022,2026-07-16T09:10:00+05:30,credit,205.00,0.00,0.00,205.00,completed,2026-07-16T09:10:00+05:30
SALE-000924,SHOP-001,,2026-07-17T18:20:00+05:30,cash,350.00,0.00,21.91,350.00,completed,2026-07-17T18:20:00+05:30
SALE-000925,SHOP-001,CUST-0011,2026-07-17T13:40:00+05:30,cash,380.00,0.00,18.10,380.00,completed,2026-07-17T13:40:00+05:30
SALE-000926,SHOP-002,,2026-07-17T11:20:00+05:30,upi,690.00,0.00,132.40,690.00,returned,2026-07-17T11:20:00+05:30
SALE-000927,SHOP-003,CUST-0062,2026-07-17T17:30:00+05:30,upi,160.00,0.00,17.14,160.00,completed,2026-07-17T17:30:00+05:30
SALE-000928,SHOP-004,CUST-0076,2026-07-17T11:00:00+05:30,cash,80.00,0.00,0.00,80.00,completed,2026-07-17T11:00:00+05:30
SALE-000929,SHOP-004,CUST-0079,2026-07-17T11:50:00+05:30,upi,45.00,0.00,0.00,45.00,completed,2026-07-17T11:50:00+05:30
SALE-000930,SHOP-004,CUST-0085,2026-07-17T10:40:00+05:30,upi,15.00,0.00,0.00,15.00,completed,2026-07-17T10:40:00+05:30
SALE-000931,SHOP-007,CUST-0132,2026-07-17T17:00:00+05:30,cash,80.00,0.00,1.90,80.00,completed,2026-07-17T17:00:00+05:30
SALE-000932,SHOP-008,CUST-0158,2026-07-17T09:20:00+05:30,upi,2010.00,0.00,388.05,2010.00,completed,2026-07-17T09:20:00+05:30
SALE-000933,SHOP-009,CUST-0189,2026-07-17T13:00:00+05:30,card,90.00,0.00,13.73,90.00,completed,2026-07-17T13:00:00+05:30
SALE-000934,SHOP-011,CUST-0213,2026-07-17T16:40:00+05:30,upi,4340.00,0.00,206.67,4340.00,completed,2026-07-17T16:40:00+05:30
SALE-000935,SHOP-011,CUST-0219,2026-07-17T20:40:00+05:30,cash,295.00,0.00,24.02,295.00,completed,2026-07-17T20:40:00+05:30
SALE-000936,SHOP-011,CUST-0227,2026-07-17T16:50:00+05:30,credit,725.00,0.00,35.42,725.00,completed,2026-07-17T16:50:00+05:30
SALE-000937,SHOP-011,CUST-0221,2026-07-17T19:40:00+05:30,cash,100.00,0.00,4.76,100.00,completed,2026-07-17T19:40:00+05:30
SALE-000938,SHOP-013,CUST-0267,2026-07-17T12:20:00+05:30,upi,425.00,0.00,30.21,425.00,completed,2026-07-17T12:20:00+05:30
SALE-000939,SHOP-013,,2026-07-17T16:00:00+05:30,upi,516.00,0.00,32.55,516.00,completed,2026-07-17T16:00:00+05:30
SALE-000940,SHOP-013,CUST-0271,2026-07-17T14:40:00+05:30,credit,15.00,0.00,1.61,15.00,completed,2026-07-17T14:40:00+05:30
SALE-000941,SHOP-015,CUST-0307,2026-07-17T18:50:00+05:30,upi,115.00,0.00,17.54,115.00,completed,2026-07-17T18:50:00+05:30
SALE-000942,SHOP-017,CUST-0340,2026-07-17T13:50:00+05:30,cash,115.00,0.00,17.54,115.00,completed,2026-07-17T13:50:00+05:30
SALE-000943,SHOP-017,CUST-0347,2026-07-17T18:20:00+05:30,credit,76.00,0.00,3.62,76.00,completed,2026-07-17T18:20:00+05:30
SALE-000944,SHOP-019,CUST-0391,2026-07-17T18:20:00+05:30,upi,3280.00,0.00,717.50,3280.00,completed,2026-07-17T18:20:00+05:30
SALE-000945,SHOP-019,CUST-0380,2026-07-17T08:10:00+05:30,cash,3207.00,0.00,489.20,3207.00,completed,2026-07-17T08:10:00+05:30
SALE-000946,SHOP-019,CUST-0395,2026-07-17T20:30:00+05:30,upi,1250.00,0.00,272.11,1250.00,completed,2026-07-17T20:30:00+05:30
SALE-000947,SHOP-020,,2026-07-17T08:50:00+05:30,cash,327.00,0.00,15.57,327.00,completed,2026-07-17T08:50:00+05:30
SALE-000948,SHOP-020,CUST-0408,2026-07-17T09:50:00+05:30,upi,195.00,0.00,11.07,195.00,completed,2026-07-17T09:50:00+05:30
SALE-000949,SHOP-021,CUST-0443,2026-07-17T18:40:00+05:30,cash,114.00,0.00,14.67,114.00,completed,2026-07-17T18:40:00+05:30
SALE-000950,SHOP-022,,2026-07-17T18:30:00+05:30,upi,3597.00,0.00,548.69,3597.00,completed,2026-07-17T18:30:00+05:30
SALE-000951,SHOP-023,CUST-0476,2026-07-17T18:30:00+05:30,cash,150.00,0.00,7.14,150.00,completed,2026-07-17T18:30:00+05:30
SALE-000952,SHOP-024,,2026-07-17T18:20:00+05:30,upi,90.00,0.00,7.86,90.00,completed,2026-07-17T18:20:00+05:30
SALE-000953,SHOP-024,CUST-0489,2026-07-17T16:00:00+05:30,cash,30.00,0.00,1.43,30.00,completed,2026-07-17T16:00:00+05:30
SALE-000954,SHOP-025,CUST-0513,2026-07-17T12:50:00+05:30,credit,260.00,0.00,39.66,260.00,completed,2026-07-17T12:50:00+05:30
SALE-000955,SHOP-026,CUST-0530,2026-07-17T14:30:00+05:30,cash,180.00,0.00,27.46,180.00,completed,2026-07-17T14:30:00+05:30
SALE-000956,SHOP-026,CUST-0542,2026-07-17T15:20:00+05:30,credit,2720.00,0.00,133.04,2720.00,completed,2026-07-17T15:20:00+05:30
SALE-000957,SHOP-026,,2026-07-17T15:10:00+05:30,upi,201.00,0.00,9.57,201.00,completed,2026-07-17T15:10:00+05:30
SALE-000958,SHOP-026,,2026-07-17T14:40:00+05:30,cash,130.00,0.00,6.19,130.00,completed,2026-07-17T14:40:00+05:30
SALE-000959,SHOP-028,,2026-07-17T20:40:00+05:30,upi,35.00,0.00,0.00,35.00,completed,2026-07-17T20:40:00+05:30
SALE-000960,SHOP-028,,2026-07-17T11:10:00+05:30,cash,460.00,0.00,31.07,460.00,completed,2026-07-17T11:10:00+05:30
SALE-000961,SHOP-029,CUST-0599,2026-07-17T11:40:00+05:30,credit,599.00,17.97,88.63,581.03,completed,2026-07-17T11:40:00+05:30
SALE-000962,SHOP-033,,2026-07-17T18:20:00+05:30,cash,90.00,0.00,0.00,90.00,completed,2026-07-17T18:20:00+05:30
SALE-000963,SHOP-034,,2026-07-17T19:20:00+05:30,upi,840.00,0.00,90.00,840.00,completed,2026-07-17T19:20:00+05:30
SALE-000964,SHOP-035,CUST-0712,2026-07-17T16:30:00+05:30,card,1596.00,47.88,236.15,1548.12,completed,2026-07-17T16:30:00+05:30
SALE-000965,SHOP-036,CUST-0748,2026-07-17T09:30:00+05:30,credit,440.00,0.00,7.63,440.00,completed,2026-07-17T09:30:00+05:30
SALE-000966,SHOP-036,,2026-07-17T19:50:00+05:30,cash,100.00,0.00,4.76,100.00,completed,2026-07-17T19:50:00+05:30
SALE-000967,SHOP-036,,2026-07-17T17:00:00+05:30,upi,130.00,0.00,6.19,130.00,completed,2026-07-17T17:00:00+05:30
SALE-000968,SHOP-037,CUST-0772,2026-07-17T10:00:00+05:30,cash,800.00,0.00,122.03,800.00,completed,2026-07-17T10:00:00+05:30
SALE-000969,SHOP-037,CUST-0760,2026-07-17T14:40:00+05:30,credit,1560.00,0.00,237.97,1560.00,completed,2026-07-17T14:40:00+05:30
SALE-000970,SHOP-037,CUST-0750,2026-07-17T11:10:00+05:30,cash,450.00,0.00,68.64,450.00,completed,2026-07-17T11:10:00+05:30
SALE-000971,SHOP-040,CUST-0817,2026-07-17T15:00:00+05:30,credit,120.00,0.00,12.86,120.00,completed,2026-07-17T15:00:00+05:30
SALE-000972,SHOP-040,,2026-07-17T19:20:00+05:30,upi,68.00,0.00,8.10,68.00,completed,2026-07-17T19:20:00+05:30
SALE-000973,SHOP-041,CUST-0842,2026-07-17T10:10:00+05:30,cash,1959.00,0.00,298.83,1959.00,completed,2026-07-17T10:10:00+05:30
SALE-000974,SHOP-043,CUST-0882,2026-07-17T18:50:00+05:30,credit,880.00,0.00,41.90,880.00,completed,2026-07-17T18:50:00+05:30
SALE-000975,SHOP-043,CUST-0880,2026-07-17T18:10:00+05:30,credit,206.00,0.00,9.81,206.00,completed,2026-07-17T18:10:00+05:30
SALE-000976,SHOP-044,CUST-0896,2026-07-17T18:10:00+05:30,credit,90.00,0.00,2.86,90.00,completed,2026-07-17T18:10:00+05:30
SALE-000977,SHOP-045,CUST-0924,2026-07-17T16:40:00+05:30,credit,135.00,0.00,6.43,135.00,completed,2026-07-17T16:40:00+05:30
SALE-000978,SHOP-045,,2026-07-17T14:50:00+05:30,upi,200.00,0.00,9.52,200.00,completed,2026-07-17T14:50:00+05:30
SALE-000979,SHOP-045,CUST-0931,2026-07-17T08:00:00+05:30,cash,378.00,0.00,43.18,378.00,completed,2026-07-17T08:00:00+05:30
SALE-000980,SHOP-046,CUST-0953,2026-07-17T17:10:00+05:30,upi,238.00,0.00,32.67,238.00,completed,2026-07-17T17:10:00+05:30
SALE-000981,SHOP-048,,2026-07-17T20:20:00+05:30,upi,5250.00,0.00,800.85,5250.00,completed,2026-07-17T20:20:00+05:30
SALE-000982,SHOP-049,CUST-0995,2026-07-17T14:20:00+05:30,cash,58.00,0.00,3.21,58.00,completed,2026-07-17T14:20:00+05:30
SALE-000983,SHOP-050,CUST-1012,2026-07-17T08:20:00+05:30,upi,76.00,0.00,3.62,76.00,completed,2026-07-17T08:20:00+05:30
SALE-000984,SHOP-001,,2026-07-18T14:00:00+05:30,upi,260.00,0.00,20.25,260.00,completed,2026-07-18T14:00:00+05:30
SALE-000985,SHOP-001,CUST-0024,2026-07-18T14:10:00+05:30,cash,415.00,0.00,0.00,415.00,completed,2026-07-18T14:10:00+05:30
SALE-000986,SHOP-002,,2026-07-18T09:00:00+05:30,upi,590.00,0.00,90.00,590.00,completed,2026-07-18T09:00:00+05:30
SALE-000987,SHOP-002,CUST-0028,2026-07-18T20:20:00+05:30,credit,6330.00,0.00,1372.77,6330.00,completed,2026-07-18T20:20:00+05:30
SALE-000988,SHOP-004,CUST-0079,2026-07-18T17:40:00+05:30,upi,290.00,0.00,31.07,290.00,completed,2026-07-18T17:40:00+05:30
SALE-000989,SHOP-005,CUST-0088,2026-07-18T10:50:00+05:30,upi,1593.00,0.00,243.00,1593.00,completed,2026-07-18T10:50:00+05:30
SALE-000990,SHOP-006,,2026-07-18T16:20:00+05:30,cash,40.00,0.00,4.29,40.00,completed,2026-07-18T16:20:00+05:30
SALE-000991,SHOP-006,CUST-0103,2026-07-18T13:50:00+05:30,cash,96.00,0.00,2.19,96.00,completed,2026-07-18T13:50:00+05:30
SALE-000992,SHOP-007,,2026-07-18T12:00:00+05:30,cash,120.00,0.00,12.86,120.00,completed,2026-07-18T12:00:00+05:30
SALE-000993,SHOP-008,,2026-07-18T09:50:00+05:30,cash,480.00,0.00,73.22,480.00,completed,2026-07-18T09:50:00+05:30
SALE-000994,SHOP-008,CUST-0166,2026-07-18T10:10:00+05:30,credit,1135.00,0.00,227.43,1135.00,completed,2026-07-18T10:10:00+05:30
SALE-000995,SHOP-008,CUST-0159,2026-07-18T19:10:00+05:30,upi,980.00,49.00,193.59,931.00,completed,2026-07-18T19:10:00+05:30
SALE-000996,SHOP-009,,2026-07-18T19:30:00+05:30,cash,239.00,0.00,29.42,239.00,completed,2026-07-18T19:30:00+05:30
SALE-000997,SHOP-009,CUST-0181,2026-07-18T20:20:00+05:30,upi,240.00,0.00,36.61,240.00,completed,2026-07-18T20:20:00+05:30
SALE-000998,SHOP-011,CUST-0210,2026-07-18T18:10:00+05:30,upi,1445.00,0.00,79.53,1445.00,completed,2026-07-18T18:10:00+05:30
SALE-000999,SHOP-011,,2026-07-18T14:00:00+05:30,upi,165.00,0.00,11.00,165.00,completed,2026-07-18T14:00:00+05:30
SALE-001000,SHOP-011,CUST-0216,2026-07-18T10:30:00+05:30,upi,440.00,0.00,20.95,440.00,completed,2026-07-18T10:30:00+05:30
SALE-001001,SHOP-012,,2026-07-18T15:40:00+05:30,upi,450.00,0.00,43.89,450.00,completed,2026-07-18T15:40:00+05:30
SALE-001002,SHOP-013,CUST-0262,2026-07-18T11:20:00+05:30,cash,64.00,0.00,3.05,64.00,returned,2026-07-18T11:20:00+05:30
SALE-001003,SHOP-013,CUST-0261,2026-07-18T15:20:00+05:30,upi,38.00,0.00,5.80,38.00,completed,2026-07-18T15:20:00+05:30
SALE-001004,SHOP-013,,2026-07-18T12:00:00+05:30,upi,46.00,0.00,2.19,46.00,completed,2026-07-18T12:00:00+05:30
SALE-001005,SHOP-014,CUST-0276,2026-07-18T19:20:00+05:30,cash,1230.00,0.00,269.06,1230.00,completed,2026-07-18T19:20:00+05:30
SALE-001006,SHOP-016,CUST-0309,2026-07-18T16:40:00+05:30,upi,597.00,0.00,91.07,597.00,completed,2026-07-18T16:40:00+05:30
SALE-001007,SHOP-017,CUST-0344,2026-07-18T16:10:00+05:30,upi,1068.00,0.00,50.86,1068.00,completed,2026-07-18T16:10:00+05:30
SALE-001008,SHOP-017,,2026-07-18T20:00:00+05:30,cash,340.00,0.00,24.58,340.00,completed,2026-07-18T20:00:00+05:30
SALE-001009,SHOP-019,,2026-07-18T10:10:00+05:30,upi,410.00,0.00,62.54,410.00,completed,2026-07-18T10:10:00+05:30
SALE-001010,SHOP-020,CUST-0417,2026-07-18T11:10:00+05:30,upi,603.00,12.06,61.70,590.94,completed,2026-07-18T11:10:00+05:30
SALE-001011,SHOP-020,CUST-0420,2026-07-18T17:00:00+05:30,upi,330.00,0.00,15.71,330.00,completed,2026-07-18T17:00:00+05:30
SALE-001012,SHOP-020,CUST-0423,2026-07-18T20:50:00+05:30,upi,2720.00,0.00,129.52,2720.00,completed,2026-07-18T20:50:00+05:30
SALE-001013,SHOP-021,,2026-07-18T13:50:00+05:30,upi,440.00,0.00,58.04,440.00,completed,2026-07-18T13:50:00+05:30
SALE-001014,SHOP-023,CUST-0480,2026-07-18T15:20:00+05:30,credit,130.00,0.00,16.02,130.00,completed,2026-07-18T15:20:00+05:30
SALE-001015,SHOP-023,CUST-0476,2026-07-18T16:50:00+05:30,credit,18.00,0.00,0.86,18.00,completed,2026-07-18T16:50:00+05:30
SALE-001016,SHOP-023,,2026-07-18T15:00:00+05:30,upi,2630.00,52.60,125.82,2577.40,completed,2026-07-18T15:00:00+05:30
SALE-001017,SHOP-025,CUST-0504,2026-07-18T14:20:00+05:30,upi,840.00,0.00,128.14,840.00,completed,2026-07-18T14:20:00+05:30
SALE-001018,SHOP-025,CUST-0503,2026-07-18T19:40:00+05:30,credit,1250.00,0.00,190.68,1250.00,completed,2026-07-18T19:40:00+05:30
SALE-001019,SHOP-026,CUST-0525,2026-07-18T08:30:00+05:30,card,571.00,28.55,30.81,542.45,completed,2026-07-18T08:30:00+05:30
SALE-001020,SHOP-026,CUST-0544,2026-07-18T20:30:00+05:30,credit,235.00,0.00,35.85,235.00,completed,2026-07-18T20:30:00+05:30
SALE-001021,SHOP-026,,2026-07-18T13:50:00+05:30,upi,135.00,0.00,7.32,135.00,completed,2026-07-18T13:50:00+05:30
SALE-001022,SHOP-026,,2026-07-18T14:20:00+05:30,upi,165.00,0.00,7.86,165.00,completed,2026-07-18T14:20:00+05:30
SALE-001023,SHOP-028,,2026-07-18T16:10:00+05:30,cash,499.00,0.00,21.86,499.00,completed,2026-07-18T16:10:00+05:30
SALE-001024,SHOP-029,CUST-0598,2026-07-18T17:00:00+05:30,upi,199.00,0.00,30.36,199.00,completed,2026-07-18T17:00:00+05:30
SALE-001025,SHOP-030,CUST-0613,2026-07-18T14:50:00+05:30,upi,420.00,0.00,48.33,420.00,completed,2026-07-18T14:50:00+05:30
SALE-001026,SHOP-032,,2026-07-18T13:00:00+05:30,cash,25.00,0.00,0.00,25.00,completed,2026-07-18T13:00:00+05:30
SALE-001027,SHOP-032,,2026-07-18T20:40:00+05:30,upi,350.00,0.00,26.11,350.00,completed,2026-07-18T20:40:00+05:30
SALE-001028,SHOP-032,,2026-07-18T13:50:00+05:30,upi,25.00,0.00,0.00,25.00,completed,2026-07-18T13:50:00+05:30
SALE-001029,SHOP-033,CUST-0672,2026-07-18T13:40:00+05:30,cash,105.00,0.00,6.43,105.00,completed,2026-07-18T13:40:00+05:30
SALE-001030,SHOP-034,CUST-0696,2026-07-18T13:20:00+05:30,credit,1045.00,0.00,118.55,1045.00,completed,2026-07-18T13:20:00+05:30
SALE-001031,SHOP-035,CUST-0707,2026-07-18T20:50:00+05:30,upi,2797.00,0.00,426.66,2797.00,completed,2026-07-18T20:50:00+05:30
SALE-001032,SHOP-036,CUST-0748,2026-07-18T20:10:00+05:30,cash,880.00,0.00,41.90,880.00,completed,2026-07-18T20:10:00+05:30
SALE-001033,SHOP-038,,2026-07-18T15:10:00+05:30,card,374.00,0.00,12.86,374.00,completed,2026-07-18T15:10:00+05:30
SALE-001034,SHOP-040,CUST-0835,2026-07-18T13:10:00+05:30,cash,195.00,0.00,22.94,195.00,completed,2026-07-18T13:10:00+05:30
SALE-001035,SHOP-041,CUST-0851,2026-07-18T16:30:00+05:30,cash,299.00,0.00,45.61,299.00,completed,2026-07-18T16:30:00+05:30
SALE-001036,SHOP-042,CUST-0852,2026-07-18T19:20:00+05:30,credit,390.00,0.00,59.49,390.00,completed,2026-07-18T19:20:00+05:30
SALE-001037,SHOP-042,,2026-07-18T18:40:00+05:30,upi,95.00,0.00,14.49,95.00,completed,2026-07-18T18:40:00+05:30
SALE-001038,SHOP-043,CUST-0890,2026-07-18T14:20:00+05:30,upi,78.00,0.00,6.10,78.00,completed,2026-07-18T14:20:00+05:30
SALE-001039,SHOP-044,CUST-0893,2026-07-18T20:40:00+05:30,credit,380.00,0.00,35.74,380.00,completed,2026-07-18T20:40:00+05:30
SALE-001040,SHOP-045,,2026-07-18T19:10:00+05:30,cash,130.00,0.00,6.19,130.00,completed,2026-07-18T19:10:00+05:30
SALE-001041,SHOP-045,CUST-0932,2026-07-18T13:50:00+05:30,upi,165.00,0.00,7.86,165.00,completed,2026-07-18T13:50:00+05:30
SALE-001042,SHOP-048,,2026-07-18T13:10:00+05:30,upi,610.00,0.00,93.05,610.00,completed,2026-07-18T13:10:00+05:30
SALE-001043,SHOP-049,CUST-1005,2026-07-18T17:40:00+05:30,upi,35.00,0.00,0.00,35.00,completed,2026-07-18T17:40:00+05:30
SALE-001044,SHOP-049,CUST-0995,2026-07-18T14:40:00+05:30,credit,90.00,0.00,13.73,90.00,completed,2026-07-18T14:40:00+05:30
SALE-001045,SHOP-049,CUST-0989,2026-07-18T09:30:00+05:30,upi,85.00,0.00,0.00,85.00,completed,2026-07-18T09:30:00+05:30
SALE-001046,SHOP-050,,2026-07-18T11:00:00+05:30,upi,3305.00,0.00,160.00,3305.00,completed,2026-07-18T11:00:00+05:30
SALE-001047,SHOP-001,CUST-0003,2026-07-19T11:20:00+05:30,upi,95.00,0.00,14.49,95.00,completed,2026-07-19T11:20:00+05:30
SALE-001048,SHOP-001,,2026-07-19T14:50:00+05:30,cash,415.00,0.00,3.81,415.00,completed,2026-07-19T14:50:00+05:30
SALE-001049,SHOP-002,,2026-07-19T17:30:00+05:30,card,200.00,0.00,30.51,200.00,completed,2026-07-19T17:30:00+05:30
SALE-001050,SHOP-003,CUST-0060,2026-07-19T16:00:00+05:30,upi,1440.00,28.80,189.91,1411.20,completed,2026-07-19T16:00:00+05:30
SALE-001051,SHOP-003,,2026-07-19T10:10:00+05:30,upi,15.00,0.00,1.61,15.00,completed,2026-07-19T10:10:00+05:30
SALE-001052,SHOP-004,,2026-07-19T17:00:00+05:30,cash,35.00,0.00,0.00,35.00,completed,2026-07-19T17:00:00+05:30
SALE-001053,SHOP-006,CUST-0106,2026-07-19T18:20:00+05:30,credit,150.00,0.00,7.14,150.00,completed,2026-07-19T18:20:00+05:30
SALE-001054,SHOP-008,CUST-0168,2026-07-19T20:10:00+05:30,upi,2695.00,0.00,411.10,2695.00,completed,2026-07-19T20:10:00+05:30
SALE-001055,SHOP-009,CUST-0176,2026-07-19T11:00:00+05:30,upi,955.00,0.00,120.03,955.00,completed,2026-07-19T11:00:00+05:30
SALE-001056,SHOP-011,CUST-0227,2026-07-19T09:10:00+05:30,upi,456.00,0.00,21.71,456.00,completed,2026-07-19T09:10:00+05:30
SALE-001057,SHOP-011,CUST-0218,2026-07-19T14:10:00+05:30,credit,795.00,0.00,37.86,795.00,completed,2026-07-19T14:10:00+05:30
SALE-001058,SHOP-011,CUST-0230,2026-07-19T17:10:00+05:30,upi,55.00,0.00,7.03,55.00,completed,2026-07-19T17:10:00+05:30
SALE-001059,SHOP-011,CUST-0217,2026-07-19T14:10:00+05:30,credit,18.00,0.00,0.86,18.00,completed,2026-07-19T14:10:00+05:30
SALE-001060,SHOP-012,CUST-0235,2026-07-19T08:00:00+05:30,credit,890.00,0.00,86.59,890.00,completed,2026-07-19T08:00:00+05:30
SALE-001061,SHOP-013,,2026-07-19T09:20:00+05:30,upi,71.00,0.00,6.00,71.00,completed,2026-07-19T09:20:00+05:30
SALE-001062,SHOP-013,,2026-07-19T10:00:00+05:30,upi,175.00,0.00,7.14,175.00,completed,2026-07-19T10:00:00+05:30
SALE-001063,SHOP-013,CUST-0251,2026-07-19T18:10:00+05:30,upi,302.00,0.00,36.41,302.00,completed,2026-07-19T18:10:00+05:30
SALE-001064,SHOP-016,CUST-0321,2026-07-19T19:00:00+05:30,upi,845.00,0.00,128.90,845.00,completed,2026-07-19T19:00:00+05:30
SALE-001065,SHOP-016,CUST-0316,2026-07-19T11:10:00+05:30,upi,5595.00,0.00,853.47,5595.00,completed,2026-07-19T11:10:00+05:30
SALE-001066,SHOP-017,CUST-0326,2026-07-19T12:30:00+05:30,upi,60.00,0.00,5.48,60.00,completed,2026-07-19T12:30:00+05:30
SALE-001067,SHOP-017,CUST-0351,2026-07-19T20:20:00+05:30,cash,586.00,0.00,42.17,586.00,completed,2026-07-19T20:20:00+05:30
SALE-001068,SHOP-017,,2026-07-19T12:10:00+05:30,upi,1736.00,0.00,100.08,1736.00,completed,2026-07-19T12:10:00+05:30
SALE-001069,SHOP-017,,2026-07-19T13:00:00+05:30,cash,291.00,0.00,19.10,291.00,completed,2026-07-19T13:00:00+05:30
SALE-001070,SHOP-018,,2026-07-19T20:20:00+05:30,cash,355.00,0.00,19.76,355.00,completed,2026-07-19T20:20:00+05:30
SALE-001071,SHOP-020,CUST-0406,2026-07-19T08:40:00+05:30,credit,92.00,0.00,4.38,92.00,completed,2026-07-19T08:40:00+05:30
SALE-001072,SHOP-020,,2026-07-19T14:00:00+05:30,cash,485.00,0.00,34.11,485.00,completed,2026-07-19T14:00:00+05:30
SALE-001073,SHOP-021,,2026-07-19T10:00:00+05:30,cash,80.00,0.00,12.20,80.00,completed,2026-07-19T10:00:00+05:30
SALE-001074,SHOP-024,CUST-0487,2026-07-19T17:10:00+05:30,cash,70.00,0.00,0.00,70.00,completed,2026-07-19T17:10:00+05:30
SALE-001075,SHOP-026,,2026-07-19T10:30:00+05:30,upi,750.00,22.50,52.96,727.50,completed,2026-07-19T10:30:00+05:30
SALE-001076,SHOP-026,CUST-0542,2026-07-19T18:10:00+05:30,cash,2768.00,83.04,127.86,2684.96,completed,2026-07-19T18:10:00+05:30
SALE-001077,SHOP-026,,2026-07-19T14:20:00+05:30,cash,721.00,0.00,62.92,721.00,completed,2026-07-19T14:20:00+05:30
SALE-001078,SHOP-028,CUST-0593,2026-07-19T14:40:00+05:30,upi,80.00,0.00,0.00,80.00,completed,2026-07-19T14:40:00+05:30
SALE-001079,SHOP-028,CUST-0583,2026-07-19T12:40:00+05:30,cash,45.00,0.00,0.00,45.00,completed,2026-07-19T12:40:00+05:30
SALE-001080,SHOP-029,,2026-07-19T15:40:00+05:30,card,1947.00,0.00,297.00,1947.00,completed,2026-07-19T15:40:00+05:30
SALE-001081,SHOP-030,,2026-07-19T15:20:00+05:30,upi,95.00,0.00,14.49,95.00,completed,2026-07-19T15:20:00+05:30
SALE-001082,SHOP-031,CUST-0634,2026-07-19T08:10:00+05:30,credit,2460.00,0.00,375.25,2460.00,completed,2026-07-19T08:10:00+05:30
SALE-001083,SHOP-032,CUST-0652,2026-07-19T10:10:00+05:30,cash,490.00,0.00,46.42,490.00,completed,2026-07-19T10:10:00+05:30
SALE-001084,SHOP-032,CUST-0668,2026-07-19T12:10:00+05:30,credit,1768.00,0.00,65.62,1768.00,completed,2026-07-19T12:10:00+05:30
SALE-001085,SHOP-032,CUST-0668,2026-07-19T20:10:00+05:30,credit,130.00,0.00,10.18,130.00,completed,2026-07-19T20:10:00+05:30
SALE-001086,SHOP-033,CUST-0685,2026-07-19T14:50:00+05:30,upi,330.00,0.00,21.01,330.00,completed,2026-07-19T14:50:00+05:30
SALE-001087,SHOP-033,CUST-0687,2026-07-19T15:10:00+05:30,credit,150.00,0.00,16.59,150.00,completed,2026-07-19T15:10:00+05:30
SALE-001088,SHOP-037,CUST-0751,2026-07-19T08:40:00+05:30,cash,3600.00,0.00,549.15,3600.00,completed,2026-07-19T08:40:00+05:30
SALE-001089,SHOP-037,CUST-0751,2026-07-19T11:50:00+05:30,cash,2380.00,0.00,417.34,2380.00,completed,2026-07-19T11:50:00+05:30
SALE-001090,SHOP-037,CUST-0758,2026-07-19T15:50:00+05:30,credit,1152.00,34.56,170.46,1117.44,completed,2026-07-19T15:50:00+05:30
SALE-001091,SHOP-038,,2026-07-19T15:40:00+05:30,cash,40.00,0.00,1.90,40.00,completed,2026-07-19T15:40:00+05:30
SALE-001092,SHOP-038,CUST-0787,2026-07-19T18:40:00+05:30,upi,70.00,0.00,0.00,70.00,completed,2026-07-19T18:40:00+05:30
SALE-001093,SHOP-039,,2026-07-19T11:20:00+05:30,upi,190.00,0.00,9.05,190.00,completed,2026-07-19T11:20:00+05:30
SALE-001094,SHOP-039,,2026-07-19T16:30:00+05:30,upi,54.00,0.00,2.57,54.00,completed,2026-07-19T16:30:00+05:30
SALE-001095,SHOP-040,,2026-07-19T14:50:00+05:30,cash,1022.00,0.00,115.49,1022.00,completed,2026-07-19T14:50:00+05:30
SALE-001096,SHOP-040,,2026-07-19T08:00:00+05:30,cash,145.00,0.00,21.89,145.00,completed,2026-07-19T08:00:00+05:30
SALE-001097,SHOP-042,CUST-0868,2026-07-19T13:10:00+05:30,upi,2360.00,0.00,387.15,2360.00,completed,2026-07-19T13:10:00+05:30
SALE-001098,SHOP-042,,2026-07-19T16:30:00+05:30,upi,780.00,0.00,118.98,780.00,completed,2026-07-19T16:30:00+05:30
SALE-001099,SHOP-043,CUST-0890,2026-07-19T11:00:00+05:30,upi,1285.00,0.00,61.19,1285.00,completed,2026-07-19T11:00:00+05:30
SALE-001100,SHOP-044,CUST-0911,2026-07-19T13:40:00+05:30,credit,336.00,0.00,10.00,336.00,completed,2026-07-19T13:40:00+05:30
SALE-001101,SHOP-045,CUST-0928,2026-07-19T16:00:00+05:30,cash,629.00,18.87,29.05,610.13,completed,2026-07-19T16:00:00+05:30
SALE-001102,SHOP-045,CUST-0924,2026-07-19T17:50:00+05:30,cash,1232.00,0.00,68.63,1232.00,completed,2026-07-19T17:50:00+05:30
SALE-001103,SHOP-046,CUST-0937,2026-07-19T08:40:00+05:30,cash,45.00,0.00,4.82,45.00,completed,2026-07-19T08:40:00+05:30
SALE-001104,SHOP-046,,2026-07-19T18:40:00+05:30,cash,310.00,0.00,34.58,310.00,completed,2026-07-19T18:40:00+05:30
SALE-001105,SHOP-048,CUST-0978,2026-07-19T18:40:00+05:30,credit,1260.00,0.00,192.20,1260.00,completed,2026-07-19T18:40:00+05:30
SALE-001106,SHOP-049,CUST-1001,2026-07-19T09:10:00+05:30,upi,359.00,0.00,9.05,359.00,completed,2026-07-19T09:10:00+05:30
SALE-001107,SHOP-050,CUST-1008,2026-07-19T11:50:00+05:30,credit,1615.00,0.00,79.58,1615.00,completed,2026-07-19T11:50:00+05:30
SALE-001108,SHOP-050,,2026-07-19T12:20:00+05:30,upi,972.00,0.00,46.29,972.00,completed,2026-07-19T12:20:00+05:30
SALE-001109,SHOP-001,CUST-0015,2026-07-20T20:50:00+05:30,credit,135.00,0.00,6.43,135.00,completed,2026-07-20T20:50:00+05:30
SALE-001110,SHOP-001,CUST-0012,2026-07-20T15:20:00+05:30,upi,510.00,0.00,24.29,510.00,completed,2026-07-20T15:20:00+05:30
SALE-001111,SHOP-003,,2026-07-20T13:20:00+05:30,cash,410.00,0.00,58.00,410.00,completed,2026-07-20T13:20:00+05:30
SALE-001112,SHOP-004,,2026-07-20T20:30:00+05:30,cash,38.00,0.00,1.81,38.00,completed,2026-07-20T20:30:00+05:30
SALE-001113,SHOP-005,CUST-0095,2026-07-20T18:10:00+05:30,cash,598.00,0.00,91.22,598.00,completed,2026-07-20T18:10:00+05:30
SALE-001114,SHOP-005,CUST-0086,2026-07-20T17:40:00+05:30,card,298.00,0.00,45.46,298.00,completed,2026-07-20T17:40:00+05:30
SALE-001115,SHOP-006,CUST-0115,2026-07-20T18:10:00+05:30,upi,440.00,0.00,46.13,440.00,completed,2026-07-20T18:10:00+05:30
SALE-001116,SHOP-006,CUST-0124,2026-07-20T16:40:00+05:30,upi,252.00,0.00,15.99,252.00,completed,2026-07-20T16:40:00+05:30
SALE-001117,SHOP-007,CUST-0139,2026-07-20T16:20:00+05:30,credit,95.00,0.00,4.52,95.00,completed,2026-07-20T16:20:00+05:30
SALE-001118,SHOP-007,,2026-07-20T19:10:00+05:30,upi,28.00,0.00,0.00,28.00,completed,2026-07-20T19:10:00+05:30
SALE-001119,SHOP-007,,2026-07-20T08:50:00+05:30,cash,163.00,0.00,5.71,163.00,completed,2026-07-20T08:50:00+05:30
SALE-001120,SHOP-008,CUST-0165,2026-07-20T15:20:00+05:30,credit,9909.00,0.00,2081.59,9909.00,completed,2026-07-20T15:20:00+05:30
SALE-001121,SHOP-008,CUST-0166,2026-07-20T20:50:00+05:30,upi,2070.00,0.00,397.20,2070.00,completed,2026-07-20T20:50:00+05:30
SALE-001122,SHOP-011,,2026-07-20T14:40:00+05:30,card,50.00,0.00,7.63,50.00,completed,2026-07-20T14:40:00+05:30
SALE-001123,SHOP-011,,2026-07-20T17:30:00+05:30,upi,15.00,0.00,1.61,15.00,completed,2026-07-20T17:30:00+05:30
SALE-001124,SHOP-012,,2026-07-20T10:00:00+05:30,cash,60.00,0.00,2.86,60.00,completed,2026-07-20T10:00:00+05:30
SALE-001125,SHOP-012,CUST-0243,2026-07-20T16:30:00+05:30,credit,136.00,0.00,10.05,136.00,completed,2026-07-20T16:30:00+05:30
SALE-001126,SHOP-013,,2026-07-20T09:50:00+05:30,upi,245.00,0.00,33.02,245.00,completed,2026-07-20T09:50:00+05:30
SALE-001127,SHOP-015,CUST-0299,2026-07-20T10:00:00+05:30,upi,560.00,0.00,60.00,560.00,completed,2026-07-20T10:00:00+05:30
SALE-001128,SHOP-017,,2026-07-20T17:50:00+05:30,upi,20.00,0.00,2.14,20.00,completed,2026-07-20T17:50:00+05:30
SALE-001129,SHOP-017,,2026-07-20T12:50:00+05:30,cash,120.00,0.00,12.90,120.00,completed,2026-07-20T12:50:00+05:30
SALE-001130,SHOP-017,CUST-0332,2026-07-20T14:00:00+05:30,credit,352.00,0.00,16.76,352.00,completed,2026-07-20T14:00:00+05:30
SALE-001131,SHOP-017,CUST-0340,2026-07-20T19:30:00+05:30,upi,60.00,0.00,5.48,60.00,completed,2026-07-20T19:30:00+05:30
SALE-001132,SHOP-018,CUST-0368,2026-07-20T16:40:00+05:30,cash,218.00,0.00,6.07,218.00,completed,2026-07-20T16:40:00+05:30
SALE-001133,SHOP-018,CUST-0361,2026-07-20T13:40:00+05:30,upi,400.00,0.00,39.29,400.00,completed,2026-07-20T13:40:00+05:30
SALE-001134,SHOP-018,CUST-0364,2026-07-20T18:20:00+05:30,upi,125.00,0.00,12.15,125.00,completed,2026-07-20T18:20:00+05:30
SALE-001135,SHOP-019,,2026-07-20T20:00:00+05:30,upi,410.00,0.00,89.69,410.00,completed,2026-07-20T20:00:00+05:30
SALE-001136,SHOP-019,,2026-07-20T11:40:00+05:30,card,490.00,0.00,74.75,490.00,completed,2026-07-20T11:40:00+05:30
SALE-001137,SHOP-020,CUST-0423,2026-07-20T16:40:00+05:30,cash,3070.00,0.00,146.19,3070.00,completed,2026-07-20T16:40:00+05:30
SALE-001138,SHOP-020,CUST-0406,2026-07-20T09:30:00+05:30,cash,327.00,0.00,9.43,327.00,completed,2026-07-20T09:30:00+05:30
SALE-001139,SHOP-021,CUST-0434,2026-07-20T08:40:00+05:30,cash,470.00,0.00,53.54,470.00,completed,2026-07-20T08:40:00+05:30
SALE-001140,SHOP-021,,2026-07-20T16:50:00+05:30,upi,70.00,0.00,7.50,70.00,completed,2026-07-20T16:50:00+05:30
SALE-001141,SHOP-024,,2026-07-20T09:20:00+05:30,cash,226.00,0.00,4.29,226.00,returned,2026-07-20T09:20:00+05:30
SALE-001142,SHOP-024,CUST-0493,2026-07-20T09:00:00+05:30,cash,160.00,0.00,6.43,160.00,completed,2026-07-20T09:00:00+05:30
SALE-001143,SHOP-025,,2026-07-20T19:20:00+05:30,upi,1710.00,0.00,287.99,1710.00,completed,2026-07-20T19:20:00+05:30
SALE-001144,SHOP-026,,2026-07-20T13:50:00+05:30,cash,805.00,0.00,67.19,805.00,completed,2026-07-20T13:50:00+05:30
SALE-001145,SHOP-027,,2026-07-20T17:30:00+05:30,upi,100.00,0.00,10.71,100.00,completed,2026-07-20T17:30:00+05:30
SALE-001146,SHOP-028,CUST-0582,2026-07-20T13:30:00+05:30,cash,20.00,0.00,0.95,20.00,completed,2026-07-20T13:30:00+05:30
SALE-001147,SHOP-030,CUST-0611,2026-07-20T10:50:00+05:30,credit,426.00,0.00,20.29,426.00,completed,2026-07-20T10:50:00+05:30
SALE-001148,SHOP-030,CUST-0612,2026-07-20T20:50:00+05:30,credit,1421.00,0.00,74.85,1421.00,completed,2026-07-20T20:50:00+05:30
SALE-001149,SHOP-032,CUST-0651,2026-07-20T17:50:00+05:30,cash,155.00,0.00,12.63,155.00,completed,2026-07-20T17:50:00+05:30
SALE-001150,SHOP-032,,2026-07-20T15:20:00+05:30,cash,270.00,0.00,14.64,270.00,completed,2026-07-20T15:20:00+05:30
SALE-001151,SHOP-033,,2026-07-20T12:50:00+05:30,cash,82.00,0.00,9.36,82.00,completed,2026-07-20T12:50:00+05:30
SALE-001152,SHOP-034,,2026-07-20T18:40:00+05:30,upi,130.00,0.00,19.83,130.00,completed,2026-07-20T18:40:00+05:30
SALE-001153,SHOP-035,CUST-0716,2026-07-20T20:50:00+05:30,cash,1095.00,0.00,167.03,1095.00,completed,2026-07-20T20:50:00+05:30
SALE-001154,SHOP-035,CUST-0708,2026-07-20T20:30:00+05:30,cash,845.00,0.00,128.90,845.00,completed,2026-07-20T20:30:00+05:30
SALE-001155,SHOP-036,CUST-0738,2026-07-20T20:30:00+05:30,cash,130.00,0.00,6.19,130.00,completed,2026-07-20T20:30:00+05:30
SALE-001156,SHOP-037,CUST-0752,2026-07-20T18:00:00+05:30,credit,3345.00,0.00,727.42,3345.00,completed,2026-07-20T18:00:00+05:30
SALE-001157,SHOP-038,CUST-0780,2026-07-20T12:30:00+05:30,cash,208.00,0.00,15.54,208.00,completed,2026-07-20T12:30:00+05:30
SALE-001158,SHOP-039,,2026-07-20T09:50:00+05:30,upi,1021.00,51.05,45.06,969.95,completed,2026-07-20T09:50:00+05:30
SALE-001159,SHOP-039,,2026-07-20T09:40:00+05:30,cash,530.00,0.00,35.49,530.00,completed,2026-07-20T09:40:00+05:30
SALE-001160,SHOP-040,CUST-0835,2026-07-20T15:50:00+05:30,upi,218.00,0.00,23.36,218.00,completed,2026-07-20T15:50:00+05:30
SALE-001161,SHOP-040,CUST-0823,2026-07-20T10:10:00+05:30,cash,75.00,0.00,11.44,75.00,completed,2026-07-20T10:10:00+05:30
SALE-001162,SHOP-040,CUST-0826,2026-07-20T11:50:00+05:30,upi,186.00,0.00,19.93,186.00,completed,2026-07-20T11:50:00+05:30
SALE-001163,SHOP-041,CUST-0840,2026-07-20T20:10:00+05:30,cash,149.00,0.00,22.73,149.00,completed,2026-07-20T20:10:00+05:30
SALE-001164,SHOP-042,CUST-0870,2026-07-20T18:10:00+05:30,upi,955.00,19.10,142.76,935.90,completed,2026-07-20T18:10:00+05:30
SALE-001165,SHOP-044,,2026-07-20T12:30:00+05:30,cash,40.00,0.00,0.00,40.00,completed,2026-07-20T12:30:00+05:30
SALE-001166,SHOP-045,CUST-0931,2026-07-20T09:20:00+05:30,credit,76.00,0.00,11.59,76.00,completed,2026-07-20T09:20:00+05:30
SALE-001167,SHOP-045,,2026-07-20T11:00:00+05:30,upi,850.00,42.50,84.30,807.50,completed,2026-07-20T11:00:00+05:30
SALE-001168,SHOP-045,CUST-0934,2026-07-20T18:50:00+05:30,cash,653.00,0.00,5.80,653.00,completed,2026-07-20T18:50:00+05:30
SALE-001169,SHOP-046,CUST-0951,2026-07-20T19:40:00+05:30,cash,60.00,0.00,6.43,60.00,completed,2026-07-20T19:40:00+05:30
SALE-001170,SHOP-047,CUST-0961,2026-07-20T13:10:00+05:30,upi,3895.00,0.00,594.15,3895.00,completed,2026-07-20T13:10:00+05:30
SALE-001171,SHOP-050,,2026-07-20T18:30:00+05:30,cash,95.00,0.00,14.49,95.00,completed,2026-07-20T18:30:00+05:30
SALE-001172,SHOP-050,CUST-1031,2026-07-20T14:10:00+05:30,cash,190.00,0.00,15.34,190.00,completed,2026-07-20T14:10:00+05:30
SALE-001173,SHOP-001,CUST-0019,2026-07-21T19:10:00+05:30,credit,166.00,0.00,20.83,166.00,completed,2026-07-21T19:10:00+05:30
SALE-001174,SHOP-001,,2026-07-21T17:50:00+05:30,upi,260.00,0.00,22.35,260.00,completed,2026-07-21T17:50:00+05:30
SALE-001175,SHOP-001,,2026-07-21T13:10:00+05:30,cash,208.00,0.00,19.14,208.00,completed,2026-07-21T13:10:00+05:30
SALE-001176,SHOP-002,CUST-0031,2026-07-21T12:30:00+05:30,credit,380.00,0.00,57.97,380.00,completed,2026-07-21T12:30:00+05:30
SALE-001177,SHOP-003,CUST-0060,2026-07-21T16:20:00+05:30,credit,586.00,29.30,81.64,556.70,completed,2026-07-21T16:20:00+05:30
SALE-001178,SHOP-004,,2026-07-21T12:30:00+05:30,upi,1165.00,0.00,118.62,1165.00,completed,2026-07-21T12:30:00+05:30
SALE-001179,SHOP-004,CUST-0076,2026-07-21T08:40:00+05:30,upi,289.00,0.00,20.96,289.00,completed,2026-07-21T08:40:00+05:30
SALE-001180,SHOP-006,CUST-0105,2026-07-21T13:50:00+05:30,credit,355.00,0.00,16.90,355.00,completed,2026-07-21T13:50:00+05:30
SALE-001181,SHOP-006,CUST-0117,2026-07-21T20:20:00+05:30,credit,360.00,0.00,20.71,360.00,completed,2026-07-21T20:20:00+05:30
SALE-001182,SHOP-006,,2026-07-21T08:00:00+05:30,cash,205.00,0.00,12.14,205.00,completed,2026-07-21T08:00:00+05:30
SALE-001183,SHOP-007,CUST-0139,2026-07-21T10:10:00+05:30,credit,336.00,0.00,22.78,336.00,completed,2026-07-21T10:10:00+05:30
SALE-001184,SHOP-008,CUST-0162,2026-07-21T14:00:00+05:30,cash,1010.00,0.00,208.36,1010.00,completed,2026-07-21T14:00:00+05:30
SALE-001185,SHOP-009,,2026-07-21T11:30:00+05:30,cash,20.00,0.00,2.14,20.00,completed,2026-07-21T11:30:00+05:30
SALE-001186,SHOP-011,CUST-0216,2026-07-21T17:50:00+05:30,credit,300.00,0.00,14.29,300.00,completed,2026-07-21T17:50:00+05:30
SALE-001187,SHOP-011,CUST-0203,2026-07-21T18:00:00+05:30,cash,416.00,0.00,23.80,416.00,completed,2026-07-21T18:00:00+05:30
SALE-001188,SHOP-012,,2026-07-21T13:30:00+05:30,cash,158.00,0.00,1.81,158.00,completed,2026-07-21T13:30:00+05:30
SALE-001189,SHOP-013,CUST-0249,2026-07-21T08:40:00+05:30,upi,994.00,0.00,47.33,994.00,completed,2026-07-21T08:40:00+05:30
SALE-001190,SHOP-013,CUST-0268,2026-07-21T08:10:00+05:30,cash,290.00,0.00,34.03,290.00,completed,2026-07-21T08:10:00+05:30
SALE-001191,SHOP-016,,2026-07-21T08:10:00+05:30,cash,1095.00,0.00,167.03,1095.00,completed,2026-07-21T08:10:00+05:30
SALE-001192,SHOP-017,CUST-0340,2026-07-21T14:50:00+05:30,cash,175.00,0.00,11.01,175.00,completed,2026-07-21T14:50:00+05:30
SALE-001193,SHOP-017,CUST-0352,2026-07-21T20:20:00+05:30,upi,4185.00,0.00,205.58,4185.00,completed,2026-07-21T20:20:00+05:30
SALE-001194,SHOP-017,CUST-0336,2026-07-21T14:00:00+05:30,cash,46.00,0.00,2.19,46.00,completed,2026-07-21T14:00:00+05:30
SALE-001195,SHOP-018,CUST-0372,2026-07-21T15:10:00+05:30,credit,85.00,0.00,0.00,85.00,completed,2026-07-21T15:10:00+05:30
SALE-001196,SHOP-018,,2026-07-21T18:00:00+05:30,card,285.00,0.00,41.19,285.00,completed,2026-07-21T18:00:00+05:30
SALE-001197,SHOP-018,CUST-0369,2026-07-21T20:10:00+05:30,cash,80.00,0.00,0.00,80.00,completed,2026-07-21T20:10:00+05:30
SALE-001198,SHOP-019,CUST-0386,2026-07-21T18:30:00+05:30,credit,330.00,0.00,50.34,330.00,completed,2026-07-21T18:30:00+05:30
SALE-001199,SHOP-020,CUST-0402,2026-07-21T20:30:00+05:30,credit,1320.00,0.00,62.86,1320.00,completed,2026-07-21T20:30:00+05:30
SALE-001200,SHOP-020,CUST-0406,2026-07-21T18:30:00+05:30,credit,490.00,0.00,48.20,490.00,completed,2026-07-21T18:30:00+05:30
SALE-001201,SHOP-020,CUST-0408,2026-07-21T19:10:00+05:30,upi,940.00,28.20,49.53,911.80,completed,2026-07-21T19:10:00+05:30
SALE-001202,SHOP-020,CUST-0400,2026-07-21T16:40:00+05:30,credit,75.00,0.00,7.63,75.00,completed,2026-07-21T16:40:00+05:30
SALE-001203,SHOP-021,CUST-0445,2026-07-21T14:10:00+05:30,upi,12.00,0.00,1.29,12.00,completed,2026-07-21T14:10:00+05:30
SALE-001204,SHOP-023,CUST-0472,2026-07-21T17:50:00+05:30,upi,2850.00,0.00,138.39,2850.00,completed,2026-07-21T17:50:00+05:30
SALE-001205,SHOP-024,,2026-07-21T08:50:00+05:30,upi,40.00,0.00,0.00,40.00,completed,2026-07-21T08:50:00+05:30
SALE-001206,SHOP-025,CUST-0503,2026-07-21T10:30:00+05:30,credit,1200.00,0.00,183.05,1200.00,completed,2026-07-21T10:30:00+05:30
SALE-001207,SHOP-025,CUST-0507,2026-07-21T14:50:00+05:30,upi,285.00,0.00,43.47,285.00,completed,2026-07-21T14:50:00+05:30
SALE-001208,SHOP-026,CUST-0530,2026-07-21T16:50:00+05:30,upi,130.00,0.00,6.19,130.00,completed,2026-07-21T16:50:00+05:30
SALE-001209,SHOP-027,CUST-0564,2026-07-21T09:10:00+05:30,cash,36.00,0.00,5.49,36.00,completed,2026-07-21T09:10:00+05:30
SALE-001210,SHOP-028,CUST-0580,2026-07-21T10:50:00+05:30,credit,215.00,0.00,27.46,215.00,completed,2026-07-21T10:50:00+05:30
SALE-001211,SHOP-030,CUST-0619,2026-07-21T15:00:00+05:30,credit,225.00,0.00,4.58,225.00,completed,2026-07-21T15:00:00+05:30
SALE-001212,SHOP-032,,2026-07-21T18:30:00+05:30,cash,380.00,0.00,18.10,380.00,completed,2026-07-21T18:30:00+05:30
SALE-001213,SHOP-032,,2026-07-21T08:10:00+05:30,cash,156.00,0.00,14.46,156.00,completed,2026-07-21T08:10:00+05:30
SALE-001214,SHOP-033,CUST-0686,2026-07-21T11:30:00+05:30,cash,106.00,0.00,5.05,106.00,completed,2026-07-21T11:30:00+05:30
SALE-001215,SHOP-034,,2026-07-21T15:10:00+05:30,upi,5.00,0.00,0.54,5.00,completed,2026-07-21T15:10:00+05:30
SALE-001216,SHOP-035,,2026-07-21T19:50:00+05:30,upi,3295.00,0.00,502.63,3295.00,completed,2026-07-21T19:50:00+05:30
SALE-001217,SHOP-037,,2026-07-21T13:50:00+05:30,cash,160.00,0.00,24.41,160.00,completed,2026-07-21T13:50:00+05:30
SALE-001218,SHOP-038,CUST-0779,2026-07-21T18:50:00+05:30,cash,1020.00,0.00,109.29,1020.00,completed,2026-07-21T18:50:00+05:30
SALE-001219,SHOP-039,CUST-0804,2026-07-21T14:10:00+05:30,upi,50.00,0.00,0.00,50.00,completed,2026-07-21T14:10:00+05:30
SALE-001220,SHOP-039,,2026-07-21T18:30:00+05:30,upi,101.00,0.00,7.43,101.00,completed,2026-07-21T18:30:00+05:30
SALE-001221,SHOP-040,CUST-0817,2026-07-21T17:40:00+05:30,credit,340.00,0.00,36.43,340.00,completed,2026-07-21T17:40:00+05:30
SALE-001222,SHOP-040,CUST-0824,2026-07-21T18:30:00+05:30,upi,70.00,0.00,10.68,70.00,completed,2026-07-21T18:30:00+05:30
SALE-001223,SHOP-040,CUST-0816,2026-07-21T17:50:00+05:30,card,146.00,0.00,18.73,146.00,completed,2026-07-21T17:50:00+05:30
SALE-001224,SHOP-043,CUST-0883,2026-07-21T09:40:00+05:30,cash,233.00,0.00,16.34,233.00,completed,2026-07-21T09:40:00+05:30
SALE-001225,SHOP-044,CUST-0894,2026-07-21T11:20:00+05:30,upi,35.00,0.00,0.00,35.00,completed,2026-07-21T11:20:00+05:30
SALE-001226,SHOP-044,CUST-0893,2026-07-21T11:20:00+05:30,cash,25.00,0.00,3.81,25.00,completed,2026-07-21T11:20:00+05:30
SALE-001227,SHOP-046,,2026-07-21T15:40:00+05:30,upi,227.00,0.00,34.40,227.00,completed,2026-07-21T15:40:00+05:30
SALE-001228,SHOP-047,CUST-0963,2026-07-21T11:10:00+05:30,upi,349.00,0.00,53.24,349.00,completed,2026-07-21T11:10:00+05:30
SALE-001229,SHOP-048,CUST-0978,2026-07-21T14:10:00+05:30,credit,2880.00,0.00,439.32,2880.00,completed,2026-07-21T14:10:00+05:30
SALE-001230,SHOP-049,,2026-07-21T12:00:00+05:30,upi,605.00,0.00,42.86,605.00,completed,2026-07-21T12:00:00+05:30
SALE-001231,SHOP-050,CUST-1012,2026-07-21T16:10:00+05:30,credit,528.00,26.40,18.40,501.60,completed,2026-07-21T16:10:00+05:30
SALE-001232,SHOP-050,CUST-1016,2026-07-21T12:30:00+05:30,upi,58.00,0.00,3.95,58.00,completed,2026-07-21T12:30:00+05:30
SALE-001233,SHOP-050,,2026-07-21T20:40:00+05:30,cash,356.00,0.00,27.97,356.00,completed,2026-07-21T20:40:00+05:30
SALE-001234,SHOP-050,CUST-1023,2026-07-21T08:20:00+05:30,upi,40.00,0.00,1.61,40.00,completed,2026-07-21T08:20:00+05:30
SALE-001235,SHOP-001,CUST-0010,2026-07-22T16:50:00+05:30,credit,300.00,0.00,14.29,300.00,completed,2026-07-22T16:50:00+05:30
SALE-001236,SHOP-001,,2026-07-22T11:50:00+05:30,upi,50.00,0.00,7.63,50.00,completed,2026-07-22T11:50:00+05:30
SALE-001237,SHOP-001,CUST-0009,2026-07-22T10:10:00+05:30,credit,18.00,0.00,0.86,18.00,completed,2026-07-22T10:10:00+05:30
SALE-001238,SHOP-002,,2026-07-22T10:00:00+05:30,cash,935.00,0.00,142.63,935.00,completed,2026-07-22T10:00:00+05:30
SALE-001239,SHOP-004,CUST-0066,2026-07-22T19:40:00+05:30,credit,60.00,0.00,2.86,60.00,completed,2026-07-22T19:40:00+05:30
SALE-001240,SHOP-004,CUST-0070,2026-07-22T17:10:00+05:30,credit,95.00,0.00,4.52,95.00,completed,2026-07-22T17:10:00+05:30
SALE-001241,SHOP-004,CUST-0071,2026-07-22T18:50:00+05:30,credit,340.00,0.00,36.43,340.00,completed,2026-07-22T18:50:00+05:30
SALE-001242,SHOP-006,CUST-0108,2026-07-22T11:50:00+05:30,credit,1245.00,0.00,59.29,1245.00,completed,2026-07-22T11:50:00+05:30
SALE-001243,SHOP-006,CUST-0111,2026-07-22T20:20:00+05:30,credit,190.00,0.00,9.05,190.00,completed,2026-07-22T20:20:00+05:30
SALE-001244,SHOP-006,CUST-0114,2026-07-22T12:10:00+05:30,credit,200.00,0.00,9.52,200.00,completed,2026-07-22T12:10:00+05:30
SALE-001245,SHOP-007,,2026-07-22T15:50:00+05:30,upi,290.00,0.00,31.07,290.00,completed,2026-07-22T15:50:00+05:30
SALE-001246,SHOP-007,,2026-07-22T18:20:00+05:30,upi,190.00,0.00,9.05,190.00,completed,2026-07-22T18:20:00+05:30
SALE-001247,SHOP-007,CUST-0141,2026-07-22T14:30:00+05:30,credit,60.00,0.00,6.43,60.00,completed,2026-07-22T14:30:00+05:30
SALE-001248,SHOP-009,,2026-07-22T14:30:00+05:30,upi,265.00,0.00,40.42,265.00,completed,2026-07-22T14:30:00+05:30
SALE-001249,SHOP-011,,2026-07-22T12:30:00+05:30,upi,92.00,0.00,4.38,92.00,completed,2026-07-22T12:30:00+05:30
SALE-001250,SHOP-011,CUST-0213,2026-07-22T12:10:00+05:30,credit,712.00,0.00,41.77,712.00,completed,2026-07-22T12:10:00+05:30
SALE-001251,SHOP-011,,2026-07-22T18:50:00+05:30,cash,543.00,0.00,44.74,543.00,completed,2026-07-22T18:50:00+05:30
SALE-001252,SHOP-011,,2026-07-22T13:20:00+05:30,upi,76.00,0.00,3.62,76.00,completed,2026-07-22T13:20:00+05:30
SALE-001253,SHOP-012,CUST-0241,2026-07-22T15:40:00+05:30,cash,286.00,0.00,9.52,286.00,completed,2026-07-22T15:40:00+05:30
SALE-001254,SHOP-013,,2026-07-22T18:40:00+05:30,upi,190.00,0.00,9.05,190.00,completed,2026-07-22T18:40:00+05:30
SALE-001255,SHOP-013,CUST-0260,2026-07-22T14:00:00+05:30,upi,402.00,0.00,19.14,402.00,completed,2026-07-22T14:00:00+05:30
SALE-001256,SHOP-013,CUST-0253,2026-07-22T15:40:00+05:30,credit,35.00,0.00,1.67,35.00,completed,2026-07-22T15:40:00+05:30
SALE-001257,SHOP-014,CUST-0276,2026-07-22T11:40:00+05:30,cash,25.00,0.00,3.81,25.00,completed,2026-07-22T11:40:00+05:30
SALE-001258,SHOP-015,CUST-0298,2026-07-22T14:10:00+05:30,cash,495.00,0.00,70.97,495.00,completed,2026-07-22T14:10:00+05:30
SALE-001259,SHOP-017,,2026-07-22T09:10:00+05:30,upi,985.00,49.25,45.13,935.75,completed,2026-07-22T09:10:00+05:30
SALE-001260,SHOP-017,CUST-0345,2026-07-22T08:30:00+05:30,cash,95.00,0.00,9.77,95.00,completed,2026-07-22T08:30:00+05:30
SALE-001261,SHOP-017,,2026-07-22T20:40:00+05:30,cash,520.00,0.00,25.36,520.00,completed,2026-07-22T20:40:00+05:30
SALE-001262,SHOP-017,CUST-0335,2026-07-22T15:50:00+05:30,credit,219.00,0.00,11.32,219.00,completed,2026-07-22T15:50:00+05:30
SALE-001263,SHOP-018,,2026-07-22T19:20:00+05:30,upi,96.00,0.00,0.00,96.00,completed,2026-07-22T19:20:00+05:30
SALE-001264,SHOP-019,CUST-0374,2026-07-22T14:00:00+05:30,cash,300.00,0.00,45.76,300.00,completed,2026-07-22T14:00:00+05:30
SALE-001265,SHOP-019,,2026-07-22T08:10:00+05:30,upi,599.00,0.00,91.37,599.00,completed,2026-07-22T08:10:00+05:30
SALE-001266,SHOP-020,,2026-07-22T19:00:00+05:30,card,380.00,0.00,18.10,380.00,completed,2026-07-22T19:00:00+05:30
SALE-001267,SHOP-020,,2026-07-22T13:20:00+05:30,upi,496.00,0.00,23.62,496.00,completed,2026-07-22T13:20:00+05:30
SALE-001268,SHOP-020,CUST-0426,2026-07-22T09:30:00+05:30,cash,195.00,0.00,0.00,195.00,completed,2026-07-22T09:30:00+05:30
SALE-001269,SHOP-022,CUST-0456,2026-07-22T20:30:00+05:30,upi,1297.00,0.00,197.85,1297.00,completed,2026-07-22T20:30:00+05:30
SALE-001270,SHOP-025,,2026-07-22T18:00:00+05:30,upi,40.00,0.00,6.10,40.00,completed,2026-07-22T18:00:00+05:30
SALE-001271,SHOP-026,CUST-0540,2026-07-22T14:30:00+05:30,upi,170.00,0.00,14.49,170.00,completed,2026-07-22T14:30:00+05:30
SALE-001272,SHOP-026,,2026-07-22T11:40:00+05:30,upi,85.00,0.00,9.15,85.00,completed,2026-07-22T11:40:00+05:30
SALE-001273,SHOP-026,,2026-07-22T17:00:00+05:30,upi,360.00,0.00,17.14,360.00,completed,2026-07-22T17:00:00+05:30
SALE-001274,SHOP-026,,2026-07-22T10:00:00+05:30,cash,190.00,0.00,11.67,190.00,completed,2026-07-22T10:00:00+05:30
SALE-001275,SHOP-028,CUST-0571,2026-07-22T12:20:00+05:30,credit,120.00,0.00,0.00,120.00,completed,2026-07-22T12:20:00+05:30
SALE-001276,SHOP-028,CUST-0580,2026-07-22T08:10:00+05:30,upi,40.00,0.00,1.90,40.00,completed,2026-07-22T08:10:00+05:30
SALE-001277,SHOP-030,CUST-0629,2026-07-22T12:40:00+05:30,cash,210.00,0.00,32.03,210.00,completed,2026-07-22T12:40:00+05:30
SALE-001278,SHOP-030,CUST-0629,2026-07-22T17:50:00+05:30,cash,195.00,0.00,0.00,195.00,completed,2026-07-22T17:50:00+05:30
SALE-001279,SHOP-031,CUST-0640,2026-07-22T10:30:00+05:30,upi,820.00,0.00,125.08,820.00,completed,2026-07-22T10:30:00+05:30
SALE-001280,SHOP-032,CUST-0649,2026-07-22T11:00:00+05:30,upi,686.00,0.00,35.29,686.00,completed,2026-07-22T11:00:00+05:30
SALE-001281,SHOP-033,,2026-07-22T08:50:00+05:30,upi,146.00,0.00,13.73,146.00,completed,2026-07-22T08:50:00+05:30
SALE-001282,SHOP-033,,2026-07-22T20:00:00+05:30,card,80.00,0.00,0.00,80.00,completed,2026-07-22T20:00:00+05:30
SALE-001283,SHOP-035,,2026-07-22T16:10:00+05:30,cash,897.00,0.00,136.83,897.00,completed,2026-07-22T16:10:00+05:30
SALE-001284,SHOP-035,CUST-0722,2026-07-22T10:40:00+05:30,cash,698.00,0.00,106.47,698.00,completed,2026-07-22T10:40:00+05:30
SALE-001285,SHOP-035,CUST-0724,2026-07-22T20:00:00+05:30,credit,1444.00,43.32,213.66,1400.68,completed,2026-07-22T20:00:00+05:30
SALE-001286,SHOP-036,,2026-07-22T17:10:00+05:30,cash,900.00,0.00,44.05,900.00,completed,2026-07-22T17:10:00+05:30
SALE-001287,SHOP-036,,2026-07-22T18:50:00+05:30,cash,76.00,0.00,11.59,76.00,completed,2026-07-22T18:50:00+05:30
SALE-001288,SHOP-037,CUST-0751,2026-07-22T17:20:00+05:30,cash,673.00,0.00,129.81,673.00,completed,2026-07-22T17:20:00+05:30
SALE-001289,SHOP-037,,2026-07-22T14:30:00+05:30,cash,1045.00,0.00,186.55,1045.00,completed,2026-07-22T14:30:00+05:30
SALE-001290,SHOP-038,CUST-0777,2026-07-22T08:30:00+05:30,upi,180.00,0.00,8.57,180.00,completed,2026-07-22T08:30:00+05:30
SALE-001291,SHOP-039,CUST-0790,2026-07-22T15:20:00+05:30,upi,880.00,0.00,35.24,880.00,completed,2026-07-22T15:20:00+05:30
SALE-001292,SHOP-039,,2026-07-22T08:20:00+05:30,upi,210.00,0.00,32.03,210.00,completed,2026-07-22T08:20:00+05:30
SALE-001293,SHOP-039,,2026-07-22T20:00:00+05:30,cash,385.00,0.00,23.44,385.00,completed,2026-07-22T20:00:00+05:30
SALE-001294,SHOP-040,,2026-07-22T17:50:00+05:30,card,500.00,0.00,76.27,500.00,completed,2026-07-22T17:50:00+05:30
SALE-001295,SHOP-040,CUST-0824,2026-07-22T09:50:00+05:30,cash,320.00,0.00,48.81,320.00,completed,2026-07-22T09:50:00+05:30
SALE-001296,SHOP-040,CUST-0825,2026-07-22T08:00:00+05:30,cash,75.00,0.00,11.21,75.00,completed,2026-07-22T08:00:00+05:30
SALE-001297,SHOP-041,CUST-0843,2026-07-22T18:00:00+05:30,cash,796.00,0.00,121.42,796.00,completed,2026-07-22T18:00:00+05:30
SALE-001298,SHOP-042,CUST-0857,2026-07-22T12:10:00+05:30,credit,4555.00,0.00,694.83,4555.00,completed,2026-07-22T12:10:00+05:30
SALE-001299,SHOP-044,CUST-0902,2026-07-22T13:20:00+05:30,cash,121.00,0.00,3.62,121.00,completed,2026-07-22T13:20:00+05:30
SALE-001300,SHOP-045,,2026-07-22T10:20:00+05:30,cash,230.00,0.00,14.10,230.00,completed,2026-07-22T10:20:00+05:30
SALE-001301,SHOP-045,CUST-0919,2026-07-22T17:20:00+05:30,credit,440.00,0.00,20.95,440.00,completed,2026-07-22T17:20:00+05:30
SALE-001302,SHOP-045,CUST-0919,2026-07-22T14:10:00+05:30,credit,50.00,0.00,0.00,50.00,completed,2026-07-22T14:10:00+05:30
SALE-001303,SHOP-046,CUST-0949,2026-07-22T09:30:00+05:30,upi,90.00,0.00,13.73,90.00,completed,2026-07-22T09:30:00+05:30
SALE-001304,SHOP-049,,2026-07-22T17:10:00+05:30,upi,45.00,0.00,0.00,45.00,completed,2026-07-22T17:10:00+05:30
SALE-001305,SHOP-049,,2026-07-22T10:20:00+05:30,cash,115.00,0.00,0.00,115.00,completed,2026-07-22T10:20:00+05:30
SALE-001306,SHOP-049,,2026-07-22T16:00:00+05:30,upi,28.00,0.00,0.00,28.00,completed,2026-07-22T16:00:00+05:30
SALE-001307,SHOP-050,CUST-1011,2026-07-22T09:40:00+05:30,upi,390.00,0.00,18.57,390.00,completed,2026-07-22T09:40:00+05:30
SALE-001308,SHOP-050,CUST-1014,2026-07-22T17:00:00+05:30,upi,150.00,0.00,7.14,150.00,completed,2026-07-22T17:00:00+05:30
SALE-001309,SHOP-001,CUST-0008,2026-07-23T15:40:00+05:30,upi,60.00,0.00,6.43,60.00,completed,2026-07-23T15:40:00+05:30
SALE-001310,SHOP-002,CUST-0035,2026-07-23T11:50:00+05:30,credit,3600.00,0.00,549.15,3600.00,completed,2026-07-23T11:50:00+05:30
SALE-001311,SHOP-004,,2026-07-23T10:40:00+05:30,upi,133.00,0.00,0.00,133.00,completed,2026-07-23T10:40:00+05:30
SALE-001312,SHOP-004,CUST-0076,2026-07-23T10:10:00+05:30,upi,85.00,0.00,0.00,85.00,completed,2026-07-23T10:10:00+05:30
SALE-001313,SHOP-005,,2026-07-23T10:10:00+05:30,cash,845.00,0.00,128.90,845.00,completed,2026-07-23T10:10:00+05:30
SALE-001314,SHOP-005,CUST-0093,2026-07-23T10:30:00+05:30,cash,298.00,0.00,45.46,298.00,completed,2026-07-23T10:30:00+05:30
SALE-001315,SHOP-006,CUST-0112,2026-07-23T17:20:00+05:30,upi,470.00,0.00,25.53,470.00,completed,2026-07-23T17:20:00+05:30
SALE-001316,SHOP-006,CUST-0102,2026-07-23T13:10:00+05:30,upi,35.00,0.00,1.67,35.00,completed,2026-07-23T13:10:00+05:30
SALE-001317,SHOP-007,,2026-07-23T15:40:00+05:30,cash,571.00,0.00,57.66,571.00,completed,2026-07-23T15:40:00+05:30
SALE-001318,SHOP-008,CUST-0167,2026-07-23T18:00:00+05:30,credit,1762.00,52.86,260.72,1709.14,completed,2026-07-23T18:00:00+05:30
SALE-001319,SHOP-008,,2026-07-23T11:20:00+05:30,cash,1220.00,0.00,186.10,1220.00,completed,2026-07-23T11:20:00+05:30
SALE-001320,SHOP-008,CUST-0150,2026-07-23T20:30:00+05:30,credit,800.00,0.00,122.03,800.00,completed,2026-07-23T20:30:00+05:30
SALE-001321,SHOP-009,CUST-0187,2026-07-23T13:00:00+05:30,cash,145.00,0.00,16.67,145.00,completed,2026-07-23T13:00:00+05:30
SALE-001322,SHOP-011,CUST-0221,2026-07-23T14:10:00+05:30,cash,55.00,0.00,4.58,55.00,completed,2026-07-23T14:10:00+05:30
SALE-001323,SHOP-011,,2026-07-23T08:40:00+05:30,cash,318.00,0.00,15.14,318.00,completed,2026-07-23T08:40:00+05:30
SALE-001324,SHOP-011,CUST-0227,2026-07-23T17:00:00+05:30,credit,46.00,0.00,2.19,46.00,completed,2026-07-23T17:00:00+05:30
SALE-001325,SHOP-011,CUST-0230,2026-07-23T08:20:00+05:30,upi,4565.00,0.00,217.38,4565.00,completed,2026-07-23T08:20:00+05:30
SALE-001326,SHOP-012,CUST-0247,2026-07-23T11:10:00+05:30,cash,680.00,0.00,72.86,680.00,returned,2026-07-23T11:10:00+05:30
SALE-001327,SHOP-012,CUST-0241,2026-07-23T10:10:00+05:30,upi,56.00,0.00,0.00,56.00,completed,2026-07-23T10:10:00+05:30
SALE-001328,SHOP-013,,2026-07-23T19:30:00+05:30,cash,140.00,0.00,4.29,140.00,completed,2026-07-23T19:30:00+05:30
SALE-001329,SHOP-013,CUST-0254,2026-07-23T10:10:00+05:30,credit,110.00,0.00,7.02,110.00,completed,2026-07-23T10:10:00+05:30
SALE-001330,SHOP-013,CUST-0249,2026-07-23T15:50:00+05:30,credit,387.00,0.00,27.87,387.00,completed,2026-07-23T15:50:00+05:30
SALE-001331,SHOP-014,CUST-0290,2026-07-23T18:20:00+05:30,cash,5850.00,0.00,892.37,5850.00,completed,2026-07-23T18:20:00+05:30
SALE-001332,SHOP-014,CUST-0282,2026-07-23T12:40:00+05:30,card,400.00,0.00,61.02,400.00,completed,2026-07-23T12:40:00+05:30
SALE-001333,SHOP-017,CUST-0343,2026-07-23T09:30:00+05:30,cash,165.00,0.00,7.86,165.00,completed,2026-07-23T09:30:00+05:30
SALE-001334,SHOP-017,CUST-0351,2026-07-23T17:50:00+05:30,card,205.00,0.00,21.15,205.00,completed,2026-07-23T17:50:00+05:30
SALE-001335,SHOP-018,CUST-0355,2026-07-23T13:30:00+05:30,cash,98.00,0.00,4.67,98.00,completed,2026-07-23T13:30:00+05:30
SALE-001336,SHOP-020,CUST-0418,2026-07-23T12:30:00+05:30,cash,138.00,0.00,6.57,138.00,completed,2026-07-23T12:30:00+05:30
SALE-001337,SHOP-020,CUST-0414,2026-07-23T16:20:00+05:30,upi,880.00,26.40,40.65,853.60,completed,2026-07-23T16:20:00+05:30
SALE-001338,SHOP-021,,2026-07-23T15:50:00+05:30,cash,310.00,0.00,33.21,310.00,completed,2026-07-23T15:50:00+05:30
SALE-001339,SHOP-022,,2026-07-23T14:00:00+05:30,card,3193.00,0.00,487.07,3193.00,completed,2026-07-23T14:00:00+05:30
SALE-001340,SHOP-023,CUST-0478,2026-07-23T11:20:00+05:30,cash,1693.00,0.00,80.62,1693.00,completed,2026-07-23T11:20:00+05:30
SALE-001341,SHOP-023,CUST-0471,2026-07-23T17:40:00+05:30,card,310.00,0.00,18.80,310.00,completed,2026-07-23T17:40:00+05:30
SALE-001342,SHOP-024,,2026-07-23T16:00:00+05:30,upi,120.00,0.00,0.00,120.00,completed,2026-07-23T16:00:00+05:30
SALE-001343,SHOP-025,CUST-0515,2026-07-23T15:10:00+05:30,credit,730.00,0.00,138.50,730.00,completed,2026-07-23T15:10:00+05:30
SALE-001344,SHOP-026,CUST-0540,2026-07-23T19:00:00+05:30,upi,46.00,0.00,2.19,46.00,completed,2026-07-23T19:00:00+05:30
SALE-001345,SHOP-026,CUST-0524,2026-07-23T08:40:00+05:30,upi,505.00,0.00,22.86,505.00,completed,2026-07-23T08:40:00+05:30
SALE-001346,SHOP-026,,2026-07-23T11:40:00+05:30,upi,300.00,0.00,14.29,300.00,completed,2026-07-23T11:40:00+05:30
SALE-001347,SHOP-026,,2026-07-23T19:00:00+05:30,upi,40.00,0.00,4.29,40.00,completed,2026-07-23T19:00:00+05:30
SALE-001348,SHOP-027,CUST-0554,2026-07-23T10:00:00+05:30,upi,220.00,0.00,27.20,220.00,completed,2026-07-23T10:00:00+05:30
SALE-001349,SHOP-028,CUST-0579,2026-07-23T20:50:00+05:30,upi,663.00,33.15,44.13,629.85,completed,2026-07-23T20:50:00+05:30
SALE-001350,SHOP-028,,2026-07-23T09:30:00+05:30,upi,180.00,0.00,27.46,180.00,completed,2026-07-23T09:30:00+05:30
SALE-001351,SHOP-029,,2026-07-23T16:10:00+05:30,upi,947.00,0.00,144.46,947.00,completed,2026-07-23T16:10:00+05:30
SALE-001352,SHOP-032,,2026-07-23T17:00:00+05:30,cash,830.00,0.00,39.52,830.00,completed,2026-07-23T17:00:00+05:30
SALE-001353,SHOP-032,,2026-07-23T12:30:00+05:30,cash,585.00,29.25,0.00,555.75,completed,2026-07-23T12:30:00+05:30
SALE-001354,SHOP-034,CUST-0704,2026-07-23T10:30:00+05:30,cash,325.00,0.00,36.86,325.00,completed,2026-07-23T10:30:00+05:30
SALE-001355,SHOP-035,CUST-0711,2026-07-23T11:20:00+05:30,cash,4395.00,0.00,670.42,4395.00,completed,2026-07-23T11:20:00+05:30
SALE-001356,SHOP-036,CUST-0743,2026-07-23T19:40:00+05:30,cash,495.00,0.00,23.57,495.00,completed,2026-07-23T19:40:00+05:30
SALE-001357,SHOP-037,,2026-07-23T20:40:00+05:30,cash,5500.00,0.00,866.13,5500.00,completed,2026-07-23T20:40:00+05:30
SALE-001358,SHOP-037,CUST-0762,2026-07-23T19:50:00+05:30,credit,956.00,0.00,145.83,956.00,completed,2026-07-23T19:50:00+05:30
SALE-001359,SHOP-038,CUST-0775,2026-07-23T08:20:00+05:30,cash,285.00,0.00,13.57,285.00,completed,2026-07-23T08:20:00+05:30
SALE-001360,SHOP-038,CUST-0775,2026-07-23T11:50:00+05:30,card,185.00,0.00,14.06,185.00,completed,2026-07-23T11:50:00+05:30
SALE-001361,SHOP-039,,2026-07-23T11:00:00+05:30,upi,450.00,0.00,21.43,450.00,completed,2026-07-23T11:00:00+05:30
SALE-001362,SHOP-039,CUST-0791,2026-07-23T17:10:00+05:30,cash,90.00,0.00,4.29,90.00,completed,2026-07-23T17:10:00+05:30
SALE-001363,SHOP-043,CUST-0880,2026-07-23T08:40:00+05:30,upi,300.00,0.00,14.29,300.00,completed,2026-07-23T08:40:00+05:30
SALE-001364,SHOP-044,,2026-07-23T14:40:00+05:30,cash,561.00,28.05,47.71,532.95,completed,2026-07-23T14:40:00+05:30
SALE-001365,SHOP-045,,2026-07-23T09:00:00+05:30,cash,75.00,0.00,11.44,75.00,completed,2026-07-23T09:00:00+05:30
SALE-001366,SHOP-045,,2026-07-23T12:10:00+05:30,upi,1052.00,0.00,63.32,1052.00,completed,2026-07-23T12:10:00+05:30
SALE-001367,SHOP-047,CUST-0964,2026-07-23T14:30:00+05:30,cash,2096.00,0.00,319.73,2096.00,completed,2026-07-23T14:30:00+05:30
SALE-001368,SHOP-048,CUST-0985,2026-07-23T14:40:00+05:30,credit,580.00,0.00,88.47,580.00,completed,2026-07-23T14:40:00+05:30
SALE-001369,SHOP-049,CUST-0999,2026-07-23T18:30:00+05:30,credit,260.00,0.00,6.43,260.00,completed,2026-07-23T18:30:00+05:30
SALE-001370,SHOP-050,,2026-07-23T11:20:00+05:30,upi,150.00,0.00,8.33,150.00,completed,2026-07-23T11:20:00+05:30
SALE-001371,SHOP-050,CUST-1010,2026-07-23T14:20:00+05:30,upi,50.00,0.00,0.00,50.00,completed,2026-07-23T14:20:00+05:30
SALE-001372,SHOP-050,,2026-07-23T08:20:00+05:30,cash,2750.00,0.00,130.95,2750.00,completed,2026-07-23T08:20:00+05:30
SALE-001373,SHOP-050,CUST-1009,2026-07-23T10:40:00+05:30,upi,516.00,0.00,24.57,516.00,completed,2026-07-23T10:40:00+05:30
SALE-001374,SHOP-002,CUST-0031,2026-07-24T08:30:00+05:30,upi,570.00,0.00,86.95,570.00,completed,2026-07-24T08:30:00+05:30
SALE-001375,SHOP-003,CUST-0046,2026-07-24T18:50:00+05:30,upi,120.00,0.00,18.31,120.00,returned,2026-07-24T18:50:00+05:30
SALE-001376,SHOP-004,CUST-0073,2026-07-24T20:50:00+05:30,credit,50.00,0.00,4.17,50.00,completed,2026-07-24T20:50:00+05:30
SALE-001377,SHOP-004,CUST-0074,2026-07-24T15:20:00+05:30,upi,90.00,0.00,2.86,90.00,completed,2026-07-24T15:20:00+05:30
SALE-001378,SHOP-004,CUST-0078,2026-07-24T09:20:00+05:30,credit,410.00,0.00,40.24,410.00,completed,2026-07-24T09:20:00+05:30
SALE-001379,SHOP-005,,2026-07-24T11:50:00+05:30,upi,2459.00,0.00,375.10,2459.00,completed,2026-07-24T11:50:00+05:30
SALE-001380,SHOP-005,,2026-07-24T11:30:00+05:30,upi,1596.00,0.00,243.46,1596.00,completed,2026-07-24T11:30:00+05:30
SALE-001381,SHOP-006,CUST-0105,2026-07-24T08:40:00+05:30,upi,50.00,0.00,7.63,50.00,completed,2026-07-24T08:40:00+05:30
SALE-001382,SHOP-006,,2026-07-24T17:40:00+05:30,upi,214.00,0.00,10.19,214.00,completed,2026-07-24T17:40:00+05:30
SALE-001383,SHOP-006,CUST-0121,2026-07-24T19:20:00+05:30,card,125.00,0.00,7.63,125.00,completed,2026-07-24T19:20:00+05:30
SALE-001384,SHOP-008,,2026-07-24T19:00:00+05:30,cash,970.00,0.00,202.26,970.00,completed,2026-07-24T19:00:00+05:30
SALE-001385,SHOP-009,,2026-07-24T10:40:00+05:30,upi,220.00,0.00,29.70,220.00,completed,2026-07-24T10:40:00+05:30
SALE-001386,SHOP-011,CUST-0232,2026-07-24T13:00:00+05:30,cash,120.00,0.00,5.71,120.00,completed,2026-07-24T13:00:00+05:30
SALE-001387,SHOP-013,CUST-0254,2026-07-24T11:10:00+05:30,cash,1120.00,0.00,53.33,1120.00,completed,2026-07-24T11:10:00+05:30
SALE-001388,SHOP-013,,2026-07-24T11:50:00+05:30,cash,280.00,0.00,21.20,280.00,completed,2026-07-24T11:50:00+05:30
SALE-001389,SHOP-013,CUST-0248,2026-07-24T10:40:00+05:30,upi,295.00,0.00,4.76,295.00,completed,2026-07-24T10:40:00+05:30
SALE-001390,SHOP-016,CUST-0319,2026-07-24T09:00:00+05:30,cash,4742.00,0.00,723.36,4742.00,completed,2026-07-24T09:00:00+05:30
SALE-001391,SHOP-016,CUST-0322,2026-07-24T10:30:00+05:30,upi,3896.00,116.88,576.48,3779.12,completed,2026-07-24T10:30:00+05:30
SALE-001392,SHOP-017,CUST-0330,2026-07-24T13:30:00+05:30,upi,211.00,0.00,10.05,211.00,completed,2026-07-24T13:30:00+05:30
SALE-001393,SHOP-017,,2026-07-24T17:40:00+05:30,cash,620.00,0.00,59.95,620.00,completed,2026-07-24T17:40:00+05:30
SALE-001394,SHOP-017,,2026-07-24T11:40:00+05:30,cash,215.00,0.00,15.48,215.00,completed,2026-07-24T11:40:00+05:30
SALE-001395,SHOP-018,,2026-07-24T19:40:00+05:30,upi,98.00,0.00,4.67,98.00,completed,2026-07-24T19:40:00+05:30
SALE-001396,SHOP-018,,2026-07-24T18:00:00+05:30,cash,240.00,0.00,17.87,240.00,completed,2026-07-24T18:00:00+05:30
SALE-001397,SHOP-019,CUST-0380,2026-07-24T08:10:00+05:30,upi,855.00,0.00,157.57,855.00,completed,2026-07-24T08:10:00+05:30
SALE-001398,SHOP-020,CUST-0399,2026-07-24T15:10:00+05:30,credit,490.00,0.00,23.33,490.00,completed,2026-07-24T15:10:00+05:30
SALE-001399,SHOP-020,CUST-0400,2026-07-24T18:20:00+05:30,upi,45.00,0.00,2.14,45.00,completed,2026-07-24T18:20:00+05:30
SALE-001400,SHOP-020,CUST-0400,2026-07-24T18:50:00+05:30,cash,515.00,0.00,28.58,515.00,returned,2026-07-24T18:50:00+05:30
SALE-001401,SHOP-021,CUST-0431,2026-07-24T20:20:00+05:30,cash,256.00,0.00,34.51,256.00,completed,2026-07-24T20:20:00+05:30
SALE-001402,SHOP-021,,2026-07-24T09:50:00+05:30,upi,170.00,0.00,18.21,170.00,completed,2026-07-24T09:50:00+05:30
SALE-001403,SHOP-024,,2026-07-24T08:20:00+05:30,cash,470.00,0.00,58.53,470.00,completed,2026-07-24T08:20:00+05:30
SALE-001404,SHOP-024,CUST-0493,2026-07-24T08:20:00+05:30,cash,678.00,0.00,56.26,678.00,completed,2026-07-24T08:20:00+05:30
SALE-001405,SHOP-026,CUST-0535,2026-07-24T13:40:00+05:30,credit,338.00,0.00,46.89,338.00,completed,2026-07-24T13:40:00+05:30
SALE-001406,SHOP-026,CUST-0544,2026-07-24T20:10:00+05:30,cash,152.00,0.00,7.24,152.00,returned,2026-07-24T20:10:00+05:30
SALE-001407,SHOP-026,CUST-0541,2026-07-24T16:50:00+05:30,credit,615.00,12.30,35.74,602.70,completed,2026-07-24T16:50:00+05:30
SALE-001408,SHOP-026,CUST-0525,2026-07-24T11:20:00+05:30,cash,120.00,0.00,5.71,120.00,completed,2026-07-24T11:20:00+05:30
SALE-001409,SHOP-027,CUST-0550,2026-07-24T13:10:00+05:30,upi,210.00,0.00,32.03,210.00,completed,2026-07-24T13:10:00+05:30
SALE-001410,SHOP-028,,2026-07-24T09:50:00+05:30,cash,135.00,0.00,0.00,135.00,completed,2026-07-24T09:50:00+05:30
SALE-001411,SHOP-029,,2026-07-24T09:50:00+05:30,upi,447.00,0.00,68.19,447.00,completed,2026-07-24T09:50:00+05:30
SALE-001412,SHOP-030,,2026-07-24T08:00:00+05:30,cash,1444.00,0.00,70.55,1444.00,completed,2026-07-24T08:00:00+05:30
SALE-001413,SHOP-033,CUST-0670,2026-07-24T20:40:00+05:30,credit,365.00,0.00,32.30,365.00,completed,2026-07-24T20:40:00+05:30
SALE-001414,SHOP-034,CUST-0704,2026-07-24T14:00:00+05:30,cash,22.00,0.00,2.36,22.00,completed,2026-07-24T14:00:00+05:30
SALE-001415,SHOP-035,CUST-0719,2026-07-24T10:30:00+05:30,upi,4944.00,0.00,754.17,4944.00,completed,2026-07-24T10:30:00+05:30
SALE-001416,SHOP-035,CUST-0716,2026-07-24T13:20:00+05:30,upi,2996.00,0.00,457.02,2996.00,completed,2026-07-24T13:20:00+05:30
SALE-001417,SHOP-036,CUST-0741,2026-07-24T18:50:00+05:30,credit,143.00,0.00,17.83,143.00,completed,2026-07-24T18:50:00+05:30
SALE-001418,SHOP-037,,2026-07-24T11:00:00+05:30,upi,1020.00,0.00,155.59,1020.00,completed,2026-07-24T11:00:00+05:30
SALE-001419,SHOP-037,CUST-0771,2026-07-24T10:50:00+05:30,cash,820.00,24.60,173.99,795.40,completed,2026-07-24T10:50:00+05:30
SALE-001420,SHOP-038,CUST-0776,2026-07-24T13:30:00+05:30,credit,160.00,0.00,0.00,160.00,completed,2026-07-24T13:30:00+05:30
SALE-001421,SHOP-039,CUST-0805,2026-07-24T08:00:00+05:30,upi,880.00,0.00,41.90,880.00,completed,2026-07-24T08:00:00+05:30
SALE-001422,SHOP-039,CUST-0797,2026-07-24T19:00:00+05:30,upi,220.00,0.00,29.36,220.00,completed,2026-07-24T19:00:00+05:30
SALE-001423,SHOP-039,,2026-07-24T08:30:00+05:30,upi,796.00,0.00,10.05,796.00,completed,2026-07-24T08:30:00+05:30
SALE-001424,SHOP-041,,2026-07-24T09:40:00+05:30,cash,1244.00,0.00,189.76,1244.00,completed,2026-07-24T09:40:00+05:30
SALE-001425,SHOP-042,,2026-07-24T18:20:00+05:30,upi,3810.00,0.00,581.19,3810.00,completed,2026-07-24T18:20:00+05:30
SALE-001426,SHOP-043,CUST-0886,2026-07-24T12:40:00+05:30,cash,220.00,0.00,29.06,220.00,returned,2026-07-24T12:40:00+05:30
SALE-001427,SHOP-044,CUST-0895,2026-07-24T18:50:00+05:30,upi,275.00,0.00,11.43,275.00,completed,2026-07-24T18:50:00+05:30
SALE-001428,SHOP-044,CUST-0899,2026-07-24T10:40:00+05:30,upi,120.00,0.00,5.71,120.00,completed,2026-07-24T10:40:00+05:30
SALE-001429,SHOP-045,CUST-0917,2026-07-24T16:50:00+05:30,upi,550.00,11.00,28.47,539.00,completed,2026-07-24T16:50:00+05:30
SALE-001430,SHOP-045,,2026-07-24T14:30:00+05:30,upi,720.00,0.00,27.15,720.00,completed,2026-07-24T14:30:00+05:30
SALE-001431,SHOP-046,CUST-0944,2026-07-24T08:20:00+05:30,credit,266.00,0.00,35.13,266.00,completed,2026-07-24T08:20:00+05:30
SALE-001432,SHOP-049,CUST-0997,2026-07-24T19:10:00+05:30,credit,225.00,0.00,16.59,225.00,completed,2026-07-24T19:10:00+05:30
SALE-001433,SHOP-050,,2026-07-24T10:20:00+05:30,upi,241.00,0.00,19.45,241.00,completed,2026-07-24T10:20:00+05:30
SALE-001434,SHOP-050,CUST-1035,2026-07-24T14:10:00+05:30,upi,15.00,0.00,1.61,15.00,completed,2026-07-24T14:10:00+05:30
SALE-001435,SHOP-001,CUST-0024,2026-07-25T19:00:00+05:30,upi,75.00,0.00,11.44,75.00,completed,2026-07-25T19:00:00+05:30
SALE-001436,SHOP-005,CUST-0100,2026-07-25T12:00:00+05:30,upi,2298.00,0.00,350.54,2298.00,completed,2026-07-25T12:00:00+05:30
SALE-001437,SHOP-005,,2026-07-25T12:00:00+05:30,cash,1047.00,0.00,159.71,1047.00,completed,2026-07-25T12:00:00+05:30
SALE-001438,SHOP-006,,2026-07-25T11:30:00+05:30,cash,190.00,0.00,9.05,190.00,completed,2026-07-25T11:30:00+05:30
SALE-001439,SHOP-008,CUST-0151,2026-07-25T10:50:00+05:30,credit,259.00,0.00,39.51,259.00,completed,2026-07-25T10:50:00+05:30
SALE-001440,SHOP-009,CUST-0190,2026-07-25T16:30:00+05:30,upi,17.00,0.00,2.37,17.00,completed,2026-07-25T16:30:00+05:30
SALE-001441,SHOP-010,,2026-07-25T12:30:00+05:30,cash,298.00,0.00,45.46,298.00,returned,2026-07-25T12:30:00+05:30
SALE-001442,SHOP-011,,2026-07-25T18:10:00+05:30,cash,165.00,0.00,7.86,165.00,completed,2026-07-25T18:10:00+05:30
SALE-001443,SHOP-011,CUST-0213,2026-07-25T10:30:00+05:30,cash,80.00,0.00,3.81,80.00,completed,2026-07-25T10:30:00+05:30
SALE-001444,SHOP-011,,2026-07-25T10:00:00+05:30,cash,3293.00,0.00,180.73,3293.00,completed,2026-07-25T10:00:00+05:30
SALE-001445,SHOP-011,CUST-0208,2026-07-25T14:40:00+05:30,cash,495.00,0.00,23.57,495.00,completed,2026-07-25T14:40:00+05:30
SALE-001446,SHOP-012,CUST-0241,2026-07-25T20:10:00+05:30,upi,142.00,0.00,5.43,142.00,completed,2026-07-25T20:10:00+05:30
SALE-001447,SHOP-013,CUST-0268,2026-07-25T12:50:00+05:30,credit,315.00,0.00,16.67,315.00,completed,2026-07-25T12:50:00+05:30
SALE-001448,SHOP-013,CUST-0267,2026-07-25T13:00:00+05:30,cash,20.00,0.00,2.14,20.00,completed,2026-07-25T13:00:00+05:30
SALE-001449,SHOP-014,CUST-0292,2026-07-25T11:50:00+05:30,cash,85.00,0.00,12.97,85.00,completed,2026-07-25T11:50:00+05:30
SALE-001450,SHOP-015,,2026-07-25T10:40:00+05:30,upi,432.00,0.00,53.19,432.00,completed,2026-07-25T10:40:00+05:30
SALE-001451,SHOP-016,,2026-07-25T17:30:00+05:30,upi,2145.00,0.00,327.20,2145.00,completed,2026-07-25T17:30:00+05:30
SALE-001452,SHOP-016,CUST-0311,2026-07-25T12:30:00+05:30,cash,496.00,0.00,75.66,496.00,completed,2026-07-25T12:30:00+05:30
SALE-001453,SHOP-017,CUST-0347,2026-07-25T17:50:00+05:30,upi,511.00,0.00,32.31,511.00,completed,2026-07-25T17:50:00+05:30
SALE-001454,SHOP-017,CUST-0335,2026-07-25T09:30:00+05:30,credit,315.00,0.00,18.27,315.00,completed,2026-07-25T09:30:00+05:30
SALE-001455,SHOP-019,CUST-0375,2026-07-25T16:20:00+05:30,credit,250.00,0.00,38.14,250.00,completed,2026-07-25T16:20:00+05:30
SALE-001456,SHOP-019,,2026-07-25T09:40:00+05:30,cash,3910.00,0.00,596.44,3910.00,completed,2026-07-25T09:40:00+05:30
SALE-001457,SHOP-020,,2026-07-25T11:20:00+05:30,upi,198.00,0.00,15.72,198.00,completed,2026-07-25T11:20:00+05:30
SALE-001458,SHOP-021,CUST-0441,2026-07-25T20:30:00+05:30,upi,490.00,0.00,62.03,490.00,completed,2026-07-25T20:30:00+05:30
SALE-001459,SHOP-023,,2026-07-25T09:20:00+05:30,upi,786.00,0.00,75.31,786.00,completed,2026-07-25T09:20:00+05:30
SALE-001460,SHOP-024,CUST-0498,2026-07-25T20:00:00+05:30,upi,585.00,0.00,38.89,585.00,completed,2026-07-25T20:00:00+05:30
SALE-001461,SHOP-026,,2026-07-25T11:00:00+05:30,upi,65.00,0.00,5.72,65.00,completed,2026-07-25T11:00:00+05:30
SALE-001462,SHOP-026,,2026-07-25T17:30:00+05:30,upi,1300.00,65.00,58.81,1235.00,completed,2026-07-25T17:30:00+05:30
SALE-001463,SHOP-027,CUST-0550,2026-07-25T19:30:00+05:30,upi,36.00,0.00,5.22,36.00,completed,2026-07-25T19:30:00+05:30
SALE-001464,SHOP-027,CUST-0566,2026-07-25T19:30:00+05:30,cash,595.00,11.90,62.48,583.10,completed,2026-07-25T19:30:00+05:30
SALE-001465,SHOP-028,CUST-0589,2026-07-25T09:40:00+05:30,credit,90.00,0.00,2.86,90.00,completed,2026-07-25T09:40:00+05:30
SALE-001466,SHOP-028,CUST-0574,2026-07-25T19:50:00+05:30,credit,76.00,0.00,3.62,76.00,completed,2026-07-25T19:50:00+05:30
SALE-001467,SHOP-030,CUST-0621,2026-07-25T15:40:00+05:30,credit,785.00,0.00,37.38,785.00,completed,2026-07-25T15:40:00+05:30
SALE-001468,SHOP-031,,2026-07-25T18:10:00+05:30,upi,1960.00,0.00,298.98,1960.00,completed,2026-07-25T18:10:00+05:30
SALE-001469,SHOP-032,CUST-0656,2026-07-25T08:10:00+05:30,upi,260.00,0.00,12.38,260.00,completed,2026-07-25T08:10:00+05:30
SALE-001470,SHOP-032,CUST-0659,2026-07-25T14:30:00+05:30,cash,71.00,0.00,6.00,71.00,completed,2026-07-25T14:30:00+05:30
SALE-001471,SHOP-033,CUST-0679,2026-07-25T11:00:00+05:30,upi,56.00,0.00,0.00,56.00,completed,2026-07-25T11:00:00+05:30
SALE-001472,SHOP-033,CUST-0671,2026-07-25T08:30:00+05:30,credit,60.00,0.00,2.86,60.00,completed,2026-07-25T08:30:00+05:30
SALE-001473,SHOP-034,CUST-0701,2026-07-25T14:20:00+05:30,upi,32.00,0.00,3.97,32.00,completed,2026-07-25T14:20:00+05:30
SALE-001474,SHOP-035,,2026-07-25T18:00:00+05:30,card,1998.00,0.00,304.78,1998.00,completed,2026-07-25T18:00:00+05:30
SALE-001475,SHOP-036,CUST-0743,2026-07-25T17:40:00+05:30,cash,732.00,0.00,33.67,732.00,completed,2026-07-25T17:40:00+05:30
SALE-001476,SHOP-036,CUST-0748,2026-07-25T16:10:00+05:30,cash,495.00,0.00,16.02,495.00,completed,2026-07-25T16:10:00+05:30
SALE-001477,SHOP-037,CUST-0752,2026-07-25T18:00:00+05:30,credit,900.00,0.00,137.29,900.00,completed,2026-07-25T18:00:00+05:30
SALE-001478,SHOP-038,CUST-0785,2026-07-25T13:40:00+05:30,upi,985.00,0.00,126.61,985.00,returned,2026-07-25T13:40:00+05:30
SALE-001479,SHOP-038,CUST-0775,2026-07-25T17:50:00+05:30,cash,658.00,0.00,77.22,658.00,completed,2026-07-25T17:50:00+05:30
SALE-001480,SHOP-039,CUST-0805,2026-07-25T09:40:00+05:30,cash,311.00,0.00,17.96,311.00,completed,2026-07-25T09:40:00+05:30
SALE-001481,SHOP-039,CUST-0791,2026-07-25T12:30:00+05:30,upi,295.00,0.00,14.05,295.00,completed,2026-07-25T12:30:00+05:30
SALE-001482,SHOP-040,CUST-0824,2026-07-25T18:10:00+05:30,cash,578.00,28.90,59.61,549.10,completed,2026-07-25T18:10:00+05:30
SALE-001483,SHOP-041,CUST-0843,2026-07-25T14:20:00+05:30,upi,744.00,0.00,113.49,744.00,completed,2026-07-25T14:20:00+05:30
SALE-001484,SHOP-042,CUST-0858,2026-07-25T18:10:00+05:30,cash,25.00,0.00,3.81,25.00,completed,2026-07-25T18:10:00+05:30
SALE-001485,SHOP-043,,2026-07-25T17:40:00+05:30,cash,65.00,0.00,6.24,65.00,completed,2026-07-25T17:40:00+05:30
SALE-001486,SHOP-044,,2026-07-25T17:40:00+05:30,cash,220.00,0.00,12.86,220.00,completed,2026-07-25T17:40:00+05:30
SALE-001487,SHOP-046,,2026-07-25T20:40:00+05:30,upi,272.00,0.00,41.49,272.00,completed,2026-07-25T20:40:00+05:30
SALE-001488,SHOP-046,CUST-0954,2026-07-25T12:40:00+05:30,upi,45.00,0.00,4.82,45.00,completed,2026-07-25T12:40:00+05:30
SALE-001489,SHOP-047,,2026-07-25T14:10:00+05:30,card,1199.00,35.97,177.41,1163.03,completed,2026-07-25T14:10:00+05:30
SALE-001490,SHOP-047,CUST-0968,2026-07-25T19:10:00+05:30,upi,844.00,0.00,128.75,844.00,completed,2026-07-25T19:10:00+05:30
SALE-001491,SHOP-048,,2026-07-25T15:10:00+05:30,cash,40.00,0.00,6.10,40.00,completed,2026-07-25T15:10:00+05:30
SALE-001492,SHOP-049,,2026-07-25T18:20:00+05:30,cash,35.00,0.00,0.00,35.00,completed,2026-07-25T18:20:00+05:30
SALE-001493,SHOP-050,CUST-1008,2026-07-25T16:00:00+05:30,credit,120.00,0.00,5.71,120.00,completed,2026-07-25T16:00:00+05:30
SALE-001494,SHOP-002,,2026-07-26T10:50:00+05:30,upi,1470.00,0.00,305.67,1470.00,completed,2026-07-26T10:50:00+05:30
SALE-001495,SHOP-004,,2026-07-26T13:50:00+05:30,upi,270.00,0.00,41.19,270.00,completed,2026-07-26T13:50:00+05:30
SALE-001496,SHOP-004,CUST-0078,2026-07-26T09:50:00+05:30,cash,545.00,0.00,36.43,545.00,completed,2026-07-26T09:50:00+05:30
SALE-001497,SHOP-004,CUST-0077,2026-07-26T18:30:00+05:30,credit,244.00,0.00,8.29,244.00,completed,2026-07-26T18:30:00+05:30
SALE-001498,SHOP-006,CUST-0120,2026-07-26T17:20:00+05:30,credit,130.00,0.00,6.19,130.00,completed,2026-07-26T17:20:00+05:30
SALE-001499,SHOP-006,CUST-0111,2026-07-26T20:50:00+05:30,cash,95.00,0.00,14.49,95.00,completed,2026-07-26T20:50:00+05:30
SALE-001500,SHOP-007,CUST-0138,2026-07-26T10:20:00+05:30,cash,95.00,0.00,4.52,95.00,completed,2026-07-26T10:20:00+05:30
SALE-001501,SHOP-007,CUST-0137,2026-07-26T08:50:00+05:30,card,204.00,0.00,5.43,204.00,completed,2026-07-26T08:50:00+05:30
SALE-001502,SHOP-007,CUST-0134,2026-07-26T13:30:00+05:30,upi,105.00,0.00,0.00,105.00,completed,2026-07-26T13:30:00+05:30
SALE-001503,SHOP-008,CUST-0158,2026-07-26T16:40:00+05:30,upi,165.00,0.00,25.17,165.00,completed,2026-07-26T16:40:00+05:30
SALE-001504,SHOP-009,CUST-0190,2026-07-26T10:40:00+05:30,cash,280.00,0.00,30.82,280.00,completed,2026-07-26T10:40:00+05:30
SALE-001505,SHOP-011,CUST-0232,2026-07-26T17:00:00+05:30,upi,525.00,26.25,25.45,498.75,completed,2026-07-26T17:00:00+05:30
SALE-001506,SHOP-011,CUST-0203,2026-07-26T16:40:00+05:30,upi,450.00,0.00,21.43,450.00,completed,2026-07-26T16:40:00+05:30
SALE-001507,SHOP-011,,2026-07-26T09:40:00+05:30,cash,185.00,0.00,14.06,185.00,completed,2026-07-26T09:40:00+05:30
SALE-001508,SHOP-011,,2026-07-26T13:10:00+05:30,upi,92.00,0.00,4.38,92.00,completed,2026-07-26T13:10:00+05:30
SALE-001509,SHOP-012,CUST-0247,2026-07-26T17:20:00+05:30,upi,60.00,0.00,2.86,60.00,completed,2026-07-26T17:20:00+05:30
SALE-001510,SHOP-013,CUST-0265,2026-07-26T20:20:00+05:30,upi,155.00,0.00,12.63,155.00,completed,2026-07-26T20:20:00+05:30
SALE-001511,SHOP-013,CUST-0269,2026-07-26T18:40:00+05:30,cash,15.00,0.00,1.61,15.00,completed,2026-07-26T18:40:00+05:30
SALE-001512,SHOP-015,,2026-07-26T11:00:00+05:30,cash,130.00,0.00,19.83,130.00,completed,2026-07-26T11:00:00+05:30
SALE-001513,SHOP-016,CUST-0319,2026-07-26T17:30:00+05:30,upi,596.00,0.00,90.92,596.00,completed,2026-07-26T17:30:00+05:30
SALE-001514,SHOP-017,CUST-0331,2026-07-26T13:20:00+05:30,cash,546.00,0.00,27.43,546.00,completed,2026-07-26T13:20:00+05:30
SALE-001515,SHOP-017,,2026-07-26T18:00:00+05:30,upi,549.00,0.00,45.92,549.00,completed,2026-07-26T18:00:00+05:30
SALE-001516,SHOP-018,CUST-0358,2026-07-26T15:30:00+05:30,cash,495.00,0.00,49.46,495.00,completed,2026-07-26T15:30:00+05:30
SALE-001517,SHOP-018,CUST-0360,2026-07-26T14:20:00+05:30,upi,95.00,0.00,6.43,95.00,completed,2026-07-26T14:20:00+05:30
SALE-001518,SHOP-018,,2026-07-26T13:50:00+05:30,card,115.00,0.00,6.43,115.00,completed,2026-07-26T13:50:00+05:30
SALE-001519,SHOP-020,CUST-0421,2026-07-26T16:20:00+05:30,credit,57.00,0.00,5.34,57.00,completed,2026-07-26T16:20:00+05:30
SALE-001520,SHOP-021,CUST-0447,2026-07-26T17:50:00+05:30,upi,12.00,0.00,1.29,12.00,completed,2026-07-26T17:50:00+05:30
SALE-001521,SHOP-023,,2026-07-26T13:10:00+05:30,cash,2180.00,0.00,103.81,2180.00,completed,2026-07-26T13:10:00+05:30
SALE-001522,SHOP-023,CUST-0467,2026-07-26T13:20:00+05:30,upi,166.00,0.00,25.32,166.00,completed,2026-07-26T13:20:00+05:30
SALE-001523,SHOP-023,CUST-0460,2026-07-26T12:50:00+05:30,credit,227.00,0.00,10.81,227.00,completed,2026-07-26T12:50:00+05:30
SALE-001524,SHOP-024,CUST-0485,2026-07-26T19:40:00+05:30,cash,280.00,0.00,26.59,280.00,completed,2026-07-26T19:40:00+05:30
SALE-001525,SHOP-025,,2026-07-26T20:50:00+05:30,upi,355.00,0.00,54.15,355.00,completed,2026-07-26T20:50:00+05:30
SALE-001526,SHOP-026,,2026-07-26T13:30:00+05:30,cash,625.00,0.00,31.72,625.00,completed,2026-07-26T13:30:00+05:30
SALE-001527,SHOP-026,CUST-0536,2026-07-26T15:20:00+05:30,upi,472.00,0.00,22.48,472.00,completed,2026-07-26T15:20:00+05:30
SALE-001528,SHOP-027,,2026-07-26T13:20:00+05:30,upi,25.00,0.00,3.81,25.00,completed,2026-07-26T13:20:00+05:30
SALE-001529,SHOP-027,CUST-0568,2026-07-26T12:40:00+05:30,cash,252.00,0.00,38.44,252.00,completed,2026-07-26T12:40:00+05:30
SALE-001530,SHOP-028,CUST-0590,2026-07-26T13:40:00+05:30,credit,200.00,0.00,5.71,200.00,completed,2026-07-26T13:40:00+05:30
SALE-001531,SHOP-029,CUST-0606,2026-07-26T13:30:00+05:30,upi,1995.00,0.00,304.32,1995.00,completed,2026-07-26T13:30:00+05:30
SALE-001532,SHOP-030,,2026-07-26T09:20:00+05:30,cash,407.00,0.00,51.07,407.00,completed,2026-07-26T09:20:00+05:30
SALE-001533,SHOP-031,CUST-0630,2026-07-26T12:50:00+05:30,credit,1325.00,66.25,243.59,1258.75,completed,2026-07-26T12:50:00+05:30
SALE-001534,SHOP-032,,2026-07-26T12:50:00+05:30,cash,171.00,0.00,9.39,171.00,completed,2026-07-26T12:50:00+05:30
SALE-001535,SHOP-032,,2026-07-26T16:20:00+05:30,cash,585.00,0.00,38.87,585.00,completed,2026-07-26T16:20:00+05:30
SALE-001536,SHOP-034,,2026-07-26T09:50:00+05:30,upi,37.00,0.00,5.10,37.00,completed,2026-07-26T09:50:00+05:30
SALE-001537,SHOP-035,,2026-07-26T19:50:00+05:30,cash,747.00,0.00,113.95,747.00,returned,2026-07-26T19:50:00+05:30
SALE-001538,SHOP-035,,2026-07-26T18:40:00+05:30,cash,2341.00,0.00,357.10,2341.00,completed,2026-07-26T18:40:00+05:30
SALE-001539,SHOP-035,CUST-0712,2026-07-26T15:20:00+05:30,credit,897.00,0.00,136.83,897.00,completed,2026-07-26T15:20:00+05:30
SALE-001540,SHOP-037,,2026-07-26T18:00:00+05:30,cash,820.00,0.00,179.38,820.00,completed,2026-07-26T18:00:00+05:30
SALE-001541,SHOP-037,,2026-07-26T12:40:00+05:30,upi,458.00,0.00,69.86,458.00,completed,2026-07-26T12:40:00+05:30
SALE-001542,SHOP-037,CUST-0767,2026-07-26T10:00:00+05:30,cash,360.00,0.00,54.92,360.00,completed,2026-07-26T10:00:00+05:30
SALE-001543,SHOP-038,,2026-07-26T18:20:00+05:30,cash,226.00,0.00,9.33,226.00,completed,2026-07-26T18:20:00+05:30
SALE-001544,SHOP-040,CUST-0821,2026-07-26T20:10:00+05:30,upi,115.00,0.00,15.95,115.00,completed,2026-07-26T20:10:00+05:30
SALE-001545,SHOP-042,CUST-0861,2026-07-26T09:50:00+05:30,credit,7575.00,0.00,1155.51,7575.00,completed,2026-07-26T09:50:00+05:30
SALE-001546,SHOP-043,,2026-07-26T08:40:00+05:30,upi,1965.00,0.00,93.57,1965.00,completed,2026-07-26T08:40:00+05:30
SALE-001547,SHOP-044,,2026-07-26T20:40:00+05:30,upi,225.00,0.00,0.00,225.00,completed,2026-07-26T20:40:00+05:30
SALE-001548,SHOP-046,,2026-07-26T13:10:00+05:30,upi,150.00,0.00,16.07,150.00,completed,2026-07-26T13:10:00+05:30
SALE-001549,SHOP-048,CUST-0974,2026-07-26T18:20:00+05:30,upi,3340.00,0.00,509.49,3340.00,completed,2026-07-26T18:20:00+05:30
SALE-001550,SHOP-049,CUST-0997,2026-07-26T18:50:00+05:30,upi,218.00,0.00,9.05,218.00,completed,2026-07-26T18:50:00+05:30
SALE-001551,SHOP-050,CUST-1007,2026-07-26T16:20:00+05:30,cash,559.00,0.00,34.49,559.00,completed,2026-07-26T16:20:00+05:30
SALE-001552,SHOP-050,,2026-07-26T10:00:00+05:30,upi,144.00,0.00,17.14,144.00,completed,2026-07-26T10:00:00+05:30
SALE-001553,SHOP-050,,2026-07-26T08:00:00+05:30,cash,78.00,0.00,3.71,78.00,completed,2026-07-26T08:00:00+05:30
SALE-001554,SHOP-001,CUST-0002,2026-07-27T20:30:00+05:30,upi,1033.00,0.00,61.43,1033.00,completed,2026-07-27T20:30:00+05:30
SALE-001555,SHOP-001,CUST-0014,2026-07-27T19:50:00+05:30,cash,55.00,0.00,3.21,55.00,completed,2026-07-27T19:50:00+05:30
SALE-001556,SHOP-001,,2026-07-27T20:30:00+05:30,upi,450.00,0.00,40.31,450.00,completed,2026-07-27T20:30:00+05:30
SALE-001557,SHOP-005,CUST-0089,2026-07-27T10:00:00+05:30,card,796.00,0.00,121.42,796.00,completed,2026-07-27T10:00:00+05:30
SALE-001558,SHOP-005,,2026-07-27T14:50:00+05:30,upi,199.00,0.00,30.36,199.00,completed,2026-07-27T14:50:00+05:30
SALE-001559,SHOP-006,CUST-0101,2026-07-27T20:00:00+05:30,upi,200.00,0.00,9.52,200.00,completed,2026-07-27T20:00:00+05:30
SALE-001560,SHOP-007,,2026-07-27T20:40:00+05:30,upi,103.00,0.00,3.21,103.00,completed,2026-07-27T20:40:00+05:30
SALE-001561,SHOP-008,CUST-0146,2026-07-27T11:50:00+05:30,cash,1350.00,0.00,205.93,1350.00,completed,2026-07-27T11:50:00+05:30
SALE-001562,SHOP-008,,2026-07-27T12:00:00+05:30,upi,410.00,0.00,89.69,410.00,completed,2026-07-27T12:00:00+05:30
SALE-001563,SHOP-008,,2026-07-27T09:40:00+05:30,cash,420.00,0.00,64.07,420.00,completed,2026-07-27T09:40:00+05:30
SALE-001564,SHOP-009,,2026-07-27T15:00:00+05:30,upi,104.00,0.00,15.86,104.00,completed,2026-07-27T15:00:00+05:30
SALE-001565,SHOP-009,,2026-07-27T13:00:00+05:30,cash,384.00,0.00,41.14,384.00,completed,2026-07-27T13:00:00+05:30
SALE-001566,SHOP-011,CUST-0210,2026-07-27T14:30:00+05:30,upi,472.00,0.00,22.48,472.00,completed,2026-07-27T14:30:00+05:30
SALE-001567,SHOP-011,CUST-0224,2026-07-27T18:50:00+05:30,cash,1325.00,0.00,65.72,1325.00,completed,2026-07-27T18:50:00+05:30
SALE-001568,SHOP-011,,2026-07-27T17:30:00+05:30,cash,415.00,0.00,31.67,415.00,completed,2026-07-27T17:30:00+05:30
SALE-001569,SHOP-011,,2026-07-27T12:40:00+05:30,cash,263.00,0.00,15.67,263.00,completed,2026-07-27T12:40:00+05:30
SALE-001570,SHOP-012,,2026-07-27T13:30:00+05:30,cash,180.00,0.00,27.46,180.00,completed,2026-07-27T13:30:00+05:30
SALE-001571,SHOP-014,,2026-07-27T08:30:00+05:30,cash,1690.00,33.80,252.64,1656.20,completed,2026-07-27T08:30:00+05:30
SALE-001572,SHOP-014,,2026-07-27T10:40:00+05:30,cash,4350.00,0.00,663.56,4350.00,completed,2026-07-27T10:40:00+05:30
SALE-001573,SHOP-016,CUST-0312,2026-07-27T14:50:00+05:30,cash,2492.00,0.00,380.14,2492.00,completed,2026-07-27T14:50:00+05:30
SALE-001574,SHOP-017,CUST-0339,2026-07-27T15:30:00+05:30,upi,70.00,0.00,3.33,70.00,completed,2026-07-27T15:30:00+05:30
SALE-001575,SHOP-017,,2026-07-27T14:10:00+05:30,upi,210.00,0.00,12.68,210.00,completed,2026-07-27T14:10:00+05:30
SALE-001576,SHOP-017,CUST-0338,2026-07-27T15:10:00+05:30,credit,55.00,0.00,7.03,55.00,completed,2026-07-27T15:10:00+05:30
SALE-001577,SHOP-018,CUST-0358,2026-07-27T18:10:00+05:30,cash,60.00,0.00,2.86,60.00,completed,2026-07-27T18:10:00+05:30
SALE-001578,SHOP-018,CUST-0358,2026-07-27T17:40:00+05:30,credit,35.00,0.00,0.00,35.00,completed,2026-07-27T17:40:00+05:30
SALE-001579,SHOP-018,,2026-07-27T14:40:00+05:30,upi,280.00,0.00,9.33,280.00,completed,2026-07-27T14:40:00+05:30
SALE-001580,SHOP-019,,2026-07-27T15:40:00+05:30,upi,1750.00,0.00,266.95,1750.00,completed,2026-07-27T15:40:00+05:30
SALE-001581,SHOP-020,CUST-0400,2026-07-27T08:30:00+05:30,upi,30.00,0.00,4.58,30.00,completed,2026-07-27T08:30:00+05:30
SALE-001582,SHOP-020,,2026-07-27T15:20:00+05:30,cash,187.00,0.00,18.87,187.00,completed,2026-07-27T15:20:00+05:30
SALE-001583,SHOP-021,CUST-0444,2026-07-27T12:10:00+05:30,cash,70.00,0.00,10.68,70.00,completed,2026-07-27T12:10:00+05:30
SALE-001584,SHOP-021,CUST-0428,2026-07-27T20:00:00+05:30,cash,75.00,0.00,11.21,75.00,completed,2026-07-27T20:00:00+05:30
SALE-001585,SHOP-022,CUST-0458,2026-07-27T17:10:00+05:30,cash,348.00,0.00,53.08,348.00,completed,2026-07-27T17:10:00+05:30
SALE-001586,SHOP-025,CUST-0513,2026-07-27T15:40:00+05:30,upi,50.00,0.00,7.63,50.00,completed,2026-07-27T15:40:00+05:30
SALE-001587,SHOP-026,CUST-0546,2026-07-27T14:00:00+05:30,credit,471.00,0.00,38.27,471.00,completed,2026-07-27T14:00:00+05:30
SALE-001588,SHOP-026,CUST-0544,2026-07-27T13:00:00+05:30,credit,60.00,0.00,9.15,60.00,completed,2026-07-27T13:00:00+05:30
SALE-001589,SHOP-026,,2026-07-27T09:10:00+05:30,cash,30.00,0.00,4.58,30.00,completed,2026-07-27T09:10:00+05:30
SALE-001590,SHOP-026,,2026-07-27T20:00:00+05:30,upi,120.00,0.00,5.71,120.00,completed,2026-07-27T20:00:00+05:30
SALE-001591,SHOP-027,CUST-0558,2026-07-27T10:50:00+05:30,upi,100.00,0.00,10.71,100.00,completed,2026-07-27T10:50:00+05:30
SALE-001592,SHOP-028,CUST-0574,2026-07-27T17:30:00+05:30,cash,115.00,0.00,5.48,115.00,completed,2026-07-27T17:30:00+05:30
SALE-001593,SHOP-028,CUST-0575,2026-07-27T15:40:00+05:30,cash,114.00,0.00,5.43,114.00,completed,2026-07-27T15:40:00+05:30
SALE-001594,SHOP-029,,2026-07-27T15:10:00+05:30,card,1198.00,0.00,182.75,1198.00,completed,2026-07-27T15:10:00+05:30
SALE-001595,SHOP-029,,2026-07-27T11:10:00+05:30,cash,846.00,0.00,129.05,846.00,completed,2026-07-27T11:10:00+05:30
SALE-001596,SHOP-030,CUST-0613,2026-07-27T15:50:00+05:30,cash,1645.00,0.00,81.01,1645.00,completed,2026-07-27T15:50:00+05:30
SALE-001597,SHOP-030,CUST-0629,2026-07-27T09:40:00+05:30,cash,300.00,0.00,14.29,300.00,completed,2026-07-27T09:40:00+05:30
SALE-001598,SHOP-032,,2026-07-27T16:10:00+05:30,upi,160.00,0.00,24.41,160.00,completed,2026-07-27T16:10:00+05:30
SALE-001599,SHOP-033,,2026-07-27T17:10:00+05:30,cash,239.00,0.00,18.33,239.00,completed,2026-07-27T17:10:00+05:30
SALE-001600,SHOP-033,,2026-07-27T20:20:00+05:30,upi,150.00,0.00,16.07,150.00,completed,2026-07-27T20:20:00+05:30
SALE-001601,SHOP-033,,2026-07-27T14:10:00+05:30,cash,130.00,0.00,0.00,130.00,completed,2026-07-27T14:10:00+05:30
SALE-001602,SHOP-034,CUST-0691,2026-07-27T20:30:00+05:30,card,24.00,0.00,3.66,24.00,completed,2026-07-27T20:30:00+05:30
SALE-001603,SHOP-035,,2026-07-27T18:20:00+05:30,cash,1159.00,0.00,176.80,1159.00,completed,2026-07-27T18:20:00+05:30
SALE-001604,SHOP-035,,2026-07-27T20:50:00+05:30,cash,767.00,0.00,117.00,767.00,completed,2026-07-27T20:50:00+05:30
SALE-001605,SHOP-036,,2026-07-27T17:30:00+05:30,upi,698.00,20.94,63.59,677.06,completed,2026-07-27T17:30:00+05:30
SALE-001606,SHOP-036,,2026-07-27T12:10:00+05:30,cash,487.00,0.00,24.08,487.00,completed,2026-07-27T12:10:00+05:30
SALE-001607,SHOP-036,CUST-0747,2026-07-27T18:00:00+05:30,cash,632.00,18.96,39.88,613.04,completed,2026-07-27T18:00:00+05:30
SALE-001608,SHOP-037,CUST-0753,2026-07-27T08:00:00+05:30,cash,6460.00,0.00,985.42,6460.00,completed,2026-07-27T08:00:00+05:30
SALE-001609,SHOP-038,,2026-07-27T19:20:00+05:30,upi,38.00,0.00,1.81,38.00,completed,2026-07-27T19:20:00+05:30
SALE-001610,SHOP-039,CUST-0810,2026-07-27T18:30:00+05:30,upi,315.00,0.00,48.05,315.00,completed,2026-07-27T18:30:00+05:30
SALE-001611,SHOP-040,,2026-07-27T08:10:00+05:30,upi,35.00,0.00,5.34,35.00,completed,2026-07-27T08:10:00+05:30
SALE-001612,SHOP-040,CUST-0839,2026-07-27T11:30:00+05:30,upi,20.00,0.00,2.14,20.00,completed,2026-07-27T11:30:00+05:30
SALE-001613,SHOP-042,CUST-0853,2026-07-27T19:50:00+05:30,credit,2160.00,0.00,329.49,2160.00,completed,2026-07-27T19:50:00+05:30
SALE-001614,SHOP-042,CUST-0860,2026-07-27T19:00:00+05:30,upi,480.00,0.00,73.22,480.00,completed,2026-07-27T19:00:00+05:30
SALE-001615,SHOP-043,,2026-07-27T18:40:00+05:30,card,475.00,0.00,22.62,475.00,completed,2026-07-27T18:40:00+05:30
SALE-001616,SHOP-044,,2026-07-27T11:10:00+05:30,cash,286.00,0.00,16.48,286.00,completed,2026-07-27T11:10:00+05:30
SALE-001617,SHOP-044,CUST-0907,2026-07-27T11:00:00+05:30,upi,95.00,0.00,4.52,95.00,completed,2026-07-27T11:00:00+05:30
SALE-001618,SHOP-044,CUST-0899,2026-07-27T12:00:00+05:30,upi,185.00,0.00,18.25,185.00,completed,2026-07-27T12:00:00+05:30
SALE-001619,SHOP-045,,2026-07-27T09:30:00+05:30,cash,181.00,0.00,8.62,181.00,completed,2026-07-27T09:30:00+05:30
SALE-001620,SHOP-046,CUST-0937,2026-07-27T15:00:00+05:30,upi,95.00,0.00,12.22,95.00,completed,2026-07-27T15:00:00+05:30
SALE-001621,SHOP-047,CUST-0968,2026-07-27T18:50:00+05:30,upi,349.00,0.00,53.24,349.00,returned,2026-07-27T18:50:00+05:30
SALE-001622,SHOP-049,CUST-0998,2026-07-27T08:30:00+05:30,upi,35.00,0.00,0.00,35.00,completed,2026-07-27T08:30:00+05:30
SALE-001623,SHOP-050,,2026-07-27T20:00:00+05:30,upi,4600.00,0.00,209.29,4600.00,completed,2026-07-27T20:00:00+05:30
SALE-001624,SHOP-001,CUST-0002,2026-07-28T08:50:00+05:30,upi,180.00,0.00,27.46,180.00,completed,2026-07-28T08:50:00+05:30
SALE-001625,SHOP-001,CUST-0005,2026-07-28T11:00:00+05:30,upi,240.00,0.00,36.61,240.00,completed,2026-07-28T11:00:00+05:30
SALE-001626,SHOP-001,CUST-0013,2026-07-28T14:40:00+05:30,cash,545.00,0.00,34.77,545.00,completed,2026-07-28T14:40:00+05:30
SALE-001627,SHOP-003,,2026-07-28T19:30:00+05:30,upi,180.00,0.00,19.29,180.00,completed,2026-07-28T19:30:00+05:30
SALE-001628,SHOP-004,CUST-0072,2026-07-28T19:50:00+05:30,upi,68.00,0.00,1.81,68.00,completed,2026-07-28T19:50:00+05:30
SALE-001629,SHOP-004,,2026-07-28T14:40:00+05:30,cash,30.00,0.00,1.43,30.00,completed,2026-07-28T14:40:00+05:30
SALE-001630,SHOP-005,CUST-0095,2026-07-28T12:30:00+05:30,credit,1397.00,0.00,213.10,1397.00,completed,2026-07-28T12:30:00+05:30
SALE-001631,SHOP-005,CUST-0095,2026-07-28T09:40:00+05:30,upi,1998.00,0.00,304.78,1998.00,completed,2026-07-28T09:40:00+05:30
SALE-001632,SHOP-007,CUST-0145,2026-07-28T09:40:00+05:30,upi,60.00,0.00,3.81,60.00,completed,2026-07-28T09:40:00+05:30
SALE-001633,SHOP-007,CUST-0140,2026-07-28T08:10:00+05:30,cash,50.00,0.00,0.00,50.00,completed,2026-07-28T08:10:00+05:30
SALE-001634,SHOP-008,CUST-0170,2026-07-28T09:30:00+05:30,credit,1520.00,30.40,227.23,1489.60,completed,2026-07-28T09:30:00+05:30
SALE-001635,SHOP-010,CUST-0195,2026-07-28T12:20:00+05:30,cash,1445.00,0.00,220.42,1445.00,completed,2026-07-28T12:20:00+05:30
SALE-001636,SHOP-011,CUST-0204,2026-07-28T18:30:00+05:30,upi,512.00,0.00,5.81,512.00,completed,2026-07-28T18:30:00+05:30
SALE-001637,SHOP-011,CUST-0219,2026-07-28T20:20:00+05:30,cash,420.00,0.00,20.00,420.00,completed,2026-07-28T20:20:00+05:30
SALE-001638,SHOP-013,CUST-0257,2026-07-28T17:40:00+05:30,cash,330.00,0.00,9.58,330.00,completed,2026-07-28T17:40:00+05:30
SALE-001639,SHOP-013,,2026-07-28T15:50:00+05:30,upi,96.00,0.00,2.19,96.00,completed,2026-07-28T15:50:00+05:30
SALE-001640,SHOP-014,,2026-07-28T13:50:00+05:30,upi,210.00,0.00,32.03,210.00,completed,2026-07-28T13:50:00+05:30
SALE-001641,SHOP-014,CUST-0273,2026-07-28T12:00:00+05:30,cash,210.00,0.00,32.03,210.00,completed,2026-07-28T12:00:00+05:30
SALE-001642,SHOP-015,,2026-07-28T16:40:00+05:30,upi,60.00,0.00,6.43,60.00,completed,2026-07-28T16:40:00+05:30
SALE-001643,SHOP-017,,2026-07-28T10:10:00+05:30,upi,2920.00,0.00,160.03,2920.00,completed,2026-07-28T10:10:00+05:30
SALE-001644,SHOP-017,CUST-0338,2026-07-28T14:00:00+05:30,upi,415.00,0.00,25.01,415.00,completed,2026-07-28T14:00:00+05:30
SALE-001645,SHOP-018,CUST-0370,2026-07-28T16:10:00+05:30,credit,133.00,0.00,4.67,133.00,completed,2026-07-28T16:10:00+05:30
SALE-001646,SHOP-018,CUST-0370,2026-07-28T08:10:00+05:30,credit,98.00,0.00,0.00,98.00,completed,2026-07-28T08:10:00+05:30
SALE-001647,SHOP-018,,2026-07-28T14:50:00+05:30,upi,45.00,0.00,0.00,45.00,completed,2026-07-28T14:50:00+05:30
SALE-001648,SHOP-020,,2026-07-28T20:40:00+05:30,cash,3093.00,154.65,142.41,2938.35,completed,2026-07-28T20:40:00+05:30
SALE-001649,SHOP-020,CUST-0408,2026-07-28T14:40:00+05:30,upi,60.00,0.00,4.05,60.00,completed,2026-07-28T14:40:00+05:30
SALE-001650,SHOP-020,CUST-0422,2026-07-28T09:20:00+05:30,cash,46.00,0.00,2.19,46.00,completed,2026-07-28T09:20:00+05:30
SALE-001651,SHOP-020,CUST-0422,2026-07-28T16:50:00+05:30,upi,30.00,0.00,4.58,30.00,completed,2026-07-28T16:50:00+05:30
SALE-001652,SHOP-021,CUST-0431,2026-07-28T16:20:00+05:30,upi,85.00,0.00,12.97,85.00,completed,2026-07-28T16:20:00+05:30
SALE-001653,SHOP-023,CUST-0469,2026-07-28T10:30:00+05:30,cash,3275.00,0.00,166.97,3275.00,completed,2026-07-28T10:30:00+05:30
SALE-001654,SHOP-023,CUST-0475,2026-07-28T15:20:00+05:30,upi,211.00,0.00,10.05,211.00,completed,2026-07-28T15:20:00+05:30
SALE-001655,SHOP-024,,2026-07-28T19:40:00+05:30,cash,439.00,0.00,36.50,439.00,completed,2026-07-28T19:40:00+05:30
SALE-001656,SHOP-024,CUST-0487,2026-07-28T19:50:00+05:30,cash,847.00,0.00,77.38,847.00,completed,2026-07-28T19:50:00+05:30
SALE-001657,SHOP-025,CUST-0501,2026-07-28T12:30:00+05:30,upi,820.00,0.00,179.38,820.00,completed,2026-07-28T12:30:00+05:30
SALE-001658,SHOP-026,CUST-0532,2026-07-28T14:50:00+05:30,cash,1392.00,0.00,66.29,1392.00,completed,2026-07-28T14:50:00+05:30
SALE-001659,SHOP-026,CUST-0546,2026-07-28T08:30:00+05:30,credit,405.00,0.00,25.11,405.00,completed,2026-07-28T08:30:00+05:30
SALE-001660,SHOP-027,,2026-07-28T12:40:00+05:30,upi,60.00,0.00,9.15,60.00,completed,2026-07-28T12:40:00+05:30
SALE-001661,SHOP-028,CUST-0573,2026-07-28T17:50:00+05:30,cash,32.00,0.00,3.43,32.00,completed,2026-07-28T17:50:00+05:30
SALE-001662,SHOP-032,CUST-0652,2026-07-28T14:50:00+05:30,cash,64.00,0.00,3.05,64.00,completed,2026-07-28T14:50:00+05:30
SALE-001663,SHOP-032,,2026-07-28T19:10:00+05:30,upi,915.00,18.30,42.70,896.70,completed,2026-07-28T19:10:00+05:30
SALE-001664,SHOP-034,CUST-0696,2026-07-28T11:40:00+05:30,cash,314.00,0.00,42.00,314.00,completed,2026-07-28T11:40:00+05:30
SALE-001665,SHOP-035,CUST-0720,2026-07-28T11:40:00+05:30,upi,4393.00,0.00,670.12,4393.00,completed,2026-07-28T11:40:00+05:30
SALE-001666,SHOP-036,CUST-0746,2026-07-28T12:40:00+05:30,card,46.00,0.00,2.19,46.00,completed,2026-07-28T12:40:00+05:30
SALE-001667,SHOP-036,CUST-0728,2026-07-28T18:00:00+05:30,credit,470.00,0.00,31.82,470.00,completed,2026-07-28T18:00:00+05:30
SALE-001668,SHOP-037,CUST-0754,2026-07-28T14:50:00+05:30,credit,280.00,0.00,42.71,280.00,completed,2026-07-28T14:50:00+05:30
SALE-001669,SHOP-038,,2026-07-28T16:50:00+05:30,upi,55.00,0.00,1.90,55.00,completed,2026-07-28T16:50:00+05:30
SALE-001670,SHOP-039,CUST-0797,2026-07-28T19:40:00+05:30,upi,586.00,0.00,27.90,586.00,completed,2026-07-28T19:40:00+05:30
SALE-001671,SHOP-039,,2026-07-28T17:10:00+05:30,cash,90.00,0.00,1.61,90.00,completed,2026-07-28T17:10:00+05:30
SALE-001672,SHOP-043,CUST-0890,2026-07-28T10:00:00+05:30,upi,578.00,0.00,27.52,578.00,completed,2026-07-28T10:00:00+05:30
SALE-001673,SHOP-043,,2026-07-28T10:50:00+05:30,upi,360.00,0.00,17.14,360.00,completed,2026-07-28T10:50:00+05:30
SALE-001674,SHOP-044,,2026-07-28T16:30:00+05:30,card,2055.00,0.00,297.46,2055.00,completed,2026-07-28T16:30:00+05:30
SALE-001675,SHOP-045,CUST-0920,2026-07-28T13:20:00+05:30,card,732.00,0.00,34.86,732.00,completed,2026-07-28T13:20:00+05:30
SALE-001676,SHOP-046,CUST-0939,2026-07-28T12:00:00+05:30,upi,605.00,0.00,66.18,605.00,completed,2026-07-28T12:00:00+05:30
SALE-001677,SHOP-048,CUST-0973,2026-07-28T11:40:00+05:30,credit,4120.00,0.00,628.47,4120.00,completed,2026-07-28T11:40:00+05:30
SALE-001678,SHOP-049,,2026-07-28T20:30:00+05:30,upi,170.00,0.00,0.00,170.00,completed,2026-07-28T20:30:00+05:30
SALE-001679,SHOP-050,CUST-1025,2026-07-28T14:20:00+05:30,cash,40.00,0.00,1.61,40.00,completed,2026-07-28T14:20:00+05:30
SALE-001680,SHOP-050,CUST-1028,2026-07-28T14:40:00+05:30,upi,274.00,0.00,24.59,274.00,completed,2026-07-28T14:40:00+05:30
SALE-001681,SHOP-050,CUST-1035,2026-07-28T14:20:00+05:30,cash,120.00,0.00,5.71,120.00,completed,2026-07-28T14:20:00+05:30
SALE-001682,SHOP-050,CUST-1029,2026-07-28T08:50:00+05:30,cash,1820.00,0.00,89.29,1820.00,completed,2026-07-28T08:50:00+05:30
SALE-001683,SHOP-001,CUST-0001,2026-07-29T11:00:00+05:30,cash,30.00,0.00,4.58,30.00,completed,2026-07-29T11:00:00+05:30
SALE-001684,SHOP-003,,2026-07-29T18:50:00+05:30,upi,100.00,0.00,10.71,100.00,completed,2026-07-29T18:50:00+05:30
SALE-001685,SHOP-004,CUST-0073,2026-07-29T15:00:00+05:30,credit,185.00,0.00,9.64,185.00,completed,2026-07-29T15:00:00+05:30
SALE-001686,SHOP-005,CUST-0096,2026-07-29T14:10:00+05:30,cash,3897.00,0.00,594.46,3897.00,completed,2026-07-29T14:10:00+05:30
SALE-001687,SHOP-006,CUST-0124,2026-07-29T09:40:00+05:30,credit,615.00,30.75,27.82,584.25,completed,2026-07-29T09:40:00+05:30
SALE-001688,SHOP-007,,2026-07-29T08:00:00+05:30,cash,15.00,0.00,0.00,15.00,completed,2026-07-29T08:00:00+05:30
SALE-001689,SHOP-008,CUST-0150,2026-07-29T20:40:00+05:30,credit,2980.00,0.00,454.58,2980.00,completed,2026-07-29T20:40:00+05:30
SALE-001690,SHOP-010,,2026-07-29T15:50:00+05:30,upi,630.00,0.00,96.10,630.00,completed,2026-07-29T15:50:00+05:30
SALE-001691,SHOP-011,CUST-0232,2026-07-29T08:00:00+05:30,cash,2720.00,0.00,129.52,2720.00,completed,2026-07-29T08:00:00+05:30
SALE-001692,SHOP-011,,2026-07-29T19:50:00+05:30,cash,130.00,0.00,6.19,130.00,completed,2026-07-29T19:50:00+05:30
SALE-001693,SHOP-012,CUST-0239,2026-07-29T14:00:00+05:30,upi,429.00,0.00,21.90,429.00,completed,2026-07-29T14:00:00+05:30
SALE-001694,SHOP-014,CUST-0280,2026-07-29T18:20:00+05:30,card,780.00,0.00,118.98,780.00,completed,2026-07-29T18:20:00+05:30
SALE-001695,SHOP-016,CUST-0314,2026-07-29T13:00:00+05:30,upi,2997.00,0.00,457.17,2997.00,completed,2026-07-29T13:00:00+05:30
SALE-001696,SHOP-017,,2026-07-29T16:40:00+05:30,cash,105.00,0.00,3.81,105.00,completed,2026-07-29T16:40:00+05:30
SALE-001697,SHOP-017,CUST-0335,2026-07-29T08:20:00+05:30,cash,930.00,0.00,44.29,930.00,completed,2026-07-29T08:20:00+05:30
SALE-001698,SHOP-018,,2026-07-29T12:10:00+05:30,upi,136.00,0.00,1.90,136.00,completed,2026-07-29T12:10:00+05:30
SALE-001699,SHOP-018,CUST-0360,2026-07-29T10:00:00+05:30,credit,150.00,0.00,10.71,150.00,completed,2026-07-29T10:00:00+05:30
SALE-001700,SHOP-018,CUST-0364,2026-07-29T17:40:00+05:30,upi,130.00,0.00,6.43,130.00,completed,2026-07-29T17:40:00+05:30
SALE-001701,SHOP-019,CUST-0381,2026-07-29T13:40:00+05:30,cash,579.00,0.00,88.32,579.00,completed,2026-07-29T13:40:00+05:30
SALE-001702,SHOP-020,,2026-07-29T10:10:00+05:30,upi,75.00,0.00,11.44,75.00,completed,2026-07-29T10:10:00+05:30
SALE-001703,SHOP-021,,2026-07-29T19:00:00+05:30,cash,125.00,0.00,15.21,125.00,completed,2026-07-29T19:00:00+05:30
SALE-001704,SHOP-022,,2026-07-29T19:10:00+05:30,upi,1295.00,0.00,197.54,1295.00,completed,2026-07-29T19:10:00+05:30
SALE-001705,SHOP-023,CUST-0479,2026-07-29T14:00:00+05:30,credit,495.00,0.00,23.57,495.00,completed,2026-07-29T14:00:00+05:30
SALE-001706,SHOP-023,,2026-07-29T16:50:00+05:30,upi,1320.00,0.00,62.86,1320.00,completed,2026-07-29T16:50:00+05:30
SALE-001707,SHOP-024,CUST-0495,2026-07-29T19:10:00+05:30,upi,186.00,0.00,13.73,186.00,completed,2026-07-29T19:10:00+05:30
SALE-001708,SHOP-024,CUST-0499,2026-07-29T18:20:00+05:30,upi,232.00,0.00,3.62,232.00,completed,2026-07-29T18:20:00+05:30
SALE-001709,SHOP-025,,2026-07-29T10:50:00+05:30,cash,175.00,0.00,26.69,175.00,completed,2026-07-29T10:50:00+05:30
SALE-001710,SHOP-026,CUST-0527,2026-07-29T08:50:00+05:30,upi,175.00,0.00,19.35,175.00,completed,2026-07-29T08:50:00+05:30
SALE-001711,SHOP-026,CUST-0530,2026-07-29T19:00:00+05:30,upi,364.00,0.00,48.81,364.00,completed,2026-07-29T19:00:00+05:30
SALE-001712,SHOP-027,,2026-07-29T15:20:00+05:30,upi,24.00,0.00,3.12,24.00,completed,2026-07-29T15:20:00+05:30
SALE-001713,SHOP-027,CUST-0567,2026-07-29T11:20:00+05:30,cash,100.00,0.00,10.71,100.00,completed,2026-07-29T11:20:00+05:30
SALE-001714,SHOP-028,CUST-0584,2026-07-29T08:30:00+05:30,credit,535.00,26.75,48.18,508.25,completed,2026-07-29T08:30:00+05:30
SALE-001715,SHOP-029,CUST-0598,2026-07-29T08:10:00+05:30,cash,398.00,0.00,60.71,398.00,completed,2026-07-29T08:10:00+05:30
SALE-001716,SHOP-029,,2026-07-29T11:00:00+05:30,upi,597.00,11.94,89.25,585.06,completed,2026-07-29T11:00:00+05:30
SALE-001717,SHOP-030,CUST-0615,2026-07-29T15:10:00+05:30,credit,178.00,0.00,8.48,178.00,completed,2026-07-29T15:10:00+05:30
SALE-001718,SHOP-030,CUST-0611,2026-07-29T09:20:00+05:30,cash,135.00,0.00,6.43,135.00,completed,2026-07-29T09:20:00+05:30
SALE-001719,SHOP-032,CUST-0667,2026-07-29T12:00:00+05:30,credit,315.00,0.00,5.71,315.00,completed,2026-07-29T12:00:00+05:30
SALE-001720,SHOP-032,CUST-0654,2026-07-29T20:30:00+05:30,upi,108.00,0.00,9.13,108.00,completed,2026-07-29T20:30:00+05:30
SALE-001721,SHOP-033,CUST-0689,2026-07-29T19:00:00+05:30,upi,30.00,0.00,1.43,30.00,completed,2026-07-29T19:00:00+05:30
SALE-001722,SHOP-033,,2026-07-29T10:40:00+05:30,cash,48.00,0.00,0.95,48.00,completed,2026-07-29T10:40:00+05:30
SALE-001723,SHOP-033,CUST-0670,2026-07-29T12:20:00+05:30,cash,315.00,0.00,13.57,315.00,completed,2026-07-29T12:20:00+05:30
SALE-001724,SHOP-034,CUST-0690,2026-07-29T14:00:00+05:30,upi,80.00,0.00,12.20,80.00,completed,2026-07-29T14:00:00+05:30
SALE-001725,SHOP-035,CUST-0714,2026-07-29T19:40:00+05:30,upi,599.00,0.00,91.37,599.00,completed,2026-07-29T19:40:00+05:30
SALE-001726,SHOP-035,CUST-0718,2026-07-29T11:30:00+05:30,upi,199.00,0.00,30.36,199.00,completed,2026-07-29T11:30:00+05:30
SALE-001727,SHOP-035,CUST-0709,2026-07-29T13:20:00+05:30,cash,607.00,18.21,89.82,588.79,completed,2026-07-29T13:20:00+05:30
SALE-001728,SHOP-036,,2026-07-29T19:00:00+05:30,cash,260.00,0.00,12.38,260.00,completed,2026-07-29T19:00:00+05:30
SALE-001729,SHOP-036,,2026-07-29T10:00:00+05:30,upi,1270.00,0.00,71.49,1270.00,completed,2026-07-29T10:00:00+05:30
SALE-001730,SHOP-037,CUST-0771,2026-07-29T18:00:00+05:30,upi,99.00,0.00,15.10,99.00,completed,2026-07-29T18:00:00+05:30
SALE-001731,SHOP-037,,2026-07-29T17:10:00+05:30,upi,24.00,0.00,3.66,24.00,completed,2026-07-29T17:10:00+05:30
SALE-001732,SHOP-037,CUST-0760,2026-07-29T16:10:00+05:30,credit,1640.00,0.00,358.75,1640.00,completed,2026-07-29T16:10:00+05:30
SALE-001733,SHOP-038,CUST-0779,2026-07-29T17:40:00+05:30,cash,145.00,0.00,15.54,145.00,completed,2026-07-29T17:40:00+05:30
SALE-001734,SHOP-039,,2026-07-29T11:10:00+05:30,cash,95.00,0.00,14.49,95.00,completed,2026-07-29T11:10:00+05:30
SALE-001735,SHOP-039,CUST-0811,2026-07-29T12:20:00+05:30,card,2745.00,0.00,141.73,2745.00,completed,2026-07-29T12:20:00+05:30
SALE-001736,SHOP-039,CUST-0803,2026-07-29T08:40:00+05:30,upi,115.00,0.00,13.73,115.00,completed,2026-07-29T08:40:00+05:30
SALE-001737,SHOP-042,,2026-07-29T15:40:00+05:30,upi,2440.00,0.00,372.20,2440.00,completed,2026-07-29T15:40:00+05:30
SALE-001738,SHOP-043,CUST-0891,2026-07-29T09:10:00+05:30,card,425.00,0.00,20.24,425.00,completed,2026-07-29T09:10:00+05:30
SALE-001739,SHOP-043,,2026-07-29T08:40:00+05:30,cash,280.00,0.00,29.07,280.00,completed,2026-07-29T08:40:00+05:30
SALE-001740,SHOP-044,,2026-07-29T16:30:00+05:30,cash,498.00,0.00,56.71,498.00,completed,2026-07-29T16:30:00+05:30
SALE-001741,SHOP-045,CUST-0918,2026-07-29T15:40:00+05:30,credit,120.00,0.00,5.71,120.00,completed,2026-07-29T15:40:00+05:30
SALE-001742,SHOP-045,,2026-07-29T13:50:00+05:30,upi,515.00,0.00,47.61,515.00,completed,2026-07-29T13:50:00+05:30
SALE-001743,SHOP-045,,2026-07-29T17:00:00+05:30,cash,105.00,0.00,16.02,105.00,completed,2026-07-29T17:00:00+05:30
SALE-001744,SHOP-046,CUST-0953,2026-07-29T15:00:00+05:30,upi,605.00,0.00,66.86,605.00,completed,2026-07-29T15:00:00+05:30
SALE-001745,SHOP-047,CUST-0968,2026-07-29T14:40:00+05:30,cash,999.00,0.00,152.39,999.00,completed,2026-07-29T14:40:00+05:30
SALE-001746,SHOP-048,CUST-0983,2026-07-29T18:00:00+05:30,cash,290.00,0.00,44.24,290.00,completed,2026-07-29T18:00:00+05:30
SALE-001747,SHOP-050,CUST-1022,2026-07-29T19:10:00+05:30,credit,210.00,0.00,32.03,210.00,completed,2026-07-29T19:10:00+05:30
SALE-001748,SHOP-001,CUST-0002,2026-07-30T14:50:00+05:30,upi,675.00,0.00,47.36,675.00,completed,2026-07-30T14:50:00+05:30
SALE-001749,SHOP-002,CUST-0043,2026-07-30T08:40:00+05:30,upi,198.00,0.00,30.20,198.00,completed,2026-07-30T08:40:00+05:30
SALE-001750,SHOP-002,CUST-0041,2026-07-30T16:20:00+05:30,cash,3300.00,0.00,503.39,3300.00,completed,2026-07-30T16:20:00+05:30
SALE-001751,SHOP-003,CUST-0054,2026-07-30T19:00:00+05:30,cash,157.00,0.00,17.96,157.00,completed,2026-07-30T19:00:00+05:30
SALE-001752,SHOP-003,,2026-07-30T14:10:00+05:30,upi,164.00,0.00,25.02,164.00,completed,2026-07-30T14:10:00+05:30
SALE-001753,SHOP-004,CUST-0080,2026-07-30T16:50:00+05:30,credit,653.00,0.00,63.89,653.00,completed,2026-07-30T16:50:00+05:30
SALE-001754,SHOP-006,,2026-07-30T19:10:00+05:30,upi,270.00,0.00,12.86,270.00,completed,2026-07-30T19:10:00+05:30
SALE-001755,SHOP-006,,2026-07-30T13:40:00+05:30,cash,380.00,0.00,29.11,380.00,completed,2026-07-30T13:40:00+05:30
SALE-001756,SHOP-007,CUST-0136,2026-07-30T15:40:00+05:30,upi,150.00,0.00,0.00,150.00,completed,2026-07-30T15:40:00+05:30
SALE-001757,SHOP-008,,2026-07-30T14:00:00+05:30,upi,840.00,0.00,128.14,840.00,completed,2026-07-30T14:00:00+05:30
SALE-001758,SHOP-009,,2026-07-30T10:00:00+05:30,card,72.00,0.00,9.62,72.00,completed,2026-07-30T10:00:00+05:30
SALE-001759,SHOP-011,CUST-0207,2026-07-30T17:40:00+05:30,upi,670.00,0.00,53.94,670.00,completed,2026-07-30T17:40:00+05:30
SALE-001760,SHOP-011,CUST-0218,2026-07-30T11:20:00+05:30,upi,346.00,0.00,16.48,346.00,completed,2026-07-30T11:20:00+05:30
SALE-001761,SHOP-012,,2026-07-30T17:30:00+05:30,upi,15.00,0.00,0.00,15.00,completed,2026-07-30T17:30:00+05:30
SALE-001762,SHOP-012,CUST-0240,2026-07-30T11:40:00+05:30,credit,236.00,0.00,8.57,236.00,completed,2026-07-30T11:40:00+05:30
SALE-001763,SHOP-013,,2026-07-30T09:00:00+05:30,cash,212.00,0.00,9.20,212.00,completed,2026-07-30T09:00:00+05:30
SALE-001764,SHOP-013,,2026-07-30T11:00:00+05:30,upi,265.00,0.00,20.49,265.00,completed,2026-07-30T11:00:00+05:30
SALE-001765,SHOP-015,CUST-0306,2026-07-30T15:50:00+05:30,upi,130.00,0.00,17.56,130.00,completed,2026-07-30T15:50:00+05:30
SALE-001766,SHOP-017,,2026-07-30T14:10:00+05:30,upi,545.00,0.00,36.44,545.00,completed,2026-07-30T14:10:00+05:30
SALE-001767,SHOP-017,,2026-07-30T19:00:00+05:30,cash,135.00,0.00,6.43,135.00,completed,2026-07-30T19:00:00+05:30
SALE-001768,SHOP-018,,2026-07-30T13:40:00+05:30,upi,93.00,0.00,0.95,93.00,completed,2026-07-30T13:40:00+05:30
SALE-001769,SHOP-018,,2026-07-30T09:40:00+05:30,cash,720.00,0.00,72.86,720.00,completed,2026-07-30T09:40:00+05:30
SALE-001770,SHOP-018,,2026-07-30T10:20:00+05:30,upi,70.00,0.00,0.00,70.00,completed,2026-07-30T10:20:00+05:30
SALE-001771,SHOP-019,CUST-0391,2026-07-30T14:40:00+05:30,credit,190.00,0.00,28.98,190.00,completed,2026-07-30T14:40:00+05:30
SALE-001772,SHOP-019,,2026-07-30T08:10:00+05:30,cash,735.00,14.70,109.88,720.30,completed,2026-07-30T08:10:00+05:30
SALE-001773,SHOP-019,CUST-0380,2026-07-30T11:30:00+05:30,upi,550.00,0.00,83.90,550.00,completed,2026-07-30T11:30:00+05:30
SALE-001774,SHOP-020,CUST-0412,2026-07-30T08:50:00+05:30,cash,875.00,0.00,47.96,875.00,completed,2026-07-30T08:50:00+05:30
SALE-001775,SHOP-020,CUST-0398,2026-07-30T18:40:00+05:30,card,550.00,11.00,19.14,539.00,completed,2026-07-30T18:40:00+05:30
SALE-001776,SHOP-021,,2026-07-30T19:00:00+05:30,upi,85.00,0.00,11.69,85.00,completed,2026-07-30T19:00:00+05:30
SALE-001777,SHOP-023,CUST-0464,2026-07-30T20:30:00+05:30,upi,455.00,0.00,22.56,455.00,completed,2026-07-30T20:30:00+05:30
SALE-001778,SHOP-023,,2026-07-30T08:50:00+05:30,upi,25.00,0.00,0.00,25.00,completed,2026-07-30T08:50:00+05:30
SALE-001779,SHOP-024,CUST-0491,2026-07-30T09:30:00+05:30,credit,300.00,0.00,35.08,300.00,completed,2026-07-30T09:30:00+05:30
SALE-001780,SHOP-026,CUST-0540,2026-07-30T12:40:00+05:30,credit,426.00,0.00,20.29,426.00,completed,2026-07-30T12:40:00+05:30
SALE-001781,SHOP-026,,2026-07-30T19:10:00+05:30,cash,244.00,0.00,11.62,244.00,completed,2026-07-30T19:10:00+05:30
SALE-001782,SHOP-027,CUST-0569,2026-07-30T18:30:00+05:30,cash,48.00,0.00,6.78,48.00,completed,2026-07-30T18:30:00+05:30
SALE-001783,SHOP-028,CUST-0580,2026-07-30T18:40:00+05:30,credit,365.00,0.00,45.71,365.00,completed,2026-07-30T18:40:00+05:30
SALE-001784,SHOP-028,CUST-0576,2026-07-30T11:40:00+05:30,cash,84.00,0.00,0.00,84.00,completed,2026-07-30T11:40:00+05:30
SALE-001785,SHOP-028,CUST-0592,2026-07-30T20:30:00+05:30,upi,76.00,0.00,3.62,76.00,completed,2026-07-30T20:30:00+05:30
SALE-001786,SHOP-028,CUST-0577,2026-07-30T16:00:00+05:30,credit,120.00,0.00,12.86,120.00,completed,2026-07-30T16:00:00+05:30
SALE-001787,SHOP-030,CUST-0624,2026-07-30T20:30:00+05:30,credit,495.00,0.00,23.57,495.00,completed,2026-07-30T20:30:00+05:30
SALE-001788,SHOP-031,CUST-0636,2026-07-30T08:20:00+05:30,credit,3320.00,0.00,506.44,3320.00,completed,2026-07-30T08:20:00+05:30
SALE-001789,SHOP-032,CUST-0667,2026-07-30T19:20:00+05:30,upi,266.00,0.00,22.31,266.00,completed,2026-07-30T19:20:00+05:30
SALE-001790,SHOP-032,CUST-0666,2026-07-30T16:10:00+05:30,upi,375.00,0.00,17.86,375.00,completed,2026-07-30T16:10:00+05:30
SALE-001791,SHOP-033,CUST-0672,2026-07-30T13:10:00+05:30,upi,200.00,0.00,4.52,200.00,completed,2026-07-30T13:10:00+05:30
SALE-001792,SHOP-035,,2026-07-30T13:50:00+05:30,cash,1347.00,67.35,195.20,1279.65,completed,2026-07-30T13:50:00+05:30
SALE-001793,SHOP-035,,2026-07-30T19:20:00+05:30,upi,199.00,0.00,30.36,199.00,completed,2026-07-30T19:20:00+05:30
SALE-001794,SHOP-035,,2026-07-30T12:50:00+05:30,card,597.00,0.00,91.07,597.00,completed,2026-07-30T12:50:00+05:30
SALE-001795,SHOP-036,CUST-0730,2026-07-30T12:30:00+05:30,upi,730.00,14.60,36.64,715.40,completed,2026-07-30T12:30:00+05:30
SALE-001796,SHOP-036,CUST-0733,2026-07-30T12:30:00+05:30,credit,405.00,0.00,19.29,405.00,completed,2026-07-30T12:30:00+05:30
SALE-001797,SHOP-036,CUST-0742,2026-07-30T09:10:00+05:30,cash,593.00,0.00,35.80,593.00,completed,2026-07-30T09:10:00+05:30
SALE-001798,SHOP-037,CUST-0755,2026-07-30T10:00:00+05:30,cash,4700.00,94.00,702.61,4606.00,completed,2026-07-30T10:00:00+05:30
SALE-001799,SHOP-037,,2026-07-30T17:20:00+05:30,cash,450.00,0.00,95.79,450.00,completed,2026-07-30T17:20:00+05:30
SALE-001800,SHOP-037,CUST-0755,2026-07-30T20:20:00+05:30,credit,795.00,0.00,121.27,795.00,completed,2026-07-30T20:20:00+05:30
SALE-001801,SHOP-038,CUST-0784,2026-07-30T19:10:00+05:30,card,183.00,0.00,5.71,183.00,completed,2026-07-30T19:10:00+05:30
SALE-001802,SHOP-038,CUST-0777,2026-07-30T12:50:00+05:30,credit,60.00,0.00,2.86,60.00,completed,2026-07-30T12:50:00+05:30
SALE-001803,SHOP-039,CUST-0810,2026-07-30T16:30:00+05:30,credit,80.00,0.00,3.81,80.00,completed,2026-07-30T16:30:00+05:30
SALE-001804,SHOP-039,CUST-0800,2026-07-30T10:00:00+05:30,cash,495.00,0.00,23.57,495.00,completed,2026-07-30T10:00:00+05:30
SALE-001805,SHOP-040,,2026-07-30T16:30:00+05:30,cash,55.00,0.00,8.16,55.00,completed,2026-07-30T16:30:00+05:30
SALE-001806,SHOP-040,,2026-07-30T19:50:00+05:30,upi,570.00,0.00,61.07,570.00,completed,2026-07-30T19:50:00+05:30
SALE-001807,SHOP-041,,2026-07-30T18:30:00+05:30,upi,299.00,0.00,45.61,299.00,completed,2026-07-30T18:30:00+05:30
SALE-001808,SHOP-044,,2026-07-30T20:10:00+05:30,upi,60.00,0.00,6.43,60.00,completed,2026-07-30T20:10:00+05:30
SALE-001809,SHOP-044,CUST-0904,2026-07-30T14:30:00+05:30,cash,116.00,0.00,6.43,116.00,completed,2026-07-30T14:30:00+05:30
SALE-001810,SHOP-045,,2026-07-30T19:50:00+05:30,cash,880.00,0.00,41.90,880.00,completed,2026-07-30T19:50:00+05:30
SALE-001811,SHOP-048,CUST-0974,2026-07-30T14:20:00+05:30,upi,120.00,0.00,18.31,120.00,completed,2026-07-30T14:20:00+05:30
SALE-001812,SHOP-049,CUST-1004,2026-07-30T13:40:00+05:30,cash,235.00,0.00,0.00,235.00,completed,2026-07-30T13:40:00+05:30
SALE-001813,SHOP-050,CUST-1017,2026-07-30T10:10:00+05:30,card,586.00,0.00,30.77,586.00,completed,2026-07-30T10:10:00+05:30
SALE-001814,SHOP-050,CUST-1024,2026-07-30T16:00:00+05:30,cash,340.00,0.00,51.86,340.00,completed,2026-07-30T16:00:00+05:30
SALE-001815,SHOP-001,CUST-0012,2026-07-31T12:10:00+05:30,upi,480.00,0.00,22.86,480.00,completed,2026-07-31T12:10:00+05:30
SALE-001816,SHOP-001,CUST-0003,2026-07-31T13:40:00+05:30,upi,554.00,0.00,38.34,554.00,completed,2026-07-31T13:40:00+05:30
SALE-001817,SHOP-002,CUST-0033,2026-07-31T10:10:00+05:30,credit,40.00,0.00,6.10,40.00,completed,2026-07-31T10:10:00+05:30
SALE-001818,SHOP-003,,2026-07-31T09:50:00+05:30,cash,135.00,0.00,19.91,135.00,completed,2026-07-31T09:50:00+05:30
SALE-001819,SHOP-004,,2026-07-31T13:50:00+05:30,cash,30.00,0.00,0.00,30.00,completed,2026-07-31T13:50:00+05:30
SALE-001820,SHOP-004,,2026-07-31T18:30:00+05:30,upi,30.00,0.00,3.21,30.00,completed,2026-07-31T18:30:00+05:30
SALE-001821,SHOP-005,CUST-0092,2026-07-31T18:20:00+05:30,cash,1591.00,0.00,242.69,1591.00,completed,2026-07-31T18:20:00+05:30
SALE-001822,SHOP-005,CUST-0089,2026-07-31T19:00:00+05:30,upi,2044.00,0.00,311.80,2044.00,completed,2026-07-31T19:00:00+05:30
SALE-001823,SHOP-006,CUST-0120,2026-07-31T15:20:00+05:30,credit,1052.00,0.00,91.02,1052.00,completed,2026-07-31T15:20:00+05:30
SALE-001824,SHOP-006,CUST-0101,2026-07-31T19:00:00+05:30,upi,495.00,0.00,23.57,495.00,completed,2026-07-31T19:00:00+05:30
SALE-001825,SHOP-007,CUST-0144,2026-07-31T16:10:00+05:30,upi,455.00,0.00,46.66,455.00,completed,2026-07-31T16:10:00+05:30
SALE-001826,SHOP-008,CUST-0168,2026-07-31T08:00:00+05:30,upi,60.00,0.00,9.15,60.00,completed,2026-07-31T08:00:00+05:30
SALE-001827,SHOP-008,CUST-0160,2026-07-31T11:00:00+05:30,cash,3634.00,0.00,771.50,3634.00,completed,2026-07-31T11:00:00+05:30
SALE-001828,SHOP-008,,2026-07-31T18:10:00+05:30,upi,285.00,0.00,43.47,285.00,completed,2026-07-31T18:10:00+05:30
SALE-001829,SHOP-009,,2026-07-31T16:00:00+05:30,upi,338.00,0.00,48.02,338.00,completed,2026-07-31T16:00:00+05:30
SALE-001830,SHOP-011,CUST-0225,2026-07-31T09:40:00+05:30,upi,255.00,0.00,21.59,255.00,completed,2026-07-31T09:40:00+05:30
SALE-001831,SHOP-011,,2026-07-31T19:00:00+05:30,cash,120.00,0.00,8.10,120.00,completed,2026-07-31T19:00:00+05:30
SALE-001832,SHOP-013,,2026-07-31T16:10:00+05:30,card,64.00,0.00,3.05,64.00,completed,2026-07-31T16:10:00+05:30
SALE-001833,SHOP-013,CUST-0266,2026-07-31T19:50:00+05:30,upi,475.00,0.00,21.43,475.00,completed,2026-07-31T19:50:00+05:30
SALE-001834,SHOP-014,,2026-07-31T12:40:00+05:30,upi,285.00,0.00,43.47,285.00,completed,2026-07-31T12:40:00+05:30
SALE-001835,SHOP-015,CUST-0293,2026-07-31T10:20:00+05:30,cash,75.00,0.00,9.40,75.00,completed,2026-07-31T10:20:00+05:30
SALE-001836,SHOP-016,,2026-07-31T14:50:00+05:30,upi,3195.00,0.00,487.37,3195.00,completed,2026-07-31T14:50:00+05:30
SALE-001837,SHOP-016,CUST-0316,2026-07-31T18:20:00+05:30,card,697.00,0.00,106.32,697.00,completed,2026-07-31T18:20:00+05:30
SALE-001838,SHOP-017,,2026-07-31T19:40:00+05:30,upi,4230.00,0.00,195.29,4230.00,completed,2026-07-31T19:40:00+05:30
SALE-001839,SHOP-017,,2026-07-31T20:00:00+05:30,upi,130.00,0.00,6.19,130.00,completed,2026-07-31T20:00:00+05:30
SALE-001840,SHOP-017,CUST-0339,2026-07-31T20:50:00+05:30,upi,378.00,0.00,18.00,378.00,completed,2026-07-31T20:50:00+05:30
SALE-001841,SHOP-018,CUST-0369,2026-07-31T12:40:00+05:30,upi,225.00,0.00,5.71,225.00,completed,2026-07-31T12:40:00+05:30
SALE-001842,SHOP-018,CUST-0366,2026-07-31T15:10:00+05:30,cash,148.00,0.00,0.00,148.00,completed,2026-07-31T15:10:00+05:30
SALE-001843,SHOP-018,CUST-0365,2026-07-31T17:20:00+05:30,credit,236.00,0.00,27.46,236.00,completed,2026-07-31T17:20:00+05:30
SALE-001844,SHOP-020,CUST-0422,2026-07-31T10:30:00+05:30,cash,38.00,0.00,1.81,38.00,completed,2026-07-31T10:30:00+05:30
SALE-001845,SHOP-020,CUST-0405,2026-07-31T10:20:00+05:30,cash,1320.00,0.00,62.86,1320.00,completed,2026-07-31T10:20:00+05:30
SALE-001846,SHOP-023,,2026-07-31T14:40:00+05:30,cash,38.00,0.00,1.81,38.00,completed,2026-07-31T14:40:00+05:30
SALE-001847,SHOP-023,CUST-0480,2026-07-31T10:20:00+05:30,credit,92.00,0.00,4.38,92.00,completed,2026-07-31T10:20:00+05:30
SALE-001848,SHOP-024,CUST-0485,2026-07-31T14:50:00+05:30,upi,150.00,0.00,22.88,150.00,completed,2026-07-31T14:50:00+05:30
SALE-001849,SHOP-024,,2026-07-31T11:20:00+05:30,cash,111.00,0.00,3.62,111.00,completed,2026-07-31T11:20:00+05:30
SALE-001850,SHOP-026,CUST-0548,2026-07-31T11:00:00+05:30,cash,30.00,0.00,4.58,30.00,completed,2026-07-31T11:00:00+05:30
SALE-001851,SHOP-026,CUST-0545,2026-07-31T08:00:00+05:30,upi,135.00,0.00,6.43,135.00,completed,2026-07-31T08:00:00+05:30
SALE-001852,SHOP-027,,2026-07-31T11:10:00+05:30,cash,695.00,0.00,74.46,695.00,completed,2026-07-31T11:10:00+05:30
SALE-001853,SHOP-028,,2026-07-31T16:50:00+05:30,upi,148.00,0.00,6.33,148.00,completed,2026-07-31T16:50:00+05:30
SALE-001854,SHOP-028,,2026-07-31T18:50:00+05:30,upi,370.00,0.00,31.07,370.00,completed,2026-07-31T18:50:00+05:30
SALE-001855,SHOP-028,CUST-0591,2026-07-31T12:50:00+05:30,cash,954.00,0.00,83.14,954.00,completed,2026-07-31T12:50:00+05:30
SALE-001856,SHOP-028,,2026-07-31T16:10:00+05:30,upi,56.00,0.00,0.00,56.00,completed,2026-07-31T16:10:00+05:30
SALE-001857,SHOP-029,CUST-0600,2026-07-31T17:30:00+05:30,upi,597.00,0.00,91.07,597.00,completed,2026-07-31T17:30:00+05:30
SALE-001858,SHOP-030,CUST-0614,2026-07-31T18:50:00+05:30,upi,715.00,0.00,33.16,715.00,completed,2026-07-31T18:50:00+05:30
SALE-001859,SHOP-032,CUST-0664,2026-07-31T10:20:00+05:30,upi,215.00,0.00,12.86,215.00,completed,2026-07-31T10:20:00+05:30
SALE-001860,SHOP-033,CUST-0671,2026-07-31T12:40:00+05:30,credit,136.00,0.00,6.48,136.00,completed,2026-07-31T12:40:00+05:30
SALE-001861,SHOP-033,CUST-0687,2026-07-31T08:10:00+05:30,upi,188.00,0.00,1.81,188.00,completed,2026-07-31T08:10:00+05:30
SALE-001862,SHOP-033,CUST-0675,2026-07-31T20:30:00+05:30,credit,75.00,0.00,0.00,75.00,completed,2026-07-31T20:30:00+05:30
SALE-001863,SHOP-034,CUST-0699,2026-07-31T13:50:00+05:30,cash,50.00,0.00,7.63,50.00,completed,2026-07-31T13:50:00+05:30
SALE-001864,SHOP-035,CUST-0720,2026-07-31T10:50:00+05:30,cash,149.00,0.00,22.73,149.00,completed,2026-07-31T10:50:00+05:30
SALE-001865,SHOP-036,CUST-0737,2026-07-31T20:30:00+05:30,credit,40.00,0.00,1.90,40.00,completed,2026-07-31T20:30:00+05:30
SALE-001866,SHOP-037,CUST-0773,2026-07-31T17:10:00+05:30,upi,240.00,0.00,36.61,240.00,completed,2026-07-31T17:10:00+05:30
SALE-001867,SHOP-038,CUST-0776,2026-07-31T19:30:00+05:30,upi,316.00,0.00,9.05,316.00,completed,2026-07-31T19:30:00+05:30
SALE-001868,SHOP-039,,2026-07-31T12:00:00+05:30,upi,660.00,0.00,53.15,660.00,completed,2026-07-31T12:00:00+05:30
SALE-001869,SHOP-039,CUST-0803,2026-07-31T17:10:00+05:30,upi,76.00,0.00,11.59,76.00,completed,2026-07-31T17:10:00+05:30
SALE-001870,SHOP-040,,2026-07-31T14:30:00+05:30,upi,250.00,0.00,29.51,250.00,completed,2026-07-31T14:30:00+05:30
SALE-001871,SHOP-040,,2026-07-31T11:40:00+05:30,card,88.00,0.00,12.61,88.00,completed,2026-07-31T11:40:00+05:30
SALE-001872,SHOP-042,CUST-0870,2026-07-31T15:40:00+05:30,cash,580.00,11.60,86.71,568.40,completed,2026-07-31T15:40:00+05:30
SALE-001873,SHOP-043,CUST-0890,2026-07-31T13:00:00+05:30,upi,256.00,0.00,34.22,256.00,completed,2026-07-31T13:00:00+05:30
SALE-001874,SHOP-043,CUST-0884,2026-07-31T17:50:00+05:30,credit,1465.00,0.00,68.57,1465.00,completed,2026-07-31T17:50:00+05:30
SALE-001875,SHOP-044,CUST-0911,2026-07-31T09:10:00+05:30,credit,345.00,0.00,12.26,345.00,completed,2026-07-31T09:10:00+05:30
SALE-001876,SHOP-045,CUST-0919,2026-07-31T12:40:00+05:30,credit,1520.00,0.00,75.00,1520.00,completed,2026-07-31T12:40:00+05:30
SALE-001877,SHOP-045,,2026-07-31T15:30:00+05:30,cash,165.00,0.00,7.86,165.00,completed,2026-07-31T15:30:00+05:30
SALE-001878,SHOP-049,,2026-07-31T09:50:00+05:30,upi,145.00,0.00,0.00,145.00,completed,2026-07-31T09:50:00+05:30
SALE-001879,SHOP-049,CUST-0988,2026-07-31T11:10:00+05:30,cash,25.00,0.00,3.81,25.00,completed,2026-07-31T11:10:00+05:30
SALE-001880,SHOP-050,CUST-1033,2026-07-31T08:10:00+05:30,upi,30.00,0.00,4.58,30.00,completed,2026-07-31T08:10:00+05:30
SALE-001881,SHOP-050,CUST-1032,2026-07-31T20:20:00+05:30,cash,470.00,0.00,25.53,470.00,completed,2026-07-31T20:20:00+05:30
SALE-001882,SHOP-050,,2026-07-31T16:00:00+05:30,upi,20.00,0.00,2.14,20.00,completed,2026-07-31T16:00:00+05:30
SALE-001883,SHOP-001,CUST-0005,2026-08-01T08:10:00+05:30,cash,25.00,0.00,3.81,25.00,completed,2026-08-01T08:10:00+05:30
SALE-001884,SHOP-001,CUST-0022,2026-08-01T13:30:00+05:30,upi,70.00,0.00,3.33,70.00,completed,2026-08-01T13:30:00+05:30
SALE-001885,SHOP-001,CUST-0015,2026-08-01T10:30:00+05:30,upi,220.00,0.00,13.62,220.00,completed,2026-08-01T10:30:00+05:30
SALE-001886,SHOP-003,CUST-0057,2026-08-01T10:00:00+05:30,upi,10.00,0.00,1.07,10.00,completed,2026-08-01T10:00:00+05:30
SALE-001887,SHOP-006,,2026-08-01T20:30:00+05:30,upi,635.00,0.00,50.70,635.00,completed,2026-08-01T20:30:00+05:30
SALE-001888,SHOP-009,CUST-0188,2026-08-01T20:30:00+05:30,cash,306.00,0.00,46.68,306.00,completed,2026-08-01T20:30:00+05:30
SALE-001889,SHOP-011,CUST-0227,2026-08-01T20:20:00+05:30,credit,210.00,0.00,32.03,210.00,completed,2026-08-01T20:20:00+05:30
SALE-001890,SHOP-012,,2026-08-01T19:00:00+05:30,upi,101.00,0.00,7.43,101.00,completed,2026-08-01T19:00:00+05:30
SALE-001891,SHOP-012,,2026-08-01T17:20:00+05:30,cash,138.00,0.00,1.81,138.00,completed,2026-08-01T17:20:00+05:30
SALE-001892,SHOP-013,CUST-0269,2026-08-01T18:40:00+05:30,credit,685.00,0.00,68.82,685.00,completed,2026-08-01T18:40:00+05:30
SALE-001893,SHOP-013,CUST-0259,2026-08-01T08:20:00+05:30,cash,197.00,0.00,12.53,197.00,completed,2026-08-01T08:20:00+05:30
SALE-001894,SHOP-014,,2026-08-01T18:40:00+05:30,upi,105.00,0.00,16.02,105.00,completed,2026-08-01T18:40:00+05:30
SALE-001895,SHOP-015,CUST-0307,2026-08-01T18:30:00+05:30,upi,188.00,0.00,20.96,188.00,completed,2026-08-01T18:30:00+05:30
SALE-001896,SHOP-016,,2026-08-01T14:00:00+05:30,cash,845.00,0.00,128.90,845.00,completed,2026-08-01T14:00:00+05:30
SALE-001897,SHOP-017,,2026-08-01T16:40:00+05:30,cash,3445.00,0.00,164.05,3445.00,completed,2026-08-01T16:40:00+05:30
SALE-001898,SHOP-017,,2026-08-01T10:00:00+05:30,upi,1049.00,0.00,49.95,1049.00,completed,2026-08-01T10:00:00+05:30
SALE-001899,SHOP-018,,2026-08-01T12:10:00+05:30,cash,28.00,0.00,0.00,28.00,completed,2026-08-01T12:10:00+05:30
SALE-001900,SHOP-018,,2026-08-01T16:40:00+05:30,cash,720.00,0.00,99.15,720.00,completed,2026-08-01T16:40:00+05:30
SALE-001901,SHOP-020,CUST-0402,2026-08-01T20:00:00+05:30,credit,45.00,0.00,4.82,45.00,completed,2026-08-01T20:00:00+05:30
SALE-001902,SHOP-021,CUST-0441,2026-08-01T18:10:00+05:30,cash,24.00,0.00,3.66,24.00,completed,2026-08-01T18:10:00+05:30
SALE-001903,SHOP-023,CUST-0468,2026-08-01T20:30:00+05:30,upi,1618.00,0.00,91.00,1618.00,completed,2026-08-01T20:30:00+05:30
SALE-001904,SHOP-023,CUST-0468,2026-08-01T12:00:00+05:30,upi,335.00,0.00,42.03,335.00,completed,2026-08-01T12:00:00+05:30
SALE-001905,SHOP-023,,2026-08-01T10:10:00+05:30,upi,180.00,0.00,27.46,180.00,completed,2026-08-01T10:10:00+05:30
SALE-001906,SHOP-024,,2026-08-01T14:20:00+05:30,cash,259.00,0.00,11.15,259.00,completed,2026-08-01T14:20:00+05:30
SALE-001907,SHOP-024,,2026-08-01T12:20:00+05:30,upi,112.00,0.00,4.57,112.00,completed,2026-08-01T12:20:00+05:30
SALE-001908,SHOP-025,CUST-0517,2026-08-01T19:10:00+05:30,credit,320.00,0.00,48.81,320.00,completed,2026-08-01T19:10:00+05:30
SALE-001909,SHOP-026,CUST-0548,2026-08-01T11:20:00+05:30,credit,275.00,0.00,3.81,275.00,completed,2026-08-01T11:20:00+05:30
SALE-001910,SHOP-026,CUST-0527,2026-08-01T15:30:00+05:30,cash,158.00,0.00,8.71,158.00,completed,2026-08-01T15:30:00+05:30
SALE-001911,SHOP-028,CUST-0592,2026-08-01T11:50:00+05:30,cash,1775.00,0.00,252.26,1775.00,completed,2026-08-01T11:50:00+05:30
SALE-001912,SHOP-028,,2026-08-01T08:30:00+05:30,cash,895.00,0.00,92.14,895.00,completed,2026-08-01T08:30:00+05:30
SALE-001913,SHOP-028,,2026-08-01T09:20:00+05:30,upi,187.00,0.00,2.76,187.00,completed,2026-08-01T09:20:00+05:30
SALE-001914,SHOP-029,,2026-08-01T17:30:00+05:30,cash,1397.00,0.00,213.10,1397.00,completed,2026-08-01T17:30:00+05:30
SALE-001915,SHOP-029,CUST-0596,2026-08-01T08:00:00+05:30,cash,2143.00,0.00,326.90,2143.00,completed,2026-08-01T08:00:00+05:30
SALE-001916,SHOP-030,,2026-08-01T19:20:00+05:30,cash,930.00,0.00,41.90,930.00,completed,2026-08-01T19:20:00+05:30
SALE-001917,SHOP-033,CUST-0674,2026-08-01T14:10:00+05:30,cash,680.00,0.00,72.86,680.00,completed,2026-08-01T14:10:00+05:30
SALE-001918,SHOP-033,CUST-0685,2026-08-01T10:10:00+05:30,cash,78.00,0.00,0.00,78.00,completed,2026-08-01T10:10:00+05:30
SALE-001919,SHOP-035,CUST-0708,2026-08-01T12:30:00+05:30,upi,2558.00,0.00,390.20,2558.00,completed,2026-08-01T12:30:00+05:30
SALE-001920,SHOP-036,CUST-0725,2026-08-01T13:30:00+05:30,upi,380.00,0.00,18.10,380.00,completed,2026-08-01T13:30:00+05:30
SALE-001921,SHOP-036,CUST-0746,2026-08-01T10:50:00+05:30,credit,240.00,0.00,11.43,240.00,completed,2026-08-01T10:50:00+05:30
SALE-001922,SHOP-037,,2026-08-01T16:10:00+05:30,cash,80.00,0.00,12.20,80.00,completed,2026-08-01T16:10:00+05:30
SALE-001923,SHOP-037,CUST-0758,2026-08-01T13:50:00+05:30,upi,1850.00,0.00,282.20,1850.00,completed,2026-08-01T13:50:00+05:30
SALE-001924,SHOP-037,CUST-0763,2026-08-01T13:10:00+05:30,cash,897.00,0.00,136.83,897.00,completed,2026-08-01T13:10:00+05:30
SALE-001925,SHOP-038,CUST-0780,2026-08-01T20:30:00+05:30,card,190.00,0.00,12.15,190.00,completed,2026-08-01T20:30:00+05:30
SALE-001926,SHOP-039,CUST-0790,2026-08-01T19:00:00+05:30,upi,285.00,0.00,13.57,285.00,completed,2026-08-01T19:00:00+05:30
SALE-001927,SHOP-039,CUST-0812,2026-08-01T13:50:00+05:30,upi,251.00,0.00,18.32,251.00,completed,2026-08-01T13:50:00+05:30
SALE-001928,SHOP-040,CUST-0823,2026-08-01T20:10:00+05:30,upi,50.00,0.00,5.36,50.00,completed,2026-08-01T20:10:00+05:30
SALE-001929,SHOP-040,,2026-08-01T19:30:00+05:30,cash,70.00,0.00,7.50,70.00,completed,2026-08-01T19:30:00+05:30
SALE-001930,SHOP-041,CUST-0846,2026-08-01T09:30:00+05:30,cash,2595.00,0.00,395.85,2595.00,completed,2026-08-01T09:30:00+05:30
SALE-001931,SHOP-042,CUST-0869,2026-08-01T12:10:00+05:30,upi,75.00,0.00,11.44,75.00,completed,2026-08-01T12:10:00+05:30
SALE-001932,SHOP-042,CUST-0867,2026-08-01T14:00:00+05:30,cash,280.00,0.00,42.71,280.00,completed,2026-08-01T14:00:00+05:30
SALE-001933,SHOP-046,CUST-0945,2026-08-01T19:40:00+05:30,credit,100.00,0.00,12.08,100.00,completed,2026-08-01T19:40:00+05:30
SALE-001934,SHOP-047,,2026-08-01T18:40:00+05:30,upi,648.00,0.00,98.85,648.00,completed,2026-08-01T18:40:00+05:30
SALE-001935,SHOP-048,CUST-0982,2026-08-01T18:10:00+05:30,upi,1560.00,0.00,237.97,1560.00,completed,2026-08-01T18:10:00+05:30
SALE-001936,SHOP-050,,2026-08-01T18:10:00+05:30,cash,260.00,0.00,12.38,260.00,completed,2026-08-01T18:10:00+05:30
SALE-001937,SHOP-001,CUST-0003,2026-08-02T17:30:00+05:30,cash,180.00,0.00,27.46,180.00,completed,2026-08-02T17:30:00+05:30
SALE-001938,SHOP-001,CUST-0012,2026-08-02T11:30:00+05:30,upi,345.00,0.00,20.24,345.00,completed,2026-08-02T11:30:00+05:30
SALE-001939,SHOP-001,CUST-0016,2026-08-02T14:30:00+05:30,cash,100.00,0.00,4.76,100.00,completed,2026-08-02T14:30:00+05:30
SALE-001940,SHOP-002,CUST-0034,2026-08-02T13:20:00+05:30,card,3582.00,0.00,546.41,3582.00,completed,2026-08-02T13:20:00+05:30
SALE-001941,SHOP-003,CUST-0060,2026-08-02T13:10:00+05:30,credit,165.00,0.00,25.17,165.00,completed,2026-08-02T13:10:00+05:30
SALE-001942,SHOP-005,CUST-0091,2026-08-02T08:10:00+05:30,cash,149.00,0.00,22.73,149.00,completed,2026-08-02T08:10:00+05:30
SALE-001943,SHOP-005,CUST-0099,2026-08-02T16:10:00+05:30,upi,547.00,0.00,83.44,547.00,completed,2026-08-02T16:10:00+05:30
SALE-001944,SHOP-006,CUST-0106,2026-08-02T08:20:00+05:30,upi,216.00,0.00,9.99,216.00,completed,2026-08-02T08:20:00+05:30
SALE-001945,SHOP-006,CUST-0101,2026-08-02T14:20:00+05:30,upi,521.00,0.00,31.42,521.00,completed,2026-08-02T14:20:00+05:30
SALE-001946,SHOP-007,CUST-0139,2026-08-02T18:30:00+05:30,upi,35.00,0.00,0.00,35.00,completed,2026-08-02T18:30:00+05:30
SALE-001947,SHOP-007,CUST-0138,2026-08-02T20:40:00+05:30,cash,96.00,0.00,4.57,96.00,completed,2026-08-02T20:40:00+05:30
SALE-001948,SHOP-008,CUST-0147,2026-08-02T18:40:00+05:30,credit,9069.00,0.00,1872.02,9069.00,completed,2026-08-02T18:40:00+05:30
SALE-001949,SHOP-009,CUST-0185,2026-08-02T08:30:00+05:30,card,36.00,0.00,3.86,36.00,completed,2026-08-02T08:30:00+05:30
SALE-001950,SHOP-009,CUST-0179,2026-08-02T13:20:00+05:30,upi,62.00,0.00,9.46,62.00,completed,2026-08-02T13:20:00+05:30
SALE-001951,SHOP-010,CUST-0196,2026-08-02T18:10:00+05:30,upi,1049.00,0.00,160.02,1049.00,completed,2026-08-02T18:10:00+05:30
SALE-001952,SHOP-011,CUST-0215,2026-08-02T11:50:00+05:30,upi,800.00,0.00,40.77,800.00,completed,2026-08-02T11:50:00+05:30
SALE-001953,SHOP-011,CUST-0206,2026-08-02T15:20:00+05:30,cash,25.00,0.00,3.81,25.00,completed,2026-08-02T15:20:00+05:30
SALE-001954,SHOP-011,CUST-0223,2026-08-02T11:30:00+05:30,upi,205.00,0.00,15.63,205.00,completed,2026-08-02T11:30:00+05:30
SALE-001955,SHOP-015,CUST-0293,2026-08-02T16:50:00+05:30,cash,152.00,0.00,22.64,152.00,completed,2026-08-02T16:50:00+05:30
SALE-001956,SHOP-016,CUST-0311,2026-08-02T11:30:00+05:30,upi,1198.00,0.00,182.75,1198.00,completed,2026-08-02T11:30:00+05:30
SALE-001957,SHOP-017,,2026-08-02T15:10:00+05:30,upi,25.00,0.00,3.81,25.00,completed,2026-08-02T15:10:00+05:30
SALE-001958,SHOP-017,CUST-0342,2026-08-02T11:50:00+05:30,upi,930.00,0.00,44.29,930.00,completed,2026-08-02T11:50:00+05:30
SALE-001959,SHOP-018,CUST-0355,2026-08-02T12:00:00+05:30,upi,100.00,0.00,0.95,100.00,completed,2026-08-02T12:00:00+05:30
SALE-001960,SHOP-019,,2026-08-02T10:30:00+05:30,upi,1340.00,0.00,204.41,1340.00,completed,2026-08-02T10:30:00+05:30
SALE-001961,SHOP-020,,2026-08-02T18:40:00+05:30,cash,1320.00,66.00,59.71,1254.00,completed,2026-08-02T18:40:00+05:30
SALE-001962,SHOP-023,CUST-0460,2026-08-02T13:20:00+05:30,credit,240.00,0.00,11.43,240.00,completed,2026-08-02T13:20:00+05:30
SALE-001963,SHOP-023,,2026-08-02T10:00:00+05:30,upi,114.00,0.00,17.39,114.00,completed,2026-08-02T10:00:00+05:30
SALE-001964,SHOP-024,CUST-0486,2026-08-02T16:10:00+05:30,upi,118.00,0.00,7.86,118.00,completed,2026-08-02T16:10:00+05:30
SALE-001965,SHOP-024,,2026-08-02T11:00:00+05:30,cash,313.00,0.00,20.16,313.00,completed,2026-08-02T11:00:00+05:30
SALE-001966,SHOP-025,CUST-0514,2026-08-02T17:30:00+05:30,cash,190.00,0.00,28.98,190.00,completed,2026-08-02T17:30:00+05:30
SALE-001967,SHOP-025,,2026-08-02T09:20:00+05:30,upi,5710.00,0.00,871.02,5710.00,completed,2026-08-02T09:20:00+05:30
SALE-001968,SHOP-026,CUST-0541,2026-08-02T10:40:00+05:30,credit,37.00,0.00,1.76,37.00,completed,2026-08-02T10:40:00+05:30
SALE-001969,SHOP-026,CUST-0523,2026-08-02T17:00:00+05:30,upi,680.00,20.40,36.50,659.60,completed,2026-08-02T17:00:00+05:30
SALE-001970,SHOP-026,CUST-0549,2026-08-02T18:20:00+05:30,cash,505.00,0.00,24.05,505.00,completed,2026-08-02T18:20:00+05:30
SALE-001971,SHOP-027,CUST-0553,2026-08-02T11:20:00+05:30,cash,445.00,0.00,60.62,445.00,completed,2026-08-02T11:20:00+05:30
SALE-001972,SHOP-028,CUST-0581,2026-08-02T09:00:00+05:30,upi,55.00,0.00,0.95,55.00,completed,2026-08-02T09:00:00+05:30
SALE-001973,SHOP-028,CUST-0592,2026-08-02T13:20:00+05:30,cash,120.00,0.00,5.71,120.00,completed,2026-08-02T13:20:00+05:30
SALE-001974,SHOP-028,CUST-0584,2026-08-02T11:30:00+05:30,upi,838.00,0.00,72.86,838.00,completed,2026-08-02T11:30:00+05:30
SALE-001975,SHOP-030,,2026-08-02T19:00:00+05:30,upi,710.00,0.00,11.44,710.00,completed,2026-08-02T19:00:00+05:30
SALE-001976,SHOP-031,CUST-0636,2026-08-02T09:10:00+05:30,credit,2164.00,64.92,320.20,2099.08,completed,2026-08-02T09:10:00+05:30
SALE-001977,SHOP-032,CUST-0660,2026-08-02T11:20:00+05:30,upi,188.00,0.00,12.94,188.00,completed,2026-08-02T11:20:00+05:30
SALE-001978,SHOP-032,CUST-0665,2026-08-02T11:20:00+05:30,credit,120.00,0.00,5.71,120.00,completed,2026-08-02T11:20:00+05:30
SALE-001979,SHOP-033,,2026-08-02T18:10:00+05:30,card,82.00,0.00,11.15,82.00,completed,2026-08-02T18:10:00+05:30
SALE-001980,SHOP-034,CUST-0690,2026-08-02T16:30:00+05:30,cash,163.00,0.00,21.69,163.00,returned,2026-08-02T16:30:00+05:30
SALE-001981,SHOP-035,CUST-0707,2026-08-02T15:40:00+05:30,credit,519.00,0.00,79.17,519.00,completed,2026-08-02T15:40:00+05:30
SALE-001982,SHOP-036,,2026-08-02T16:40:00+05:30,upi,332.00,0.00,15.81,332.00,completed,2026-08-02T16:40:00+05:30
SALE-001983,SHOP-036,CUST-0745,2026-08-02T08:10:00+05:30,cash,3103.00,0.00,151.75,3103.00,completed,2026-08-02T08:10:00+05:30
SALE-001984,SHOP-037,,2026-08-02T08:50:00+05:30,cash,482.00,0.00,73.53,482.00,completed,2026-08-02T08:50:00+05:30
SALE-001985,SHOP-037,,2026-08-02T10:50:00+05:30,cash,320.00,0.00,48.81,320.00,completed,2026-08-02T10:50:00+05:30
SALE-001986,SHOP-037,,2026-08-02T12:20:00+05:30,cash,24.00,0.00,3.66,24.00,completed,2026-08-02T12:20:00+05:30
SALE-001987,SHOP-039,CUST-0797,2026-08-02T10:20:00+05:30,upi,334.00,0.00,42.56,334.00,completed,2026-08-02T10:20:00+05:30
SALE-001988,SHOP-039,CUST-0814,2026-08-02T08:20:00+05:30,upi,625.00,0.00,29.76,625.00,completed,2026-08-02T08:20:00+05:30
SALE-001989,SHOP-040,,2026-08-02T19:40:00+05:30,cash,114.00,0.00,14.67,114.00,completed,2026-08-02T19:40:00+05:30
SALE-001990,SHOP-042,CUST-0866,2026-08-02T20:30:00+05:30,cash,5810.00,0.00,913.42,5810.00,completed,2026-08-02T20:30:00+05:30
SALE-001991,SHOP-043,CUST-0872,2026-08-02T16:40:00+05:30,upi,30.00,0.00,3.21,30.00,completed,2026-08-02T16:40:00+05:30
SALE-001992,SHOP-044,CUST-0905,2026-08-02T10:10:00+05:30,upi,366.00,0.00,12.86,366.00,completed,2026-08-02T10:10:00+05:30
SALE-001993,SHOP-044,,2026-08-02T11:10:00+05:30,cash,490.00,0.00,36.43,490.00,completed,2026-08-02T11:10:00+05:30
SALE-001994,SHOP-044,CUST-0909,2026-08-02T12:50:00+05:30,credit,99.00,0.00,0.00,99.00,completed,2026-08-02T12:50:00+05:30
SALE-001995,SHOP-045,CUST-0919,2026-08-02T20:20:00+05:30,credit,90.00,0.00,13.73,90.00,completed,2026-08-02T20:20:00+05:30
SALE-001996,SHOP-045,,2026-08-02T16:50:00+05:30,upi,108.00,0.00,13.12,108.00,completed,2026-08-02T16:50:00+05:30
SALE-001997,SHOP-046,,2026-08-02T13:30:00+05:30,upi,225.00,0.00,33.87,225.00,completed,2026-08-02T13:30:00+05:30
SALE-001998,SHOP-047,CUST-0961,2026-08-02T16:30:00+05:30,card,348.00,0.00,53.08,348.00,completed,2026-08-02T16:30:00+05:30
SALE-001999,SHOP-049,CUST-1005,2026-08-02T18:00:00+05:30,cash,100.00,0.00,0.00,100.00,completed,2026-08-02T18:00:00+05:30
SALE-002000,SHOP-050,CUST-1017,2026-08-02T15:30:00+05:30,upi,70.00,0.00,6.18,70.00,completed,2026-08-02T15:30:00+05:30
SALE-002001,SHOP-001,,2026-08-03T15:10:00+05:30,cash,105.00,0.00,16.02,105.00,completed,2026-08-03T15:10:00+05:30
SALE-002002,SHOP-001,,2026-08-03T10:30:00+05:30,cash,120.00,0.00,5.71,120.00,completed,2026-08-03T10:30:00+05:30
SALE-002003,SHOP-003,,2026-08-03T14:20:00+05:30,cash,120.00,0.00,12.86,120.00,completed,2026-08-03T14:20:00+05:30
SALE-002004,SHOP-004,CUST-0076,2026-08-03T14:50:00+05:30,upi,75.00,0.00,6.43,75.00,completed,2026-08-03T14:50:00+05:30
SALE-002005,SHOP-007,CUST-0127,2026-08-03T16:00:00+05:30,credit,145.00,0.00,4.52,145.00,completed,2026-08-03T16:00:00+05:30
SALE-002006,SHOP-007,,2026-08-03T20:10:00+05:30,cash,80.00,0.00,0.00,80.00,completed,2026-08-03T20:10:00+05:30
SALE-002007,SHOP-008,CUST-0157,2026-08-03T15:00:00+05:30,credit,255.00,0.00,38.90,255.00,completed,2026-08-03T15:00:00+05:30
SALE-002008,SHOP-009,CUST-0174,2026-08-03T18:20:00+05:30,upi,1008.00,0.00,123.44,1008.00,completed,2026-08-03T18:20:00+05:30
SALE-002009,SHOP-011,CUST-0212,2026-08-03T19:10:00+05:30,cash,263.00,0.00,22.81,263.00,completed,2026-08-03T19:10:00+05:30
SALE-002010,SHOP-012,CUST-0240,2026-08-03T11:30:00+05:30,cash,283.00,0.00,29.36,283.00,completed,2026-08-03T11:30:00+05:30
SALE-002011,SHOP-013,CUST-0262,2026-08-03T08:00:00+05:30,cash,315.00,0.00,48.05,315.00,returned,2026-08-03T08:00:00+05:30
SALE-002012,SHOP-014,CUST-0280,2026-08-03T09:30:00+05:30,upi,570.00,0.00,86.95,570.00,completed,2026-08-03T09:30:00+05:30
SALE-002013,SHOP-014,CUST-0290,2026-08-03T09:30:00+05:30,cash,1980.00,99.00,286.93,1881.00,completed,2026-08-03T09:30:00+05:30
SALE-002014,SHOP-015,CUST-0305,2026-08-03T09:30:00+05:30,cash,670.00,0.00,74.51,670.00,completed,2026-08-03T09:30:00+05:30
SALE-002015,SHOP-016,CUST-0315,2026-08-03T19:20:00+05:30,upi,447.00,0.00,68.19,447.00,completed,2026-08-03T19:20:00+05:30
SALE-002016,SHOP-017,,2026-08-03T13:30:00+05:30,cash,495.00,0.00,16.02,495.00,completed,2026-08-03T13:30:00+05:30
SALE-002017,SHOP-017,CUST-0338,2026-08-03T18:20:00+05:30,credit,2625.00,0.00,127.62,2625.00,completed,2026-08-03T18:20:00+05:30
SALE-002018,SHOP-018,CUST-0371,2026-08-03T16:30:00+05:30,credit,250.00,0.00,17.63,250.00,completed,2026-08-03T16:30:00+05:30
SALE-002019,SHOP-020,CUST-0398,2026-08-03T08:00:00+05:30,upi,167.00,0.00,20.76,167.00,completed,2026-08-03T08:00:00+05:30
SALE-002020,SHOP-020,,2026-08-03T16:00:00+05:30,upi,60.00,0.00,9.15,60.00,completed,2026-08-03T16:00:00+05:30
SALE-002021,SHOP-021,CUST-0443,2026-08-03T19:30:00+05:30,upi,460.00,0.00,65.63,460.00,completed,2026-08-03T19:30:00+05:30
SALE-002022,SHOP-021,CUST-0431,2026-08-03T20:50:00+05:30,upi,30.00,0.00,3.21,30.00,completed,2026-08-03T20:50:00+05:30
SALE-002023,SHOP-022,CUST-0455,2026-08-03T18:00:00+05:30,cash,2097.00,0.00,319.88,2097.00,completed,2026-08-03T18:00:00+05:30
SALE-002024,SHOP-023,CUST-0463,2026-08-03T17:50:00+05:30,upi,150.00,0.00,7.14,150.00,completed,2026-08-03T17:50:00+05:30
SALE-002025,SHOP-024,,2026-08-03T20:50:00+05:30,upi,171.00,0.00,0.00,171.00,completed,2026-08-03T20:50:00+05:30
SALE-002026,SHOP-024,CUST-0495,2026-08-03T15:50:00+05:30,upi,110.00,0.00,0.00,110.00,completed,2026-08-03T15:50:00+05:30
SALE-002027,SHOP-025,CUST-0519,2026-08-03T13:50:00+05:30,upi,1560.00,0.00,237.97,1560.00,completed,2026-08-03T13:50:00+05:30
SALE-002028,SHOP-026,CUST-0539,2026-08-03T14:20:00+05:30,credit,153.00,0.00,8.18,153.00,completed,2026-08-03T14:20:00+05:30
SALE-002029,SHOP-026,CUST-0538,2026-08-03T14:40:00+05:30,credit,270.00,0.00,12.86,270.00,completed,2026-08-03T14:40:00+05:30
SALE-002030,SHOP-027,,2026-08-03T15:40:00+05:30,upi,30.00,0.00,4.58,30.00,completed,2026-08-03T15:40:00+05:30
SALE-002031,SHOP-028,CUST-0586,2026-08-03T10:40:00+05:30,cash,446.00,0.00,45.79,446.00,completed,2026-08-03T10:40:00+05:30
SALE-002032,SHOP-028,,2026-08-03T17:50:00+05:30,cash,148.00,0.00,3.24,148.00,completed,2026-08-03T17:50:00+05:30
SALE-002033,SHOP-028,CUST-0579,2026-08-03T13:00:00+05:30,cash,620.00,0.00,51.96,620.00,completed,2026-08-03T13:00:00+05:30
SALE-002034,SHOP-029,,2026-08-03T19:50:00+05:30,cash,1246.00,0.00,190.07,1246.00,completed,2026-08-03T19:50:00+05:30
SALE-002035,SHOP-030,CUST-0619,2026-08-03T18:20:00+05:30,credit,120.00,0.00,5.71,120.00,completed,2026-08-03T18:20:00+05:30
SALE-002036,SHOP-030,CUST-0617,2026-08-03T15:10:00+05:30,credit,340.00,0.00,35.08,340.00,completed,2026-08-03T15:10:00+05:30
SALE-002037,SHOP-032,,2026-08-03T12:10:00+05:30,upi,410.00,0.00,19.52,410.00,completed,2026-08-03T12:10:00+05:30
SALE-002038,SHOP-032,CUST-0648,2026-08-03T13:00:00+05:30,upi,155.00,0.00,23.64,155.00,completed,2026-08-03T13:00:00+05:30
SALE-002039,SHOP-032,CUST-0669,2026-08-03T09:00:00+05:30,cash,1410.00,70.50,72.76,1339.50,completed,2026-08-03T09:00:00+05:30
SALE-002040,SHOP-033,CUST-0689,2026-08-03T08:00:00+05:30,cash,120.00,0.00,12.86,120.00,completed,2026-08-03T08:00:00+05:30
SALE-002041,SHOP-033,,2026-08-03T17:40:00+05:30,upi,120.00,0.00,0.00,120.00,completed,2026-08-03T17:40:00+05:30
SALE-002042,SHOP-033,CUST-0676,2026-08-03T13:10:00+05:30,credit,60.00,0.00,2.86,60.00,completed,2026-08-03T13:10:00+05:30
SALE-002043,SHOP-035,CUST-0711,2026-08-03T12:50:00+05:30,upi,4211.00,0.00,642.36,4211.00,completed,2026-08-03T12:50:00+05:30
SALE-002044,SHOP-035,CUST-0710,2026-08-03T10:00:00+05:30,cash,998.00,0.00,152.24,998.00,completed,2026-08-03T10:00:00+05:30
SALE-002045,SHOP-036,,2026-08-03T09:30:00+05:30,upi,168.00,0.00,8.00,168.00,completed,2026-08-03T09:30:00+05:30
SALE-002046,SHOP-036,CUST-0734,2026-08-03T20:40:00+05:30,upi,92.00,0.00,4.38,92.00,completed,2026-08-03T20:40:00+05:30
SALE-002047,SHOP-037,CUST-0751,2026-08-03T13:00:00+05:30,cash,4274.00,0.00,651.97,4274.00,completed,2026-08-03T13:00:00+05:30
SALE-002048,SHOP-039,CUST-0810,2026-08-03T17:20:00+05:30,cash,60.00,0.00,9.15,60.00,completed,2026-08-03T17:20:00+05:30
SALE-002049,SHOP-044,,2026-08-03T13:40:00+05:30,upi,120.00,0.00,12.86,120.00,completed,2026-08-03T13:40:00+05:30
SALE-002050,SHOP-044,CUST-0911,2026-08-03T08:50:00+05:30,credit,180.00,0.00,8.57,180.00,completed,2026-08-03T08:50:00+05:30
SALE-002051,SHOP-044,CUST-0901,2026-08-03T17:40:00+05:30,credit,269.00,0.00,0.00,269.00,completed,2026-08-03T17:40:00+05:30
SALE-002052,SHOP-047,,2026-08-03T10:30:00+05:30,cash,447.00,0.00,68.19,447.00,returned,2026-08-03T10:30:00+05:30
SALE-002053,SHOP-050,CUST-1023,2026-08-03T20:40:00+05:30,upi,550.00,11.00,26.83,539.00,completed,2026-08-03T20:40:00+05:30
SALE-002054,SHOP-050,CUST-1028,2026-08-03T12:50:00+05:30,credit,302.00,0.00,14.38,302.00,completed,2026-08-03T12:50:00+05:30
SALE-002055,SHOP-001,,2026-08-04T15:20:00+05:30,cash,300.00,0.00,44.40,300.00,completed,2026-08-04T15:20:00+05:30
SALE-002056,SHOP-001,CUST-0018,2026-08-04T11:10:00+05:30,credit,360.00,0.00,28.16,360.00,completed,2026-08-04T11:10:00+05:30
SALE-002057,SHOP-001,,2026-08-04T10:20:00+05:30,upi,2675.00,0.00,135.25,2675.00,completed,2026-08-04T10:20:00+05:30
SALE-002058,SHOP-003,CUST-0048,2026-08-04T15:30:00+05:30,upi,140.00,0.00,20.45,140.00,returned,2026-08-04T15:30:00+05:30
SALE-002059,SHOP-004,CUST-0076,2026-08-04T18:50:00+05:30,upi,248.00,0.00,7.63,248.00,completed,2026-08-04T18:50:00+05:30
SALE-002060,SHOP-005,CUST-0100,2026-08-04T17:10:00+05:30,upi,2143.00,0.00,326.90,2143.00,completed,2026-08-04T17:10:00+05:30
SALE-002061,SHOP-005,CUST-0087,2026-08-04T13:00:00+05:30,upi,1796.00,0.00,273.97,1796.00,completed,2026-08-04T13:00:00+05:30
SALE-002062,SHOP-007,CUST-0135,2026-08-04T19:30:00+05:30,upi,275.00,0.00,9.05,275.00,completed,2026-08-04T19:30:00+05:30
SALE-002063,SHOP-007,CUST-0128,2026-08-04T13:00:00+05:30,upi,40.00,0.00,0.00,40.00,completed,2026-08-04T13:00:00+05:30
SALE-002064,SHOP-007,CUST-0134,2026-08-04T09:10:00+05:30,cash,195.00,0.00,12.86,195.00,completed,2026-08-04T09:10:00+05:30
SALE-002065,SHOP-009,CUST-0189,2026-08-04T09:00:00+05:30,upi,195.00,0.00,27.02,195.00,completed,2026-08-04T09:00:00+05:30
SALE-002066,SHOP-011,CUST-0227,2026-08-04T10:10:00+05:30,cash,3938.00,0.00,187.52,3938.00,completed,2026-08-04T10:10:00+05:30
SALE-002067,SHOP-011,CUST-0207,2026-08-04T08:50:00+05:30,upi,110.00,0.00,16.78,110.00,completed,2026-08-04T08:50:00+05:30
SALE-002068,SHOP-011,CUST-0229,2026-08-04T17:10:00+05:30,upi,430.00,0.00,25.41,430.00,completed,2026-08-04T17:10:00+05:30
SALE-002069,SHOP-012,,2026-08-04T14:10:00+05:30,upi,233.00,0.00,17.87,233.00,completed,2026-08-04T14:10:00+05:30
SALE-002070,SHOP-013,CUST-0257,2026-08-04T11:00:00+05:30,upi,935.00,0.00,36.97,935.00,completed,2026-08-04T11:00:00+05:30
SALE-002071,SHOP-014,,2026-08-04T14:20:00+05:30,upi,1170.00,58.50,195.34,1111.50,completed,2026-08-04T14:20:00+05:30
SALE-002072,SHOP-017,,2026-08-04T16:20:00+05:30,cash,60.00,0.00,9.15,60.00,completed,2026-08-04T16:20:00+05:30
SALE-002073,SHOP-018,CUST-0367,2026-08-04T10:00:00+05:30,cash,258.00,0.00,14.20,258.00,completed,2026-08-04T10:00:00+05:30
SALE-002074,SHOP-018,CUST-0362,2026-08-04T08:00:00+05:30,cash,246.00,0.00,6.48,246.00,completed,2026-08-04T08:00:00+05:30
SALE-002075,SHOP-018,CUST-0365,2026-08-04T11:20:00+05:30,credit,84.00,0.00,0.00,84.00,completed,2026-08-04T11:20:00+05:30
SALE-002076,SHOP-019,CUST-0377,2026-08-04T10:50:00+05:30,upi,20.00,0.00,3.05,20.00,completed,2026-08-04T10:50:00+05:30
SALE-002077,SHOP-019,CUST-0384,2026-08-04T15:30:00+05:30,upi,348.00,0.00,53.08,348.00,completed,2026-08-04T15:30:00+05:30
SALE-002078,SHOP-020,,2026-08-04T19:30:00+05:30,cash,300.00,0.00,45.76,300.00,completed,2026-08-04T19:30:00+05:30
SALE-002079,SHOP-020,,2026-08-04T17:40:00+05:30,upi,880.00,17.60,41.07,862.40,completed,2026-08-04T17:40:00+05:30
SALE-002080,SHOP-020,CUST-0416,2026-08-04T12:40:00+05:30,credit,45.00,0.00,4.82,45.00,completed,2026-08-04T12:40:00+05:30
SALE-002081,SHOP-020,CUST-0399,2026-08-04T16:00:00+05:30,credit,175.00,0.00,10.96,175.00,completed,2026-08-04T16:00:00+05:30
SALE-002082,SHOP-021,CUST-0445,2026-08-04T08:10:00+05:30,upi,1060.00,0.00,123.56,1060.00,completed,2026-08-04T08:10:00+05:30
SALE-002083,SHOP-023,CUST-0466,2026-08-04T12:40:00+05:30,credit,780.00,0.00,11.07,780.00,completed,2026-08-04T12:40:00+05:30
SALE-002084,SHOP-023,CUST-0467,2026-08-04T14:30:00+05:30,credit,315.00,0.00,20.25,315.00,completed,2026-08-04T14:30:00+05:30
SALE-002085,SHOP-023,CUST-0461,2026-08-04T13:50:00+05:30,cash,850.00,0.00,43.15,850.00,completed,2026-08-04T13:50:00+05:30
SALE-002086,SHOP-024,,2026-08-04T16:50:00+05:30,upi,135.00,0.00,6.43,135.00,completed,2026-08-04T16:50:00+05:30
SALE-002087,SHOP-025,,2026-08-04T20:00:00+05:30,upi,5425.00,108.50,810.99,5316.50,completed,2026-08-04T20:00:00+05:30
SALE-002088,SHOP-026,,2026-08-04T17:20:00+05:30,upi,90.00,0.00,13.73,90.00,completed,2026-08-04T17:20:00+05:30
SALE-002089,SHOP-026,CUST-0522,2026-08-04T13:50:00+05:30,cash,38.00,0.00,5.80,38.00,completed,2026-08-04T13:50:00+05:30
SALE-002090,SHOP-027,CUST-0550,2026-08-04T10:20:00+05:30,card,185.00,0.00,23.00,185.00,completed,2026-08-04T10:20:00+05:30
SALE-002091,SHOP-028,CUST-0578,2026-08-04T20:00:00+05:30,upi,146.00,0.00,0.00,146.00,completed,2026-08-04T20:00:00+05:30
SALE-002092,SHOP-028,CUST-0575,2026-08-04T20:00:00+05:30,cash,124.00,0.00,0.00,124.00,completed,2026-08-04T20:00:00+05:30
SALE-002093,SHOP-028,CUST-0574,2026-08-04T18:20:00+05:30,card,300.00,0.00,33.17,300.00,completed,2026-08-04T18:20:00+05:30
SALE-002094,SHOP-031,,2026-08-04T12:30:00+05:30,upi,3624.00,0.00,552.81,3624.00,completed,2026-08-04T12:30:00+05:30
SALE-002095,SHOP-032,CUST-0661,2026-08-04T09:40:00+05:30,cash,495.00,0.00,23.57,495.00,completed,2026-08-04T09:40:00+05:30
SALE-002096,SHOP-032,CUST-0654,2026-08-04T13:50:00+05:30,upi,135.00,0.00,6.43,135.00,completed,2026-08-04T13:50:00+05:30
SALE-002097,SHOP-033,,2026-08-04T15:00:00+05:30,cash,80.00,0.00,0.00,80.00,completed,2026-08-04T15:00:00+05:30
SALE-002098,SHOP-033,CUST-0678,2026-08-04T19:10:00+05:30,cash,90.00,0.00,0.00,90.00,completed,2026-08-04T19:10:00+05:30
SALE-002099,SHOP-033,CUST-0682,2026-08-04T18:50:00+05:30,credit,234.00,0.00,6.82,234.00,completed,2026-08-04T18:50:00+05:30
SALE-002100,SHOP-034,CUST-0691,2026-08-04T08:30:00+05:30,upi,25.00,0.00,3.81,25.00,completed,2026-08-04T08:30:00+05:30
SALE-002101,SHOP-035,CUST-0706,2026-08-04T14:30:00+05:30,cash,629.00,0.00,95.95,629.00,completed,2026-08-04T14:30:00+05:30
SALE-002102,SHOP-035,,2026-08-04T18:10:00+05:30,upi,1199.00,0.00,182.90,1199.00,completed,2026-08-04T18:10:00+05:30
SALE-002103,SHOP-035,CUST-0718,2026-08-04T18:40:00+05:30,cash,598.00,0.00,91.22,598.00,completed,2026-08-04T18:40:00+05:30
SALE-002104,SHOP-036,,2026-08-04T15:20:00+05:30,cash,203.00,0.00,13.65,203.00,completed,2026-08-04T15:20:00+05:30
SALE-002105,SHOP-036,CUST-0729,2026-08-04T09:20:00+05:30,cash,105.00,0.00,11.30,105.00,completed,2026-08-04T09:20:00+05:30
SALE-002106,SHOP-037,,2026-08-04T16:20:00+05:30,cash,99.00,0.00,15.10,99.00,completed,2026-08-04T16:20:00+05:30
SALE-002107,SHOP-038,CUST-0778,2026-08-04T08:30:00+05:30,upi,155.00,0.00,1.90,155.00,completed,2026-08-04T08:30:00+05:30
SALE-002108,SHOP-038,,2026-08-04T20:20:00+05:30,cash,191.00,0.00,13.73,191.00,completed,2026-08-04T20:20:00+05:30
SALE-002109,SHOP-039,,2026-08-04T12:40:00+05:30,upi,195.00,0.00,12.43,195.00,returned,2026-08-04T12:40:00+05:30
SALE-002110,SHOP-039,CUST-0799,2026-08-04T16:40:00+05:30,cash,212.00,0.00,10.10,212.00,completed,2026-08-04T16:40:00+05:30
SALE-002111,SHOP-040,CUST-0838,2026-08-04T14:00:00+05:30,upi,71.00,0.00,9.56,71.00,completed,2026-08-04T14:00:00+05:30
SALE-002112,SHOP-040,CUST-0819,2026-08-04T13:20:00+05:30,credit,280.00,0.00,30.00,280.00,completed,2026-08-04T13:20:00+05:30
SALE-002113,SHOP-040,,2026-08-04T08:40:00+05:30,upi,35.00,0.00,4.88,35.00,completed,2026-08-04T08:40:00+05:30
SALE-002114,SHOP-042,CUST-0866,2026-08-04T08:10:00+05:30,credit,1845.00,0.00,281.44,1845.00,completed,2026-08-04T08:10:00+05:30
SALE-002115,SHOP-043,,2026-08-04T17:20:00+05:30,upi,156.00,0.00,15.11,156.00,completed,2026-08-04T17:20:00+05:30
SALE-002116,SHOP-044,CUST-0907,2026-08-04T19:40:00+05:30,upi,135.00,0.00,1.90,135.00,completed,2026-08-04T19:40:00+05:30
SALE-002117,SHOP-044,CUST-0906,2026-08-04T15:50:00+05:30,upi,566.00,0.00,46.61,566.00,completed,2026-08-04T15:50:00+05:30
SALE-002118,SHOP-045,,2026-08-04T18:10:00+05:30,cash,440.00,0.00,20.95,440.00,completed,2026-08-04T18:10:00+05:30
SALE-002119,SHOP-045,CUST-0915,2026-08-04T08:20:00+05:30,upi,675.00,0.00,43.16,675.00,completed,2026-08-04T08:20:00+05:30
SALE-002120,SHOP-046,CUST-0942,2026-08-04T19:10:00+05:30,upi,136.00,0.00,18.20,136.00,completed,2026-08-04T19:10:00+05:30
SALE-002121,SHOP-049,,2026-08-04T20:20:00+05:30,upi,290.00,0.00,31.07,290.00,completed,2026-08-04T20:20:00+05:30
SALE-002122,SHOP-049,CUST-1006,2026-08-04T18:30:00+05:30,cash,95.00,0.00,4.52,95.00,completed,2026-08-04T18:30:00+05:30
SALE-002123,SHOP-049,CUST-0991,2026-08-04T08:10:00+05:30,cash,375.00,0.00,33.45,375.00,completed,2026-08-04T08:10:00+05:30
SALE-002124,SHOP-050,CUST-1013,2026-08-04T13:20:00+05:30,cash,318.00,0.00,20.50,318.00,completed,2026-08-04T13:20:00+05:30
SALE-002125,SHOP-050,CUST-1010,2026-08-04T09:40:00+05:30,upi,150.00,0.00,7.14,150.00,completed,2026-08-04T09:40:00+05:30
SALE-002126,SHOP-001,CUST-0025,2026-08-05T17:40:00+05:30,credit,135.00,0.00,6.43,135.00,completed,2026-08-05T17:40:00+05:30
SALE-002127,SHOP-001,CUST-0015,2026-08-05T16:40:00+05:30,credit,480.00,0.00,22.86,480.00,completed,2026-08-05T16:40:00+05:30
SALE-002128,SHOP-006,CUST-0112,2026-08-05T17:00:00+05:30,upi,351.00,0.00,16.71,351.00,completed,2026-08-05T17:00:00+05:30
SALE-002129,SHOP-006,CUST-0102,2026-08-05T17:20:00+05:30,cash,110.00,0.00,16.10,110.00,completed,2026-08-05T17:20:00+05:30
SALE-002130,SHOP-007,CUST-0136,2026-08-05T19:10:00+05:30,cash,40.00,0.00,0.00,40.00,returned,2026-08-05T19:10:00+05:30
SALE-002131,SHOP-008,,2026-08-05T11:40:00+05:30,upi,5609.00,0.00,855.61,5609.00,completed,2026-08-05T11:40:00+05:30
SALE-002132,SHOP-009,CUST-0172,2026-08-05T16:50:00+05:30,cash,225.00,0.00,32.28,225.00,completed,2026-08-05T16:50:00+05:30
SALE-002133,SHOP-011,CUST-0227,2026-08-05T18:10:00+05:30,credit,360.00,0.00,17.14,360.00,completed,2026-08-05T18:10:00+05:30
SALE-002134,SHOP-011,,2026-08-05T15:40:00+05:30,upi,70.00,0.00,8.86,70.00,completed,2026-08-05T15:40:00+05:30
SALE-002135,SHOP-011,CUST-0213,2026-08-05T17:10:00+05:30,credit,130.00,0.00,6.19,130.00,completed,2026-08-05T17:10:00+05:30
SALE-002136,SHOP-011,,2026-08-05T18:40:00+05:30,cash,130.00,0.00,6.19,130.00,completed,2026-08-05T18:40:00+05:30
SALE-002137,SHOP-012,,2026-08-05T18:40:00+05:30,cash,78.00,0.00,1.81,78.00,completed,2026-08-05T18:40:00+05:30
SALE-002138,SHOP-013,CUST-0266,2026-08-05T18:50:00+05:30,credit,585.00,11.70,0.00,573.30,completed,2026-08-05T18:50:00+05:30
SALE-002139,SHOP-013,CUST-0254,2026-08-05T09:10:00+05:30,upi,368.00,0.00,21.51,368.00,completed,2026-08-05T09:10:00+05:30
SALE-002140,SHOP-014,,2026-08-05T10:20:00+05:30,upi,309.00,0.00,47.14,309.00,completed,2026-08-05T10:20:00+05:30
SALE-002141,SHOP-014,,2026-08-05T15:40:00+05:30,upi,1242.00,0.00,270.89,1242.00,completed,2026-08-05T15:40:00+05:30
SALE-002142,SHOP-017,,2026-08-05T16:20:00+05:30,cash,1230.00,0.00,58.57,1230.00,completed,2026-08-05T16:20:00+05:30
SALE-002143,SHOP-017,CUST-0344,2026-08-05T08:30:00+05:30,upi,655.00,13.10,12.37,641.90,completed,2026-08-05T08:30:00+05:30
SALE-002144,SHOP-018,,2026-08-05T20:20:00+05:30,card,45.00,0.00,0.00,45.00,completed,2026-08-05T20:20:00+05:30
SALE-002145,SHOP-019,,2026-08-05T14:10:00+05:30,upi,500.00,0.00,76.27,500.00,completed,2026-08-05T14:10:00+05:30
SALE-002146,SHOP-019,CUST-0395,2026-08-05T19:20:00+05:30,upi,1760.00,0.00,268.47,1760.00,completed,2026-08-05T19:20:00+05:30
SALE-002147,SHOP-020,CUST-0401,2026-08-05T11:50:00+05:30,cash,215.00,0.00,10.24,215.00,completed,2026-08-05T11:50:00+05:30
SALE-002148,SHOP-020,CUST-0401,2026-08-05T11:40:00+05:30,cash,899.00,44.95,43.66,854.05,completed,2026-08-05T11:40:00+05:30
SALE-002149,SHOP-020,,2026-08-05T19:00:00+05:30,cash,440.00,0.00,52.95,440.00,completed,2026-08-05T19:00:00+05:30
SALE-002150,SHOP-020,CUST-0402,2026-08-05T18:20:00+05:30,cash,350.00,0.00,41.85,350.00,completed,2026-08-05T18:20:00+05:30
SALE-002151,SHOP-021,CUST-0437,2026-08-05T09:30:00+05:30,cash,55.00,0.00,8.16,55.00,completed,2026-08-05T09:30:00+05:30
SALE-002152,SHOP-023,,2026-08-05T12:30:00+05:30,cash,315.00,0.00,37.03,315.00,completed,2026-08-05T12:30:00+05:30
SALE-002153,SHOP-023,,2026-08-05T18:50:00+05:30,cash,25.00,0.00,3.81,25.00,completed,2026-08-05T18:50:00+05:30
SALE-002154,SHOP-024,CUST-0489,2026-08-05T17:40:00+05:30,credit,105.00,0.00,6.43,105.00,completed,2026-08-05T17:40:00+05:30
SALE-002155,SHOP-025,CUST-0515,2026-08-05T18:50:00+05:30,credit,1200.00,24.00,179.39,1176.00,completed,2026-08-05T18:50:00+05:30
SALE-002156,SHOP-025,CUST-0501,2026-08-05T16:30:00+05:30,upi,600.00,0.00,91.53,600.00,completed,2026-08-05T16:30:00+05:30
SALE-002157,SHOP-026,CUST-0535,2026-08-05T10:00:00+05:30,credit,50.00,0.00,0.00,50.00,completed,2026-08-05T10:00:00+05:30
SALE-002158,SHOP-028,,2026-08-05T09:00:00+05:30,upi,38.00,0.00,1.81,38.00,completed,2026-08-05T09:00:00+05:30
SALE-002159,SHOP-028,,2026-08-05T15:20:00+05:30,cash,192.00,0.00,10.05,192.00,completed,2026-08-05T15:20:00+05:30
SALE-002160,SHOP-028,CUST-0592,2026-08-05T11:30:00+05:30,cash,110.00,0.00,6.43,110.00,completed,2026-08-05T11:30:00+05:30
SALE-002161,SHOP-028,CUST-0578,2026-08-05T15:40:00+05:30,cash,177.00,0.00,18.96,177.00,completed,2026-08-05T15:40:00+05:30
SALE-002162,SHOP-029,CUST-0609,2026-08-05T14:40:00+05:30,credit,199.00,0.00,30.36,199.00,completed,2026-08-05T14:40:00+05:30
SALE-002163,SHOP-029,CUST-0609,2026-08-05T20:40:00+05:30,credit,199.00,0.00,30.36,199.00,completed,2026-08-05T20:40:00+05:30
SALE-002164,SHOP-030,CUST-0618,2026-08-05T18:30:00+05:30,credit,350.00,0.00,16.67,350.00,completed,2026-08-05T18:30:00+05:30
SALE-002165,SHOP-030,,2026-08-05T12:50:00+05:30,upi,655.00,0.00,46.62,655.00,completed,2026-08-05T12:50:00+05:30
SALE-002166,SHOP-032,CUST-0658,2026-08-05T17:50:00+05:30,cash,435.00,0.00,49.04,435.00,completed,2026-08-05T17:50:00+05:30
SALE-002167,SHOP-032,,2026-08-05T15:00:00+05:30,cash,165.00,0.00,7.86,165.00,completed,2026-08-05T15:00:00+05:30
SALE-002168,SHOP-032,CUST-0646,2026-08-05T09:10:00+05:30,card,154.00,0.00,14.84,154.00,completed,2026-08-05T09:10:00+05:30
SALE-002169,SHOP-033,CUST-0688,2026-08-05T12:50:00+05:30,credit,35.00,0.00,0.00,35.00,completed,2026-08-05T12:50:00+05:30
SALE-002170,SHOP-034,CUST-0696,2026-08-05T13:00:00+05:30,upi,30.00,0.00,4.58,30.00,completed,2026-08-05T13:00:00+05:30
SALE-002171,SHOP-035,CUST-0715,2026-08-05T08:50:00+05:30,credit,199.00,0.00,30.36,199.00,completed,2026-08-05T08:50:00+05:30
SALE-002172,SHOP-036,,2026-08-05T12:40:00+05:30,cash,166.00,0.00,7.90,166.00,completed,2026-08-05T12:40:00+05:30
SALE-002173,SHOP-036,CUST-0749,2026-08-05T19:10:00+05:30,upi,258.00,0.00,12.29,258.00,completed,2026-08-05T19:10:00+05:30
SALE-002174,SHOP-036,,2026-08-05T12:20:00+05:30,cash,360.00,0.00,22.39,360.00,completed,2026-08-05T12:20:00+05:30
SALE-002175,SHOP-037,CUST-0765,2026-08-05T10:30:00+05:30,credit,960.00,0.00,146.44,960.00,completed,2026-08-05T10:30:00+05:30
SALE-002176,SHOP-037,CUST-0770,2026-08-05T15:30:00+05:30,cash,390.00,0.00,59.49,390.00,completed,2026-08-05T15:30:00+05:30
SALE-002177,SHOP-037,CUST-0754,2026-08-05T09:10:00+05:30,credit,655.00,0.00,99.92,655.00,completed,2026-08-05T09:10:00+05:30
SALE-002178,SHOP-039,CUST-0814,2026-08-05T13:00:00+05:30,upi,621.00,0.00,29.57,621.00,completed,2026-08-05T13:00:00+05:30
SALE-002179,SHOP-039,,2026-08-05T11:50:00+05:30,upi,440.00,0.00,20.95,440.00,completed,2026-08-05T11:50:00+05:30
SALE-002180,SHOP-039,CUST-0791,2026-08-05T13:40:00+05:30,card,435.00,0.00,22.50,435.00,completed,2026-08-05T13:40:00+05:30
SALE-002181,SHOP-040,CUST-0821,2026-08-05T19:40:00+05:30,upi,375.00,0.00,56.52,375.00,completed,2026-08-05T19:40:00+05:30
SALE-002182,SHOP-040,CUST-0829,2026-08-05T09:20:00+05:30,upi,40.00,0.00,5.42,40.00,completed,2026-08-05T09:20:00+05:30
SALE-002183,SHOP-043,,2026-08-05T14:20:00+05:30,upi,340.00,0.00,17.08,340.00,completed,2026-08-05T14:20:00+05:30
SALE-002184,SHOP-043,CUST-0878,2026-08-05T09:20:00+05:30,credit,76.00,0.00,3.62,76.00,completed,2026-08-05T09:20:00+05:30
SALE-002185,SHOP-045,CUST-0926,2026-08-05T18:40:00+05:30,upi,137.00,0.00,6.52,137.00,completed,2026-08-05T18:40:00+05:30
SALE-002186,SHOP-046,CUST-0952,2026-08-05T20:20:00+05:30,cash,280.00,0.00,30.00,280.00,completed,2026-08-05T20:20:00+05:30
SALE-002187,SHOP-046,CUST-0937,2026-08-05T11:50:00+05:30,upi,25.00,0.00,3.81,25.00,completed,2026-08-05T11:50:00+05:30
SALE-002188,SHOP-047,CUST-0964,2026-08-05T16:50:00+05:30,cash,847.00,0.00,129.20,847.00,completed,2026-08-05T16:50:00+05:30
SALE-002189,SHOP-049,CUST-0994,2026-08-05T20:50:00+05:30,cash,300.00,0.00,45.76,300.00,completed,2026-08-05T20:50:00+05:30
SALE-002190,SHOP-049,CUST-1003,2026-08-05T13:00:00+05:30,upi,50.00,0.00,4.17,50.00,completed,2026-08-05T13:00:00+05:30
SALE-002191,SHOP-050,,2026-08-05T20:50:00+05:30,cash,210.00,0.00,32.03,210.00,completed,2026-08-05T20:50:00+05:30
SALE-002192,SHOP-050,,2026-08-05T13:40:00+05:30,upi,316.00,0.00,15.05,316.00,completed,2026-08-05T13:40:00+05:30
SALE-002193,SHOP-001,,2026-08-06T12:20:00+05:30,upi,160.00,0.00,9.40,160.00,completed,2026-08-06T12:20:00+05:30
SALE-002194,SHOP-001,CUST-0013,2026-08-06T18:40:00+05:30,upi,95.00,0.00,5.42,95.00,completed,2026-08-06T18:40:00+05:30
SALE-002195,SHOP-002,CUST-0037,2026-08-06T20:10:00+05:30,upi,3854.00,0.00,777.91,3854.00,completed,2026-08-06T20:10:00+05:30
SALE-002196,SHOP-003,CUST-0055,2026-08-06T12:30:00+05:30,upi,409.00,0.00,60.12,409.00,completed,2026-08-06T12:30:00+05:30
SALE-002197,SHOP-004,CUST-0074,2026-08-06T19:50:00+05:30,credit,43.00,0.00,0.00,43.00,completed,2026-08-06T19:50:00+05:30
SALE-002198,SHOP-005,,2026-08-06T15:40:00+05:30,upi,2095.00,0.00,319.58,2095.00,completed,2026-08-06T15:40:00+05:30
SALE-002199,SHOP-006,CUST-0109,2026-08-06T18:40:00+05:30,upi,114.00,0.00,5.43,114.00,completed,2026-08-06T18:40:00+05:30
SALE-002200,SHOP-006,CUST-0117,2026-08-06T16:40:00+05:30,credit,40.00,0.00,1.61,40.00,completed,2026-08-06T16:40:00+05:30
SALE-002201,SHOP-009,CUST-0189,2026-08-06T11:30:00+05:30,upi,54.00,0.00,8.24,54.00,completed,2026-08-06T11:30:00+05:30
SALE-002202,SHOP-011,CUST-0224,2026-08-06T11:00:00+05:30,cash,135.00,0.00,6.43,135.00,completed,2026-08-06T11:00:00+05:30
SALE-002203,SHOP-013,CUST-0250,2026-08-06T18:00:00+05:30,upi,92.00,0.00,4.38,92.00,completed,2026-08-06T18:00:00+05:30
SALE-002204,SHOP-013,CUST-0248,2026-08-06T15:10:00+05:30,upi,355.00,0.00,19.53,355.00,completed,2026-08-06T15:10:00+05:30
SALE-002205,SHOP-014,CUST-0273,2026-08-06T17:50:00+05:30,upi,820.00,0.00,179.38,820.00,completed,2026-08-06T17:50:00+05:30
SALE-002206,SHOP-014,,2026-08-06T17:50:00+05:30,cash,60.00,0.00,9.15,60.00,completed,2026-08-06T17:50:00+05:30
SALE-002207,SHOP-015,CUST-0298,2026-08-06T12:40:00+05:30,upi,18.00,0.00,2.75,18.00,completed,2026-08-06T12:40:00+05:30
SALE-002208,SHOP-016,,2026-08-06T12:30:00+05:30,upi,448.00,0.00,68.34,448.00,completed,2026-08-06T12:30:00+05:30
SALE-002209,SHOP-016,CUST-0309,2026-08-06T10:40:00+05:30,upi,1344.00,40.32,198.87,1303.68,completed,2026-08-06T10:40:00+05:30
SALE-002210,SHOP-017,CUST-0342,2026-08-06T08:40:00+05:30,upi,96.00,0.00,4.57,96.00,completed,2026-08-06T08:40:00+05:30
SALE-002211,SHOP-017,,2026-08-06T09:10:00+05:30,upi,138.00,0.00,6.57,138.00,completed,2026-08-06T09:10:00+05:30
SALE-002212,SHOP-018,,2026-08-06T11:10:00+05:30,upi,56.00,0.00,0.00,56.00,completed,2026-08-06T11:10:00+05:30
SALE-002213,SHOP-018,CUST-0355,2026-08-06T13:10:00+05:30,cash,348.00,0.00,44.90,348.00,completed,2026-08-06T13:10:00+05:30
SALE-002214,SHOP-019,CUST-0376,2026-08-06T19:10:00+05:30,credit,2400.00,0.00,366.10,2400.00,completed,2026-08-06T19:10:00+05:30
SALE-002215,SHOP-020,CUST-0422,2026-08-06T20:30:00+05:30,cash,380.00,0.00,18.10,380.00,completed,2026-08-06T20:30:00+05:30
SALE-002216,SHOP-021,CUST-0432,2026-08-06T20:00:00+05:30,cash,304.00,0.00,33.12,304.00,completed,2026-08-06T20:00:00+05:30
SALE-002217,SHOP-021,CUST-0429,2026-08-06T12:50:00+05:30,upi,200.00,0.00,27.56,200.00,completed,2026-08-06T12:50:00+05:30
SALE-002218,SHOP-023,CUST-0470,2026-08-06T08:10:00+05:30,credit,1346.00,0.00,64.10,1346.00,completed,2026-08-06T08:10:00+05:30
SALE-002219,SHOP-023,,2026-08-06T11:00:00+05:30,upi,328.00,0.00,21.91,328.00,completed,2026-08-06T11:00:00+05:30
SALE-002220,SHOP-024,,2026-08-06T09:30:00+05:30,upi,144.00,0.00,8.64,144.00,completed,2026-08-06T09:30:00+05:30
SALE-002221,SHOP-025,CUST-0514,2026-08-06T09:50:00+05:30,upi,130.00,0.00,19.83,130.00,completed,2026-08-06T09:50:00+05:30
SALE-002222,SHOP-026,CUST-0522,2026-08-06T11:30:00+05:30,credit,120.00,0.00,5.71,120.00,completed,2026-08-06T11:30:00+05:30
SALE-002223,SHOP-027,CUST-0561,2026-08-06T09:00:00+05:30,cash,60.00,0.00,6.43,60.00,completed,2026-08-06T09:00:00+05:30
SALE-002224,SHOP-027,,2026-08-06T12:40:00+05:30,upi,208.00,0.00,26.28,208.00,completed,2026-08-06T12:40:00+05:30
SALE-002225,SHOP-028,CUST-0586,2026-08-06T18:40:00+05:30,cash,110.00,0.00,2.86,110.00,completed,2026-08-06T18:40:00+05:30
SALE-002226,SHOP-028,CUST-0590,2026-08-06T17:00:00+05:30,card,96.00,0.00,0.00,96.00,completed,2026-08-06T17:00:00+05:30
SALE-002227,SHOP-028,,2026-08-06T13:50:00+05:30,upi,120.00,0.00,5.71,120.00,completed,2026-08-06T13:50:00+05:30
SALE-002228,SHOP-029,CUST-0601,2026-08-06T17:30:00+05:30,cash,149.00,0.00,22.73,149.00,completed,2026-08-06T17:30:00+05:30
SALE-002229,SHOP-031,CUST-0635,2026-08-06T15:00:00+05:30,upi,260.00,0.00,39.66,260.00,completed,2026-08-06T15:00:00+05:30
SALE-002230,SHOP-032,CUST-0653,2026-08-06T11:50:00+05:30,cash,377.00,0.00,18.23,377.00,completed,2026-08-06T11:50:00+05:30
SALE-002231,SHOP-033,CUST-0675,2026-08-06T15:10:00+05:30,credit,208.00,0.00,1.81,208.00,completed,2026-08-06T15:10:00+05:30
SALE-002232,SHOP-035,,2026-08-06T19:40:00+05:30,cash,2115.00,0.00,322.63,2115.00,completed,2026-08-06T19:40:00+05:30
SALE-002233,SHOP-035,,2026-08-06T17:40:00+05:30,cash,698.00,0.00,106.47,698.00,completed,2026-08-06T17:40:00+05:30
SALE-002234,SHOP-036,,2026-08-06T14:50:00+05:30,upi,227.00,0.00,10.81,227.00,completed,2026-08-06T14:50:00+05:30
SALE-002235,SHOP-036,CUST-0730,2026-08-06T11:20:00+05:30,card,165.00,0.00,7.86,165.00,completed,2026-08-06T11:20:00+05:30
SALE-002236,SHOP-037,CUST-0753,2026-08-06T09:20:00+05:30,cash,1845.00,0.00,281.44,1845.00,completed,2026-08-06T09:20:00+05:30
SALE-002237,SHOP-038,CUST-0788,2026-08-06T11:10:00+05:30,cash,146.00,0.00,3.62,146.00,completed,2026-08-06T11:10:00+05:30
SALE-002238,SHOP-039,CUST-0801,2026-08-06T12:40:00+05:30,cash,317.00,0.00,23.87,317.00,completed,2026-08-06T12:40:00+05:30
SALE-002239,SHOP-039,CUST-0808,2026-08-06T19:20:00+05:30,upi,303.00,0.00,14.43,303.00,completed,2026-08-06T19:20:00+05:30
SALE-002240,SHOP-040,CUST-0831,2026-08-06T14:20:00+05:30,credit,30.00,0.00,4.58,30.00,completed,2026-08-06T14:20:00+05:30
SALE-002241,SHOP-040,,2026-08-06T15:50:00+05:30,cash,370.00,0.00,56.44,370.00,completed,2026-08-06T15:50:00+05:30
SALE-002242,SHOP-041,CUST-0847,2026-08-06T15:20:00+05:30,credit,498.00,0.00,75.97,498.00,completed,2026-08-06T15:20:00+05:30
SALE-002243,SHOP-043,CUST-0890,2026-08-06T15:40:00+05:30,cash,90.00,0.00,13.73,90.00,completed,2026-08-06T15:40:00+05:30
SALE-002244,SHOP-044,,2026-08-06T14:20:00+05:30,cash,150.00,0.00,22.88,150.00,completed,2026-08-06T14:20:00+05:30
SALE-002245,SHOP-045,CUST-0933,2026-08-06T12:50:00+05:30,card,130.00,0.00,5.00,130.00,completed,2026-08-06T12:50:00+05:30
SALE-002246,SHOP-045,CUST-0925,2026-08-06T20:40:00+05:30,cash,83.00,0.00,6.63,83.00,completed,2026-08-06T20:40:00+05:30
SALE-002247,SHOP-046,,2026-08-06T19:50:00+05:30,upi,326.00,0.00,47.46,326.00,completed,2026-08-06T19:50:00+05:30
SALE-002248,SHOP-047,CUST-0969,2026-08-06T11:00:00+05:30,credit,1598.00,79.90,231.57,1518.10,completed,2026-08-06T11:00:00+05:30
SALE-002249,SHOP-049,,2026-08-06T10:00:00+05:30,cash,195.00,0.00,8.10,195.00,completed,2026-08-06T10:00:00+05:30
SALE-002250,SHOP-049,CUST-0989,2026-08-06T15:40:00+05:30,cash,55.00,0.00,0.95,55.00,completed,2026-08-06T15:40:00+05:30
SALE-002251,SHOP-049,CUST-0999,2026-08-06T12:00:00+05:30,upi,105.00,0.00,1.43,105.00,completed,2026-08-06T12:00:00+05:30
SALE-002252,SHOP-050,CUST-1014,2026-08-06T17:20:00+05:30,cash,238.00,0.00,11.33,238.00,completed,2026-08-06T17:20:00+05:30
SALE-002253,SHOP-001,CUST-0013,2026-08-07T14:00:00+05:30,cash,115.00,0.00,8.10,115.00,completed,2026-08-07T14:00:00+05:30
SALE-002254,SHOP-001,,2026-08-07T12:10:00+05:30,cash,143.00,0.00,21.81,143.00,completed,2026-08-07T12:10:00+05:30
SALE-002255,SHOP-001,CUST-0022,2026-08-07T08:10:00+05:30,credit,450.00,0.00,21.43,450.00,completed,2026-08-07T08:10:00+05:30
SALE-002256,SHOP-002,CUST-0037,2026-08-07T17:20:00+05:30,credit,2925.00,0.00,446.19,2925.00,completed,2026-08-07T17:20:00+05:30
SALE-002257,SHOP-003,,2026-08-07T12:40:00+05:30,upi,59.00,0.00,7.41,59.00,completed,2026-08-07T12:40:00+05:30
SALE-002258,SHOP-004,,2026-08-07T18:00:00+05:30,upi,268.00,0.00,20.48,268.00,completed,2026-08-07T18:00:00+05:30
SALE-002259,SHOP-006,CUST-0119,2026-08-07T17:00:00+05:30,upi,616.00,0.00,8.38,616.00,completed,2026-08-07T17:00:00+05:30
SALE-002260,SHOP-007,CUST-0127,2026-08-07T10:20:00+05:30,credit,78.00,0.00,0.00,78.00,completed,2026-08-07T10:20:00+05:30
SALE-002261,SHOP-007,CUST-0144,2026-08-07T17:30:00+05:30,upi,309.00,0.00,25.59,309.00,completed,2026-08-07T17:30:00+05:30
SALE-002262,SHOP-007,CUST-0133,2026-08-07T14:50:00+05:30,cash,130.00,0.00,4.52,130.00,completed,2026-08-07T14:50:00+05:30
SALE-002263,SHOP-008,CUST-0153,2026-08-07T15:40:00+05:30,cash,190.00,0.00,28.98,190.00,completed,2026-08-07T15:40:00+05:30
SALE-002264,SHOP-009,CUST-0183,2026-08-07T16:00:00+05:30,cash,128.00,0.00,19.53,128.00,completed,2026-08-07T16:00:00+05:30
SALE-002265,SHOP-009,CUST-0190,2026-08-07T11:10:00+05:30,cash,12.00,0.00,1.29,12.00,completed,2026-08-07T11:10:00+05:30
SALE-002266,SHOP-011,CUST-0219,2026-08-07T15:40:00+05:30,credit,383.00,0.00,26.63,383.00,completed,2026-08-07T15:40:00+05:30
SALE-002267,SHOP-011,CUST-0226,2026-08-07T14:30:00+05:30,credit,40.00,0.00,1.90,40.00,completed,2026-08-07T14:30:00+05:30
SALE-002268,SHOP-012,CUST-0240,2026-08-07T12:20:00+05:30,credit,325.00,0.00,42.99,325.00,completed,2026-08-07T12:20:00+05:30
SALE-002269,SHOP-013,,2026-08-07T19:00:00+05:30,upi,340.00,0.00,18.81,340.00,completed,2026-08-07T19:00:00+05:30
SALE-002270,SHOP-013,CUST-0249,2026-08-07T11:00:00+05:30,credit,150.00,0.00,7.14,150.00,completed,2026-08-07T11:00:00+05:30
SALE-002271,SHOP-017,CUST-0348,2026-08-07T10:30:00+05:30,credit,165.00,0.00,7.86,165.00,completed,2026-08-07T10:30:00+05:30
SALE-002272,SHOP-017,CUST-0337,2026-08-07T16:30:00+05:30,credit,120.00,0.00,2.14,120.00,completed,2026-08-07T16:30:00+05:30
SALE-002273,SHOP-018,,2026-08-07T17:30:00+05:30,upi,184.00,0.00,8.76,184.00,completed,2026-08-07T17:30:00+05:30
SALE-002274,SHOP-018,CUST-0358,2026-08-07T11:50:00+05:30,credit,401.00,0.00,31.30,401.00,completed,2026-08-07T11:50:00+05:30
SALE-002275,SHOP-019,CUST-0387,2026-08-07T16:40:00+05:30,cash,338.00,0.00,51.56,338.00,completed,2026-08-07T16:40:00+05:30
SALE-002276,SHOP-019,,2026-08-07T14:50:00+05:30,card,332.00,0.00,50.64,332.00,completed,2026-08-07T14:50:00+05:30
SALE-002277,SHOP-019,,2026-08-07T12:20:00+05:30,upi,151.00,0.00,23.03,151.00,completed,2026-08-07T12:20:00+05:30
SALE-002278,SHOP-020,CUST-0416,2026-08-07T10:50:00+05:30,credit,120.00,0.00,5.71,120.00,completed,2026-08-07T10:50:00+05:30
SALE-002279,SHOP-020,CUST-0413,2026-08-07T18:20:00+05:30,upi,432.00,0.00,40.51,432.00,completed,2026-08-07T18:20:00+05:30
SALE-002280,SHOP-021,CUST-0429,2026-08-07T16:50:00+05:30,cash,208.00,0.00,30.91,208.00,completed,2026-08-07T16:50:00+05:30
SALE-002281,SHOP-024,,2026-08-07T12:00:00+05:30,cash,94.00,0.00,1.81,94.00,completed,2026-08-07T12:00:00+05:30
SALE-002282,SHOP-026,,2026-08-07T10:50:00+05:30,cash,435.00,0.00,31.73,435.00,completed,2026-08-07T10:50:00+05:30
SALE-002283,SHOP-026,CUST-0549,2026-08-07T14:40:00+05:30,credit,155.00,0.00,15.77,155.00,completed,2026-08-07T14:40:00+05:30
SALE-002284,SHOP-026,,2026-08-07T19:20:00+05:30,upi,450.00,0.00,21.43,450.00,completed,2026-08-07T19:20:00+05:30
SALE-002285,SHOP-027,CUST-0563,2026-08-07T14:50:00+05:30,upi,40.00,0.00,5.42,40.00,completed,2026-08-07T14:50:00+05:30
SALE-002286,SHOP-028,CUST-0581,2026-08-07T11:10:00+05:30,credit,43.00,0.00,0.00,43.00,completed,2026-08-07T11:10:00+05:30
SALE-002287,SHOP-029,CUST-0601,2026-08-07T18:50:00+05:30,upi,149.00,0.00,22.73,149.00,completed,2026-08-07T18:50:00+05:30
SALE-002288,SHOP-030,CUST-0622,2026-08-07T09:40:00+05:30,card,485.00,0.00,25.82,485.00,completed,2026-08-07T09:40:00+05:30
SALE-002289,SHOP-032,,2026-08-07T17:50:00+05:30,upi,135.00,0.00,20.59,135.00,completed,2026-08-07T17:50:00+05:30
SALE-002290,SHOP-032,CUST-0653,2026-08-07T12:30:00+05:30,cash,46.00,0.00,2.19,46.00,completed,2026-08-07T12:30:00+05:30
SALE-002291,SHOP-034,CUST-0703,2026-08-07T13:10:00+05:30,cash,215.00,0.00,32.80,215.00,completed,2026-08-07T13:10:00+05:30
SALE-002292,SHOP-035,CUST-0711,2026-08-07T17:50:00+05:30,upi,4496.00,0.00,685.83,4496.00,completed,2026-08-07T17:50:00+05:30
SALE-002293,SHOP-036,CUST-0727,2026-08-07T19:00:00+05:30,upi,38.00,0.00,5.80,38.00,completed,2026-08-07T19:00:00+05:30
SALE-002294,SHOP-036,CUST-0748,2026-08-07T20:40:00+05:30,credit,165.00,0.00,7.86,165.00,completed,2026-08-07T20:40:00+05:30
SALE-002295,SHOP-036,CUST-0739,2026-08-07T11:20:00+05:30,upi,610.00,30.50,3.62,579.50,completed,2026-08-07T11:20:00+05:30
SALE-002296,SHOP-037,CUST-0774,2026-08-07T18:30:00+05:30,upi,410.00,0.00,89.69,410.00,completed,2026-08-07T18:30:00+05:30
SALE-002297,SHOP-037,,2026-08-07T18:50:00+05:30,cash,421.00,0.00,64.22,421.00,completed,2026-08-07T18:50:00+05:30
SALE-002298,SHOP-037,,2026-08-07T14:30:00+05:30,upi,1139.00,0.00,173.75,1139.00,completed,2026-08-07T14:30:00+05:30
SALE-002299,SHOP-038,CUST-0777,2026-08-07T11:50:00+05:30,credit,134.00,0.00,3.62,134.00,completed,2026-08-07T11:50:00+05:30
SALE-002300,SHOP-038,CUST-0775,2026-08-07T19:10:00+05:30,cash,370.00,0.00,15.95,370.00,completed,2026-08-07T19:10:00+05:30
SALE-002301,SHOP-039,CUST-0798,2026-08-07T20:50:00+05:30,credit,720.00,0.00,56.32,720.00,completed,2026-08-07T20:50:00+05:30
SALE-002302,SHOP-040,CUST-0816,2026-08-07T17:20:00+05:30,cash,290.00,0.00,41.97,290.00,completed,2026-08-07T17:20:00+05:30
SALE-002303,SHOP-040,,2026-08-07T10:00:00+05:30,upi,244.00,0.00,32.68,244.00,completed,2026-08-07T10:00:00+05:30
SALE-002304,SHOP-040,,2026-08-07T15:30:00+05:30,upi,12.00,0.00,1.83,12.00,completed,2026-08-07T15:30:00+05:30
SALE-002305,SHOP-042,CUST-0863,2026-08-07T19:30:00+05:30,card,65.00,0.00,9.92,65.00,completed,2026-08-07T19:30:00+05:30
SALE-002306,SHOP-043,,2026-08-07T12:10:00+05:30,upi,1504.00,0.00,86.31,1504.00,completed,2026-08-07T12:10:00+05:30
SALE-002307,SHOP-044,,2026-08-07T16:40:00+05:30,cash,1380.00,0.00,198.31,1380.00,completed,2026-08-07T16:40:00+05:30
SALE-002308,SHOP-045,CUST-0935,2026-08-07T17:20:00+05:30,upi,36.00,0.00,1.71,36.00,completed,2026-08-07T17:20:00+05:30
SALE-002309,SHOP-045,,2026-08-07T08:00:00+05:30,upi,775.00,0.00,42.15,775.00,completed,2026-08-07T08:00:00+05:30
SALE-002310,SHOP-046,CUST-0937,2026-08-07T08:50:00+05:30,cash,95.00,0.00,10.18,95.00,completed,2026-08-07T08:50:00+05:30
SALE-002311,SHOP-047,CUST-0967,2026-08-07T19:10:00+05:30,upi,199.00,0.00,30.36,199.00,completed,2026-08-07T19:10:00+05:30
SALE-002312,SHOP-049,CUST-0999,2026-08-07T12:20:00+05:30,credit,53.00,0.00,1.81,53.00,completed,2026-08-07T12:20:00+05:30
SALE-002313,SHOP-049,CUST-0999,2026-08-07T13:30:00+05:30,upi,73.00,0.00,0.00,73.00,completed,2026-08-07T13:30:00+05:30
SALE-002314,SHOP-049,,2026-08-07T15:00:00+05:30,cash,230.00,0.00,9.05,230.00,completed,2026-08-07T15:00:00+05:30
SALE-002315,SHOP-050,CUST-1014,2026-08-07T13:20:00+05:30,upi,570.00,0.00,27.14,570.00,completed,2026-08-07T13:20:00+05:30
SALE-002316,SHOP-050,,2026-08-07T16:40:00+05:30,upi,206.00,0.00,20.44,206.00,completed,2026-08-07T16:40:00+05:30
SALE-002317,SHOP-050,CUST-1010,2026-08-07T17:10:00+05:30,credit,25.00,0.00,3.81,25.00,completed,2026-08-07T17:10:00+05:30
SALE-002318,SHOP-001,,2026-08-08T17:20:00+05:30,upi,430.00,0.00,24.35,430.00,completed,2026-08-08T17:20:00+05:30
SALE-002319,SHOP-001,,2026-08-08T12:00:00+05:30,upi,25.00,0.00,3.81,25.00,completed,2026-08-08T12:00:00+05:30
SALE-002320,SHOP-002,CUST-0044,2026-08-08T15:50:00+05:30,credit,80.00,0.00,12.20,80.00,completed,2026-08-08T15:50:00+05:30
SALE-002321,SHOP-003,CUST-0058,2026-08-08T13:00:00+05:30,upi,36.00,0.00,5.49,36.00,completed,2026-08-08T13:00:00+05:30
SALE-002322,SHOP-004,CUST-0072,2026-08-08T19:50:00+05:30,cash,180.00,0.00,2.86,180.00,completed,2026-08-08T19:50:00+05:30
SALE-002323,SHOP-005,CUST-0097,2026-08-08T10:00:00+05:30,credit,944.00,0.00,144.00,944.00,completed,2026-08-08T10:00:00+05:30
SALE-002324,SHOP-006,CUST-0118,2026-08-08T15:30:00+05:30,upi,630.00,18.90,29.10,611.10,completed,2026-08-08T15:30:00+05:30
SALE-002325,SHOP-006,,2026-08-08T20:00:00+05:30,upi,765.00,0.00,36.43,765.00,completed,2026-08-08T20:00:00+05:30
SALE-002326,SHOP-007,CUST-0140,2026-08-08T10:10:00+05:30,upi,101.00,0.00,7.43,101.00,completed,2026-08-08T10:10:00+05:30
SALE-002327,SHOP-008,CUST-0162,2026-08-08T15:50:00+05:30,upi,490.00,0.00,74.75,490.00,completed,2026-08-08T15:50:00+05:30
SALE-002328,SHOP-008,,2026-08-08T14:20:00+05:30,cash,309.00,0.00,47.14,309.00,completed,2026-08-08T14:20:00+05:30
SALE-002329,SHOP-009,,2026-08-08T15:20:00+05:30,cash,45.00,0.00,6.86,45.00,completed,2026-08-08T15:20:00+05:30
SALE-002330,SHOP-011,CUST-0230,2026-08-08T13:00:00+05:30,card,530.00,0.00,25.24,530.00,completed,2026-08-08T13:00:00+05:30
SALE-002331,SHOP-011,,2026-08-08T15:10:00+05:30,upi,105.00,0.00,16.02,105.00,completed,2026-08-08T15:10:00+05:30
SALE-002332,SHOP-011,,2026-08-08T08:50:00+05:30,upi,645.00,19.35,32.34,625.65,completed,2026-08-08T08:50:00+05:30
SALE-002333,SHOP-011,CUST-0230,2026-08-08T19:00:00+05:30,upi,4380.00,0.00,209.46,4380.00,completed,2026-08-08T19:00:00+05:30
SALE-002334,SHOP-012,,2026-08-08T19:20:00+05:30,cash,114.00,0.00,5.43,114.00,completed,2026-08-08T19:20:00+05:30
SALE-002335,SHOP-012,CUST-0244,2026-08-08T11:20:00+05:30,upi,180.00,0.00,27.46,180.00,completed,2026-08-08T11:20:00+05:30
SALE-002336,SHOP-013,CUST-0258,2026-08-08T10:30:00+05:30,upi,615.00,0.00,29.29,615.00,completed,2026-08-08T10:30:00+05:30
SALE-002337,SHOP-016,,2026-08-08T15:50:00+05:30,upi,1445.00,0.00,220.42,1445.00,completed,2026-08-08T15:50:00+05:30
SALE-002338,SHOP-016,CUST-0314,2026-08-08T15:40:00+05:30,cash,2143.00,0.00,326.90,2143.00,completed,2026-08-08T15:40:00+05:30
SALE-002339,SHOP-017,CUST-0326,2026-08-08T10:50:00+05:30,upi,1020.00,51.00,28.50,969.00,completed,2026-08-08T10:50:00+05:30
SALE-002340,SHOP-017,CUST-0339,2026-08-08T13:20:00+05:30,cash,2300.00,0.00,81.67,2300.00,completed,2026-08-08T13:20:00+05:30
SALE-002341,SHOP-018,CUST-0363,2026-08-08T11:00:00+05:30,cash,103.00,0.00,3.21,103.00,completed,2026-08-08T11:00:00+05:30
SALE-002342,SHOP-018,CUST-0358,2026-08-08T20:40:00+05:30,credit,175.00,0.00,6.43,175.00,completed,2026-08-08T20:40:00+05:30
SALE-002343,SHOP-018,,2026-08-08T18:10:00+05:30,upi,320.00,0.00,31.07,320.00,returned,2026-08-08T18:10:00+05:30
SALE-002344,SHOP-020,CUST-0415,2026-08-08T18:40:00+05:30,credit,210.00,0.00,11.19,210.00,completed,2026-08-08T18:40:00+05:30
SALE-002345,SHOP-020,,2026-08-08T12:30:00+05:30,upi,1800.00,0.00,85.71,1800.00,completed,2026-08-08T12:30:00+05:30
SALE-002346,SHOP-020,CUST-0426,2026-08-08T10:40:00+05:30,upi,891.00,0.00,45.05,891.00,completed,2026-08-08T10:40:00+05:30
SALE-002347,SHOP-020,,2026-08-08T12:40:00+05:30,upi,105.00,0.00,5.00,105.00,completed,2026-08-08T12:40:00+05:30
SALE-002348,SHOP-021,,2026-08-08T18:00:00+05:30,cash,126.00,0.00,17.59,126.00,completed,2026-08-08T18:00:00+05:30
SALE-002349,SHOP-023,CUST-0484,2026-08-08T12:00:00+05:30,credit,30.00,0.00,4.58,30.00,completed,2026-08-08T12:00:00+05:30
SALE-002350,SHOP-023,CUST-0470,2026-08-08T09:00:00+05:30,cash,120.00,0.00,16.94,120.00,completed,2026-08-08T09:00:00+05:30
SALE-002351,SHOP-024,CUST-0485,2026-08-08T17:00:00+05:30,credit,70.00,0.00,8.58,70.00,completed,2026-08-08T17:00:00+05:30
SALE-002352,SHOP-024,CUST-0492,2026-08-08T19:30:00+05:30,upi,250.00,0.00,19.29,250.00,completed,2026-08-08T19:30:00+05:30
SALE-002353,SHOP-025,CUST-0500,2026-08-08T11:10:00+05:30,cash,1950.00,0.00,297.46,1950.00,completed,2026-08-08T11:10:00+05:30
SALE-002354,SHOP-026,,2026-08-08T08:30:00+05:30,upi,277.00,0.00,25.78,277.00,completed,2026-08-08T08:30:00+05:30
SALE-002355,SHOP-028,CUST-0570,2026-08-08T13:50:00+05:30,cash,114.00,0.00,5.43,114.00,completed,2026-08-08T13:50:00+05:30
SALE-002356,SHOP-028,,2026-08-08T12:40:00+05:30,cash,180.00,0.00,27.46,180.00,completed,2026-08-08T12:40:00+05:30
SALE-002357,SHOP-028,CUST-0577,2026-08-08T17:40:00+05:30,credit,156.00,0.00,2.76,156.00,completed,2026-08-08T17:40:00+05:30
SALE-002358,SHOP-028,,2026-08-08T10:40:00+05:30,upi,70.00,0.00,0.95,70.00,completed,2026-08-08T10:40:00+05:30
SALE-002359,SHOP-032,CUST-0648,2026-08-08T13:00:00+05:30,cash,260.00,0.00,12.38,260.00,completed,2026-08-08T13:00:00+05:30
SALE-002360,SHOP-032,CUST-0652,2026-08-08T20:10:00+05:30,cash,369.00,0.00,18.46,369.00,completed,2026-08-08T20:10:00+05:30
SALE-002361,SHOP-033,CUST-0689,2026-08-08T12:00:00+05:30,card,102.00,0.00,7.59,102.00,completed,2026-08-08T12:00:00+05:30
SALE-002362,SHOP-035,CUST-0723,2026-08-08T08:40:00+05:30,cash,1194.00,0.00,182.14,1194.00,completed,2026-08-08T08:40:00+05:30
SALE-002363,SHOP-037,,2026-08-08T15:50:00+05:30,upi,2005.00,0.00,305.85,2005.00,completed,2026-08-08T15:50:00+05:30
SALE-002364,SHOP-038,CUST-0777,2026-08-08T15:20:00+05:30,cash,40.00,0.00,0.00,40.00,completed,2026-08-08T15:20:00+05:30
SALE-002365,SHOP-039,CUST-0792,2026-08-08T13:30:00+05:30,cash,530.00,0.00,25.24,530.00,completed,2026-08-08T13:30:00+05:30
SALE-002366,SHOP-039,CUST-0806,2026-08-08T14:30:00+05:30,upi,532.00,0.00,26.52,532.00,completed,2026-08-08T14:30:00+05:30
SALE-002367,SHOP-039,,2026-08-08T20:30:00+05:30,upi,595.00,0.00,28.33,595.00,completed,2026-08-08T20:30:00+05:30
SALE-002368,SHOP-040,CUST-0815,2026-08-08T13:10:00+05:30,credit,10.00,0.00,1.07,10.00,completed,2026-08-08T13:10:00+05:30
SALE-002369,SHOP-040,,2026-08-08T14:40:00+05:30,cash,475.00,0.00,52.25,475.00,completed,2026-08-08T14:40:00+05:30
SALE-002370,SHOP-040,,2026-08-08T14:40:00+05:30,upi,21.00,0.00,2.25,21.00,completed,2026-08-08T14:40:00+05:30
SALE-002371,SHOP-042,CUST-0867,2026-08-08T16:10:00+05:30,upi,9410.00,0.00,2005.47,9410.00,completed,2026-08-08T16:10:00+05:30
SALE-002372,SHOP-043,,2026-08-08T16:50:00+05:30,upi,588.00,0.00,28.00,588.00,completed,2026-08-08T16:50:00+05:30
SALE-002373,SHOP-044,CUST-0909,2026-08-08T17:30:00+05:30,cash,140.00,0.00,4.52,140.00,completed,2026-08-08T17:30:00+05:30
SALE-002374,SHOP-045,CUST-0927,2026-08-08T15:00:00+05:30,cash,120.00,0.00,5.71,120.00,completed,2026-08-08T15:00:00+05:30
SALE-002375,SHOP-045,CUST-0930,2026-08-08T13:40:00+05:30,cash,670.00,0.00,12.38,670.00,completed,2026-08-08T13:40:00+05:30
SALE-002376,SHOP-046,CUST-0938,2026-08-08T08:20:00+05:30,credit,1062.00,0.00,117.87,1062.00,completed,2026-08-08T08:20:00+05:30
SALE-002377,SHOP-046,,2026-08-08T10:00:00+05:30,upi,212.00,0.00,32.34,212.00,completed,2026-08-08T10:00:00+05:30
SALE-002378,SHOP-047,CUST-0964,2026-08-08T17:40:00+05:30,card,398.00,0.00,60.71,398.00,completed,2026-08-08T17:40:00+05:30
SALE-002379,SHOP-047,CUST-0962,2026-08-08T16:50:00+05:30,upi,2247.00,0.00,342.76,2247.00,completed,2026-08-08T16:50:00+05:30
SALE-002380,SHOP-049,,2026-08-08T17:50:00+05:30,upi,1385.00,0.00,198.31,1385.00,completed,2026-08-08T17:50:00+05:30
SALE-002381,SHOP-049,,2026-08-08T18:40:00+05:30,upi,1178.00,0.00,116.81,1178.00,completed,2026-08-08T18:40:00+05:30
SALE-002382,SHOP-050,,2026-08-08T20:20:00+05:30,cash,165.00,0.00,7.86,165.00,completed,2026-08-08T20:20:00+05:30
SALE-002383,SHOP-050,CUST-1035,2026-08-08T15:00:00+05:30,cash,500.00,0.00,30.10,500.00,completed,2026-08-08T15:00:00+05:30
SALE-002384,SHOP-002,CUST-0029,2026-08-09T13:30:00+05:30,cash,225.00,0.00,34.32,225.00,completed,2026-08-09T13:30:00+05:30
SALE-002385,SHOP-003,CUST-0049,2026-08-09T08:30:00+05:30,cash,138.00,0.00,21.05,138.00,completed,2026-08-09T08:30:00+05:30
SALE-002386,SHOP-004,CUST-0080,2026-08-09T14:20:00+05:30,credit,145.00,0.00,15.54,145.00,completed,2026-08-09T14:20:00+05:30
SALE-002387,SHOP-004,CUST-0080,2026-08-09T11:40:00+05:30,upi,100.00,0.00,0.00,100.00,completed,2026-08-09T11:40:00+05:30
SALE-002388,SHOP-005,CUST-0088,2026-08-09T19:20:00+05:30,cash,198.00,0.00,30.20,198.00,completed,2026-08-09T19:20:00+05:30
SALE-002389,SHOP-006,CUST-0108,2026-08-09T12:30:00+05:30,credit,375.00,0.00,14.87,375.00,completed,2026-08-09T12:30:00+05:30
SALE-002390,SHOP-006,,2026-08-09T09:20:00+05:30,cash,380.00,0.00,18.10,380.00,completed,2026-08-09T09:20:00+05:30
SALE-002391,SHOP-009,,2026-08-09T19:30:00+05:30,cash,145.00,0.00,22.12,145.00,completed,2026-08-09T19:30:00+05:30
SALE-002392,SHOP-009,CUST-0184,2026-08-09T12:10:00+05:30,credit,150.00,0.00,22.88,150.00,completed,2026-08-09T12:10:00+05:30
SALE-002393,SHOP-010,,2026-08-09T18:00:00+05:30,cash,1645.00,82.25,238.39,1562.75,completed,2026-08-09T18:00:00+05:30
SALE-002394,SHOP-011,,2026-08-09T16:50:00+05:30,upi,1200.00,0.00,57.14,1200.00,completed,2026-08-09T16:50:00+05:30
SALE-002395,SHOP-011,CUST-0212,2026-08-09T19:20:00+05:30,credit,340.00,0.00,16.19,340.00,completed,2026-08-09T19:20:00+05:30
SALE-002396,SHOP-013,,2026-08-09T20:20:00+05:30,upi,50.00,0.00,7.63,50.00,completed,2026-08-09T20:20:00+05:30
SALE-002397,SHOP-013,CUST-0252,2026-08-09T19:40:00+05:30,upi,450.00,0.00,21.43,450.00,completed,2026-08-09T19:40:00+05:30
SALE-002398,SHOP-013,CUST-0268,2026-08-09T14:10:00+05:30,upi,35.00,0.00,1.67,35.00,completed,2026-08-09T14:10:00+05:30
SALE-002399,SHOP-014,CUST-0283,2026-08-09T15:40:00+05:30,cash,3039.00,0.00,463.58,3039.00,completed,2026-08-09T15:40:00+05:30
SALE-002400,SHOP-017,CUST-0323,2026-08-09T19:30:00+05:30,cash,710.00,14.20,24.03,695.80,completed,2026-08-09T19:30:00+05:30
SALE-002401,SHOP-017,,2026-08-09T18:20:00+05:30,cash,135.00,0.00,6.43,135.00,completed,2026-08-09T18:20:00+05:30
SALE-002402,SHOP-020,CUST-0421,2026-08-09T18:20:00+05:30,upi,145.00,0.00,9.53,145.00,completed,2026-08-09T18:20:00+05:30
SALE-002403,SHOP-021,CUST-0431,2026-08-09T20:40:00+05:30,cash,60.00,0.00,9.15,60.00,completed,2026-08-09T20:40:00+05:30
SALE-002404,SHOP-022,,2026-08-09T16:00:00+05:30,cash,747.00,0.00,113.95,747.00,returned,2026-08-09T16:00:00+05:30
SALE-002405,SHOP-023,CUST-0482,2026-08-09T19:00:00+05:30,upi,150.00,0.00,7.14,150.00,completed,2026-08-09T19:00:00+05:30
SALE-002406,SHOP-024,CUST-0496,2026-08-09T18:30:00+05:30,upi,180.00,0.00,19.29,180.00,completed,2026-08-09T18:30:00+05:30
SALE-002407,SHOP-026,,2026-08-09T14:00:00+05:30,upi,380.00,0.00,18.10,380.00,completed,2026-08-09T14:00:00+05:30
SALE-002408,SHOP-026,,2026-08-09T19:50:00+05:30,upi,540.00,27.00,54.33,513.00,completed,2026-08-09T19:50:00+05:30
SALE-002409,SHOP-027,CUST-0555,2026-08-09T16:20:00+05:30,upi,5.00,0.00,0.54,5.00,completed,2026-08-09T16:20:00+05:30
SALE-002410,SHOP-028,CUST-0575,2026-08-09T19:20:00+05:30,cash,78.00,0.00,0.00,78.00,completed,2026-08-09T19:20:00+05:30
SALE-002411,SHOP-028,,2026-08-09T09:30:00+05:30,upi,300.00,0.00,41.19,300.00,completed,2026-08-09T09:30:00+05:30
SALE-002412,SHOP-029,CUST-0598,2026-08-09T12:10:00+05:30,upi,698.00,0.00,106.47,698.00,completed,2026-08-09T12:10:00+05:30
SALE-002413,SHOP-029,,2026-08-09T11:10:00+05:30,upi,1543.00,0.00,235.37,1543.00,completed,2026-08-09T11:10:00+05:30
SALE-002414,SHOP-032,,2026-08-09T18:40:00+05:30,upi,182.00,0.00,18.11,182.00,completed,2026-08-09T18:40:00+05:30
SALE-002415,SHOP-032,CUST-0669,2026-08-09T08:50:00+05:30,upi,85.00,0.00,9.15,85.00,completed,2026-08-09T08:50:00+05:30
SALE-002416,SHOP-032,CUST-0661,2026-08-09T08:40:00+05:30,upi,25.00,0.00,3.81,25.00,completed,2026-08-09T08:40:00+05:30
SALE-002417,SHOP-033,,2026-08-09T10:20:00+05:30,upi,266.00,0.00,6.43,266.00,completed,2026-08-09T10:20:00+05:30
SALE-002418,SHOP-035,CUST-0718,2026-08-09T17:50:00+05:30,upi,2047.00,0.00,312.25,2047.00,completed,2026-08-09T17:50:00+05:30
SALE-002419,SHOP-036,CUST-0740,2026-08-09T09:50:00+05:30,cash,301.00,0.00,33.32,301.00,completed,2026-08-09T09:50:00+05:30
SALE-002420,SHOP-036,,2026-08-09T18:40:00+05:30,upi,160.00,0.00,6.43,160.00,completed,2026-08-09T18:40:00+05:30
SALE-002421,SHOP-037,,2026-08-09T08:50:00+05:30,upi,1510.00,0.00,311.77,1510.00,completed,2026-08-09T08:50:00+05:30
SALE-002422,SHOP-039,,2026-08-09T18:50:00+05:30,upi,445.00,0.00,52.88,445.00,completed,2026-08-09T18:50:00+05:30
SALE-002423,SHOP-039,CUST-0791,2026-08-09T16:10:00+05:30,cash,422.00,0.00,43.25,422.00,completed,2026-08-09T16:10:00+05:30
SALE-002424,SHOP-040,CUST-0837,2026-08-09T19:20:00+05:30,cash,395.00,0.00,58.67,395.00,completed,2026-08-09T19:20:00+05:30
SALE-002425,SHOP-040,CUST-0825,2026-08-09T12:10:00+05:30,cash,50.00,0.00,7.63,50.00,completed,2026-08-09T12:10:00+05:30
SALE-002426,SHOP-040,CUST-0839,2026-08-09T15:50:00+05:30,cash,82.00,0.00,8.79,82.00,completed,2026-08-09T15:50:00+05:30
SALE-002427,SHOP-042,CUST-0855,2026-08-09T11:40:00+05:30,upi,1265.00,0.00,192.97,1265.00,completed,2026-08-09T11:40:00+05:30
SALE-002428,SHOP-043,CUST-0888,2026-08-09T19:50:00+05:30,credit,414.00,0.00,31.68,414.00,completed,2026-08-09T19:50:00+05:30
SALE-002429,SHOP-043,,2026-08-09T08:30:00+05:30,upi,180.00,0.00,8.57,180.00,returned,2026-08-09T08:30:00+05:30
SALE-002430,SHOP-044,,2026-08-09T18:00:00+05:30,cash,40.00,0.00,0.00,40.00,completed,2026-08-09T18:00:00+05:30
SALE-002431,SHOP-045,,2026-08-09T09:40:00+05:30,upi,277.00,0.00,15.87,277.00,completed,2026-08-09T09:40:00+05:30
SALE-002432,SHOP-045,,2026-08-09T13:40:00+05:30,upi,265.00,0.00,22.06,265.00,completed,2026-08-09T13:40:00+05:30
SALE-002433,SHOP-046,,2026-08-09T18:20:00+05:30,cash,325.00,0.00,42.09,325.00,completed,2026-08-09T18:20:00+05:30
SALE-002434,SHOP-047,CUST-0960,2026-08-09T17:30:00+05:30,cash,5895.00,0.00,899.24,5895.00,completed,2026-08-09T17:30:00+05:30
SALE-002435,SHOP-047,,2026-08-09T19:30:00+05:30,upi,1196.00,0.00,182.44,1196.00,completed,2026-08-09T19:30:00+05:30
SALE-002436,SHOP-050,CUST-1020,2026-08-09T20:00:00+05:30,cash,745.00,0.00,35.48,745.00,completed,2026-08-09T20:00:00+05:30
SALE-002437,SHOP-050,CUST-1019,2026-08-09T18:20:00+05:30,credit,514.00,0.00,24.48,514.00,completed,2026-08-09T18:20:00+05:30
SALE-002438,SHOP-001,CUST-0017,2026-08-10T15:50:00+05:30,upi,1144.00,0.00,58.46,1144.00,completed,2026-08-10T15:50:00+05:30
SALE-002439,SHOP-001,,2026-08-10T20:00:00+05:30,card,80.00,0.00,4.58,80.00,completed,2026-08-10T20:00:00+05:30
SALE-002440,SHOP-003,CUST-0060,2026-08-10T18:30:00+05:30,credit,240.00,0.00,35.25,240.00,completed,2026-08-10T18:30:00+05:30
SALE-002441,SHOP-003,CUST-0065,2026-08-10T19:20:00+05:30,cash,310.00,0.00,47.29,310.00,completed,2026-08-10T19:20:00+05:30
SALE-002442,SHOP-005,,2026-08-10T11:30:00+05:30,upi,464.00,0.00,70.78,464.00,completed,2026-08-10T11:30:00+05:30
SALE-002443,SHOP-005,CUST-0100,2026-08-10T08:30:00+05:30,cash,599.00,17.97,88.63,581.03,completed,2026-08-10T08:30:00+05:30
SALE-002444,SHOP-007,CUST-0132,2026-08-10T18:50:00+05:30,upi,438.00,0.00,11.57,438.00,completed,2026-08-10T18:50:00+05:30
SALE-002445,SHOP-007,CUST-0139,2026-08-10T17:50:00+05:30,upi,130.00,0.00,9.64,130.00,completed,2026-08-10T17:50:00+05:30
SALE-002446,SHOP-007,CUST-0140,2026-08-10T17:50:00+05:30,upi,68.00,0.00,0.00,68.00,completed,2026-08-10T17:50:00+05:30
SALE-002447,SHOP-008,,2026-08-10T15:00:00+05:30,upi,1269.00,0.00,193.58,1269.00,completed,2026-08-10T15:00:00+05:30
SALE-002448,SHOP-009,CUST-0174,2026-08-10T11:30:00+05:30,upi,70.00,0.00,10.68,70.00,completed,2026-08-10T11:30:00+05:30
SALE-002449,SHOP-011,,2026-08-10T17:00:00+05:30,cash,210.00,0.00,19.44,210.00,completed,2026-08-10T17:00:00+05:30
SALE-002450,SHOP-011,CUST-0208,2026-08-10T10:10:00+05:30,credit,975.00,0.00,47.32,975.00,completed,2026-08-10T10:10:00+05:30
SALE-002451,SHOP-011,CUST-0214,2026-08-10T08:30:00+05:30,upi,175.00,0.00,18.30,175.00,completed,2026-08-10T08:30:00+05:30
SALE-002452,SHOP-011,CUST-0228,2026-08-10T17:30:00+05:30,credit,233.00,0.00,15.98,233.00,completed,2026-08-10T17:30:00+05:30
SALE-002453,SHOP-012,CUST-0247,2026-08-10T12:30:00+05:30,cash,400.00,0.00,24.40,400.00,completed,2026-08-10T12:30:00+05:30
SALE-002454,SHOP-013,,2026-08-10T09:40:00+05:30,upi,165.00,0.00,7.86,165.00,completed,2026-08-10T09:40:00+05:30
SALE-002455,SHOP-015,CUST-0299,2026-08-10T16:50:00+05:30,cash,969.00,19.38,105.48,949.62,completed,2026-08-10T16:50:00+05:30
SALE-002456,SHOP-016,CUST-0315,2026-08-10T19:40:00+05:30,cash,2497.00,0.00,380.90,2497.00,completed,2026-08-10T19:40:00+05:30
SALE-002457,SHOP-017,,2026-08-10T15:30:00+05:30,cash,340.00,0.00,16.19,340.00,completed,2026-08-10T15:30:00+05:30
SALE-002458,SHOP-017,CUST-0341,2026-08-10T19:30:00+05:30,credit,1320.00,0.00,44.29,1320.00,completed,2026-08-10T19:30:00+05:30
SALE-002459,SHOP-017,,2026-08-10T13:00:00+05:30,upi,60.00,0.00,9.15,60.00,completed,2026-08-10T13:00:00+05:30
SALE-002460,SHOP-018,CUST-0368,2026-08-10T09:40:00+05:30,cash,98.00,0.00,4.67,98.00,completed,2026-08-10T09:40:00+05:30
SALE-002461,SHOP-019,CUST-0388,2026-08-10T17:00:00+05:30,credit,3650.00,0.00,719.65,3650.00,completed,2026-08-10T17:00:00+05:30
SALE-002462,SHOP-019,CUST-0375,2026-08-10T18:40:00+05:30,credit,687.00,0.00,104.80,687.00,completed,2026-08-10T18:40:00+05:30
SALE-002463,SHOP-020,CUST-0417,2026-08-10T12:50:00+05:30,upi,470.00,0.00,40.22,470.00,completed,2026-08-10T12:50:00+05:30
SALE-002464,SHOP-020,CUST-0410,2026-08-10T13:30:00+05:30,credit,90.00,0.00,13.73,90.00,completed,2026-08-10T13:30:00+05:30
SALE-002465,SHOP-021,CUST-0433,2026-08-10T15:30:00+05:30,cash,100.00,0.00,10.71,100.00,completed,2026-08-10T15:30:00+05:30
SALE-002466,SHOP-024,CUST-0490,2026-08-10T17:00:00+05:30,upi,97.00,0.00,2.95,97.00,completed,2026-08-10T17:00:00+05:30
SALE-002467,SHOP-024,CUST-0485,2026-08-10T09:30:00+05:30,credit,60.00,0.00,6.43,60.00,completed,2026-08-10T09:30:00+05:30
SALE-002468,SHOP-026,CUST-0529,2026-08-10T19:30:00+05:30,upi,46.00,0.00,2.19,46.00,completed,2026-08-10T19:30:00+05:30
SALE-002469,SHOP-026,CUST-0524,2026-08-10T08:30:00+05:30,upi,15.00,0.00,1.61,15.00,completed,2026-08-10T08:30:00+05:30
SALE-002470,SHOP-026,CUST-0526,2026-08-10T17:50:00+05:30,upi,515.00,0.00,32.39,515.00,completed,2026-08-10T17:50:00+05:30
SALE-002471,SHOP-026,CUST-0538,2026-08-10T16:30:00+05:30,upi,600.00,0.00,19.29,600.00,completed,2026-08-10T16:30:00+05:30
SALE-002472,SHOP-027,CUST-0566,2026-08-10T15:30:00+05:30,cash,221.00,0.00,28.90,221.00,completed,2026-08-10T15:30:00+05:30
SALE-002473,SHOP-028,,2026-08-10T15:40:00+05:30,upi,210.00,0.00,27.46,210.00,completed,2026-08-10T15:40:00+05:30
SALE-002474,SHOP-028,,2026-08-10T12:20:00+05:30,upi,105.00,0.00,12.87,105.00,completed,2026-08-10T12:20:00+05:30
SALE-002475,SHOP-028,,2026-08-10T19:50:00+05:30,upi,160.00,0.00,13.73,160.00,completed,2026-08-10T19:50:00+05:30
SALE-002476,SHOP-028,CUST-0572,2026-08-10T10:30:00+05:30,credit,64.00,0.00,6.86,64.00,completed,2026-08-10T10:30:00+05:30
SALE-002477,SHOP-033,CUST-0684,2026-08-10T09:50:00+05:30,cash,285.00,0.00,13.57,285.00,completed,2026-08-10T09:50:00+05:30
SALE-002478,SHOP-034,CUST-0690,2026-08-10T20:00:00+05:30,upi,198.00,0.00,29.93,198.00,completed,2026-08-10T20:00:00+05:30
SALE-002479,SHOP-035,CUST-0720,2026-08-10T08:30:00+05:30,upi,1299.00,0.00,198.15,1299.00,completed,2026-08-10T08:30:00+05:30
SALE-002480,SHOP-036,CUST-0731,2026-08-10T09:10:00+05:30,cash,380.00,0.00,18.10,380.00,completed,2026-08-10T09:10:00+05:30
SALE-002481,SHOP-036,CUST-0735,2026-08-10T16:20:00+05:30,upi,101.00,0.00,15.41,101.00,completed,2026-08-10T16:20:00+05:30
SALE-002482,SHOP-037,,2026-08-10T12:00:00+05:30,upi,360.00,0.00,54.92,360.00,completed,2026-08-10T12:00:00+05:30
SALE-002483,SHOP-037,CUST-0753,2026-08-10T13:40:00+05:30,cash,1030.00,51.50,149.26,978.50,completed,2026-08-10T13:40:00+05:30
SALE-002484,SHOP-037,CUST-0763,2026-08-10T16:30:00+05:30,cash,590.00,0.00,90.00,590.00,completed,2026-08-10T16:30:00+05:30
SALE-002485,SHOP-039,,2026-08-10T20:20:00+05:30,upi,415.00,0.00,22.38,415.00,completed,2026-08-10T20:20:00+05:30
SALE-002486,SHOP-039,CUST-0790,2026-08-10T18:10:00+05:30,upi,175.00,0.00,8.33,175.00,completed,2026-08-10T18:10:00+05:30
SALE-002487,SHOP-040,,2026-08-10T10:10:00+05:30,upi,496.00,0.00,73.12,496.00,completed,2026-08-10T10:10:00+05:30
SALE-002488,SHOP-040,CUST-0831,2026-08-10T12:00:00+05:30,credit,225.00,0.00,29.56,225.00,completed,2026-08-10T12:00:00+05:30
SALE-002489,SHOP-041,,2026-08-10T09:00:00+05:30,upi,597.00,29.85,86.51,567.15,returned,2026-08-10T09:00:00+05:30
SALE-002490,SHOP-042,,2026-08-10T12:30:00+05:30,cash,95.00,0.00,14.49,95.00,completed,2026-08-10T12:30:00+05:30
SALE-002491,SHOP-044,CUST-0893,2026-08-10T17:20:00+05:30,credit,303.00,0.00,0.00,303.00,completed,2026-08-10T17:20:00+05:30
SALE-002492,SHOP-045,,2026-08-10T10:10:00+05:30,cash,1355.00,0.00,107.02,1355.00,completed,2026-08-10T10:10:00+05:30
SALE-002493,SHOP-045,CUST-0922,2026-08-10T20:20:00+05:30,cash,565.00,0.00,55.23,565.00,completed,2026-08-10T20:20:00+05:30
SALE-002494,SHOP-046,CUST-0956,2026-08-10T11:40:00+05:30,cash,263.00,0.00,37.85,263.00,completed,2026-08-10T11:40:00+05:30
SALE-002495,SHOP-048,,2026-08-10T09:50:00+05:30,cash,1909.00,0.00,291.20,1909.00,completed,2026-08-10T09:50:00+05:30
SALE-002496,SHOP-049,,2026-08-10T16:00:00+05:30,card,28.00,0.00,0.00,28.00,completed,2026-08-10T16:00:00+05:30
SALE-002497,SHOP-049,,2026-08-10T11:50:00+05:30,upi,75.00,0.00,1.43,75.00,completed,2026-08-10T11:50:00+05:30
SALE-002498,SHOP-049,CUST-0999,2026-08-10T09:10:00+05:30,credit,743.00,0.00,72.86,743.00,completed,2026-08-10T09:10:00+05:30
SALE-002499,SHOP-050,CUST-1019,2026-08-10T18:40:00+05:30,upi,445.00,0.00,24.34,445.00,completed,2026-08-10T18:40:00+05:30
SALE-002500,SHOP-001,CUST-0013,2026-08-11T20:30:00+05:30,credit,88.00,0.00,1.81,88.00,completed,2026-08-11T20:30:00+05:30
SALE-002501,SHOP-001,CUST-0022,2026-08-11T08:10:00+05:30,upi,25.00,0.00,0.00,25.00,completed,2026-08-11T08:10:00+05:30
SALE-002502,SHOP-002,CUST-0030,2026-08-11T19:10:00+05:30,cash,990.00,0.00,151.02,990.00,completed,2026-08-11T19:10:00+05:30
SALE-002503,SHOP-003,,2026-08-11T13:00:00+05:30,upi,962.00,0.00,106.34,962.00,completed,2026-08-11T13:00:00+05:30
SALE-002504,SHOP-004,CUST-0082,2026-08-11T09:10:00+05:30,credit,180.00,0.00,2.86,180.00,completed,2026-08-11T09:10:00+05:30
SALE-002505,SHOP-004,CUST-0072,2026-08-11T16:00:00+05:30,cash,204.00,0.00,5.71,204.00,completed,2026-08-11T16:00:00+05:30
SALE-002506,SHOP-004,,2026-08-11T11:10:00+05:30,cash,70.00,0.00,0.00,70.00,completed,2026-08-11T11:10:00+05:30
SALE-002507,SHOP-005,CUST-0092,2026-08-11T19:30:00+05:30,upi,4294.00,0.00,655.02,4294.00,completed,2026-08-11T19:30:00+05:30
SALE-002508,SHOP-006,,2026-08-11T13:50:00+05:30,cash,61.00,0.00,3.80,61.00,completed,2026-08-11T13:50:00+05:30
SALE-002509,SHOP-007,CUST-0134,2026-08-11T18:40:00+05:30,upi,349.00,0.00,34.13,349.00,completed,2026-08-11T18:40:00+05:30
SALE-002510,SHOP-007,CUST-0131,2026-08-11T20:10:00+05:30,cash,70.00,0.00,0.00,70.00,completed,2026-08-11T20:10:00+05:30
SALE-002511,SHOP-008,CUST-0153,2026-08-11T20:50:00+05:30,credit,1270.00,0.00,275.16,1270.00,completed,2026-08-11T20:50:00+05:30
SALE-002512,SHOP-008,,2026-08-11T17:10:00+05:30,upi,4050.00,0.00,644.94,4050.00,completed,2026-08-11T17:10:00+05:30
SALE-002513,SHOP-008,CUST-0168,2026-08-11T16:00:00+05:30,upi,1320.00,0.00,201.36,1320.00,completed,2026-08-11T16:00:00+05:30
SALE-002514,SHOP-011,CUST-0216,2026-08-11T08:10:00+05:30,credit,92.00,0.00,4.38,92.00,completed,2026-08-11T08:10:00+05:30
SALE-002515,SHOP-011,CUST-0223,2026-08-11T15:40:00+05:30,upi,38.00,0.00,5.80,38.00,completed,2026-08-11T15:40:00+05:30
SALE-002516,SHOP-011,CUST-0207,2026-08-11T20:40:00+05:30,cash,35.00,0.00,1.67,35.00,completed,2026-08-11T20:40:00+05:30
SALE-002517,SHOP-012,,2026-08-11T14:10:00+05:30,cash,30.00,0.00,3.21,30.00,returned,2026-08-11T14:10:00+05:30
SALE-002518,SHOP-013,,2026-08-11T16:00:00+05:30,upi,316.00,0.00,38.13,316.00,returned,2026-08-11T16:00:00+05:30
SALE-002519,SHOP-013,CUST-0267,2026-08-11T13:00:00+05:30,cash,230.00,0.00,12.74,230.00,completed,2026-08-11T13:00:00+05:30
SALE-002520,SHOP-014,CUST-0285,2026-08-11T15:00:00+05:30,credit,1690.00,0.00,257.80,1690.00,completed,2026-08-11T15:00:00+05:30
SALE-002521,SHOP-014,,2026-08-11T17:10:00+05:30,upi,12.00,0.00,1.83,12.00,completed,2026-08-11T17:10:00+05:30
SALE-002522,SHOP-015,CUST-0305,2026-08-11T18:20:00+05:30,cash,18.00,0.00,1.93,18.00,completed,2026-08-11T18:20:00+05:30
SALE-002523,SHOP-016,,2026-08-11T15:10:00+05:30,cash,696.00,0.00,106.17,696.00,completed,2026-08-11T15:10:00+05:30
SALE-002524,SHOP-017,CUST-0348,2026-08-11T20:20:00+05:30,upi,200.00,0.00,9.52,200.00,completed,2026-08-11T20:20:00+05:30
SALE-002525,SHOP-017,CUST-0326,2026-08-11T12:30:00+05:30,upi,65.00,0.00,9.23,65.00,completed,2026-08-11T12:30:00+05:30
SALE-002526,SHOP-018,CUST-0369,2026-08-11T18:40:00+05:30,cash,261.00,0.00,9.33,261.00,completed,2026-08-11T18:40:00+05:30
SALE-002527,SHOP-019,,2026-08-11T13:40:00+05:30,upi,1185.00,0.00,180.76,1185.00,completed,2026-08-11T13:40:00+05:30
SALE-002528,SHOP-019,CUST-0388,2026-08-11T09:30:00+05:30,credit,7120.00,142.40,1490.02,6977.60,completed,2026-08-11T09:30:00+05:30
SALE-002529,SHOP-020,,2026-08-11T11:00:00+05:30,cash,213.00,0.00,0.86,213.00,completed,2026-08-11T11:00:00+05:30
SALE-002530,SHOP-021,CUST-0436,2026-08-11T17:50:00+05:30,credit,50.00,0.00,5.36,50.00,completed,2026-08-11T17:50:00+05:30
SALE-002531,SHOP-023,,2026-08-11T10:30:00+05:30,upi,170.00,0.00,13.34,170.00,completed,2026-08-11T10:30:00+05:30
SALE-002532,SHOP-024,CUST-0486,2026-08-11T09:30:00+05:30,cash,78.00,0.00,0.00,78.00,completed,2026-08-11T09:30:00+05:30
SALE-002533,SHOP-025,CUST-0514,2026-08-11T14:30:00+05:30,cash,1085.00,32.55,160.54,1052.45,completed,2026-08-11T14:30:00+05:30
SALE-002534,SHOP-025,,2026-08-11T11:20:00+05:30,upi,290.00,0.00,44.24,290.00,completed,2026-08-11T11:20:00+05:30
SALE-002535,SHOP-026,CUST-0525,2026-08-11T20:40:00+05:30,upi,197.00,0.00,9.38,197.00,completed,2026-08-11T20:40:00+05:30
SALE-002536,SHOP-026,,2026-08-11T10:20:00+05:30,cash,660.00,0.00,31.43,660.00,completed,2026-08-11T10:20:00+05:30
SALE-002537,SHOP-026,CUST-0526,2026-08-11T13:30:00+05:30,upi,225.00,0.00,20.68,225.00,completed,2026-08-11T13:30:00+05:30
SALE-002538,SHOP-027,CUST-0565,2026-08-11T15:40:00+05:30,cash,430.00,0.00,65.59,430.00,completed,2026-08-11T15:40:00+05:30
SALE-002539,SHOP-028,CUST-0592,2026-08-11T11:00:00+05:30,upi,45.00,0.00,0.00,45.00,completed,2026-08-11T11:00:00+05:30
SALE-002540,SHOP-028,CUST-0573,2026-08-11T12:00:00+05:30,cash,73.00,0.00,0.00,73.00,completed,2026-08-11T12:00:00+05:30
SALE-002541,SHOP-028,CUST-0592,2026-08-11T15:00:00+05:30,upi,480.00,0.00,40.95,480.00,completed,2026-08-11T15:00:00+05:30
SALE-002542,SHOP-028,,2026-08-11T14:40:00+05:30,upi,128.00,0.00,1.81,128.00,completed,2026-08-11T14:40:00+05:30
SALE-002543,SHOP-029,,2026-08-11T15:30:00+05:30,upi,1697.00,0.00,258.86,1697.00,completed,2026-08-11T15:30:00+05:30
SALE-002544,SHOP-032,CUST-0652,2026-08-11T15:10:00+05:30,upi,64.00,0.00,3.05,64.00,completed,2026-08-11T15:10:00+05:30
SALE-002545,SHOP-032,CUST-0652,2026-08-11T09:50:00+05:30,credit,480.00,0.00,22.86,480.00,completed,2026-08-11T09:50:00+05:30
SALE-002546,SHOP-033,CUST-0674,2026-08-11T14:20:00+05:30,credit,345.00,0.00,45.76,345.00,completed,2026-08-11T14:20:00+05:30
SALE-002547,SHOP-035,CUST-0714,2026-08-11T10:50:00+05:30,upi,3161.00,0.00,482.19,3161.00,completed,2026-08-11T10:50:00+05:30
SALE-002548,SHOP-035,CUST-0707,2026-08-11T13:00:00+05:30,upi,998.00,0.00,152.24,998.00,completed,2026-08-11T13:00:00+05:30
SALE-002549,SHOP-036,CUST-0747,2026-08-11T11:00:00+05:30,credit,515.00,0.00,24.52,515.00,completed,2026-08-11T11:00:00+05:30
SALE-002550,SHOP-037,CUST-0760,2026-08-11T15:50:00+05:30,upi,1200.00,24.00,179.39,1176.00,completed,2026-08-11T15:50:00+05:30
SALE-002551,SHOP-038,CUST-0786,2026-08-11T15:40:00+05:30,cash,105.00,0.00,0.00,105.00,completed,2026-08-11T15:40:00+05:30
SALE-002552,SHOP-039,CUST-0808,2026-08-11T18:20:00+05:30,cash,525.00,0.00,25.00,525.00,completed,2026-08-11T18:20:00+05:30
SALE-002553,SHOP-039,CUST-0805,2026-08-11T18:50:00+05:30,cash,243.00,0.00,22.59,243.00,completed,2026-08-11T18:50:00+05:30
SALE-002554,SHOP-040,,2026-08-11T11:00:00+05:30,cash,620.00,0.00,69.15,620.00,completed,2026-08-11T11:00:00+05:30
SALE-002555,SHOP-040,,2026-08-11T16:20:00+05:30,cash,632.00,0.00,70.44,632.00,completed,2026-08-11T16:20:00+05:30
SALE-002556,SHOP-041,CUST-0840,2026-08-11T10:40:00+05:30,cash,1193.00,0.00,181.98,1193.00,completed,2026-08-11T10:40:00+05:30
SALE-002557,SHOP-043,,2026-08-11T12:00:00+05:30,upi,236.00,0.00,29.13,236.00,completed,2026-08-11T12:00:00+05:30
SALE-002558,SHOP-043,,2026-08-11T08:40:00+05:30,upi,622.00,0.00,90.16,622.00,completed,2026-08-11T08:40:00+05:30
SALE-002559,SHOP-047,CUST-0965,2026-08-11T10:20:00+05:30,cash,599.00,0.00,91.37,599.00,completed,2026-08-11T10:20:00+05:30
SALE-002560,SHOP-047,CUST-0964,2026-08-11T13:30:00+05:30,upi,897.00,0.00,136.83,897.00,completed,2026-08-11T13:30:00+05:30
SALE-002561,SHOP-048,,2026-08-11T10:10:00+05:30,upi,650.00,0.00,126.30,650.00,completed,2026-08-11T10:10:00+05:30
SALE-002562,SHOP-049,,2026-08-11T12:50:00+05:30,upi,45.00,0.00,0.00,45.00,completed,2026-08-11T12:50:00+05:30
SALE-002563,SHOP-049,CUST-1006,2026-08-11T16:30:00+05:30,credit,325.00,0.00,31.07,325.00,completed,2026-08-11T16:30:00+05:30
SALE-002564,SHOP-050,,2026-08-11T17:20:00+05:30,upi,376.00,0.00,31.54,376.00,completed,2026-08-11T17:20:00+05:30
SALE-002565,SHOP-001,CUST-0003,2026-08-12T19:40:00+05:30,cash,422.00,0.00,20.10,422.00,completed,2026-08-12T19:40:00+05:30
SALE-002566,SHOP-001,CUST-0025,2026-08-12T18:30:00+05:30,credit,30.00,0.00,4.58,30.00,completed,2026-08-12T18:30:00+05:30
SALE-002567,SHOP-001,,2026-08-12T11:30:00+05:30,cash,30.00,0.00,4.58,30.00,completed,2026-08-12T11:30:00+05:30
SALE-002568,SHOP-002,CUST-0035,2026-08-12T16:40:00+05:30,upi,2830.00,0.00,567.42,2830.00,completed,2026-08-12T16:40:00+05:30
SALE-002569,SHOP-003,CUST-0049,2026-08-12T20:10:00+05:30,credit,418.00,0.00,58.41,418.00,completed,2026-08-12T20:10:00+05:30
SALE-002570,SHOP-004,CUST-0083,2026-08-12T13:10:00+05:30,upi,60.00,0.00,2.86,60.00,completed,2026-08-12T13:10:00+05:30
SALE-002571,SHOP-004,CUST-0077,2026-08-12T08:30:00+05:30,credit,48.00,0.00,0.95,48.00,completed,2026-08-12T08:30:00+05:30
SALE-002572,SHOP-005,CUST-0100,2026-08-12T17:20:00+05:30,upi,1842.00,0.00,280.98,1842.00,completed,2026-08-12T17:20:00+05:30
SALE-002573,SHOP-006,CUST-0107,2026-08-12T14:00:00+05:30,upi,1165.00,0.00,58.62,1165.00,completed,2026-08-12T14:00:00+05:30
SALE-002574,SHOP-006,,2026-08-12T14:10:00+05:30,cash,1675.00,33.50,78.17,1641.50,completed,2026-08-12T14:10:00+05:30
SALE-002575,SHOP-006,,2026-08-12T15:10:00+05:30,upi,245.00,0.00,0.00,245.00,completed,2026-08-12T15:10:00+05:30
SALE-002576,SHOP-007,CUST-0139,2026-08-12T15:40:00+05:30,cash,1350.00,0.00,198.31,1350.00,completed,2026-08-12T15:40:00+05:30
SALE-002577,SHOP-008,,2026-08-12T08:40:00+05:30,upi,2140.00,0.00,326.44,2140.00,completed,2026-08-12T08:40:00+05:30
SALE-002578,SHOP-008,CUST-0165,2026-08-12T19:30:00+05:30,credit,294.00,0.00,44.85,294.00,completed,2026-08-12T19:30:00+05:30
SALE-002579,SHOP-009,,2026-08-12T13:50:00+05:30,upi,335.00,0.00,42.70,335.00,completed,2026-08-12T13:50:00+05:30
SALE-002580,SHOP-009,,2026-08-12T08:00:00+05:30,upi,76.00,0.00,11.32,76.00,completed,2026-08-12T08:00:00+05:30
SALE-002581,SHOP-011,CUST-0203,2026-08-12T08:20:00+05:30,credit,465.00,0.00,22.14,465.00,completed,2026-08-12T08:20:00+05:30
SALE-002582,SHOP-011,,2026-08-12T16:20:00+05:30,card,1435.00,0.00,69.23,1435.00,completed,2026-08-12T16:20:00+05:30
SALE-002583,SHOP-012,CUST-0237,2026-08-12T13:10:00+05:30,card,278.00,0.00,15.54,278.00,completed,2026-08-12T13:10:00+05:30
SALE-002584,SHOP-013,CUST-0252,2026-08-12T15:40:00+05:30,cash,370.00,0.00,17.62,370.00,completed,2026-08-12T15:40:00+05:30
SALE-002585,SHOP-013,CUST-0250,2026-08-12T20:30:00+05:30,cash,195.00,0.00,0.00,195.00,completed,2026-08-12T20:30:00+05:30
SALE-002586,SHOP-014,CUST-0276,2026-08-12T08:30:00+05:30,cash,220.00,0.00,33.56,220.00,completed,2026-08-12T08:30:00+05:30
SALE-002587,SHOP-016,,2026-08-12T20:00:00+05:30,cash,5994.00,0.00,914.34,5994.00,completed,2026-08-12T20:00:00+05:30
SALE-002588,SHOP-017,,2026-08-12T14:30:00+05:30,upi,18.00,0.00,0.86,18.00,completed,2026-08-12T14:30:00+05:30
SALE-002589,SHOP-017,CUST-0334,2026-08-12T17:30:00+05:30,credit,205.00,0.00,12.14,205.00,completed,2026-08-12T17:30:00+05:30
SALE-002590,SHOP-018,CUST-0358,2026-08-12T20:00:00+05:30,cash,326.00,0.00,41.19,326.00,completed,2026-08-12T20:00:00+05:30
SALE-002591,SHOP-018,,2026-08-12T19:50:00+05:30,cash,135.00,0.00,0.00,135.00,completed,2026-08-12T19:50:00+05:30
SALE-002592,SHOP-018,,2026-08-12T15:50:00+05:30,upi,125.00,0.00,9.64,125.00,completed,2026-08-12T15:50:00+05:30
SALE-002593,SHOP-020,,2026-08-12T20:40:00+05:30,cash,1754.00,0.00,64.95,1754.00,completed,2026-08-12T20:40:00+05:30
SALE-002594,SHOP-020,CUST-0421,2026-08-12T15:10:00+05:30,upi,260.00,0.00,39.66,260.00,completed,2026-08-12T15:10:00+05:30
SALE-002595,SHOP-021,CUST-0436,2026-08-12T17:00:00+05:30,credit,196.00,0.00,26.90,196.00,completed,2026-08-12T17:00:00+05:30
SALE-002596,SHOP-022,CUST-0456,2026-08-12T17:10:00+05:30,upi,3644.00,0.00,555.86,3644.00,completed,2026-08-12T17:10:00+05:30
SALE-002597,SHOP-023,CUST-0478,2026-08-12T13:40:00+05:30,cash,789.00,0.00,40.19,789.00,completed,2026-08-12T13:40:00+05:30
SALE-002598,SHOP-023,CUST-0480,2026-08-12T14:30:00+05:30,upi,495.00,0.00,34.59,495.00,completed,2026-08-12T14:30:00+05:30
SALE-002599,SHOP-024,,2026-08-12T20:30:00+05:30,cash,60.00,0.00,4.64,60.00,completed,2026-08-12T20:30:00+05:30
SALE-002600,SHOP-026,,2026-08-12T20:40:00+05:30,cash,346.00,0.00,16.48,346.00,completed,2026-08-12T20:40:00+05:30
SALE-002601,SHOP-027,CUST-0560,2026-08-12T12:20:00+05:30,cash,150.00,0.00,16.07,150.00,completed,2026-08-12T12:20:00+05:30
SALE-002602,SHOP-028,CUST-0580,2026-08-12T13:00:00+05:30,cash,250.00,0.00,8.10,250.00,completed,2026-08-12T13:00:00+05:30
SALE-002603,SHOP-028,,2026-08-12T19:30:00+05:30,cash,136.00,0.00,12.19,136.00,completed,2026-08-12T19:30:00+05:30
SALE-002604,SHOP-029,,2026-08-12T14:00:00+05:30,upi,2445.00,0.00,372.97,2445.00,completed,2026-08-12T14:00:00+05:30
SALE-002605,SHOP-030,CUST-0615,2026-08-12T17:20:00+05:30,cash,180.00,0.00,13.82,180.00,completed,2026-08-12T17:20:00+05:30
SALE-002606,SHOP-030,CUST-0621,2026-08-12T09:30:00+05:30,credit,240.00,0.00,11.43,240.00,completed,2026-08-12T09:30:00+05:30
SALE-002607,SHOP-031,,2026-08-12T14:10:00+05:30,upi,830.00,16.60,124.08,813.40,completed,2026-08-12T14:10:00+05:30
SALE-002608,SHOP-032,CUST-0666,2026-08-12T09:20:00+05:30,credit,188.00,0.00,12.94,188.00,completed,2026-08-12T09:20:00+05:30
SALE-002609,SHOP-032,CUST-0660,2026-08-12T20:50:00+05:30,cash,555.00,0.00,28.21,555.00,completed,2026-08-12T20:50:00+05:30
SALE-002610,SHOP-034,CUST-0701,2026-08-12T09:40:00+05:30,upi,35.00,0.00,3.75,35.00,completed,2026-08-12T09:40:00+05:30
SALE-002611,SHOP-035,,2026-08-12T16:10:00+05:30,cash,846.00,16.92,126.47,829.08,completed,2026-08-12T16:10:00+05:30
SALE-002612,SHOP-037,CUST-0752,2026-08-12T11:40:00+05:30,credit,5050.00,0.00,770.34,5050.00,completed,2026-08-12T11:40:00+05:30
SALE-002613,SHOP-037,,2026-08-12T18:50:00+05:30,upi,2130.00,0.00,324.92,2130.00,completed,2026-08-12T18:50:00+05:30
SALE-002614,SHOP-037,,2026-08-12T19:30:00+05:30,cash,410.00,0.00,62.54,410.00,completed,2026-08-12T19:30:00+05:30
SALE-002615,SHOP-038,CUST-0778,2026-08-12T20:10:00+05:30,credit,75.00,0.00,11.44,75.00,completed,2026-08-12T20:10:00+05:30
SALE-002616,SHOP-039,CUST-0792,2026-08-12T14:30:00+05:30,cash,255.00,0.00,12.14,255.00,completed,2026-08-12T14:30:00+05:30
SALE-002617,SHOP-039,CUST-0794,2026-08-12T19:30:00+05:30,upi,122.00,0.00,8.54,122.00,completed,2026-08-12T19:30:00+05:30
SALE-002618,SHOP-040,,2026-08-12T12:40:00+05:30,upi,262.00,0.00,39.97,262.00,completed,2026-08-12T12:40:00+05:30
SALE-002619,SHOP-040,CUST-0820,2026-08-12T14:40:00+05:30,upi,177.00,0.00,26.23,177.00,completed,2026-08-12T14:40:00+05:30
SALE-002620,SHOP-041,CUST-0842,2026-08-12T15:10:00+05:30,cash,2245.00,0.00,342.46,2245.00,completed,2026-08-12T15:10:00+05:30
SALE-002621,SHOP-045,CUST-0917,2026-08-12T11:20:00+05:30,upi,180.00,0.00,11.72,180.00,completed,2026-08-12T11:20:00+05:30
SALE-002622,SHOP-046,CUST-0939,2026-08-12T09:10:00+05:30,card,260.00,0.00,36.48,260.00,completed,2026-08-12T09:10:00+05:30
SALE-002623,SHOP-049,CUST-0987,2026-08-12T15:10:00+05:30,upi,204.00,0.00,5.71,204.00,completed,2026-08-12T15:10:00+05:30
SALE-002624,SHOP-049,CUST-0994,2026-08-12T10:30:00+05:30,credit,159.00,0.00,0.00,159.00,completed,2026-08-12T10:30:00+05:30
SALE-002625,SHOP-050,,2026-08-12T10:50:00+05:30,cash,1955.00,0.00,109.88,1955.00,completed,2026-08-12T10:50:00+05:30
SALE-002626,SHOP-050,CUST-1009,2026-08-12T16:50:00+05:30,credit,76.00,0.00,6.77,76.00,completed,2026-08-12T16:50:00+05:30
SALE-002627,SHOP-001,CUST-0011,2026-08-13T12:20:00+05:30,cash,138.00,0.00,6.57,138.00,completed,2026-08-13T12:20:00+05:30
SALE-002628,SHOP-001,,2026-08-13T19:20:00+05:30,cash,887.00,0.00,23.67,887.00,completed,2026-08-13T19:20:00+05:30
SALE-002629,SHOP-001,,2026-08-13T18:40:00+05:30,cash,25.00,0.00,0.00,25.00,completed,2026-08-13T18:40:00+05:30
SALE-002630,SHOP-003,,2026-08-13T18:40:00+05:30,upi,380.00,0.00,40.71,380.00,completed,2026-08-13T18:40:00+05:30
SALE-002631,SHOP-003,CUST-0050,2026-08-13T09:30:00+05:30,upi,10.00,0.00,1.07,10.00,completed,2026-08-13T09:30:00+05:30
SALE-002632,SHOP-004,CUST-0074,2026-08-13T11:40:00+05:30,upi,30.00,0.00,0.00,30.00,completed,2026-08-13T11:40:00+05:30
SALE-002633,SHOP-004,,2026-08-13T09:30:00+05:30,cash,65.00,0.00,0.95,65.00,completed,2026-08-13T09:30:00+05:30
SALE-002634,SHOP-004,,2026-08-13T15:20:00+05:30,cash,81.00,0.00,3.81,81.00,completed,2026-08-13T15:20:00+05:30
SALE-002635,SHOP-005,,2026-08-13T10:40:00+05:30,upi,298.00,0.00,45.46,298.00,completed,2026-08-13T10:40:00+05:30
SALE-002636,SHOP-005,CUST-0091,2026-08-13T08:30:00+05:30,upi,4295.00,0.00,655.17,4295.00,completed,2026-08-13T08:30:00+05:30
SALE-002637,SHOP-007,CUST-0133,2026-08-13T17:10:00+05:30,card,78.00,0.00,0.00,78.00,completed,2026-08-13T17:10:00+05:30
SALE-002638,SHOP-008,CUST-0163,2026-08-13T19:00:00+05:30,credit,40.00,0.00,6.10,40.00,completed,2026-08-13T19:00:00+05:30
SALE-002639,SHOP-011,,2026-08-13T10:20:00+05:30,upi,308.00,0.00,23.06,308.00,completed,2026-08-13T10:20:00+05:30
SALE-002640,SHOP-011,,2026-08-13T19:00:00+05:30,cash,120.00,0.00,5.71,120.00,completed,2026-08-13T19:00:00+05:30
SALE-002641,SHOP-012,CUST-0246,2026-08-13T13:40:00+05:30,credit,699.00,0.00,74.36,699.00,completed,2026-08-13T13:40:00+05:30
SALE-002642,SHOP-014,,2026-08-13T13:40:00+05:30,upi,460.00,0.00,70.17,460.00,completed,2026-08-13T13:40:00+05:30
SALE-002643,SHOP-017,CUST-0329,2026-08-13T12:20:00+05:30,credit,76.00,0.00,11.59,76.00,completed,2026-08-13T12:20:00+05:30
SALE-002644,SHOP-017,CUST-0340,2026-08-13T20:30:00+05:30,credit,190.00,0.00,9.05,190.00,completed,2026-08-13T20:30:00+05:30
SALE-002645,SHOP-017,,2026-08-13T08:50:00+05:30,upi,385.00,0.00,41.42,385.00,completed,2026-08-13T08:50:00+05:30
SALE-002646,SHOP-018,CUST-0360,2026-08-13T18:50:00+05:30,cash,149.00,0.00,8.38,149.00,completed,2026-08-13T18:50:00+05:30
SALE-002647,SHOP-018,CUST-0370,2026-08-13T11:30:00+05:30,upi,190.00,0.00,20.16,190.00,completed,2026-08-13T11:30:00+05:30
SALE-002648,SHOP-018,CUST-0353,2026-08-13T16:10:00+05:30,credit,233.00,0.00,4.67,233.00,completed,2026-08-13T16:10:00+05:30
SALE-002649,SHOP-019,CUST-0378,2026-08-13T18:00:00+05:30,upi,2620.00,0.00,399.66,2620.00,completed,2026-08-13T18:00:00+05:30
SALE-002650,SHOP-019,,2026-08-13T15:20:00+05:30,upi,560.00,0.00,85.42,560.00,completed,2026-08-13T15:20:00+05:30
SALE-002651,SHOP-019,CUST-0379,2026-08-13T16:20:00+05:30,cash,670.00,0.00,129.35,670.00,completed,2026-08-13T16:20:00+05:30
SALE-002652,SHOP-020,CUST-0403,2026-08-13T13:20:00+05:30,credit,150.00,0.00,7.14,150.00,completed,2026-08-13T13:20:00+05:30
SALE-002653,SHOP-020,,2026-08-13T09:00:00+05:30,cash,100.00,0.00,4.76,100.00,completed,2026-08-13T09:00:00+05:30
SALE-002654,SHOP-021,,2026-08-13T09:40:00+05:30,upi,304.00,0.00,33.66,304.00,completed,2026-08-13T09:40:00+05:30
SALE-002655,SHOP-023,CUST-0460,2026-08-13T11:10:00+05:30,cash,4071.00,0.00,203.30,4071.00,completed,2026-08-13T11:10:00+05:30
SALE-002656,SHOP-023,,2026-08-13T20:30:00+05:30,upi,495.00,0.00,23.57,495.00,completed,2026-08-13T20:30:00+05:30
SALE-002657,SHOP-024,CUST-0488,2026-08-13T11:40:00+05:30,cash,173.00,0.00,0.00,173.00,completed,2026-08-13T11:40:00+05:30
SALE-002658,SHOP-024,CUST-0485,2026-08-13T09:10:00+05:30,cash,44.00,0.00,0.00,44.00,completed,2026-08-13T09:10:00+05:30
SALE-002659,SHOP-025,CUST-0504,2026-08-13T14:20:00+05:30,credit,1380.00,0.00,264.80,1380.00,completed,2026-08-13T14:20:00+05:30
SALE-002660,SHOP-026,,2026-08-13T16:00:00+05:30,card,55.00,0.00,3.51,55.00,completed,2026-08-13T16:00:00+05:30
SALE-002661,SHOP-026,CUST-0544,2026-08-13T17:40:00+05:30,upi,725.00,21.75,20.72,703.25,completed,2026-08-13T17:40:00+05:30
SALE-002662,SHOP-027,CUST-0551,2026-08-13T11:10:00+05:30,cash,60.00,0.00,6.43,60.00,completed,2026-08-13T11:10:00+05:30
SALE-002663,SHOP-028,CUST-0577,2026-08-13T08:40:00+05:30,credit,120.00,0.00,5.71,120.00,completed,2026-08-13T08:40:00+05:30
SALE-002664,SHOP-028,,2026-08-13T15:00:00+05:30,upi,242.00,0.00,5.52,242.00,completed,2026-08-13T15:00:00+05:30
SALE-002665,SHOP-028,,2026-08-13T08:20:00+05:30,cash,336.00,0.00,10.00,336.00,completed,2026-08-13T08:20:00+05:30
SALE-002666,SHOP-028,CUST-0585,2026-08-13T10:10:00+05:30,upi,80.00,0.00,0.00,80.00,completed,2026-08-13T10:10:00+05:30
SALE-002667,SHOP-030,CUST-0624,2026-08-13T10:00:00+05:30,upi,160.00,0.00,7.62,160.00,completed,2026-08-13T10:00:00+05:30
SALE-002668,SHOP-030,CUST-0626,2026-08-13T16:50:00+05:30,upi,685.00,0.00,63.94,685.00,completed,2026-08-13T16:50:00+05:30
SALE-002669,SHOP-031,,2026-08-13T10:30:00+05:30,upi,2380.00,0.00,417.34,2380.00,completed,2026-08-13T10:30:00+05:30
SALE-002670,SHOP-032,CUST-0662,2026-08-13T09:50:00+05:30,cash,561.00,0.00,42.03,561.00,completed,2026-08-13T09:50:00+05:30
SALE-002671,SHOP-033,CUST-0676,2026-08-13T19:00:00+05:30,credit,28.00,0.00,0.00,28.00,completed,2026-08-13T19:00:00+05:30
SALE-002672,SHOP-033,CUST-0681,2026-08-13T20:20:00+05:30,credit,373.00,0.00,13.24,373.00,completed,2026-08-13T20:20:00+05:30
SALE-002673,SHOP-033,CUST-0684,2026-08-13T14:50:00+05:30,cash,278.00,0.00,1.81,278.00,completed,2026-08-13T14:50:00+05:30
SALE-002674,SHOP-034,,2026-08-13T19:40:00+05:30,upi,93.00,0.00,13.37,93.00,completed,2026-08-13T19:40:00+05:30
SALE-002675,SHOP-035,,2026-08-13T13:20:00+05:30,upi,3642.00,72.84,544.45,3569.16,completed,2026-08-13T13:20:00+05:30
SALE-002676,SHOP-037,,2026-08-13T10:20:00+05:30,upi,1700.00,0.00,259.32,1700.00,completed,2026-08-13T10:20:00+05:30
SALE-002677,SHOP-038,CUST-0788,2026-08-13T11:50:00+05:30,cash,80.00,0.00,0.00,80.00,completed,2026-08-13T11:50:00+05:30
SALE-002678,SHOP-039,CUST-0803,2026-08-13T15:40:00+05:30,upi,120.00,0.00,5.71,120.00,completed,2026-08-13T15:40:00+05:30
SALE-002679,SHOP-039,CUST-0802,2026-08-13T14:30:00+05:30,cash,165.00,0.00,17.82,165.00,completed,2026-08-13T14:30:00+05:30
SALE-002680,SHOP-039,CUST-0809,2026-08-13T18:20:00+05:30,cash,141.00,0.00,6.29,141.00,completed,2026-08-13T18:20:00+05:30
SALE-002681,SHOP-040,CUST-0820,2026-08-13T17:20:00+05:30,cash,191.00,0.00,26.41,191.00,completed,2026-08-13T17:20:00+05:30
SALE-002682,SHOP-040,CUST-0836,2026-08-13T16:10:00+05:30,cash,50.00,0.00,5.36,50.00,completed,2026-08-13T16:10:00+05:30
SALE-002683,SHOP-042,CUST-0859,2026-08-13T12:30:00+05:30,cash,590.00,0.00,90.00,590.00,completed,2026-08-13T12:30:00+05:30
SALE-002684,SHOP-042,CUST-0865,2026-08-13T08:10:00+05:30,card,320.00,0.00,48.81,320.00,completed,2026-08-13T08:10:00+05:30
SALE-002685,SHOP-043,CUST-0873,2026-08-13T15:10:00+05:30,upi,1442.00,0.00,78.11,1442.00,completed,2026-08-13T15:10:00+05:30
SALE-002686,SHOP-045,CUST-0921,2026-08-13T20:00:00+05:30,cash,160.00,0.00,9.40,160.00,completed,2026-08-13T20:00:00+05:30
SALE-002687,SHOP-045,CUST-0914,2026-08-13T18:40:00+05:30,credit,130.00,0.00,6.19,130.00,completed,2026-08-13T18:40:00+05:30
SALE-002688,SHOP-046,,2026-08-13T16:20:00+05:30,upi,280.00,0.00,30.00,280.00,completed,2026-08-13T16:20:00+05:30
SALE-002689,SHOP-047,,2026-08-13T15:50:00+05:30,upi,1692.00,0.00,258.10,1692.00,completed,2026-08-13T15:50:00+05:30
SALE-002690,SHOP-048,,2026-08-13T13:30:00+05:30,card,420.00,0.00,64.07,420.00,completed,2026-08-13T13:30:00+05:30
SALE-002691,SHOP-049,CUST-1004,2026-08-13T08:30:00+05:30,credit,188.00,0.00,5.71,188.00,completed,2026-08-13T08:30:00+05:30
SALE-002692,SHOP-049,CUST-0991,2026-08-13T17:50:00+05:30,cash,165.00,0.00,5.71,165.00,completed,2026-08-13T17:50:00+05:30
SALE-002693,SHOP-050,CUST-1020,2026-08-13T08:10:00+05:30,upi,1167.00,35.01,46.87,1131.99,completed,2026-08-13T08:10:00+05:30
SALE-002694,SHOP-050,CUST-1029,2026-08-13T16:30:00+05:30,credit,1245.00,0.00,97.58,1245.00,completed,2026-08-13T16:30:00+05:30
SALE-002695,SHOP-001,CUST-0020,2026-08-14T09:00:00+05:30,upi,315.00,0.00,5.71,315.00,completed,2026-08-14T09:00:00+05:30
SALE-002696,SHOP-001,CUST-0012,2026-08-14T12:50:00+05:30,cash,500.00,0.00,29.06,500.00,completed,2026-08-14T12:50:00+05:30
SALE-002697,SHOP-002,,2026-08-14T08:30:00+05:30,upi,1079.00,0.00,164.59,1079.00,completed,2026-08-14T08:30:00+05:30
SALE-002698,SHOP-003,CUST-0065,2026-08-14T15:10:00+05:30,cash,247.00,0.00,36.54,247.00,completed,2026-08-14T15:10:00+05:30
SALE-002699,SHOP-006,CUST-0122,2026-08-14T15:00:00+05:30,cash,498.00,0.00,23.71,498.00,completed,2026-08-14T15:00:00+05:30
SALE-002700,SHOP-009,,2026-08-14T19:50:00+05:30,upi,5.00,0.00,0.54,5.00,completed,2026-08-14T19:50:00+05:30
SALE-002701,SHOP-011,CUST-0227,2026-08-14T20:50:00+05:30,cash,285.00,0.00,16.25,285.00,completed,2026-08-14T20:50:00+05:30
SALE-002702,SHOP-011,,2026-08-14T18:20:00+05:30,upi,260.00,0.00,12.38,260.00,completed,2026-08-14T18:20:00+05:30
SALE-002703,SHOP-012,CUST-0242,2026-08-14T09:50:00+05:30,credit,1335.00,0.00,198.31,1335.00,completed,2026-08-14T09:50:00+05:30
SALE-002704,SHOP-013,,2026-08-14T14:10:00+05:30,upi,305.00,0.00,14.52,305.00,completed,2026-08-14T14:10:00+05:30
SALE-002705,SHOP-015,CUST-0307,2026-08-14T13:50:00+05:30,card,51.00,0.00,7.10,51.00,completed,2026-08-14T13:50:00+05:30
SALE-002706,SHOP-017,,2026-08-14T12:30:00+05:30,cash,360.00,0.00,17.14,360.00,completed,2026-08-14T12:30:00+05:30
SALE-002707,SHOP-017,CUST-0335,2026-08-14T14:20:00+05:30,upi,30.00,0.00,3.21,30.00,completed,2026-08-14T14:20:00+05:30
SALE-002708,SHOP-017,CUST-0327,2026-08-14T16:30:00+05:30,credit,38.00,0.00,5.80,38.00,completed,2026-08-14T16:30:00+05:30
SALE-002709,SHOP-017,CUST-0342,2026-08-14T18:10:00+05:30,cash,435.00,0.00,34.88,435.00,completed,2026-08-14T18:10:00+05:30
SALE-002710,SHOP-019,CUST-0395,2026-08-14T14:40:00+05:30,upi,105.00,0.00,16.02,105.00,completed,2026-08-14T14:40:00+05:30
SALE-002711,SHOP-020,CUST-0427,2026-08-14T18:40:00+05:30,upi,337.00,0.00,19.86,337.00,completed,2026-08-14T18:40:00+05:30
SALE-002712,SHOP-020,CUST-0404,2026-08-14T12:10:00+05:30,cash,120.00,0.00,5.71,120.00,completed,2026-08-14T12:10:00+05:30
SALE-002713,SHOP-020,CUST-0402,2026-08-14T09:40:00+05:30,credit,1428.00,0.00,65.32,1428.00,completed,2026-08-14T09:40:00+05:30
SALE-002714,SHOP-021,CUST-0446,2026-08-14T15:50:00+05:30,upi,305.00,0.00,43.57,305.00,completed,2026-08-14T15:50:00+05:30
SALE-002715,SHOP-023,CUST-0474,2026-08-14T10:20:00+05:30,upi,25.00,0.00,0.00,25.00,completed,2026-08-14T10:20:00+05:30
SALE-002716,SHOP-023,CUST-0463,2026-08-14T10:00:00+05:30,credit,35.00,0.00,1.67,35.00,completed,2026-08-14T10:00:00+05:30
SALE-002717,SHOP-024,CUST-0496,2026-08-14T14:50:00+05:30,cash,76.00,0.00,6.43,76.00,completed,2026-08-14T14:50:00+05:30
SALE-002718,SHOP-026,,2026-08-14T08:10:00+05:30,upi,46.00,0.00,2.19,46.00,completed,2026-08-14T08:10:00+05:30
SALE-002719,SHOP-027,CUST-0559,2026-08-14T11:50:00+05:30,upi,350.00,0.00,48.85,350.00,completed,2026-08-14T11:50:00+05:30
SALE-002720,SHOP-028,,2026-08-14T16:20:00+05:30,cash,20.00,0.00,0.95,20.00,completed,2026-08-14T16:20:00+05:30
SALE-002721,SHOP-028,CUST-0594,2026-08-14T08:30:00+05:30,cash,314.00,0.00,9.95,314.00,completed,2026-08-14T08:30:00+05:30
SALE-002722,SHOP-028,,2026-08-14T20:00:00+05:30,upi,124.00,0.00,13.29,124.00,completed,2026-08-14T20:00:00+05:30
SALE-002723,SHOP-029,CUST-0604,2026-08-14T14:10:00+05:30,upi,2997.00,0.00,457.17,2997.00,completed,2026-08-14T14:10:00+05:30
SALE-002724,SHOP-030,,2026-08-14T08:30:00+05:30,upi,355.00,0.00,19.53,355.00,completed,2026-08-14T08:30:00+05:30
SALE-002725,SHOP-030,CUST-0622,2026-08-14T15:50:00+05:30,credit,300.00,0.00,19.53,300.00,completed,2026-08-14T15:50:00+05:30
SALE-002726,SHOP-031,CUST-0636,2026-08-14T09:10:00+05:30,credit,5464.00,0.00,833.49,5464.00,completed,2026-08-14T09:10:00+05:30
SALE-002727,SHOP-032,CUST-0661,2026-08-14T15:20:00+05:30,cash,516.00,0.00,28.49,516.00,completed,2026-08-14T15:20:00+05:30
SALE-002728,SHOP-032,CUST-0661,2026-08-14T08:40:00+05:30,cash,855.00,0.00,31.43,855.00,completed,2026-08-14T08:40:00+05:30
SALE-002729,SHOP-032,,2026-08-14T13:40:00+05:30,upi,95.00,0.00,14.49,95.00,returned,2026-08-14T13:40:00+05:30
SALE-002730,SHOP-033,CUST-0674,2026-08-14T16:10:00+05:30,credit,441.00,0.00,30.54,441.00,completed,2026-08-14T16:10:00+05:30
SALE-002731,SHOP-034,CUST-0699,2026-08-14T18:10:00+05:30,cash,196.00,0.00,29.44,196.00,completed,2026-08-14T18:10:00+05:30
SALE-002732,SHOP-035,CUST-0712,2026-08-14T09:20:00+05:30,upi,298.00,0.00,45.46,298.00,completed,2026-08-14T09:20:00+05:30
SALE-002733,SHOP-035,CUST-0707,2026-08-14T20:20:00+05:30,upi,2166.00,0.00,330.41,2166.00,completed,2026-08-14T20:20:00+05:30
SALE-002734,SHOP-035,,2026-08-14T18:00:00+05:30,upi,1195.00,59.75,173.17,1135.25,completed,2026-08-14T18:00:00+05:30
SALE-002735,SHOP-036,,2026-08-14T16:00:00+05:30,upi,3960.00,0.00,193.50,3960.00,completed,2026-08-14T16:00:00+05:30
SALE-002736,SHOP-036,,2026-08-14T14:00:00+05:30,upi,405.00,0.00,15.71,405.00,completed,2026-08-14T14:00:00+05:30
SALE-002737,SHOP-037,,2026-08-14T08:20:00+05:30,upi,450.00,0.00,95.79,450.00,completed,2026-08-14T08:20:00+05:30
SALE-002738,SHOP-038,CUST-0779,2026-08-14T08:00:00+05:30,upi,651.00,0.00,68.64,651.00,completed,2026-08-14T08:00:00+05:30
SALE-002739,SHOP-039,,2026-08-14T14:10:00+05:30,upi,260.00,0.00,12.38,260.00,completed,2026-08-14T14:10:00+05:30
SALE-002740,SHOP-039,,2026-08-14T13:40:00+05:30,card,399.00,0.00,36.70,399.00,completed,2026-08-14T13:40:00+05:30
SALE-002741,SHOP-039,,2026-08-14T08:00:00+05:30,upi,195.00,0.00,0.00,195.00,completed,2026-08-14T08:00:00+05:30
SALE-002742,SHOP-040,,2026-08-14T15:50:00+05:30,upi,70.00,0.00,10.68,70.00,completed,2026-08-14T15:50:00+05:30
SALE-002743,SHOP-040,,2026-08-14T18:10:00+05:30,cash,260.00,0.00,39.66,260.00,completed,2026-08-14T18:10:00+05:30
SALE-002744,SHOP-041,,2026-08-14T09:10:00+05:30,cash,4196.00,0.00,640.07,4196.00,completed,2026-08-14T09:10:00+05:30
SALE-002745,SHOP-042,CUST-0871,2026-08-14T13:20:00+05:30,cash,339.00,0.00,51.71,339.00,completed,2026-08-14T13:20:00+05:30
SALE-002746,SHOP-043,CUST-0872,2026-08-14T10:50:00+05:30,upi,131.00,0.00,7.13,131.00,completed,2026-08-14T10:50:00+05:30
SALE-002747,SHOP-044,CUST-0896,2026-08-14T20:40:00+05:30,cash,40.00,0.00,1.90,40.00,completed,2026-08-14T20:40:00+05:30
SALE-002748,SHOP-045,CUST-0912,2026-08-14T19:40:00+05:30,cash,4975.00,0.00,236.90,4975.00,completed,2026-08-14T19:40:00+05:30
SALE-002749,SHOP-045,CUST-0921,2026-08-14T19:20:00+05:30,upi,620.00,0.00,49.46,620.00,completed,2026-08-14T19:20:00+05:30
SALE-002750,SHOP-046,CUST-0951,2026-08-14T13:40:00+05:30,upi,35.00,0.00,3.75,35.00,completed,2026-08-14T13:40:00+05:30
SALE-002751,SHOP-046,,2026-08-14T19:50:00+05:30,cash,974.00,0.00,105.45,974.00,completed,2026-08-14T19:50:00+05:30
SALE-002752,SHOP-047,CUST-0957,2026-08-14T18:30:00+05:30,upi,199.00,0.00,30.36,199.00,completed,2026-08-14T18:30:00+05:30
SALE-002753,SHOP-049,,2026-08-14T19:50:00+05:30,upi,260.00,0.00,19.29,260.00,completed,2026-08-14T19:50:00+05:30
SALE-002754,SHOP-050,CUST-1021,2026-08-14T16:40:00+05:30,upi,240.00,0.00,17.25,240.00,completed,2026-08-14T16:40:00+05:30
SALE-002755,SHOP-001,CUST-0006,2026-08-15T20:40:00+05:30,upi,155.00,0.00,13.21,155.00,completed,2026-08-15T20:40:00+05:30
SALE-002756,SHOP-002,CUST-0026,2026-08-15T14:40:00+05:30,cash,876.00,0.00,133.63,876.00,completed,2026-08-15T14:40:00+05:30
SALE-002757,SHOP-002,CUST-0036,2026-08-15T10:30:00+05:30,cash,618.00,12.36,92.39,605.64,completed,2026-08-15T10:30:00+05:30
SALE-002758,SHOP-003,,2026-08-15T09:50:00+05:30,upi,75.00,0.00,8.04,75.00,completed,2026-08-15T09:50:00+05:30
SALE-002759,SHOP-004,CUST-0075,2026-08-15T12:10:00+05:30,upi,256.00,0.00,7.43,256.00,completed,2026-08-15T12:10:00+05:30
SALE-002760,SHOP-006,CUST-0106,2026-08-15T19:30:00+05:30,credit,280.00,0.00,24.49,280.00,completed,2026-08-15T19:30:00+05:30
SALE-002761,SHOP-006,CUST-0101,2026-08-15T10:00:00+05:30,cash,360.00,0.00,17.14,360.00,completed,2026-08-15T10:00:00+05:30
SALE-002762,SHOP-008,CUST-0156,2026-08-15T09:30:00+05:30,cash,780.00,0.00,146.13,780.00,completed,2026-08-15T09:30:00+05:30
SALE-002763,SHOP-009,,2026-08-15T17:20:00+05:30,cash,30.00,0.00,3.21,30.00,completed,2026-08-15T17:20:00+05:30
SALE-002764,SHOP-011,CUST-0229,2026-08-15T10:10:00+05:30,cash,35.00,0.00,1.67,35.00,completed,2026-08-15T10:10:00+05:30
SALE-002765,SHOP-011,CUST-0223,2026-08-15T08:10:00+05:30,cash,360.00,0.00,17.14,360.00,completed,2026-08-15T08:10:00+05:30
SALE-002766,SHOP-011,CUST-0221,2026-08-15T08:30:00+05:30,cash,3055.00,0.00,157.23,3055.00,completed,2026-08-15T08:30:00+05:30
SALE-002767,SHOP-012,CUST-0244,2026-08-15T11:50:00+05:30,cash,860.00,0.00,100.31,860.00,completed,2026-08-15T11:50:00+05:30
SALE-002768,SHOP-013,CUST-0254,2026-08-15T17:20:00+05:30,cash,3920.00,117.60,182.22,3802.40,completed,2026-08-15T17:20:00+05:30
SALE-002769,SHOP-017,CUST-0337,2026-08-15T10:20:00+05:30,upi,240.00,0.00,11.43,240.00,completed,2026-08-15T10:20:00+05:30
SALE-002770,SHOP-019,CUST-0386,2026-08-15T15:20:00+05:30,credit,1180.00,0.00,180.00,1180.00,completed,2026-08-15T15:20:00+05:30
SALE-002771,SHOP-019,CUST-0392,2026-08-15T08:00:00+05:30,cash,24.00,0.00,3.66,24.00,completed,2026-08-15T08:00:00+05:30
SALE-002772,SHOP-019,,2026-08-15T16:10:00+05:30,cash,990.00,0.00,151.02,990.00,completed,2026-08-15T16:10:00+05:30
SALE-002773,SHOP-020,CUST-0424,2026-08-15T13:20:00+05:30,upi,440.00,0.00,20.95,440.00,completed,2026-08-15T13:20:00+05:30
SALE-002774,SHOP-020,CUST-0419,2026-08-15T11:10:00+05:30,credit,462.00,0.00,24.62,462.00,completed,2026-08-15T11:10:00+05:30
SALE-002775,SHOP-021,CUST-0447,2026-08-15T09:30:00+05:30,upi,50.00,0.00,5.36,50.00,completed,2026-08-15T09:30:00+05:30
SALE-002776,SHOP-021,,2026-08-15T19:40:00+05:30,cash,5.00,0.00,0.54,5.00,completed,2026-08-15T19:40:00+05:30
SALE-002777,SHOP-022,CUST-0453,2026-08-15T18:10:00+05:30,upi,349.00,0.00,53.24,349.00,completed,2026-08-15T18:10:00+05:30
SALE-002778,SHOP-023,CUST-0469,2026-08-15T19:50:00+05:30,credit,114.00,0.00,5.43,114.00,completed,2026-08-15T19:50:00+05:30
SALE-002779,SHOP-023,CUST-0484,2026-08-15T18:20:00+05:30,upi,2765.00,0.00,147.16,2765.00,completed,2026-08-15T18:20:00+05:30
SALE-002780,SHOP-023,CUST-0475,2026-08-15T19:50:00+05:30,upi,203.00,0.00,9.67,203.00,completed,2026-08-15T19:50:00+05:30
SALE-002781,SHOP-024,,2026-08-15T13:00:00+05:30,upi,88.00,0.00,6.43,88.00,completed,2026-08-15T13:00:00+05:30
SALE-002782,SHOP-024,,2026-08-15T08:30:00+05:30,upi,84.00,0.00,0.00,84.00,completed,2026-08-15T08:30:00+05:30
SALE-002783,SHOP-025,CUST-0510,2026-08-15T14:50:00+05:30,cash,665.00,0.00,101.44,665.00,completed,2026-08-15T14:50:00+05:30
SALE-002784,SHOP-026,CUST-0536,2026-08-15T19:30:00+05:30,credit,46.00,0.00,2.19,46.00,completed,2026-08-15T19:30:00+05:30
SALE-002785,SHOP-026,,2026-08-15T09:30:00+05:30,cash,345.00,0.00,27.45,345.00,completed,2026-08-15T09:30:00+05:30
SALE-002786,SHOP-026,CUST-0533,2026-08-15T13:10:00+05:30,cash,100.00,0.00,4.76,100.00,completed,2026-08-15T13:10:00+05:30
SALE-002787,SHOP-026,,2026-08-15T14:10:00+05:30,cash,300.00,0.00,14.29,300.00,returned,2026-08-15T14:10:00+05:30
SALE-002788,SHOP-027,CUST-0552,2026-08-15T15:40:00+05:30,cash,170.00,0.00,23.66,170.00,completed,2026-08-15T15:40:00+05:30
SALE-002789,SHOP-027,CUST-0567,2026-08-15T17:50:00+05:30,cash,35.00,0.00,3.75,35.00,completed,2026-08-15T17:50:00+05:30
SALE-002790,SHOP-028,CUST-0594,2026-08-15T14:20:00+05:30,credit,195.00,0.00,2.86,195.00,completed,2026-08-15T14:20:00+05:30
SALE-002791,SHOP-029,CUST-0602,2026-08-15T09:50:00+05:30,upi,1946.00,97.30,282.01,1848.70,completed,2026-08-15T09:50:00+05:30
SALE-002792,SHOP-030,CUST-0628,2026-08-15T10:40:00+05:30,credit,445.00,0.00,36.40,445.00,completed,2026-08-15T10:40:00+05:30
SALE-002793,SHOP-032,CUST-0655,2026-08-15T20:30:00+05:30,upi,1300.00,0.00,61.90,1300.00,completed,2026-08-15T20:30:00+05:30
SALE-002794,SHOP-033,,2026-08-15T16:00:00+05:30,upi,180.00,0.00,27.46,180.00,completed,2026-08-15T16:00:00+05:30
SALE-002795,SHOP-033,,2026-08-15T20:00:00+05:30,upi,40.00,0.00,0.00,40.00,returned,2026-08-15T20:00:00+05:30
SALE-002796,SHOP-033,,2026-08-15T19:50:00+05:30,upi,100.00,0.00,1.43,100.00,completed,2026-08-15T19:50:00+05:30
SALE-002797,SHOP-036,CUST-0737,2026-08-15T09:40:00+05:30,credit,805.00,0.00,38.33,805.00,completed,2026-08-15T09:40:00+05:30
SALE-002798,SHOP-036,CUST-0744,2026-08-15T12:00:00+05:30,upi,241.00,0.00,2.19,241.00,completed,2026-08-15T12:00:00+05:30
SALE-002799,SHOP-038,,2026-08-15T18:20:00+05:30,upi,95.00,0.00,2.86,95.00,completed,2026-08-15T18:20:00+05:30
SALE-002800,SHOP-039,CUST-0800,2026-08-15T19:30:00+05:30,cash,185.00,0.00,26.18,185.00,completed,2026-08-15T19:30:00+05:30
SALE-002801,SHOP-039,CUST-0798,2026-08-15T17:00:00+05:30,cash,30.00,0.00,4.58,30.00,completed,2026-08-15T17:00:00+05:30
SALE-002802,SHOP-040,CUST-0839,2026-08-15T12:10:00+05:30,upi,125.00,0.00,19.07,125.00,completed,2026-08-15T12:10:00+05:30
SALE-002803,SHOP-040,CUST-0829,2026-08-15T15:30:00+05:30,upi,180.00,0.00,27.46,180.00,completed,2026-08-15T15:30:00+05:30
SALE-002804,SHOP-041,CUST-0845,2026-08-15T15:10:00+05:30,cash,2152.00,0.00,328.27,2152.00,completed,2026-08-15T15:10:00+05:30
SALE-002805,SHOP-043,CUST-0883,2026-08-15T10:00:00+05:30,credit,650.00,0.00,33.58,650.00,completed,2026-08-15T10:00:00+05:30
SALE-002806,SHOP-044,CUST-0899,2026-08-15T20:30:00+05:30,upi,171.00,0.00,13.46,171.00,completed,2026-08-15T20:30:00+05:30
SALE-002807,SHOP-044,CUST-0902,2026-08-15T18:40:00+05:30,upi,160.00,0.00,0.00,160.00,completed,2026-08-15T18:40:00+05:30
SALE-002808,SHOP-044,,2026-08-15T13:30:00+05:30,upi,73.00,0.00,1.81,73.00,completed,2026-08-15T13:30:00+05:30
SALE-002809,SHOP-047,,2026-08-15T10:40:00+05:30,upi,1397.00,0.00,213.10,1397.00,completed,2026-08-15T10:40:00+05:30
SALE-002810,SHOP-049,CUST-1004,2026-08-15T09:40:00+05:30,credit,63.00,0.00,5.62,63.00,completed,2026-08-15T09:40:00+05:30
SALE-002811,SHOP-049,CUST-1001,2026-08-15T08:20:00+05:30,upi,40.00,0.00,1.90,40.00,completed,2026-08-15T08:20:00+05:30
SALE-002812,SHOP-050,,2026-08-15T17:10:00+05:30,cash,482.00,0.00,26.10,482.00,completed,2026-08-15T17:10:00+05:30
SALE-002813,SHOP-001,CUST-0024,2026-08-16T12:40:00+05:30,credit,46.00,0.00,2.19,46.00,completed,2026-08-16T12:40:00+05:30
SALE-002814,SHOP-001,CUST-0022,2026-08-16T10:10:00+05:30,upi,450.00,0.00,21.43,450.00,completed,2026-08-16T10:10:00+05:30
SALE-002815,SHOP-002,CUST-0026,2026-08-16T12:50:00+05:30,upi,1440.00,0.00,219.66,1440.00,completed,2026-08-16T12:50:00+05:30
SALE-002816,SHOP-003,,2026-08-16T10:00:00+05:30,cash,140.00,0.00,21.36,140.00,completed,2026-08-16T10:00:00+05:30
SALE-002817,SHOP-003,,2026-08-16T15:20:00+05:30,cash,10.00,0.00,1.07,10.00,completed,2026-08-16T15:20:00+05:30
SALE-002818,SHOP-004,,2026-08-16T15:30:00+05:30,upi,260.00,0.00,19.44,260.00,completed,2026-08-16T15:30:00+05:30
SALE-002819,SHOP-005,CUST-0097,2026-08-16T15:20:00+05:30,credit,630.00,0.00,96.10,630.00,completed,2026-08-16T15:20:00+05:30
SALE-002820,SHOP-006,CUST-0108,2026-08-16T20:00:00+05:30,upi,588.00,0.00,28.00,588.00,completed,2026-08-16T20:00:00+05:30
SALE-002821,SHOP-006,,2026-08-16T10:50:00+05:30,upi,1817.00,0.00,86.52,1817.00,completed,2026-08-16T10:50:00+05:30
SALE-002822,SHOP-006,CUST-0111,2026-08-16T10:10:00+05:30,credit,647.00,0.00,21.52,647.00,completed,2026-08-16T10:10:00+05:30
SALE-002823,SHOP-007,CUST-0130,2026-08-16T09:30:00+05:30,credit,94.00,0.00,1.81,94.00,completed,2026-08-16T09:30:00+05:30
SALE-002824,SHOP-007,,2026-08-16T09:30:00+05:30,upi,70.00,0.00,0.00,70.00,returned,2026-08-16T09:30:00+05:30
SALE-002825,SHOP-008,CUST-0159,2026-08-16T11:40:00+05:30,cash,198.00,0.00,30.20,198.00,completed,2026-08-16T11:40:00+05:30
SALE-002826,SHOP-011,,2026-08-16T09:40:00+05:30,upi,138.00,0.00,9.44,138.00,completed,2026-08-16T09:40:00+05:30
SALE-002827,SHOP-011,,2026-08-16T20:10:00+05:30,upi,4080.00,0.00,213.17,4080.00,completed,2026-08-16T20:10:00+05:30
SALE-002828,SHOP-011,,2026-08-16T18:30:00+05:30,cash,135.00,0.00,6.43,135.00,completed,2026-08-16T18:30:00+05:30
SALE-002829,SHOP-011,,2026-08-16T13:30:00+05:30,cash,440.00,0.00,18.57,440.00,returned,2026-08-16T13:30:00+05:30
SALE-002830,SHOP-012,CUST-0233,2026-08-16T16:50:00+05:30,card,178.00,0.00,0.95,178.00,completed,2026-08-16T16:50:00+05:30
SALE-002831,SHOP-013,CUST-0266,2026-08-16T18:00:00+05:30,credit,2840.00,0.00,135.24,2840.00,completed,2026-08-16T18:00:00+05:30
SALE-002832,SHOP-013,,2026-08-16T08:50:00+05:30,cash,390.00,0.00,0.00,390.00,completed,2026-08-16T08:50:00+05:30
SALE-002833,SHOP-014,CUST-0287,2026-08-16T20:00:00+05:30,credit,2176.00,0.00,331.93,2176.00,completed,2026-08-16T20:00:00+05:30
SALE-002834,SHOP-017,CUST-0341,2026-08-16T19:50:00+05:30,upi,315.00,0.00,15.89,315.00,completed,2026-08-16T19:50:00+05:30
SALE-002835,SHOP-017,CUST-0337,2026-08-16T11:20:00+05:30,credit,150.00,0.00,10.29,150.00,completed,2026-08-16T11:20:00+05:30
SALE-002836,SHOP-019,,2026-08-16T12:10:00+05:30,upi,1130.00,0.00,226.66,1130.00,completed,2026-08-16T12:10:00+05:30
SALE-002837,SHOP-020,CUST-0404,2026-08-16T17:00:00+05:30,upi,231.00,0.00,1.71,231.00,completed,2026-08-16T17:00:00+05:30
SALE-002838,SHOP-020,,2026-08-16T14:50:00+05:30,cash,580.00,0.00,27.62,580.00,completed,2026-08-16T14:50:00+05:30
SALE-002839,SHOP-021,,2026-08-16T13:00:00+05:30,upi,5.00,0.00,0.54,5.00,completed,2026-08-16T13:00:00+05:30
SALE-002840,SHOP-023,,2026-08-16T19:10:00+05:30,upi,159.00,0.00,22.21,159.00,completed,2026-08-16T19:10:00+05:30
SALE-002841,SHOP-023,,2026-08-16T11:30:00+05:30,cash,92.00,0.00,4.38,92.00,completed,2026-08-16T11:30:00+05:30
SALE-002842,SHOP-024,CUST-0492,2026-08-16T08:10:00+05:30,cash,113.00,0.00,6.67,113.00,completed,2026-08-16T08:10:00+05:30
SALE-002843,SHOP-025,,2026-08-16T14:40:00+05:30,upi,480.00,0.00,73.22,480.00,completed,2026-08-16T14:40:00+05:30
SALE-002844,SHOP-026,CUST-0532,2026-08-16T17:30:00+05:30,upi,134.00,0.00,12.68,134.00,completed,2026-08-16T17:30:00+05:30
SALE-002845,SHOP-027,CUST-0568,2026-08-16T19:10:00+05:30,cash,35.00,0.00,5.34,35.00,completed,2026-08-16T19:10:00+05:30
SALE-002846,SHOP-027,CUST-0551,2026-08-16T08:30:00+05:30,cash,135.00,0.00,20.14,135.00,completed,2026-08-16T08:30:00+05:30
SALE-002847,SHOP-028,,2026-08-16T18:10:00+05:30,cash,128.00,0.00,0.00,128.00,completed,2026-08-16T18:10:00+05:30
SALE-002848,SHOP-028,CUST-0578,2026-08-16T11:40:00+05:30,upi,145.00,0.00,15.54,145.00,completed,2026-08-16T11:40:00+05:30
SALE-002849,SHOP-030,,2026-08-16T19:00:00+05:30,upi,880.00,0.00,41.90,880.00,completed,2026-08-16T19:00:00+05:30
SALE-002850,SHOP-030,,2026-08-16T15:30:00+05:30,cash,75.00,0.00,11.44,75.00,completed,2026-08-16T15:30:00+05:30
SALE-002851,SHOP-031,CUST-0631,2026-08-16T17:50:00+05:30,upi,36.00,0.00,5.49,36.00,completed,2026-08-16T17:50:00+05:30
SALE-002852,SHOP-032,,2026-08-16T09:30:00+05:30,upi,170.00,0.00,5.71,170.00,completed,2026-08-16T09:30:00+05:30
SALE-002853,SHOP-032,,2026-08-16T19:30:00+05:30,cash,30.00,0.00,4.58,30.00,completed,2026-08-16T19:30:00+05:30
SALE-002854,SHOP-033,CUST-0677,2026-08-16T11:00:00+05:30,cash,40.00,0.00,1.90,40.00,completed,2026-08-16T11:00:00+05:30
SALE-002855,SHOP-033,,2026-08-16T18:40:00+05:30,cash,40.00,0.00,1.90,40.00,completed,2026-08-16T18:40:00+05:30
SALE-002856,SHOP-034,CUST-0696,2026-08-16T14:20:00+05:30,credit,176.00,0.00,26.85,176.00,completed,2026-08-16T14:20:00+05:30
SALE-002857,SHOP-035,,2026-08-16T18:00:00+05:30,cash,1893.00,0.00,288.76,1893.00,completed,2026-08-16T18:00:00+05:30
SALE-002858,SHOP-036,CUST-0733,2026-08-16T13:30:00+05:30,credit,1440.00,72.00,65.14,1368.00,completed,2026-08-16T13:30:00+05:30
SALE-002859,SHOP-036,CUST-0744,2026-08-16T11:10:00+05:30,cash,255.00,0.00,13.04,255.00,completed,2026-08-16T11:10:00+05:30
SALE-002860,SHOP-036,CUST-0735,2026-08-16T09:20:00+05:30,upi,38.00,0.00,5.80,38.00,completed,2026-08-16T09:20:00+05:30
SALE-002861,SHOP-037,,2026-08-16T18:10:00+05:30,cash,2400.00,0.00,366.10,2400.00,completed,2026-08-16T18:10:00+05:30
SALE-002862,SHOP-038,,2026-08-16T13:30:00+05:30,cash,25.00,0.00,3.81,25.00,completed,2026-08-16T13:30:00+05:30
SALE-002863,SHOP-038,,2026-08-16T14:00:00+05:30,cash,158.00,0.00,4.52,158.00,completed,2026-08-16T14:00:00+05:30
SALE-002864,SHOP-039,,2026-08-16T15:10:00+05:30,upi,1700.00,0.00,80.95,1700.00,completed,2026-08-16T15:10:00+05:30
SALE-002865,SHOP-040,,2026-08-16T13:20:00+05:30,cash,140.00,0.00,21.36,140.00,completed,2026-08-16T13:20:00+05:30
SALE-002866,SHOP-040,CUST-0817,2026-08-16T12:50:00+05:30,credit,18.00,0.00,2.75,18.00,completed,2026-08-16T12:50:00+05:30
SALE-002867,SHOP-043,CUST-0888,2026-08-16T13:50:00+05:30,upi,630.00,0.00,28.81,630.00,completed,2026-08-16T13:50:00+05:30
SALE-002868,SHOP-043,,2026-08-16T15:50:00+05:30,upi,885.00,0.00,23.57,885.00,completed,2026-08-16T15:50:00+05:30
SALE-002869,SHOP-044,,2026-08-16T20:00:00+05:30,upi,320.00,0.00,38.85,320.00,completed,2026-08-16T20:00:00+05:30
SALE-002870,SHOP-049,CUST-0998,2026-08-16T18:50:00+05:30,upi,70.00,0.00,0.00,70.00,completed,2026-08-16T18:50:00+05:30
SALE-002871,SHOP-050,,2026-08-16T14:20:00+05:30,cash,735.00,0.00,35.89,735.00,completed,2026-08-16T14:20:00+05:30
SALE-002872,SHOP-050,CUST-1031,2026-08-16T08:00:00+05:30,credit,235.00,0.00,26.19,235.00,completed,2026-08-16T08:00:00+05:30
SALE-002873,SHOP-050,CUST-1012,2026-08-16T17:00:00+05:30,cash,796.00,0.00,47.35,796.00,completed,2026-08-16T17:00:00+05:30
SALE-002874,SHOP-050,,2026-08-16T18:10:00+05:30,upi,105.00,0.00,5.00,105.00,completed,2026-08-16T18:10:00+05:30
SALE-002875,SHOP-002,,2026-08-17T08:10:00+05:30,upi,720.00,0.00,109.83,720.00,completed,2026-08-17T08:10:00+05:30
SALE-002876,SHOP-003,,2026-08-17T18:10:00+05:30,upi,53.00,0.00,7.31,53.00,completed,2026-08-17T18:10:00+05:30
SALE-002877,SHOP-003,CUST-0056,2026-08-17T12:40:00+05:30,upi,435.00,0.00,49.10,435.00,completed,2026-08-17T12:40:00+05:30
SALE-002878,SHOP-004,CUST-0067,2026-08-17T08:50:00+05:30,upi,95.00,0.00,4.52,95.00,completed,2026-08-17T08:50:00+05:30
SALE-002879,SHOP-005,CUST-0100,2026-08-17T15:10:00+05:30,upi,1597.00,0.00,243.61,1597.00,completed,2026-08-17T15:10:00+05:30
SALE-002880,SHOP-005,CUST-0096,2026-08-17T12:10:00+05:30,upi,398.00,0.00,60.71,398.00,completed,2026-08-17T12:10:00+05:30
SALE-002881,SHOP-006,CUST-0114,2026-08-17T14:20:00+05:30,credit,915.00,0.00,15.71,915.00,completed,2026-08-17T14:20:00+05:30
SALE-002882,SHOP-006,CUST-0123,2026-08-17T16:10:00+05:30,credit,1501.00,0.00,85.02,1501.00,completed,2026-08-17T16:10:00+05:30
SALE-002883,SHOP-007,,2026-08-17T20:50:00+05:30,cash,180.00,0.00,27.46,180.00,completed,2026-08-17T20:50:00+05:30
SALE-002884,SHOP-007,CUST-0138,2026-08-17T10:10:00+05:30,cash,1204.00,0.00,124.82,1204.00,completed,2026-08-17T10:10:00+05:30
SALE-002885,SHOP-007,CUST-0135,2026-08-17T08:30:00+05:30,credit,726.00,0.00,102.77,726.00,completed,2026-08-17T08:30:00+05:30
SALE-002886,SHOP-008,,2026-08-17T20:40:00+05:30,cash,595.00,0.00,117.91,595.00,completed,2026-08-17T20:40:00+05:30
SALE-002887,SHOP-008,CUST-0167,2026-08-17T19:20:00+05:30,cash,5730.00,114.60,856.59,5615.40,completed,2026-08-17T19:20:00+05:30
SALE-002888,SHOP-009,,2026-08-17T11:30:00+05:30,upi,77.00,0.00,11.52,77.00,completed,2026-08-17T11:30:00+05:30
SALE-002889,SHOP-011,,2026-08-17T11:50:00+05:30,upi,4500.00,0.00,217.75,4500.00,completed,2026-08-17T11:50:00+05:30
SALE-002890,SHOP-011,,2026-08-17T08:40:00+05:30,cash,55.00,0.00,8.39,55.00,completed,2026-08-17T08:40:00+05:30
SALE-002891,SHOP-012,CUST-0242,2026-08-17T13:20:00+05:30,cash,150.00,0.00,17.54,150.00,completed,2026-08-17T13:20:00+05:30
SALE-002892,SHOP-013,CUST-0257,2026-08-17T20:20:00+05:30,cash,905.00,0.00,46.24,905.00,completed,2026-08-17T20:20:00+05:30
SALE-002893,SHOP-013,CUST-0250,2026-08-17T16:00:00+05:30,upi,176.00,0.00,16.36,176.00,completed,2026-08-17T16:00:00+05:30
SALE-002894,SHOP-013,,2026-08-17T19:00:00+05:30,upi,799.00,0.00,62.39,799.00,completed,2026-08-17T19:00:00+05:30
SALE-002895,SHOP-014,CUST-0282,2026-08-17T16:00:00+05:30,credit,1770.00,0.00,324.29,1770.00,completed,2026-08-17T16:00:00+05:30
SALE-002896,SHOP-014,CUST-0289,2026-08-17T14:30:00+05:30,upi,75.00,0.00,11.44,75.00,completed,2026-08-17T14:30:00+05:30
SALE-002897,SHOP-016,CUST-0321,2026-08-17T11:20:00+05:30,cash,2793.00,0.00,426.05,2793.00,completed,2026-08-17T11:20:00+05:30
SALE-002898,SHOP-017,CUST-0333,2026-08-17T13:30:00+05:30,credit,15.00,0.00,1.61,15.00,completed,2026-08-17T13:30:00+05:30
SALE-002899,SHOP-017,CUST-0335,2026-08-17T14:00:00+05:30,credit,235.00,0.00,13.81,235.00,completed,2026-08-17T14:00:00+05:30
SALE-002900,SHOP-017,CUST-0328,2026-08-17T18:30:00+05:30,upi,420.00,0.00,20.00,420.00,completed,2026-08-17T18:30:00+05:30
SALE-002901,SHOP-018,CUST-0356,2026-08-17T15:30:00+05:30,cash,505.00,0.00,39.29,505.00,completed,2026-08-17T15:30:00+05:30
SALE-002902,SHOP-020,,2026-08-17T16:20:00+05:30,upi,55.00,0.00,3.51,55.00,completed,2026-08-17T16:20:00+05:30
SALE-002903,SHOP-020,CUST-0402,2026-08-17T19:30:00+05:30,credit,544.00,0.00,78.79,544.00,completed,2026-08-17T19:30:00+05:30
SALE-002904,SHOP-020,CUST-0419,2026-08-17T11:20:00+05:30,upi,2600.00,130.00,117.62,2470.00,completed,2026-08-17T11:20:00+05:30
SALE-002905,SHOP-020,,2026-08-17T15:30:00+05:30,cash,545.00,27.25,35.12,517.75,completed,2026-08-17T15:30:00+05:30
SALE-002906,SHOP-021,CUST-0432,2026-08-17T10:00:00+05:30,upi,230.00,0.00,35.08,230.00,completed,2026-08-17T10:00:00+05:30
SALE-002907,SHOP-023,CUST-0464,2026-08-17T18:10:00+05:30,upi,240.00,0.00,20.40,240.00,completed,2026-08-17T18:10:00+05:30
SALE-002908,SHOP-023,CUST-0470,2026-08-17T16:20:00+05:30,upi,130.00,0.00,6.19,130.00,completed,2026-08-17T16:20:00+05:30
SALE-002909,SHOP-024,CUST-0492,2026-08-17T10:50:00+05:30,upi,83.00,0.00,1.81,83.00,completed,2026-08-17T10:50:00+05:30
SALE-002910,SHOP-025,CUST-0512,2026-08-17T19:20:00+05:30,upi,95.00,0.00,14.49,95.00,completed,2026-08-17T19:20:00+05:30
SALE-002911,SHOP-026,CUST-0525,2026-08-17T20:20:00+05:30,cash,50.00,0.00,0.00,50.00,completed,2026-08-17T20:20:00+05:30
SALE-002912,SHOP-026,,2026-08-17T13:00:00+05:30,cash,190.00,0.00,9.05,190.00,completed,2026-08-17T13:00:00+05:30
SALE-002913,SHOP-026,CUST-0527,2026-08-17T18:30:00+05:30,cash,215.00,0.00,10.24,215.00,completed,2026-08-17T18:30:00+05:30
SALE-002914,SHOP-027,CUST-0550,2026-08-17T08:30:00+05:30,upi,59.00,0.00,8.77,59.00,completed,2026-08-17T08:30:00+05:30
SALE-002915,SHOP-028,CUST-0573,2026-08-17T15:30:00+05:30,cash,40.00,0.00,0.00,40.00,completed,2026-08-17T15:30:00+05:30
SALE-002916,SHOP-028,CUST-0587,2026-08-17T10:50:00+05:30,cash,70.00,0.00,0.00,70.00,completed,2026-08-17T10:50:00+05:30
SALE-002917,SHOP-028,,2026-08-17T20:40:00+05:30,cash,32.00,0.00,3.43,32.00,completed,2026-08-17T20:40:00+05:30
SALE-002918,SHOP-030,CUST-0625,2026-08-17T18:40:00+05:30,credit,186.00,0.00,8.86,186.00,completed,2026-08-17T18:40:00+05:30
SALE-002919,SHOP-032,CUST-0666,2026-08-17T19:00:00+05:30,cash,470.00,0.00,71.01,470.00,completed,2026-08-17T19:00:00+05:30
SALE-002920,SHOP-033,CUST-0684,2026-08-17T13:10:00+05:30,upi,270.00,0.00,37.10,270.00,completed,2026-08-17T13:10:00+05:30
SALE-002921,SHOP-033,,2026-08-17T12:00:00+05:30,upi,243.00,0.00,27.46,243.00,completed,2026-08-17T12:00:00+05:30
SALE-002922,SHOP-034,CUST-0692,2026-08-17T12:00:00+05:30,upi,15.00,0.00,1.61,15.00,completed,2026-08-17T12:00:00+05:30
SALE-002923,SHOP-035,CUST-0714,2026-08-17T13:10:00+05:30,credit,298.00,0.00,45.46,298.00,completed,2026-08-17T13:10:00+05:30
SALE-002924,SHOP-036,CUST-0729,2026-08-17T08:40:00+05:30,cash,2750.00,0.00,136.20,2750.00,completed,2026-08-17T08:40:00+05:30
SALE-002925,SHOP-036,CUST-0743,2026-08-17T11:30:00+05:30,upi,2660.00,79.80,125.41,2580.20,completed,2026-08-17T11:30:00+05:30
SALE-002926,SHOP-036,CUST-0742,2026-08-17T18:10:00+05:30,upi,113.00,0.00,13.25,113.00,completed,2026-08-17T18:10:00+05:30
SALE-002927,SHOP-037,CUST-0752,2026-08-17T17:50:00+05:30,credit,300.00,0.00,45.76,300.00,completed,2026-08-17T17:50:00+05:30
SALE-002928,SHOP-038,CUST-0785,2026-08-17T19:00:00+05:30,upi,375.00,0.00,36.43,375.00,completed,2026-08-17T19:00:00+05:30
SALE-002929,SHOP-038,,2026-08-17T10:50:00+05:30,upi,161.00,0.00,2.86,161.00,completed,2026-08-17T10:50:00+05:30
SALE-002930,SHOP-039,,2026-08-17T19:30:00+05:30,upi,470.00,0.00,25.53,470.00,completed,2026-08-17T19:30:00+05:30
SALE-002931,SHOP-040,CUST-0835,2026-08-17T20:50:00+05:30,upi,42.00,0.00,6.41,42.00,completed,2026-08-17T20:50:00+05:30
SALE-002932,SHOP-040,CUST-0822,2026-08-17T10:40:00+05:30,upi,272.00,0.00,41.49,272.00,completed,2026-08-17T10:40:00+05:30
SALE-002933,SHOP-040,CUST-0823,2026-08-17T17:00:00+05:30,cash,96.00,0.00,14.64,96.00,completed,2026-08-17T17:00:00+05:30
SALE-002934,SHOP-041,CUST-0843,2026-08-17T09:20:00+05:30,upi,199.00,0.00,30.36,199.00,completed,2026-08-17T09:20:00+05:30
SALE-002935,SHOP-043,CUST-0885,2026-08-17T20:40:00+05:30,cash,70.00,0.00,8.63,70.00,completed,2026-08-17T20:40:00+05:30
SALE-002936,SHOP-043,CUST-0875,2026-08-17T17:00:00+05:30,upi,96.00,0.00,2.19,96.00,completed,2026-08-17T17:00:00+05:30
SALE-002937,SHOP-044,CUST-0908,2026-08-17T10:40:00+05:30,credit,90.00,0.00,0.00,90.00,completed,2026-08-17T10:40:00+05:30
SALE-002938,SHOP-045,CUST-0929,2026-08-17T08:40:00+05:30,upi,410.00,0.00,0.00,410.00,completed,2026-08-17T08:40:00+05:30
SALE-002939,SHOP-045,CUST-0912,2026-08-17T18:20:00+05:30,credit,2990.00,0.00,142.38,2990.00,completed,2026-08-17T18:20:00+05:30
SALE-002940,SHOP-046,CUST-0948,2026-08-17T08:00:00+05:30,upi,720.00,0.00,79.41,720.00,completed,2026-08-17T08:00:00+05:30
SALE-002941,SHOP-046,CUST-0954,2026-08-17T10:20:00+05:30,cash,50.00,0.00,5.36,50.00,completed,2026-08-17T10:20:00+05:30
SALE-002942,SHOP-047,,2026-08-17T14:00:00+05:30,cash,1792.00,0.00,273.36,1792.00,completed,2026-08-17T14:00:00+05:30
SALE-002943,SHOP-048,,2026-08-17T12:30:00+05:30,upi,80.00,0.00,12.20,80.00,completed,2026-08-17T12:30:00+05:30
SALE-002944,SHOP-050,CUST-1028,2026-08-17T11:20:00+05:30,upi,245.00,0.00,14.35,245.00,completed,2026-08-17T11:20:00+05:30
SALE-002945,SHOP-050,CUST-1016,2026-08-17T15:20:00+05:30,cash,4146.00,207.30,187.56,3938.70,completed,2026-08-17T15:20:00+05:30
SALE-002946,SHOP-001,,2026-08-18T14:30:00+05:30,upi,210.00,0.00,10.00,210.00,completed,2026-08-18T14:30:00+05:30
SALE-002947,SHOP-001,,2026-08-18T16:40:00+05:30,upi,163.00,0.00,17.24,163.00,completed,2026-08-18T16:40:00+05:30
SALE-002948,SHOP-002,CUST-0030,2026-08-18T12:40:00+05:30,upi,820.00,0.00,125.08,820.00,completed,2026-08-18T12:40:00+05:30
SALE-002949,SHOP-002,CUST-0035,2026-08-18T19:00:00+05:30,credit,1820.00,91.00,263.75,1729.00,completed,2026-08-18T19:00:00+05:30
SALE-002950,SHOP-003,,2026-08-18T12:10:00+05:30,cash,54.00,0.00,6.88,54.00,completed,2026-08-18T12:10:00+05:30
SALE-002951,SHOP-004,CUST-0068,2026-08-18T14:00:00+05:30,cash,304.00,0.00,19.35,304.00,completed,2026-08-18T14:00:00+05:30
SALE-002952,SHOP-005,CUST-0088,2026-08-18T09:50:00+05:30,cash,1043.00,0.00,159.10,1043.00,completed,2026-08-18T09:50:00+05:30
SALE-002953,SHOP-006,CUST-0117,2026-08-18T19:10:00+05:30,cash,130.00,0.00,6.19,130.00,completed,2026-08-18T19:10:00+05:30
SALE-002954,SHOP-008,CUST-0151,2026-08-18T10:20:00+05:30,upi,160.00,0.00,24.41,160.00,completed,2026-08-18T10:20:00+05:30
SALE-002955,SHOP-011,CUST-0232,2026-08-18T19:00:00+05:30,cash,60.00,0.00,7.79,60.00,completed,2026-08-18T19:00:00+05:30
SALE-002956,SHOP-011,CUST-0206,2026-08-18T09:00:00+05:30,upi,141.00,0.00,16.68,141.00,completed,2026-08-18T09:00:00+05:30
SALE-002957,SHOP-012,CUST-0237,2026-08-18T19:30:00+05:30,cash,165.00,0.00,4.52,165.00,completed,2026-08-18T19:30:00+05:30
SALE-002958,SHOP-013,CUST-0250,2026-08-18T09:20:00+05:30,credit,550.00,0.00,30.18,550.00,completed,2026-08-18T09:20:00+05:30
SALE-002959,SHOP-013,,2026-08-18T12:50:00+05:30,upi,1875.00,0.00,97.15,1875.00,completed,2026-08-18T12:50:00+05:30
SALE-002960,SHOP-014,CUST-0285,2026-08-18T13:20:00+05:30,upi,60.00,0.00,9.15,60.00,completed,2026-08-18T13:20:00+05:30
SALE-002961,SHOP-014,,2026-08-18T13:50:00+05:30,cash,280.00,0.00,42.71,280.00,completed,2026-08-18T13:50:00+05:30
SALE-002962,SHOP-017,CUST-0331,2026-08-18T18:10:00+05:30,cash,212.00,0.00,28.98,212.00,completed,2026-08-18T18:10:00+05:30
SALE-002963,SHOP-017,CUST-0324,2026-08-18T14:10:00+05:30,cash,258.00,0.00,21.73,258.00,completed,2026-08-18T14:10:00+05:30
SALE-002964,SHOP-017,CUST-0341,2026-08-18T20:30:00+05:30,credit,244.00,0.00,16.87,244.00,completed,2026-08-18T20:30:00+05:30
SALE-002965,SHOP-017,CUST-0324,2026-08-18T11:10:00+05:30,cash,75.00,0.00,11.44,75.00,returned,2026-08-18T11:10:00+05:30
SALE-002966,SHOP-018,CUST-0353,2026-08-18T13:30:00+05:30,credit,126.00,0.00,4.67,126.00,completed,2026-08-18T13:30:00+05:30
SALE-002967,SHOP-018,,2026-08-18T08:50:00+05:30,card,225.00,0.00,12.86,225.00,completed,2026-08-18T08:50:00+05:30
SALE-002968,SHOP-019,,2026-08-18T10:20:00+05:30,cash,219.00,0.00,33.41,219.00,completed,2026-08-18T10:20:00+05:30
SALE-002969,SHOP-019,CUST-0381,2026-08-18T14:40:00+05:30,credit,820.00,16.40,175.79,803.60,completed,2026-08-18T14:40:00+05:30
SALE-002970,SHOP-020,CUST-0405,2026-08-18T08:10:00+05:30,credit,50.00,0.00,3.27,50.00,completed,2026-08-18T08:10:00+05:30
SALE-002971,SHOP-020,CUST-0401,2026-08-18T20:00:00+05:30,credit,105.00,0.00,16.02,105.00,completed,2026-08-18T20:00:00+05:30
SALE-002972,SHOP-021,CUST-0438,2026-08-18T11:00:00+05:30,cash,170.00,0.00,21.39,170.00,completed,2026-08-18T11:00:00+05:30
SALE-002973,SHOP-023,,2026-08-18T18:10:00+05:30,cash,90.00,0.00,13.73,90.00,completed,2026-08-18T18:10:00+05:30
SALE-002974,SHOP-023,CUST-0480,2026-08-18T14:00:00+05:30,upi,175.00,0.00,21.97,175.00,completed,2026-08-18T14:00:00+05:30
SALE-002975,SHOP-023,CUST-0475,2026-08-18T14:50:00+05:30,upi,438.00,0.00,20.86,438.00,completed,2026-08-18T14:50:00+05:30
SALE-002976,SHOP-025,,2026-08-18T08:50:00+05:30,upi,804.00,16.08,120.19,787.92,completed,2026-08-18T08:50:00+05:30
SALE-002977,SHOP-025,CUST-0519,2026-08-18T09:50:00+05:30,cash,780.00,15.60,116.60,764.40,completed,2026-08-18T09:50:00+05:30
SALE-002978,SHOP-026,CUST-0535,2026-08-18T15:30:00+05:30,upi,378.00,0.00,24.67,378.00,completed,2026-08-18T15:30:00+05:30
SALE-002979,SHOP-026,CUST-0543,2026-08-18T10:40:00+05:30,credit,455.00,0.00,19.29,455.00,completed,2026-08-18T10:40:00+05:30
SALE-002980,SHOP-028,CUST-0575,2026-08-18T15:50:00+05:30,cash,60.00,0.00,6.43,60.00,completed,2026-08-18T15:50:00+05:30
SALE-002981,SHOP-028,CUST-0588,2026-08-18T10:40:00+05:30,credit,540.00,0.00,33.01,540.00,completed,2026-08-18T10:40:00+05:30
SALE-002982,SHOP-029,CUST-0605,2026-08-18T11:50:00+05:30,credit,447.00,0.00,68.19,447.00,completed,2026-08-18T11:50:00+05:30
SALE-002983,SHOP-030,,2026-08-18T11:10:00+05:30,upi,592.00,0.00,29.38,592.00,completed,2026-08-18T11:10:00+05:30
SALE-002984,SHOP-030,,2026-08-18T20:40:00+05:30,cash,100.00,0.00,7.91,100.00,completed,2026-08-18T20:40:00+05:30
SALE-002985,SHOP-032,CUST-0656,2026-08-18T19:50:00+05:30,cash,405.00,0.00,16.30,405.00,completed,2026-08-18T19:50:00+05:30
SALE-002986,SHOP-032,,2026-08-18T09:40:00+05:30,upi,1300.00,0.00,61.90,1300.00,completed,2026-08-18T09:40:00+05:30
SALE-002987,SHOP-033,,2026-08-18T17:00:00+05:30,upi,555.00,0.00,54.76,555.00,completed,2026-08-18T17:00:00+05:30
SALE-002988,SHOP-033,CUST-0677,2026-08-18T18:00:00+05:30,credit,1258.00,0.00,115.00,1258.00,completed,2026-08-18T18:00:00+05:30
SALE-002989,SHOP-033,,2026-08-18T12:50:00+05:30,upi,296.00,0.00,45.15,296.00,completed,2026-08-18T12:50:00+05:30
SALE-002990,SHOP-034,CUST-0696,2026-08-18T15:30:00+05:30,cash,60.00,0.00,9.15,60.00,completed,2026-08-18T15:30:00+05:30
SALE-002991,SHOP-035,,2026-08-18T11:10:00+05:30,cash,2398.00,0.00,365.80,2398.00,completed,2026-08-18T11:10:00+05:30
SALE-002992,SHOP-035,CUST-0713,2026-08-18T19:10:00+05:30,upi,99.00,0.00,15.10,99.00,completed,2026-08-18T19:10:00+05:30
SALE-002993,SHOP-035,CUST-0715,2026-08-18T08:50:00+05:30,upi,2497.00,0.00,380.90,2497.00,completed,2026-08-18T08:50:00+05:30
SALE-002994,SHOP-036,CUST-0736,2026-08-18T08:40:00+05:30,cash,294.00,0.00,44.85,294.00,completed,2026-08-18T08:40:00+05:30
SALE-002995,SHOP-037,CUST-0770,2026-08-18T19:00:00+05:30,cash,180.00,0.00,27.46,180.00,completed,2026-08-18T19:00:00+05:30
SALE-002996,SHOP-037,,2026-08-18T20:30:00+05:30,cash,20.00,0.00,3.05,20.00,completed,2026-08-18T20:30:00+05:30
SALE-002997,SHOP-038,CUST-0775,2026-08-18T16:30:00+05:30,cash,325.00,0.00,31.07,325.00,completed,2026-08-18T16:30:00+05:30
SALE-002998,SHOP-043,CUST-0872,2026-08-18T16:30:00+05:30,cash,205.00,0.00,10.65,205.00,completed,2026-08-18T16:30:00+05:30
SALE-002999,SHOP-048,CUST-0972,2026-08-18T09:10:00+05:30,cash,76.00,0.00,11.59,76.00,completed,2026-08-18T09:10:00+05:30
SALE-003000,SHOP-049,,2026-08-18T08:10:00+05:30,cash,28.00,0.00,0.00,28.00,completed,2026-08-18T08:10:00+05:30
SALE-003001,SHOP-050,CUST-1020,2026-08-18T13:50:00+05:30,card,70.00,0.00,3.33,70.00,completed,2026-08-18T13:50:00+05:30
SALE-003002,SHOP-050,CUST-1010,2026-08-18T09:20:00+05:30,cash,180.00,0.00,11.72,180.00,completed,2026-08-18T09:20:00+05:30
SALE-003003,SHOP-001,,2026-08-19T15:10:00+05:30,upi,190.00,0.00,9.05,190.00,completed,2026-08-19T15:10:00+05:30
SALE-003004,SHOP-001,CUST-0023,2026-08-19T08:20:00+05:30,upi,55.00,0.00,7.03,55.00,completed,2026-08-19T08:20:00+05:30
SALE-003005,SHOP-002,CUST-0030,2026-08-19T14:30:00+05:30,upi,1990.00,0.00,357.85,1990.00,returned,2026-08-19T14:30:00+05:30
SALE-003006,SHOP-002,CUST-0028,2026-08-19T16:40:00+05:30,credit,780.00,0.00,118.98,780.00,completed,2026-08-19T16:40:00+05:30
SALE-003007,SHOP-004,CUST-0069,2026-08-19T14:00:00+05:30,upi,325.00,0.00,31.07,325.00,completed,2026-08-19T14:00:00+05:30
SALE-003008,SHOP-006,,2026-08-19T08:40:00+05:30,cash,765.00,15.30,40.84,749.70,completed,2026-08-19T08:40:00+05:30
SALE-003009,SHOP-006,CUST-0122,2026-08-19T18:30:00+05:30,upi,45.00,0.00,4.82,45.00,completed,2026-08-19T18:30:00+05:30
SALE-003010,SHOP-007,CUST-0142,2026-08-19T08:30:00+05:30,upi,88.00,0.00,9.44,88.00,completed,2026-08-19T08:30:00+05:30
SALE-003011,SHOP-007,CUST-0138,2026-08-19T13:00:00+05:30,upi,285.00,0.00,23.58,285.00,completed,2026-08-19T13:00:00+05:30
SALE-003012,SHOP-008,CUST-0166,2026-08-19T14:20:00+05:30,card,470.00,0.00,98.84,470.00,completed,2026-08-19T14:20:00+05:30
SALE-003013,SHOP-009,,2026-08-19T09:30:00+05:30,cash,250.00,0.00,38.14,250.00,completed,2026-08-19T09:30:00+05:30
SALE-003014,SHOP-009,CUST-0171,2026-08-19T16:00:00+05:30,credit,235.00,0.00,29.04,235.00,completed,2026-08-19T16:00:00+05:30
SALE-003015,SHOP-010,,2026-08-19T09:30:00+05:30,cash,2598.00,51.96,388.38,2546.04,returned,2026-08-19T09:30:00+05:30
SALE-003016,SHOP-011,,2026-08-19T12:10:00+05:30,card,580.00,0.00,27.62,580.00,completed,2026-08-19T12:10:00+05:30
SALE-003017,SHOP-012,,2026-08-19T18:10:00+05:30,cash,120.00,0.00,12.86,120.00,completed,2026-08-19T18:10:00+05:30
SALE-003018,SHOP-014,CUST-0279,2026-08-19T11:20:00+05:30,upi,4440.00,0.00,731.58,4440.00,completed,2026-08-19T11:20:00+05:30
SALE-003019,SHOP-014,,2026-08-19T10:30:00+05:30,cash,480.00,0.00,73.22,480.00,completed,2026-08-19T10:30:00+05:30
SALE-003020,SHOP-015,CUST-0306,2026-08-19T09:30:00+05:30,cash,372.00,0.00,41.22,372.00,completed,2026-08-19T09:30:00+05:30
SALE-003021,SHOP-016,CUST-0319,2026-08-19T14:20:00+05:30,upi,1795.00,0.00,273.81,1795.00,completed,2026-08-19T14:20:00+05:30
SALE-003022,SHOP-017,CUST-0348,2026-08-19T10:50:00+05:30,cash,312.00,0.00,25.35,312.00,completed,2026-08-19T10:50:00+05:30
SALE-003023,SHOP-018,CUST-0356,2026-08-19T08:10:00+05:30,upi,180.00,0.00,19.29,180.00,completed,2026-08-19T08:10:00+05:30
SALE-003024,SHOP-018,,2026-08-19T12:30:00+05:30,upi,20.00,0.00,0.95,20.00,completed,2026-08-19T12:30:00+05:30
SALE-003025,SHOP-019,,2026-08-19T12:20:00+05:30,upi,2180.00,0.00,332.54,2180.00,completed,2026-08-19T12:20:00+05:30
SALE-003026,SHOP-020,CUST-0403,2026-08-19T18:20:00+05:30,credit,50.00,0.00,7.63,50.00,completed,2026-08-19T18:20:00+05:30
SALE-003027,SHOP-021,,2026-08-19T08:40:00+05:30,cash,240.00,0.00,29.80,240.00,completed,2026-08-19T08:40:00+05:30
SALE-003028,SHOP-022,CUST-0455,2026-08-19T17:00:00+05:30,upi,3896.00,0.00,594.31,3896.00,completed,2026-08-19T17:00:00+05:30
SALE-003029,SHOP-023,CUST-0470,2026-08-19T09:20:00+05:30,cash,105.00,0.00,16.02,105.00,completed,2026-08-19T09:20:00+05:30
SALE-003030,SHOP-023,CUST-0465,2026-08-19T16:40:00+05:30,upi,70.00,0.00,3.33,70.00,completed,2026-08-19T16:40:00+05:30
SALE-003031,SHOP-024,,2026-08-19T10:50:00+05:30,upi,170.00,0.00,0.00,170.00,completed,2026-08-19T10:50:00+05:30
SALE-003032,SHOP-025,CUST-0504,2026-08-19T08:50:00+05:30,upi,1995.00,0.00,304.32,1995.00,completed,2026-08-19T08:50:00+05:30
SALE-003033,SHOP-026,CUST-0548,2026-08-19T17:00:00+05:30,card,76.00,0.00,3.62,76.00,completed,2026-08-19T17:00:00+05:30
SALE-003034,SHOP-026,CUST-0528,2026-08-19T13:10:00+05:30,credit,205.00,0.00,10.65,205.00,completed,2026-08-19T13:10:00+05:30
SALE-003035,SHOP-026,CUST-0537,2026-08-19T20:00:00+05:30,upi,365.00,0.00,32.59,365.00,completed,2026-08-19T20:00:00+05:30
SALE-003036,SHOP-027,,2026-08-19T11:20:00+05:30,upi,886.00,0.00,96.56,886.00,completed,2026-08-19T11:20:00+05:30
SALE-003037,SHOP-027,,2026-08-19T18:50:00+05:30,cash,120.00,0.00,12.86,120.00,completed,2026-08-19T18:50:00+05:30
SALE-003038,SHOP-028,CUST-0576,2026-08-19T10:20:00+05:30,upi,206.00,0.00,0.00,206.00,completed,2026-08-19T10:20:00+05:30
SALE-003039,SHOP-030,,2026-08-19T14:30:00+05:30,cash,32.00,0.00,1.52,32.00,completed,2026-08-19T14:30:00+05:30
SALE-003040,SHOP-032,CUST-0665,2026-08-19T12:00:00+05:30,credit,1340.00,0.00,83.74,1340.00,completed,2026-08-19T12:00:00+05:30
SALE-003041,SHOP-032,,2026-08-19T17:20:00+05:30,cash,330.00,0.00,50.34,330.00,completed,2026-08-19T17:20:00+05:30
SALE-003042,SHOP-033,CUST-0675,2026-08-19T20:30:00+05:30,cash,878.00,0.00,74.85,878.00,completed,2026-08-19T20:30:00+05:30
SALE-003043,SHOP-034,,2026-08-19T16:10:00+05:30,cash,910.00,0.00,97.50,910.00,completed,2026-08-19T16:10:00+05:30
SALE-003044,SHOP-035,,2026-08-19T15:30:00+05:30,upi,3996.00,0.00,609.56,3996.00,completed,2026-08-19T15:30:00+05:30
SALE-003045,SHOP-035,CUST-0713,2026-08-19T15:00:00+05:30,upi,299.00,0.00,45.61,299.00,completed,2026-08-19T15:00:00+05:30
SALE-003046,SHOP-035,CUST-0708,2026-08-19T16:50:00+05:30,upi,3897.00,0.00,594.46,3897.00,completed,2026-08-19T16:50:00+05:30
SALE-003047,SHOP-036,,2026-08-19T20:20:00+05:30,cash,785.00,0.00,39.76,785.00,completed,2026-08-19T20:20:00+05:30
SALE-003048,SHOP-036,CUST-0733,2026-08-19T20:40:00+05:30,upi,46.00,0.00,2.19,46.00,completed,2026-08-19T20:40:00+05:30
SALE-003049,SHOP-037,CUST-0757,2026-08-19T17:20:00+05:30,upi,350.00,0.00,53.39,350.00,completed,2026-08-19T17:20:00+05:30
SALE-003050,SHOP-037,CUST-0760,2026-08-19T18:50:00+05:30,credit,950.00,0.00,144.92,950.00,completed,2026-08-19T18:50:00+05:30
SALE-003051,SHOP-037,,2026-08-19T20:50:00+05:30,upi,820.00,0.00,179.38,820.00,completed,2026-08-19T20:50:00+05:30
SALE-003052,SHOP-038,CUST-0788,2026-08-19T10:40:00+05:30,upi,40.00,0.00,0.00,40.00,completed,2026-08-19T10:40:00+05:30
SALE-003053,SHOP-039,,2026-08-19T11:40:00+05:30,upi,4056.00,0.00,193.14,4056.00,completed,2026-08-19T11:40:00+05:30
SALE-003054,SHOP-039,CUST-0798,2026-08-19T20:20:00+05:30,cash,38.00,0.00,5.80,38.00,completed,2026-08-19T20:20:00+05:30
SALE-003055,SHOP-041,CUST-0851,2026-08-19T18:10:00+05:30,upi,1569.00,0.00,239.34,1569.00,completed,2026-08-19T18:10:00+05:30
SALE-003056,SHOP-042,CUST-0863,2026-08-19T14:00:00+05:30,cash,340.00,0.00,51.86,340.00,completed,2026-08-19T14:00:00+05:30
SALE-003057,SHOP-044,,2026-08-19T09:20:00+05:30,upi,60.00,0.00,2.86,60.00,completed,2026-08-19T09:20:00+05:30
SALE-003058,SHOP-044,CUST-0898,2026-08-19T20:50:00+05:30,credit,50.00,0.00,0.00,50.00,completed,2026-08-19T20:50:00+05:30
SALE-003059,SHOP-045,CUST-0929,2026-08-19T12:30:00+05:30,credit,495.00,0.00,24.46,495.00,completed,2026-08-19T12:30:00+05:30
SALE-003060,SHOP-045,CUST-0932,2026-08-19T15:00:00+05:30,card,877.00,0.00,32.00,877.00,completed,2026-08-19T15:00:00+05:30
SALE-003061,SHOP-046,CUST-0956,2026-08-19T10:10:00+05:30,cash,24.00,0.00,3.66,24.00,completed,2026-08-19T10:10:00+05:30
SALE-003062,SHOP-046,,2026-08-19T08:40:00+05:30,card,25.00,0.00,3.81,25.00,completed,2026-08-19T08:40:00+05:30
SALE-003063,SHOP-049,,2026-08-19T16:10:00+05:30,upi,30.00,0.00,1.43,30.00,completed,2026-08-19T16:10:00+05:30
SALE-003064,SHOP-049,,2026-08-19T15:00:00+05:30,cash,100.00,0.00,0.00,100.00,completed,2026-08-19T15:00:00+05:30
SALE-003065,SHOP-050,,2026-08-19T09:10:00+05:30,cash,454.00,0.00,21.62,454.00,completed,2026-08-19T09:10:00+05:30
SALE-003066,SHOP-050,CUST-1034,2026-08-19T12:10:00+05:30,credit,150.00,0.00,15.25,150.00,completed,2026-08-19T12:10:00+05:30
SALE-003067,SHOP-050,CUST-1007,2026-08-19T19:50:00+05:30,cash,20.00,0.00,2.14,20.00,completed,2026-08-19T19:50:00+05:30
SALE-003068,SHOP-002,CUST-0032,2026-08-20T10:00:00+05:30,upi,1759.00,0.00,322.61,1759.00,completed,2026-08-20T10:00:00+05:30
SALE-003069,SHOP-003,CUST-0064,2026-08-20T18:50:00+05:30,credit,55.00,0.00,7.85,55.00,completed,2026-08-20T18:50:00+05:30
SALE-003070,SHOP-004,CUST-0079,2026-08-20T14:40:00+05:30,upi,15.00,0.00,0.00,15.00,completed,2026-08-20T14:40:00+05:30
SALE-003071,SHOP-006,,2026-08-20T13:30:00+05:30,upi,1376.00,0.00,69.51,1376.00,completed,2026-08-20T13:30:00+05:30
SALE-003072,SHOP-006,CUST-0106,2026-08-20T12:40:00+05:30,cash,38.00,0.00,1.81,38.00,completed,2026-08-20T12:40:00+05:30
SALE-003073,SHOP-007,CUST-0128,2026-08-20T15:50:00+05:30,credit,851.00,0.00,75.86,851.00,completed,2026-08-20T15:50:00+05:30
SALE-003074,SHOP-007,CUST-0144,2026-08-20T12:40:00+05:30,card,28.00,0.00,0.00,28.00,completed,2026-08-20T12:40:00+05:30
SALE-003075,SHOP-007,CUST-0138,2026-08-20T09:30:00+05:30,upi,45.00,0.00,0.00,45.00,completed,2026-08-20T09:30:00+05:30
SALE-003076,SHOP-008,,2026-08-20T11:50:00+05:30,cash,1970.00,0.00,327.65,1970.00,completed,2026-08-20T11:50:00+05:30
SALE-003077,SHOP-009,CUST-0171,2026-08-20T13:30:00+05:30,credit,219.00,0.00,24.01,219.00,completed,2026-08-20T13:30:00+05:30
SALE-003078,SHOP-010,CUST-0199,2026-08-20T13:20:00+05:30,credit,1609.00,0.00,245.44,1609.00,completed,2026-08-20T13:20:00+05:30
SALE-003079,SHOP-011,CUST-0209,2026-08-20T20:50:00+05:30,upi,45.00,0.00,2.14,45.00,completed,2026-08-20T20:50:00+05:30
SALE-003080,SHOP-011,,2026-08-20T08:10:00+05:30,cash,261.00,0.00,15.40,261.00,completed,2026-08-20T08:10:00+05:30
SALE-003081,SHOP-011,CUST-0227,2026-08-20T10:00:00+05:30,cash,725.00,0.00,34.52,725.00,completed,2026-08-20T10:00:00+05:30
SALE-003082,SHOP-012,,2026-08-20T17:20:00+05:30,card,490.00,0.00,68.64,490.00,completed,2026-08-20T17:20:00+05:30
SALE-003083,SHOP-013,,2026-08-20T20:10:00+05:30,upi,490.00,0.00,28.58,490.00,returned,2026-08-20T20:10:00+05:30
SALE-003084,SHOP-013,CUST-0265,2026-08-20T20:00:00+05:30,cash,440.00,0.00,20.95,440.00,completed,2026-08-20T20:00:00+05:30
SALE-003085,SHOP-013,CUST-0259,2026-08-20T12:40:00+05:30,credit,433.00,0.00,25.50,433.00,completed,2026-08-20T12:40:00+05:30
SALE-003086,SHOP-015,CUST-0303,2026-08-20T19:00:00+05:30,cash,20.00,0.00,3.05,20.00,completed,2026-08-20T19:00:00+05:30
SALE-003087,SHOP-016,CUST-0322,2026-08-20T13:20:00+05:30,upi,199.00,0.00,30.36,199.00,completed,2026-08-20T13:20:00+05:30
SALE-003088,SHOP-017,,2026-08-20T19:40:00+05:30,cash,1661.00,0.00,107.42,1661.00,completed,2026-08-20T19:40:00+05:30
SALE-003089,SHOP-017,CUST-0333,2026-08-20T19:50:00+05:30,upi,176.00,0.00,8.38,176.00,completed,2026-08-20T19:50:00+05:30
SALE-003090,SHOP-019,CUST-0377,2026-08-20T12:50:00+05:30,upi,1685.00,0.00,257.03,1685.00,completed,2026-08-20T12:50:00+05:30
SALE-003091,SHOP-020,,2026-08-20T10:00:00+05:30,upi,70.00,0.00,3.33,70.00,completed,2026-08-20T10:00:00+05:30
SALE-003092,SHOP-020,CUST-0423,2026-08-20T18:00:00+05:30,upi,415.00,0.00,3.81,415.00,completed,2026-08-20T18:00:00+05:30
SALE-003093,SHOP-021,,2026-08-20T14:20:00+05:30,upi,100.00,0.00,10.71,100.00,completed,2026-08-20T14:20:00+05:30
SALE-003094,SHOP-022,,2026-08-20T20:10:00+05:30,upi,298.00,0.00,45.46,298.00,completed,2026-08-20T20:10:00+05:30
SALE-003095,SHOP-023,CUST-0469,2026-08-20T17:50:00+05:30,credit,290.00,0.00,33.74,290.00,completed,2026-08-20T17:50:00+05:30
SALE-003096,SHOP-023,CUST-0466,2026-08-20T17:50:00+05:30,credit,170.00,0.00,13.34,170.00,completed,2026-08-20T17:50:00+05:30
SALE-003097,SHOP-026,CUST-0542,2026-08-20T13:50:00+05:30,upi,215.00,0.00,14.58,215.00,completed,2026-08-20T13:50:00+05:30
SALE-003098,SHOP-026,CUST-0547,2026-08-20T13:50:00+05:30,credit,160.00,0.00,24.41,160.00,completed,2026-08-20T13:50:00+05:30
SALE-003099,SHOP-027,CUST-0557,2026-08-20T16:00:00+05:30,cash,352.00,0.00,48.34,352.00,completed,2026-08-20T16:00:00+05:30
SALE-003100,SHOP-027,,2026-08-20T15:10:00+05:30,cash,60.00,0.00,9.15,60.00,completed,2026-08-20T15:10:00+05:30
SALE-003101,SHOP-028,,2026-08-20T15:40:00+05:30,cash,84.00,0.00,0.00,84.00,completed,2026-08-20T15:40:00+05:30
SALE-003102,SHOP-030,CUST-0621,2026-08-20T09:10:00+05:30,credit,120.00,0.00,5.71,120.00,completed,2026-08-20T09:10:00+05:30
SALE-003103,SHOP-030,CUST-0613,2026-08-20T10:00:00+05:30,cash,440.00,0.00,20.95,440.00,completed,2026-08-20T10:00:00+05:30
SALE-003104,SHOP-031,CUST-0643,2026-08-20T10:30:00+05:30,card,1015.00,50.75,172.88,964.25,completed,2026-08-20T10:30:00+05:30
SALE-003105,SHOP-032,CUST-0665,2026-08-20T18:40:00+05:30,credit,106.00,0.00,6.83,106.00,completed,2026-08-20T18:40:00+05:30
SALE-003106,SHOP-032,CUST-0669,2026-08-20T17:40:00+05:30,upi,1045.00,0.00,49.76,1045.00,completed,2026-08-20T17:40:00+05:30
SALE-003107,SHOP-033,,2026-08-20T08:30:00+05:30,upi,76.00,0.00,3.62,76.00,completed,2026-08-20T08:30:00+05:30
SALE-003108,SHOP-033,CUST-0673,2026-08-20T10:30:00+05:30,credit,193.00,0.00,0.00,193.00,completed,2026-08-20T10:30:00+05:30
SALE-003109,SHOP-034,CUST-0701,2026-08-20T10:10:00+05:30,upi,50.00,0.00,6.27,50.00,completed,2026-08-20T10:10:00+05:30
SALE-003110,SHOP-035,CUST-0708,2026-08-20T18:30:00+05:30,upi,2318.00,0.00,353.59,2318.00,completed,2026-08-20T18:30:00+05:30
SALE-003111,SHOP-036,CUST-0726,2026-08-20T20:00:00+05:30,upi,375.00,0.00,20.54,375.00,completed,2026-08-20T20:00:00+05:30
SALE-003112,SHOP-036,CUST-0740,2026-08-20T16:30:00+05:30,credit,453.00,0.00,34.48,453.00,completed,2026-08-20T16:30:00+05:30
SALE-003113,SHOP-037,,2026-08-20T09:20:00+05:30,upi,545.00,0.00,83.14,545.00,completed,2026-08-20T09:20:00+05:30
SALE-003114,SHOP-037,CUST-0767,2026-08-20T16:20:00+05:30,credit,4225.00,126.75,835.80,4098.25,completed,2026-08-20T16:20:00+05:30
SALE-003115,SHOP-039,CUST-0798,2026-08-20T12:20:00+05:30,cash,295.00,0.00,14.05,295.00,completed,2026-08-20T12:20:00+05:30
SALE-003116,SHOP-039,CUST-0802,2026-08-20T12:30:00+05:30,upi,895.00,0.00,52.06,895.00,completed,2026-08-20T12:30:00+05:30
SALE-003117,SHOP-039,CUST-0808,2026-08-20T15:10:00+05:30,upi,160.00,0.00,10.77,160.00,completed,2026-08-20T15:10:00+05:30
SALE-003118,SHOP-041,CUST-0846,2026-08-20T18:20:00+05:30,cash,1248.00,0.00,190.37,1248.00,completed,2026-08-20T18:20:00+05:30
SALE-003119,SHOP-042,CUST-0852,2026-08-20T08:00:00+05:30,upi,4949.00,0.00,782.08,4949.00,completed,2026-08-20T08:00:00+05:30
SALE-003120,SHOP-043,CUST-0887,2026-08-20T17:50:00+05:30,cash,40.00,0.00,4.29,40.00,completed,2026-08-20T17:50:00+05:30
SALE-003121,SHOP-044,CUST-0903,2026-08-20T15:30:00+05:30,cash,240.00,0.00,22.14,240.00,completed,2026-08-20T15:30:00+05:30
SALE-003122,SHOP-045,,2026-08-20T12:10:00+05:30,cash,210.00,0.00,6.43,210.00,completed,2026-08-20T12:10:00+05:30
SALE-003123,SHOP-046,CUST-0941,2026-08-20T17:30:00+05:30,cash,70.00,0.00,10.68,70.00,completed,2026-08-20T17:30:00+05:30
SALE-003124,SHOP-047,CUST-0957,2026-08-20T11:10:00+05:30,cash,2993.00,149.65,433.73,2843.35,completed,2026-08-20T11:10:00+05:30
SALE-003125,SHOP-049,CUST-0992,2026-08-20T13:00:00+05:30,cash,340.00,0.00,36.43,340.00,completed,2026-08-20T13:00:00+05:30
SALE-003126,SHOP-049,CUST-1005,2026-08-20T16:20:00+05:30,upi,163.00,0.00,0.00,163.00,completed,2026-08-20T16:20:00+05:30
SALE-003127,SHOP-049,CUST-0998,2026-08-20T12:00:00+05:30,upi,38.00,0.00,1.81,38.00,completed,2026-08-20T12:00:00+05:30
SALE-003128,SHOP-050,CUST-1025,2026-08-20T11:10:00+05:30,credit,68.00,0.00,6.39,68.00,completed,2026-08-20T11:10:00+05:30
SALE-003129,SHOP-050,CUST-1018,2026-08-20T17:30:00+05:30,cash,38.00,0.00,1.81,38.00,completed,2026-08-20T17:30:00+05:30
SALE-003130,SHOP-001,CUST-0009,2026-08-21T19:50:00+05:30,credit,270.00,0.00,41.19,270.00,completed,2026-08-21T19:50:00+05:30
SALE-003131,SHOP-001,CUST-0021,2026-08-21T15:00:00+05:30,upi,210.00,0.00,17.87,210.00,completed,2026-08-21T15:00:00+05:30
SALE-003132,SHOP-002,,2026-08-21T20:00:00+05:30,upi,198.00,0.00,30.20,198.00,completed,2026-08-21T20:00:00+05:30
SALE-003133,SHOP-004,,2026-08-21T18:30:00+05:30,upi,595.00,29.75,41.62,565.25,completed,2026-08-21T18:30:00+05:30
SALE-003134,SHOP-004,CUST-0067,2026-08-21T20:20:00+05:30,upi,88.00,0.00,6.43,88.00,completed,2026-08-21T20:20:00+05:30
SALE-003135,SHOP-005,,2026-08-21T17:00:00+05:30,cash,348.00,0.00,53.08,348.00,completed,2026-08-21T17:00:00+05:30
SALE-003136,SHOP-006,,2026-08-21T17:00:00+05:30,cash,75.00,0.00,11.44,75.00,completed,2026-08-21T17:00:00+05:30
SALE-003137,SHOP-006,,2026-08-21T10:20:00+05:30,cash,76.00,0.00,11.59,76.00,completed,2026-08-21T10:20:00+05:30
SALE-003138,SHOP-007,CUST-0144,2026-08-21T20:10:00+05:30,upi,15.00,0.00,0.00,15.00,completed,2026-08-21T20:10:00+05:30
SALE-003139,SHOP-007,CUST-0145,2026-08-21T09:40:00+05:30,upi,30.00,0.00,3.21,30.00,completed,2026-08-21T09:40:00+05:30
SALE-003140,SHOP-008,,2026-08-21T13:40:00+05:30,cash,4730.00,0.00,802.96,4730.00,completed,2026-08-21T13:40:00+05:30
SALE-003141,SHOP-008,,2026-08-21T18:20:00+05:30,upi,2987.00,0.00,455.64,2987.00,completed,2026-08-21T18:20:00+05:30
SALE-003142,SHOP-009,CUST-0177,2026-08-21T14:30:00+05:30,cash,175.00,0.00,22.15,175.00,completed,2026-08-21T14:30:00+05:30
SALE-003143,SHOP-010,CUST-0191,2026-08-21T10:30:00+05:30,cash,1448.00,0.00,220.88,1448.00,completed,2026-08-21T10:30:00+05:30
SALE-003144,SHOP-011,CUST-0230,2026-08-21T15:00:00+05:30,cash,30.00,0.00,3.21,30.00,completed,2026-08-21T15:00:00+05:30
SALE-003145,SHOP-012,,2026-08-21T18:10:00+05:30,upi,325.00,0.00,31.07,325.00,completed,2026-08-21T18:10:00+05:30
SALE-003146,SHOP-013,CUST-0266,2026-08-21T19:50:00+05:30,upi,182.00,0.00,18.11,182.00,completed,2026-08-21T19:50:00+05:30
SALE-003147,SHOP-013,,2026-08-21T12:00:00+05:30,cash,101.00,0.00,7.43,101.00,completed,2026-08-21T12:00:00+05:30
SALE-003148,SHOP-013,,2026-08-21T17:20:00+05:30,cash,76.00,0.00,11.59,76.00,completed,2026-08-21T17:20:00+05:30
SALE-003149,SHOP-014,,2026-08-21T11:10:00+05:30,cash,325.00,0.00,49.58,325.00,completed,2026-08-21T11:10:00+05:30
SALE-003150,SHOP-016,,2026-08-21T11:10:00+05:30,cash,1998.00,0.00,304.78,1998.00,completed,2026-08-21T11:10:00+05:30
SALE-003151,SHOP-017,CUST-0351,2026-08-21T13:00:00+05:30,credit,165.00,0.00,7.86,165.00,completed,2026-08-21T13:00:00+05:30
SALE-003152,SHOP-017,,2026-08-21T15:20:00+05:30,upi,65.00,0.00,9.23,65.00,returned,2026-08-21T15:20:00+05:30
SALE-003153,SHOP-017,CUST-0325,2026-08-21T20:20:00+05:30,cash,426.00,0.00,28.26,426.00,completed,2026-08-21T20:20:00+05:30
SALE-003154,SHOP-020,CUST-0402,2026-08-21T15:10:00+05:30,cash,660.00,13.20,34.54,646.80,completed,2026-08-21T15:10:00+05:30
SALE-003155,SHOP-020,CUST-0416,2026-08-21T13:20:00+05:30,upi,25.00,0.00,3.81,25.00,completed,2026-08-21T13:20:00+05:30
SALE-003156,SHOP-020,,2026-08-21T13:00:00+05:30,upi,495.00,0.00,23.57,495.00,completed,2026-08-21T13:00:00+05:30
SALE-003157,SHOP-021,CUST-0439,2026-08-21T17:30:00+05:30,upi,105.00,0.00,13.97,105.00,completed,2026-08-21T17:30:00+05:30
SALE-003158,SHOP-022,CUST-0459,2026-08-21T19:40:00+05:30,cash,598.00,0.00,91.22,598.00,completed,2026-08-21T19:40:00+05:30
SALE-003159,SHOP-025,,2026-08-21T15:30:00+05:30,cash,140.00,0.00,21.36,140.00,completed,2026-08-21T15:30:00+05:30
SALE-003160,SHOP-026,CUST-0524,2026-08-21T18:00:00+05:30,cash,75.00,0.00,11.44,75.00,completed,2026-08-21T18:00:00+05:30
SALE-003161,SHOP-026,,2026-08-21T12:30:00+05:30,upi,1725.00,0.00,124.64,1725.00,completed,2026-08-21T12:30:00+05:30
SALE-003162,SHOP-028,CUST-0593,2026-08-21T13:10:00+05:30,cash,175.00,0.00,6.43,175.00,completed,2026-08-21T13:10:00+05:30
SALE-003163,SHOP-028,,2026-08-21T18:50:00+05:30,upi,160.00,0.00,3.62,160.00,completed,2026-08-21T18:50:00+05:30
SALE-003164,SHOP-033,CUST-0686,2026-08-21T17:10:00+05:30,credit,60.00,0.00,6.43,60.00,completed,2026-08-21T17:10:00+05:30
SALE-003165,SHOP-034,,2026-08-21T19:20:00+05:30,upi,45.00,0.00,4.82,45.00,completed,2026-08-21T19:20:00+05:30
SALE-003166,SHOP-036,CUST-0728,2026-08-21T09:20:00+05:30,credit,632.00,0.00,32.72,632.00,completed,2026-08-21T09:20:00+05:30
SALE-003167,SHOP-036,CUST-0748,2026-08-21T12:30:00+05:30,credit,1180.00,0.00,56.19,1180.00,completed,2026-08-21T12:30:00+05:30
SALE-003168,SHOP-038,,2026-08-21T10:30:00+05:30,upi,70.00,0.00,8.58,70.00,completed,2026-08-21T10:30:00+05:30
SALE-003169,SHOP-039,CUST-0801,2026-08-21T20:40:00+05:30,cash,38.00,0.00,5.80,38.00,completed,2026-08-21T20:40:00+05:30
SALE-003170,SHOP-039,CUST-0790,2026-08-21T16:30:00+05:30,cash,435.00,0.00,13.21,435.00,completed,2026-08-21T16:30:00+05:30
SALE-003171,SHOP-040,,2026-08-21T18:30:00+05:30,upi,60.00,0.00,9.15,60.00,completed,2026-08-21T18:30:00+05:30
SALE-003172,SHOP-040,CUST-0837,2026-08-21T18:20:00+05:30,upi,282.00,0.00,40.66,282.00,completed,2026-08-21T18:20:00+05:30
SALE-003173,SHOP-040,CUST-0818,2026-08-21T09:30:00+05:30,cash,92.00,0.00,14.03,92.00,completed,2026-08-21T09:30:00+05:30
SALE-003174,SHOP-041,,2026-08-21T12:20:00+05:30,upi,556.00,0.00,84.81,556.00,returned,2026-08-21T12:20:00+05:30
SALE-003175,SHOP-043,CUST-0873,2026-08-21T16:10:00+05:30,credit,670.00,0.00,31.90,670.00,completed,2026-08-21T16:10:00+05:30
SALE-003176,SHOP-044,CUST-0905,2026-08-21T16:50:00+05:30,upi,85.00,0.00,0.00,85.00,completed,2026-08-21T16:50:00+05:30
SALE-003177,SHOP-045,CUST-0931,2026-08-21T19:50:00+05:30,cash,425.00,0.00,30.21,425.00,completed,2026-08-21T19:50:00+05:30
SALE-003178,SHOP-045,CUST-0916,2026-08-21T10:40:00+05:30,credit,174.00,0.00,8.29,174.00,completed,2026-08-21T10:40:00+05:30
SALE-003179,SHOP-045,CUST-0914,2026-08-21T13:40:00+05:30,upi,96.00,0.00,13.74,96.00,completed,2026-08-21T13:40:00+05:30
SALE-003180,SHOP-046,CUST-0948,2026-08-21T13:40:00+05:30,upi,10.00,0.00,1.07,10.00,completed,2026-08-21T13:40:00+05:30
SALE-003181,SHOP-047,CUST-0960,2026-08-21T10:40:00+05:30,upi,447.00,0.00,68.19,447.00,completed,2026-08-21T10:40:00+05:30
SALE-003182,SHOP-049,CUST-0994,2026-08-21T09:20:00+05:30,credit,190.00,0.00,9.05,190.00,completed,2026-08-21T09:20:00+05:30
SALE-003183,SHOP-049,CUST-0988,2026-08-21T08:20:00+05:30,credit,230.00,0.00,27.46,230.00,completed,2026-08-21T08:20:00+05:30
SALE-003184,SHOP-049,CUST-1002,2026-08-21T20:10:00+05:30,upi,458.00,0.00,33.17,458.00,returned,2026-08-21T20:10:00+05:30
SALE-003185,SHOP-050,,2026-08-21T19:50:00+05:30,cash,89.00,0.00,3.05,89.00,completed,2026-08-21T19:50:00+05:30
SALE-003186,SHOP-050,CUST-1033,2026-08-21T20:10:00+05:30,credit,15.00,0.00,1.61,15.00,completed,2026-08-21T20:10:00+05:30
SALE-003187,SHOP-050,CUST-1032,2026-08-21T08:40:00+05:30,credit,210.00,0.00,10.00,210.00,completed,2026-08-21T08:40:00+05:30
SALE-003188,SHOP-050,CUST-1011,2026-08-21T09:50:00+05:30,upi,120.00,0.00,5.71,120.00,completed,2026-08-21T09:50:00+05:30
SALE-003189,SHOP-001,,2026-08-22T16:10:00+05:30,upi,113.00,0.00,17.24,113.00,completed,2026-08-22T16:10:00+05:30
SALE-003190,SHOP-001,CUST-0013,2026-08-22T16:00:00+05:30,upi,4380.00,87.60,204.40,4292.40,completed,2026-08-22T16:00:00+05:30
SALE-003191,SHOP-001,CUST-0008,2026-08-22T10:50:00+05:30,upi,460.00,0.00,40.42,460.00,completed,2026-08-22T10:50:00+05:30
SALE-003192,SHOP-002,CUST-0037,2026-08-22T19:10:00+05:30,credit,5550.00,0.00,846.61,5550.00,completed,2026-08-22T19:10:00+05:30
SALE-003193,SHOP-003,,2026-08-22T11:40:00+05:30,upi,12.00,0.00,1.83,12.00,completed,2026-08-22T11:40:00+05:30
SALE-003194,SHOP-003,,2026-08-22T08:40:00+05:30,cash,196.00,0.00,27.36,196.00,completed,2026-08-22T08:40:00+05:30
SALE-003195,SHOP-004,CUST-0077,2026-08-22T18:00:00+05:30,credit,115.00,0.00,0.00,115.00,completed,2026-08-22T18:00:00+05:30
SALE-003196,SHOP-005,CUST-0092,2026-08-22T19:20:00+05:30,upi,2447.00,0.00,373.27,2447.00,completed,2026-08-22T19:20:00+05:30
SALE-003197,SHOP-005,CUST-0092,2026-08-22T10:00:00+05:30,cash,1695.00,0.00,258.56,1695.00,completed,2026-08-22T10:00:00+05:30
SALE-003198,SHOP-007,,2026-08-22T08:30:00+05:30,upi,121.00,0.00,1.00,121.00,completed,2026-08-22T08:30:00+05:30
SALE-003199,SHOP-008,,2026-08-22T18:30:00+05:30,cash,430.00,0.00,92.74,430.00,completed,2026-08-22T18:30:00+05:30
SALE-003200,SHOP-008,CUST-0165,2026-08-22T19:20:00+05:30,cash,10020.00,0.00,2098.52,10020.00,completed,2026-08-22T19:20:00+05:30
SALE-003201,SHOP-008,CUST-0147,2026-08-22T20:40:00+05:30,credit,2030.00,0.00,309.66,2030.00,completed,2026-08-22T20:40:00+05:30
SALE-003202,SHOP-009,CUST-0182,2026-08-22T18:00:00+05:30,upi,60.00,0.00,6.43,60.00,completed,2026-08-22T18:00:00+05:30
SALE-003203,SHOP-011,CUST-0206,2026-08-22T15:20:00+05:30,upi,640.00,12.80,29.87,627.20,returned,2026-08-22T15:20:00+05:30
SALE-003204,SHOP-011,CUST-0206,2026-08-22T19:20:00+05:30,upi,465.00,0.00,22.14,465.00,completed,2026-08-22T19:20:00+05:30
SALE-003205,SHOP-012,,2026-08-22T13:40:00+05:30,upi,71.00,0.00,0.00,71.00,completed,2026-08-22T13:40:00+05:30
SALE-003206,SHOP-017,,2026-08-22T13:50:00+05:30,cash,240.00,0.00,36.61,240.00,completed,2026-08-22T13:50:00+05:30
SALE-003207,SHOP-017,CUST-0338,2026-08-22T08:30:00+05:30,upi,140.00,0.00,4.29,140.00,completed,2026-08-22T08:30:00+05:30
SALE-003208,SHOP-018,CUST-0361,2026-08-22T13:30:00+05:30,credit,424.00,0.00,36.43,424.00,completed,2026-08-22T13:30:00+05:30
SALE-003209,SHOP-018,CUST-0353,2026-08-22T19:40:00+05:30,credit,120.00,0.00,0.00,120.00,completed,2026-08-22T19:40:00+05:30
SALE-003210,SHOP-018,CUST-0362,2026-08-22T08:50:00+05:30,upi,500.00,0.00,68.64,500.00,completed,2026-08-22T08:50:00+05:30
SALE-003211,SHOP-019,CUST-0393,2026-08-22T10:30:00+05:30,credit,3895.00,0.00,594.15,3895.00,completed,2026-08-22T10:30:00+05:30
SALE-003212,SHOP-020,,2026-08-22T18:00:00+05:30,cash,198.00,0.00,15.72,198.00,completed,2026-08-22T18:00:00+05:30
SALE-003213,SHOP-021,CUST-0445,2026-08-22T18:20:00+05:30,upi,257.00,0.00,39.20,257.00,completed,2026-08-22T18:20:00+05:30
SALE-003214,SHOP-022,,2026-08-22T20:50:00+05:30,cash,1299.00,0.00,198.15,1299.00,completed,2026-08-22T20:50:00+05:30
SALE-003215,SHOP-023,CUST-0482,2026-08-22T08:00:00+05:30,upi,57.00,0.00,1.52,57.00,completed,2026-08-22T08:00:00+05:30
SALE-003216,SHOP-024,,2026-08-22T14:10:00+05:30,upi,66.00,0.00,1.81,66.00,completed,2026-08-22T14:10:00+05:30
SALE-003217,SHOP-026,CUST-0544,2026-08-22T12:00:00+05:30,upi,395.00,0.00,19.70,395.00,completed,2026-08-22T12:00:00+05:30
SALE-003218,SHOP-027,CUST-0566,2026-08-22T13:40:00+05:30,card,210.00,0.00,32.03,210.00,completed,2026-08-22T13:40:00+05:30
SALE-003219,SHOP-027,,2026-08-22T08:50:00+05:30,cash,150.00,0.00,16.07,150.00,completed,2026-08-22T08:50:00+05:30
SALE-003220,SHOP-028,,2026-08-22T17:00:00+05:30,cash,80.00,0.00,0.00,80.00,completed,2026-08-22T17:00:00+05:30
SALE-003221,SHOP-030,CUST-0620,2026-08-22T15:30:00+05:30,credit,30.00,0.00,3.21,30.00,completed,2026-08-22T15:30:00+05:30
SALE-003222,SHOP-031,,2026-08-22T12:00:00+05:30,upi,1440.00,0.00,246.81,1440.00,completed,2026-08-22T12:00:00+05:30
SALE-003223,SHOP-033,CUST-0689,2026-08-22T10:30:00+05:30,upi,80.00,0.00,3.81,80.00,completed,2026-08-22T10:30:00+05:30
SALE-003224,SHOP-033,CUST-0671,2026-08-22T08:30:00+05:30,credit,336.00,0.00,8.57,336.00,completed,2026-08-22T08:30:00+05:30
SALE-003225,SHOP-033,,2026-08-22T09:50:00+05:30,cash,184.00,0.00,2.86,184.00,completed,2026-08-22T09:50:00+05:30
SALE-003226,SHOP-034,,2026-08-22T17:20:00+05:30,upi,62.00,0.00,9.46,62.00,completed,2026-08-22T17:20:00+05:30
SALE-003227,SHOP-035,CUST-0720,2026-08-22T19:30:00+05:30,cash,895.00,0.00,136.53,895.00,completed,2026-08-22T19:30:00+05:30
SALE-003228,SHOP-035,,2026-08-22T09:00:00+05:30,upi,2043.00,0.00,311.64,2043.00,completed,2026-08-22T09:00:00+05:30
SALE-003229,SHOP-036,CUST-0746,2026-08-22T09:50:00+05:30,credit,440.00,0.00,20.95,440.00,completed,2026-08-22T09:50:00+05:30
SALE-003230,SHOP-036,,2026-08-22T16:30:00+05:30,cash,40.00,0.00,1.90,40.00,completed,2026-08-22T16:30:00+05:30
SALE-003231,SHOP-037,,2026-08-22T11:50:00+05:30,upi,219.00,0.00,33.41,219.00,completed,2026-08-22T11:50:00+05:30
SALE-003232,SHOP-039,,2026-08-22T09:40:00+05:30,upi,163.00,0.00,6.57,163.00,completed,2026-08-22T09:40:00+05:30
SALE-003233,SHOP-040,CUST-0823,2026-08-22T17:40:00+05:30,upi,167.00,0.00,18.44,167.00,completed,2026-08-22T17:40:00+05:30
SALE-003234,SHOP-040,CUST-0837,2026-08-22T20:50:00+05:30,upi,375.00,0.00,43.36,375.00,completed,2026-08-22T20:50:00+05:30
SALE-003235,SHOP-040,,2026-08-22T15:50:00+05:30,cash,25.00,0.00,3.81,25.00,completed,2026-08-22T15:50:00+05:30
SALE-003236,SHOP-042,,2026-08-22T11:10:00+05:30,upi,141.00,0.00,21.51,141.00,completed,2026-08-22T11:10:00+05:30
SALE-003237,SHOP-043,CUST-0877,2026-08-22T17:50:00+05:30,upi,360.00,0.00,17.14,360.00,completed,2026-08-22T17:50:00+05:30
SALE-003238,SHOP-044,,2026-08-22T14:10:00+05:30,upi,98.00,0.00,0.00,98.00,completed,2026-08-22T14:10:00+05:30
SALE-003239,SHOP-045,CUST-0936,2026-08-22T19:20:00+05:30,cash,481.00,0.00,35.71,481.00,completed,2026-08-22T19:20:00+05:30
SALE-003240,SHOP-045,CUST-0915,2026-08-22T14:40:00+05:30,upi,46.00,0.00,2.19,46.00,completed,2026-08-22T14:40:00+05:30
SALE-003241,SHOP-046,CUST-0955,2026-08-22T16:20:00+05:30,upi,18.00,0.00,2.75,18.00,completed,2026-08-22T16:20:00+05:30
SALE-003242,SHOP-046,CUST-0955,2026-08-22T12:30:00+05:30,cash,300.00,0.00,45.76,300.00,completed,2026-08-22T12:30:00+05:30
SALE-003243,SHOP-049,,2026-08-22T12:20:00+05:30,cash,94.00,0.00,1.81,94.00,completed,2026-08-22T12:20:00+05:30
SALE-003244,SHOP-049,CUST-1000,2026-08-22T12:30:00+05:30,upi,255.00,0.00,5.72,255.00,completed,2026-08-22T12:30:00+05:30
SALE-003245,SHOP-050,CUST-1009,2026-08-22T20:30:00+05:30,credit,115.00,0.00,13.73,115.00,completed,2026-08-22T20:30:00+05:30
SALE-003246,SHOP-001,CUST-0004,2026-08-23T18:00:00+05:30,cash,131.00,0.00,18.09,131.00,completed,2026-08-23T18:00:00+05:30
SALE-003247,SHOP-001,CUST-0007,2026-08-23T13:20:00+05:30,upi,64.00,0.00,3.05,64.00,completed,2026-08-23T13:20:00+05:30
SALE-003248,SHOP-006,,2026-08-23T18:50:00+05:30,upi,50.00,0.00,7.63,50.00,completed,2026-08-23T18:50:00+05:30
SALE-003249,SHOP-008,CUST-0146,2026-08-23T09:10:00+05:30,credit,998.00,29.94,147.67,968.06,completed,2026-08-23T09:10:00+05:30
SALE-003250,SHOP-009,CUST-0188,2026-08-23T16:50:00+05:30,upi,80.00,0.00,9.71,80.00,completed,2026-08-23T16:50:00+05:30
SALE-003251,SHOP-011,,2026-08-23T16:10:00+05:30,cash,175.00,0.00,10.96,175.00,completed,2026-08-23T16:10:00+05:30
SALE-003252,SHOP-011,CUST-0232,2026-08-23T16:00:00+05:30,upi,540.00,10.80,31.37,529.20,completed,2026-08-23T16:00:00+05:30
SALE-003253,SHOP-013,CUST-0269,2026-08-23T08:00:00+05:30,cash,880.00,0.00,41.90,880.00,completed,2026-08-23T08:00:00+05:30
SALE-003254,SHOP-013,CUST-0260,2026-08-23T15:50:00+05:30,upi,188.00,0.00,8.95,188.00,completed,2026-08-23T15:50:00+05:30
SALE-003255,SHOP-014,,2026-08-23T13:40:00+05:30,cash,198.00,0.00,30.20,198.00,completed,2026-08-23T13:40:00+05:30
SALE-003256,SHOP-016,,2026-08-23T18:40:00+05:30,upi,696.00,34.80,100.86,661.20,completed,2026-08-23T18:40:00+05:30
SALE-003257,SHOP-016,,2026-08-23T18:20:00+05:30,cash,1894.00,56.82,280.25,1837.18,completed,2026-08-23T18:20:00+05:30
SALE-003258,SHOP-017,CUST-0327,2026-08-23T09:30:00+05:30,upi,616.00,0.00,60.81,616.00,completed,2026-08-23T09:30:00+05:30
SALE-003259,SHOP-017,CUST-0332,2026-08-23T19:20:00+05:30,credit,165.00,0.00,8.75,165.00,completed,2026-08-23T19:20:00+05:30
SALE-003260,SHOP-018,CUST-0361,2026-08-23T15:30:00+05:30,cash,90.00,0.00,0.00,90.00,completed,2026-08-23T15:30:00+05:30
SALE-003261,SHOP-018,CUST-0362,2026-08-23T10:50:00+05:30,upi,318.00,0.00,25.06,318.00,completed,2026-08-23T10:50:00+05:30
SALE-003262,SHOP-019,CUST-0392,2026-08-23T18:30:00+05:30,cash,3840.00,0.00,585.76,3840.00,completed,2026-08-23T18:30:00+05:30
SALE-003263,SHOP-020,,2026-08-23T13:10:00+05:30,cash,657.00,0.00,51.06,657.00,completed,2026-08-23T13:10:00+05:30
SALE-003264,SHOP-020,,2026-08-23T20:10:00+05:30,upi,840.00,0.00,42.68,840.00,completed,2026-08-23T20:10:00+05:30
SALE-003265,SHOP-022,CUST-0448,2026-08-23T16:50:00+05:30,upi,1993.00,0.00,304.02,1993.00,completed,2026-08-23T16:50:00+05:30
SALE-003266,SHOP-023,CUST-0480,2026-08-23T10:50:00+05:30,cash,485.00,0.00,25.72,485.00,completed,2026-08-23T10:50:00+05:30
SALE-003267,SHOP-023,CUST-0461,2026-08-23T18:40:00+05:30,cash,603.00,0.00,27.52,603.00,completed,2026-08-23T18:40:00+05:30
SALE-003268,SHOP-024,CUST-0495,2026-08-23T20:40:00+05:30,cash,85.00,0.00,0.00,85.00,completed,2026-08-23T20:40:00+05:30
SALE-003269,SHOP-025,,2026-08-23T17:10:00+05:30,upi,442.00,0.00,67.42,442.00,completed,2026-08-23T17:10:00+05:30
SALE-003270,SHOP-026,CUST-0522,2026-08-23T10:50:00+05:30,credit,265.00,0.00,17.03,265.00,completed,2026-08-23T10:50:00+05:30
SALE-003271,SHOP-026,,2026-08-23T20:40:00+05:30,cash,40.00,0.00,5.42,40.00,completed,2026-08-23T20:40:00+05:30
SALE-003272,SHOP-028,CUST-0577,2026-08-23T12:00:00+05:30,cash,118.00,0.00,13.73,118.00,completed,2026-08-23T12:00:00+05:30
SALE-003273,SHOP-029,,2026-08-23T19:50:00+05:30,upi,4093.00,0.00,624.36,4093.00,completed,2026-08-23T19:50:00+05:30
SALE-003274,SHOP-029,,2026-08-23T09:40:00+05:30,upi,4494.00,0.00,685.53,4494.00,completed,2026-08-23T09:40:00+05:30
SALE-003275,SHOP-030,CUST-0624,2026-08-23T17:10:00+05:30,credit,178.00,0.00,12.67,178.00,completed,2026-08-23T17:10:00+05:30
SALE-003276,SHOP-030,CUST-0629,2026-08-23T09:00:00+05:30,upi,60.00,0.00,9.15,60.00,completed,2026-08-23T09:00:00+05:30
SALE-003277,SHOP-031,CUST-0630,2026-08-23T10:20:00+05:30,cash,24.00,0.00,3.66,24.00,completed,2026-08-23T10:20:00+05:30
SALE-003278,SHOP-032,CUST-0647,2026-08-23T08:00:00+05:30,cash,1525.00,0.00,78.91,1525.00,completed,2026-08-23T08:00:00+05:30
SALE-003279,SHOP-032,CUST-0649,2026-08-23T11:40:00+05:30,credit,135.00,0.00,6.43,135.00,completed,2026-08-23T11:40:00+05:30
SALE-003280,SHOP-034,CUST-0702,2026-08-23T16:30:00+05:30,cash,120.00,0.00,12.86,120.00,completed,2026-08-23T16:30:00+05:30
SALE-003281,SHOP-037,CUST-0755,2026-08-23T15:00:00+05:30,credit,3957.00,79.14,591.54,3877.86,completed,2026-08-23T15:00:00+05:30
SALE-003282,SHOP-037,,2026-08-23T17:30:00+05:30,upi,1650.00,0.00,251.69,1650.00,completed,2026-08-23T17:30:00+05:30
SALE-003283,SHOP-038,,2026-08-23T13:50:00+05:30,upi,455.00,0.00,45.18,455.00,completed,2026-08-23T13:50:00+05:30
SALE-003284,SHOP-039,CUST-0795,2026-08-23T13:10:00+05:30,cash,227.00,0.00,10.81,227.00,completed,2026-08-23T13:10:00+05:30
SALE-003285,SHOP-039,CUST-0811,2026-08-23T18:10:00+05:30,upi,122.00,0.00,7.60,122.00,completed,2026-08-23T18:10:00+05:30
SALE-003286,SHOP-040,CUST-0821,2026-08-23T19:30:00+05:30,cash,276.00,0.00,37.56,276.00,completed,2026-08-23T19:30:00+05:30
SALE-003287,SHOP-040,CUST-0831,2026-08-23T11:40:00+05:30,credit,180.00,0.00,19.29,180.00,completed,2026-08-23T11:40:00+05:30
SALE-003288,SHOP-042,,2026-08-23T20:50:00+05:30,upi,2760.00,55.20,412.60,2704.80,completed,2026-08-23T20:50:00+05:30
SALE-003289,SHOP-042,CUST-0865,2026-08-23T17:20:00+05:30,cash,1460.00,0.00,304.15,1460.00,completed,2026-08-23T17:20:00+05:30
SALE-003290,SHOP-043,CUST-0880,2026-08-23T15:40:00+05:30,credit,845.00,0.00,39.05,845.00,completed,2026-08-23T15:40:00+05:30
SALE-003291,SHOP-044,CUST-0906,2026-08-23T14:20:00+05:30,upi,35.00,0.00,0.00,35.00,completed,2026-08-23T14:20:00+05:30
SALE-003292,SHOP-045,,2026-08-23T08:10:00+05:30,cash,471.00,0.00,22.43,471.00,completed,2026-08-23T08:10:00+05:30
SALE-003293,SHOP-045,,2026-08-23T12:10:00+05:30,upi,45.00,0.00,2.14,45.00,completed,2026-08-23T12:10:00+05:30
SALE-003294,SHOP-046,CUST-0943,2026-08-23T13:50:00+05:30,upi,175.00,0.00,23.97,175.00,completed,2026-08-23T13:50:00+05:30
SALE-003295,SHOP-046,CUST-0948,2026-08-23T19:30:00+05:30,upi,41.00,0.00,6.03,41.00,completed,2026-08-23T19:30:00+05:30
SALE-003296,SHOP-047,CUST-0971,2026-08-23T18:30:00+05:30,cash,3092.00,0.00,471.66,3092.00,completed,2026-08-23T18:30:00+05:30
SALE-003297,SHOP-048,CUST-0977,2026-08-23T09:20:00+05:30,credit,4015.00,0.00,612.46,4015.00,completed,2026-08-23T09:20:00+05:30
SALE-003298,SHOP-049,CUST-0998,2026-08-23T17:30:00+05:30,cash,355.00,0.00,45.76,355.00,completed,2026-08-23T17:30:00+05:30
SALE-003299,SHOP-049,,2026-08-23T20:10:00+05:30,upi,174.00,0.00,0.00,174.00,completed,2026-08-23T20:10:00+05:30
SALE-003300,SHOP-049,CUST-0998,2026-08-23T09:00:00+05:30,upi,56.00,0.00,0.00,56.00,completed,2026-08-23T09:00:00+05:30
SALE-003301,SHOP-050,CUST-1021,2026-08-23T10:30:00+05:30,cash,1396.00,0.00,66.48,1396.00,completed,2026-08-23T10:30:00+05:30
SALE-003302,SHOP-004,CUST-0076,2026-08-24T17:40:00+05:30,upi,1070.00,0.00,109.29,1070.00,completed,2026-08-24T17:40:00+05:30
SALE-003303,SHOP-004,CUST-0070,2026-08-24T10:50:00+05:30,cash,148.00,0.00,4.67,148.00,returned,2026-08-24T10:50:00+05:30
SALE-003304,SHOP-006,,2026-08-24T10:20:00+05:30,upi,1775.00,53.25,81.99,1721.75,completed,2026-08-24T10:20:00+05:30
SALE-003305,SHOP-007,,2026-08-24T09:00:00+05:30,upi,38.00,0.00,1.81,38.00,completed,2026-08-24T09:00:00+05:30
SALE-003306,SHOP-007,CUST-0129,2026-08-24T12:40:00+05:30,cash,111.00,0.00,3.62,111.00,completed,2026-08-24T12:40:00+05:30
SALE-003307,SHOP-009,CUST-0186,2026-08-24T19:50:00+05:30,cash,121.00,0.00,12.96,121.00,completed,2026-08-24T19:50:00+05:30
SALE-003308,SHOP-011,CUST-0227,2026-08-24T17:30:00+05:30,upi,150.00,0.00,7.14,150.00,completed,2026-08-24T17:30:00+05:30
SALE-003309,SHOP-011,,2026-08-24T14:00:00+05:30,upi,40.00,0.00,1.90,40.00,completed,2026-08-24T14:00:00+05:30
SALE-003310,SHOP-012,CUST-0241,2026-08-24T15:10:00+05:30,cash,535.00,0.00,53.14,535.00,completed,2026-08-24T15:10:00+05:30
SALE-003311,SHOP-012,CUST-0242,2026-08-24T17:00:00+05:30,credit,110.00,0.00,14.68,110.00,completed,2026-08-24T17:00:00+05:30
SALE-003312,SHOP-013,CUST-0271,2026-08-24T17:10:00+05:30,credit,55.00,0.00,8.39,55.00,completed,2026-08-24T17:10:00+05:30
SALE-003313,SHOP-013,CUST-0272,2026-08-24T19:40:00+05:30,upi,330.00,0.00,15.71,330.00,completed,2026-08-24T19:40:00+05:30
SALE-003314,SHOP-013,CUST-0248,2026-08-24T19:50:00+05:30,credit,190.00,0.00,9.05,190.00,completed,2026-08-24T19:50:00+05:30
SALE-003315,SHOP-017,CUST-0329,2026-08-24T13:20:00+05:30,credit,532.00,0.00,68.35,532.00,completed,2026-08-24T13:20:00+05:30
SALE-003316,SHOP-017,CUST-0350,2026-08-24T20:20:00+05:30,upi,240.00,0.00,11.43,240.00,completed,2026-08-24T20:20:00+05:30
SALE-003317,SHOP-018,,2026-08-24T19:20:00+05:30,upi,86.00,0.00,3.21,86.00,completed,2026-08-24T19:20:00+05:30
SALE-003318,SHOP-018,,2026-08-24T11:50:00+05:30,upi,88.00,0.00,1.81,88.00,completed,2026-08-24T11:50:00+05:30
SALE-003319,SHOP-019,,2026-08-24T08:30:00+05:30,upi,1690.00,50.70,250.06,1639.30,completed,2026-08-24T08:30:00+05:30
SALE-003320,SHOP-019,,2026-08-24T16:20:00+05:30,upi,3220.00,0.00,545.48,3220.00,completed,2026-08-24T16:20:00+05:30
SALE-003321,SHOP-020,CUST-0417,2026-08-24T12:30:00+05:30,cash,475.00,0.00,25.24,475.00,completed,2026-08-24T12:30:00+05:30
SALE-003322,SHOP-021,CUST-0436,2026-08-24T12:40:00+05:30,credit,60.00,0.00,9.15,60.00,completed,2026-08-24T12:40:00+05:30
SALE-003323,SHOP-022,CUST-0448,2026-08-24T16:30:00+05:30,cash,447.00,0.00,68.19,447.00,completed,2026-08-24T16:30:00+05:30
SALE-003324,SHOP-023,,2026-08-24T18:50:00+05:30,upi,45.00,0.00,4.82,45.00,completed,2026-08-24T18:50:00+05:30
SALE-003325,SHOP-023,CUST-0462,2026-08-24T10:00:00+05:30,upi,421.00,0.00,28.91,421.00,completed,2026-08-24T10:00:00+05:30
SALE-003326,SHOP-023,CUST-0460,2026-08-24T14:50:00+05:30,credit,105.00,0.00,16.02,105.00,completed,2026-08-24T14:50:00+05:30
SALE-003327,SHOP-024,,2026-08-24T17:10:00+05:30,upi,263.00,0.00,28.41,263.00,completed,2026-08-24T17:10:00+05:30
SALE-003328,SHOP-025,,2026-08-24T17:30:00+05:30,cash,780.00,0.00,118.98,780.00,completed,2026-08-24T17:30:00+05:30
SALE-003329,SHOP-026,CUST-0524,2026-08-24T18:20:00+05:30,cash,533.00,0.00,16.10,533.00,completed,2026-08-24T18:20:00+05:30
SALE-003330,SHOP-027,CUST-0563,2026-08-24T09:50:00+05:30,cash,304.00,0.00,33.66,304.00,completed,2026-08-24T09:50:00+05:30
SALE-003331,SHOP-028,CUST-0580,2026-08-24T12:40:00+05:30,cash,35.00,0.00,0.00,35.00,completed,2026-08-24T12:40:00+05:30
SALE-003332,SHOP-029,CUST-0602,2026-08-24T10:00:00+05:30,cash,946.00,0.00,144.31,946.00,completed,2026-08-24T10:00:00+05:30
SALE-003333,SHOP-029,CUST-0609,2026-08-24T13:40:00+05:30,credit,2046.00,0.00,312.10,2046.00,completed,2026-08-24T13:40:00+05:30
SALE-003334,SHOP-030,CUST-0611,2026-08-24T14:20:00+05:30,cash,155.00,0.00,7.38,155.00,completed,2026-08-24T14:20:00+05:30
SALE-003335,SHOP-030,CUST-0623,2026-08-24T20:20:00+05:30,upi,125.00,0.00,8.63,125.00,completed,2026-08-24T20:20:00+05:30
SALE-003336,SHOP-032,,2026-08-24T10:40:00+05:30,upi,374.00,0.00,52.22,374.00,completed,2026-08-24T10:40:00+05:30
SALE-003337,SHOP-032,,2026-08-24T15:50:00+05:30,upi,650.00,0.00,30.95,650.00,completed,2026-08-24T15:50:00+05:30
SALE-003338,SHOP-033,CUST-0682,2026-08-24T19:50:00+05:30,credit,130.00,0.00,13.73,130.00,completed,2026-08-24T19:50:00+05:30
SALE-003339,SHOP-033,CUST-0676,2026-08-24T08:10:00+05:30,credit,116.00,0.00,0.95,116.00,completed,2026-08-24T08:10:00+05:30
SALE-003340,SHOP-033,,2026-08-24T10:30:00+05:30,upi,88.00,0.00,2.86,88.00,completed,2026-08-24T10:30:00+05:30
SALE-003341,SHOP-034,CUST-0701,2026-08-24T18:00:00+05:30,cash,18.00,0.00,2.75,18.00,completed,2026-08-24T18:00:00+05:30
SALE-003342,SHOP-035,,2026-08-24T15:40:00+05:30,upi,198.00,0.00,30.20,198.00,completed,2026-08-24T15:40:00+05:30
SALE-003343,SHOP-035,,2026-08-24T16:50:00+05:30,card,2396.00,0.00,365.49,2396.00,completed,2026-08-24T16:50:00+05:30
SALE-003344,SHOP-036,CUST-0743,2026-08-24T17:20:00+05:30,upi,376.00,0.00,17.90,376.00,completed,2026-08-24T17:20:00+05:30
SALE-003345,SHOP-036,CUST-0745,2026-08-24T09:00:00+05:30,upi,324.00,0.00,15.43,324.00,completed,2026-08-24T09:00:00+05:30
SALE-003346,SHOP-037,,2026-08-24T18:40:00+05:30,upi,530.00,0.00,80.85,530.00,completed,2026-08-24T18:40:00+05:30
SALE-003347,SHOP-039,CUST-0797,2026-08-24T09:20:00+05:30,cash,28.00,0.00,4.27,28.00,completed,2026-08-24T09:20:00+05:30
SALE-003348,SHOP-039,,2026-08-24T09:10:00+05:30,cash,80.00,0.00,3.81,80.00,completed,2026-08-24T09:10:00+05:30
SALE-003349,SHOP-040,CUST-0826,2026-08-24T08:40:00+05:30,cash,155.00,0.00,22.96,155.00,completed,2026-08-24T08:40:00+05:30
SALE-003350,SHOP-040,CUST-0835,2026-08-24T10:50:00+05:30,upi,662.00,0.00,73.29,662.00,completed,2026-08-24T10:50:00+05:30
SALE-003351,SHOP-040,,2026-08-24T18:20:00+05:30,cash,206.00,0.00,22.07,206.00,completed,2026-08-24T18:20:00+05:30
SALE-003352,SHOP-043,CUST-0881,2026-08-24T08:00:00+05:30,credit,364.00,0.00,54.84,364.00,completed,2026-08-24T08:00:00+05:30
SALE-003353,SHOP-043,CUST-0882,2026-08-24T08:10:00+05:30,cash,310.00,0.00,13.73,310.00,completed,2026-08-24T08:10:00+05:30
SALE-003354,SHOP-044,,2026-08-24T20:40:00+05:30,cash,266.00,0.00,6.33,266.00,completed,2026-08-24T20:40:00+05:30
SALE-003355,SHOP-045,CUST-0914,2026-08-24T17:10:00+05:30,credit,609.00,30.45,38.91,578.55,completed,2026-08-24T17:10:00+05:30
SALE-003356,SHOP-045,CUST-0915,2026-08-24T13:00:00+05:30,cash,365.00,0.00,27.35,365.00,completed,2026-08-24T13:00:00+05:30
SALE-003357,SHOP-047,CUST-0958,2026-08-24T12:40:00+05:30,cash,897.00,0.00,136.83,897.00,completed,2026-08-24T12:40:00+05:30
SALE-003358,SHOP-047,CUST-0958,2026-08-24T09:20:00+05:30,cash,846.00,0.00,129.05,846.00,completed,2026-08-24T09:20:00+05:30
SALE-003359,SHOP-048,CUST-0983,2026-08-24T15:30:00+05:30,upi,1580.00,0.00,241.02,1580.00,completed,2026-08-24T15:30:00+05:30
SALE-003360,SHOP-049,CUST-0989,2026-08-24T19:50:00+05:30,upi,255.00,0.00,16.59,255.00,completed,2026-08-24T19:50:00+05:30
SALE-003361,SHOP-049,CUST-1002,2026-08-24T10:30:00+05:30,cash,321.00,0.00,8.57,321.00,completed,2026-08-24T10:30:00+05:30
SALE-003362,SHOP-050,CUST-1007,2026-08-24T14:20:00+05:30,upi,30.00,0.00,3.21,30.00,completed,2026-08-24T14:20:00+05:30
SALE-003363,SHOP-050,CUST-1017,2026-08-24T12:40:00+05:30,upi,144.00,0.00,6.26,144.00,completed,2026-08-24T12:40:00+05:30
SALE-003364,SHOP-001,CUST-0007,2026-08-25T16:00:00+05:30,credit,370.00,0.00,29.16,370.00,completed,2026-08-25T16:00:00+05:30
SALE-003365,SHOP-001,,2026-08-25T16:00:00+05:30,cash,75.00,0.00,11.44,75.00,completed,2026-08-25T16:00:00+05:30
SALE-003366,SHOP-001,,2026-08-25T20:50:00+05:30,cash,188.00,0.00,8.95,188.00,completed,2026-08-25T20:50:00+05:30
SALE-003367,SHOP-002,CUST-0043,2026-08-25T16:00:00+05:30,upi,155.00,0.00,23.64,155.00,completed,2026-08-25T16:00:00+05:30
SALE-003368,SHOP-002,CUST-0042,2026-08-25T12:10:00+05:30,credit,226.00,0.00,34.47,226.00,completed,2026-08-25T12:10:00+05:30
SALE-003369,SHOP-003,,2026-08-25T19:10:00+05:30,cash,260.00,0.00,39.66,260.00,completed,2026-08-25T19:10:00+05:30
SALE-003370,SHOP-003,CUST-0059,2026-08-25T15:30:00+05:30,cash,130.00,0.00,19.83,130.00,completed,2026-08-25T15:30:00+05:30
SALE-003371,SHOP-004,,2026-08-25T09:40:00+05:30,cash,196.00,0.00,9.33,196.00,completed,2026-08-25T09:40:00+05:30
SALE-003372,SHOP-004,CUST-0084,2026-08-25T11:50:00+05:30,credit,106.00,0.00,3.62,106.00,completed,2026-08-25T11:50:00+05:30
SALE-003373,SHOP-004,CUST-0067,2026-08-25T15:30:00+05:30,cash,138.00,0.00,1.43,138.00,completed,2026-08-25T15:30:00+05:30
SALE-003374,SHOP-005,,2026-08-25T09:10:00+05:30,upi,298.00,0.00,45.46,298.00,completed,2026-08-25T09:10:00+05:30
SALE-003375,SHOP-006,CUST-0112,2026-08-25T15:10:00+05:30,upi,430.00,0.00,20.48,430.00,completed,2026-08-25T15:10:00+05:30
SALE-003376,SHOP-006,,2026-08-25T13:40:00+05:30,upi,1564.00,0.00,70.90,1564.00,completed,2026-08-25T13:40:00+05:30
SALE-003377,SHOP-008,CUST-0167,2026-08-25T20:30:00+05:30,credit,626.00,31.30,90.72,594.70,completed,2026-08-25T20:30:00+05:30
SALE-003378,SHOP-008,,2026-08-25T20:20:00+05:30,upi,410.00,0.00,62.54,410.00,completed,2026-08-25T20:20:00+05:30
SALE-003379,SHOP-008,CUST-0158,2026-08-25T18:30:00+05:30,upi,960.00,0.00,146.44,960.00,completed,2026-08-25T18:30:00+05:30
SALE-003380,SHOP-009,,2026-08-25T13:10:00+05:30,upi,129.00,0.00,17.23,129.00,completed,2026-08-25T13:10:00+05:30
SALE-003381,SHOP-011,,2026-08-25T19:30:00+05:30,upi,286.00,0.00,43.63,286.00,completed,2026-08-25T19:30:00+05:30
SALE-003382,SHOP-011,,2026-08-25T13:00:00+05:30,cash,75.00,0.00,11.44,75.00,completed,2026-08-25T13:00:00+05:30
SALE-003383,SHOP-012,CUST-0242,2026-08-25T14:40:00+05:30,credit,188.00,0.00,3.21,188.00,completed,2026-08-25T14:40:00+05:30
SALE-003384,SHOP-012,,2026-08-25T18:10:00+05:30,upi,490.00,0.00,56.59,490.00,completed,2026-08-25T18:10:00+05:30
SALE-003385,SHOP-013,CUST-0261,2026-08-25T20:00:00+05:30,card,630.00,0.00,30.00,630.00,completed,2026-08-25T20:00:00+05:30
SALE-003386,SHOP-013,CUST-0272,2026-08-25T08:10:00+05:30,cash,294.00,0.00,38.13,294.00,completed,2026-08-25T08:10:00+05:30
SALE-003387,SHOP-014,CUST-0274,2026-08-25T11:30:00+05:30,upi,1270.00,38.10,266.91,1231.90,completed,2026-08-25T11:30:00+05:30
SALE-003388,SHOP-014,,2026-08-25T11:00:00+05:30,cash,6349.00,0.00,968.49,6349.00,completed,2026-08-25T11:00:00+05:30
SALE-003389,SHOP-015,CUST-0301,2026-08-25T15:40:00+05:30,cash,50.00,0.00,5.36,50.00,completed,2026-08-25T15:40:00+05:30
SALE-003390,SHOP-016,CUST-0316,2026-08-25T13:00:00+05:30,cash,2046.00,102.30,296.50,1943.70,completed,2026-08-25T13:00:00+05:30
SALE-003391,SHOP-016,CUST-0321,2026-08-25T17:00:00+05:30,upi,149.00,0.00,22.73,149.00,completed,2026-08-25T17:00:00+05:30
SALE-003392,SHOP-017,,2026-08-25T09:40:00+05:30,upi,395.00,0.00,14.77,395.00,completed,2026-08-25T09:40:00+05:30
SALE-003393,SHOP-017,,2026-08-25T14:20:00+05:30,upi,50.00,0.00,5.36,50.00,completed,2026-08-25T14:20:00+05:30
SALE-003394,SHOP-018,,2026-08-25T15:20:00+05:30,cash,210.00,0.00,11.79,210.00,completed,2026-08-25T15:20:00+05:30
SALE-003395,SHOP-018,CUST-0354,2026-08-25T08:40:00+05:30,credit,120.00,0.00,0.00,120.00,completed,2026-08-25T08:40:00+05:30
SALE-003396,SHOP-018,CUST-0362,2026-08-25T10:50:00+05:30,upi,80.00,0.00,0.00,80.00,completed,2026-08-25T10:50:00+05:30
SALE-003397,SHOP-019,CUST-0385,2026-08-25T17:10:00+05:30,credit,5980.00,0.00,1129.36,5980.00,completed,2026-08-25T17:10:00+05:30
SALE-003398,SHOP-020,CUST-0427,2026-08-25T13:10:00+05:30,upi,307.00,0.00,12.24,307.00,completed,2026-08-25T13:10:00+05:30
SALE-003399,SHOP-020,CUST-0423,2026-08-25T15:30:00+05:30,cash,146.00,0.00,10.94,146.00,completed,2026-08-25T15:30:00+05:30
SALE-003400,SHOP-023,CUST-0463,2026-08-25T14:50:00+05:30,credit,76.00,0.00,11.59,76.00,completed,2026-08-25T14:50:00+05:30
SALE-003401,SHOP-024,,2026-08-25T16:10:00+05:30,upi,246.00,0.00,29.27,246.00,completed,2026-08-25T16:10:00+05:30
SALE-003402,SHOP-026,CUST-0532,2026-08-25T12:50:00+05:30,upi,114.00,0.00,17.39,114.00,completed,2026-08-25T12:50:00+05:30
SALE-003403,SHOP-027,CUST-0567,2026-08-25T08:00:00+05:30,card,540.00,0.00,75.56,540.00,completed,2026-08-25T08:00:00+05:30
SALE-003404,SHOP-028,CUST-0581,2026-08-25T20:20:00+05:30,cash,770.00,0.00,106.53,770.00,completed,2026-08-25T20:20:00+05:30
SALE-003405,SHOP-028,CUST-0573,2026-08-25T09:20:00+05:30,upi,425.00,0.00,32.50,425.00,completed,2026-08-25T09:20:00+05:30
SALE-003406,SHOP-028,,2026-08-25T14:00:00+05:30,cash,223.00,0.00,2.86,223.00,completed,2026-08-25T14:00:00+05:30
SALE-003407,SHOP-028,,2026-08-25T14:30:00+05:30,upi,426.00,0.00,32.88,426.00,completed,2026-08-25T14:30:00+05:30
SALE-003408,SHOP-029,,2026-08-25T20:30:00+05:30,upi,1797.00,0.00,274.12,1797.00,completed,2026-08-25T20:30:00+05:30
SALE-003409,SHOP-030,,2026-08-25T14:10:00+05:30,upi,555.00,0.00,27.32,555.00,completed,2026-08-25T14:10:00+05:30
SALE-003410,SHOP-030,CUST-0623,2026-08-25T12:30:00+05:30,credit,115.00,0.00,13.73,115.00,completed,2026-08-25T12:30:00+05:30
SALE-003411,SHOP-032,,2026-08-25T15:00:00+05:30,cash,1650.00,0.00,79.46,1650.00,completed,2026-08-25T15:00:00+05:30
SALE-003412,SHOP-032,CUST-0661,2026-08-25T15:10:00+05:30,upi,380.00,0.00,15.71,380.00,completed,2026-08-25T15:10:00+05:30
SALE-003413,SHOP-032,,2026-08-25T20:30:00+05:30,cash,105.00,0.00,5.00,105.00,completed,2026-08-25T20:30:00+05:30
SALE-003414,SHOP-033,CUST-0675,2026-08-25T18:50:00+05:30,credit,140.00,0.00,6.43,140.00,completed,2026-08-25T18:50:00+05:30
SALE-003415,SHOP-033,,2026-08-25T17:50:00+05:30,cash,538.00,0.00,58.53,538.00,completed,2026-08-25T17:50:00+05:30
SALE-003416,SHOP-034,CUST-0697,2026-08-25T11:50:00+05:30,cash,61.00,0.00,9.31,61.00,completed,2026-08-25T11:50:00+05:30
SALE-003417,SHOP-036,CUST-0735,2026-08-25T09:20:00+05:30,cash,75.00,0.00,11.44,75.00,completed,2026-08-25T09:20:00+05:30
SALE-003418,SHOP-036,,2026-08-25T09:50:00+05:30,upi,116.00,0.00,11.96,116.00,completed,2026-08-25T09:50:00+05:30
SALE-003419,SHOP-037,CUST-0753,2026-08-25T13:10:00+05:30,upi,160.00,0.00,24.41,160.00,completed,2026-08-25T13:10:00+05:30
SALE-003420,SHOP-037,CUST-0761,2026-08-25T11:10:00+05:30,credit,750.00,22.50,110.97,727.50,completed,2026-08-25T11:10:00+05:30
SALE-003421,SHOP-038,CUST-0786,2026-08-25T15:00:00+05:30,upi,129.00,0.00,1.81,129.00,completed,2026-08-25T15:00:00+05:30
SALE-003422,SHOP-038,CUST-0782,2026-08-25T13:40:00+05:30,upi,298.00,0.00,1.43,298.00,completed,2026-08-25T13:40:00+05:30
SALE-003423,SHOP-039,CUST-0791,2026-08-25T16:20:00+05:30,upi,490.00,0.00,23.33,490.00,completed,2026-08-25T16:20:00+05:30
SALE-003424,SHOP-041,CUST-0847,2026-08-25T12:20:00+05:30,credit,1657.00,0.00,252.76,1657.00,completed,2026-08-25T12:20:00+05:30
SALE-003425,SHOP-042,CUST-0855,2026-08-25T19:10:00+05:30,upi,725.00,0.00,137.74,725.00,completed,2026-08-25T19:10:00+05:30
SALE-003426,SHOP-043,CUST-0887,2026-08-25T11:10:00+05:30,credit,216.00,0.00,32.95,216.00,completed,2026-08-25T11:10:00+05:30
SALE-003427,SHOP-045,CUST-0918,2026-08-25T20:20:00+05:30,credit,415.00,0.00,52.81,415.00,completed,2026-08-25T20:20:00+05:30
SALE-003428,SHOP-045,,2026-08-25T17:40:00+05:30,upi,630.00,0.00,28.81,630.00,completed,2026-08-25T17:40:00+05:30
SALE-003429,SHOP-048,CUST-0976,2026-08-25T19:10:00+05:30,cash,20.00,0.00,3.05,20.00,completed,2026-08-25T19:10:00+05:30
SALE-003430,SHOP-049,CUST-0989,2026-08-25T18:10:00+05:30,upi,126.00,0.00,0.00,126.00,completed,2026-08-25T18:10:00+05:30
SALE-003431,SHOP-050,CUST-1008,2026-08-25T12:10:00+05:30,credit,444.00,0.00,21.14,444.00,completed,2026-08-25T12:10:00+05:30
SALE-003432,SHOP-050,CUST-1021,2026-08-25T16:40:00+05:30,cash,322.00,0.00,24.78,322.00,completed,2026-08-25T16:40:00+05:30
SALE-003433,SHOP-001,CUST-0023,2026-08-26T08:10:00+05:30,upi,602.00,12.04,18.99,589.96,completed,2026-08-26T08:10:00+05:30
SALE-003434,SHOP-001,CUST-0004,2026-08-26T16:20:00+05:30,cash,555.00,0.00,34.06,555.00,completed,2026-08-26T16:20:00+05:30
SALE-003435,SHOP-001,,2026-08-26T14:10:00+05:30,upi,46.00,0.00,2.19,46.00,completed,2026-08-26T14:10:00+05:30
SALE-003436,SHOP-003,,2026-08-26T09:40:00+05:30,cash,12.00,0.00,1.83,12.00,completed,2026-08-26T09:40:00+05:30
SALE-003437,SHOP-004,CUST-0082,2026-08-26T20:40:00+05:30,upi,20.00,0.00,0.95,20.00,completed,2026-08-26T20:40:00+05:30
SALE-003438,SHOP-004,CUST-0071,2026-08-26T13:20:00+05:30,credit,145.00,0.00,0.00,145.00,completed,2026-08-26T13:20:00+05:30
SALE-003439,SHOP-006,,2026-08-26T17:30:00+05:30,cash,120.00,0.00,5.71,120.00,completed,2026-08-26T17:30:00+05:30
SALE-003440,SHOP-006,CUST-0107,2026-08-26T10:10:00+05:30,credit,810.00,0.00,46.20,810.00,completed,2026-08-26T10:10:00+05:30
SALE-003441,SHOP-006,CUST-0110,2026-08-26T20:40:00+05:30,cash,402.00,0.00,0.00,402.00,completed,2026-08-26T20:40:00+05:30
SALE-003442,SHOP-008,,2026-08-26T18:40:00+05:30,upi,804.00,0.00,122.64,804.00,completed,2026-08-26T18:40:00+05:30
SALE-003443,SHOP-008,,2026-08-26T15:20:00+05:30,card,1070.00,0.00,163.22,1070.00,completed,2026-08-26T15:20:00+05:30
SALE-003444,SHOP-011,CUST-0230,2026-08-26T10:30:00+05:30,credit,410.00,0.00,22.67,410.00,completed,2026-08-26T10:30:00+05:30
SALE-003445,SHOP-011,CUST-0219,2026-08-26T09:00:00+05:30,upi,540.00,0.00,27.50,540.00,completed,2026-08-26T09:00:00+05:30
SALE-003446,SHOP-013,,2026-08-26T15:10:00+05:30,cash,50.00,0.00,0.00,50.00,completed,2026-08-26T15:10:00+05:30
SALE-003447,SHOP-013,,2026-08-26T08:20:00+05:30,cash,160.00,0.00,7.62,160.00,completed,2026-08-26T08:20:00+05:30
SALE-003448,SHOP-017,,2026-08-26T11:00:00+05:30,cash,875.00,0.00,41.67,875.00,completed,2026-08-26T11:00:00+05:30
SALE-003449,SHOP-017,CUST-0331,2026-08-26T14:00:00+05:30,upi,595.00,0.00,28.33,595.00,completed,2026-08-26T14:00:00+05:30
SALE-003450,SHOP-017,CUST-0343,2026-08-26T08:50:00+05:30,cash,74.00,0.00,3.52,74.00,completed,2026-08-26T08:50:00+05:30
SALE-003451,SHOP-017,CUST-0343,2026-08-26T12:50:00+05:30,upi,85.00,0.00,7.56,85.00,completed,2026-08-26T12:50:00+05:30
SALE-003452,SHOP-019,CUST-0381,2026-08-26T13:50:00+05:30,credit,1700.00,0.00,259.32,1700.00,completed,2026-08-26T13:50:00+05:30
SALE-003453,SHOP-020,,2026-08-26T19:30:00+05:30,upi,46.00,0.00,2.19,46.00,completed,2026-08-26T19:30:00+05:30
SALE-003454,SHOP-020,CUST-0407,2026-08-26T19:50:00+05:30,card,92.00,0.00,4.38,92.00,completed,2026-08-26T19:50:00+05:30
SALE-003455,SHOP-020,CUST-0409,2026-08-26T20:30:00+05:30,credit,234.00,0.00,16.39,234.00,completed,2026-08-26T20:30:00+05:30
SALE-003456,SHOP-020,CUST-0403,2026-08-26T10:20:00+05:30,credit,50.00,0.00,7.63,50.00,completed,2026-08-26T10:20:00+05:30
SALE-003457,SHOP-021,CUST-0436,2026-08-26T08:10:00+05:30,cash,70.00,0.00,7.50,70.00,completed,2026-08-26T08:10:00+05:30
SALE-003458,SHOP-023,,2026-08-26T09:00:00+05:30,cash,315.00,0.00,48.05,315.00,completed,2026-08-26T09:00:00+05:30
SALE-003459,SHOP-023,CUST-0480,2026-08-26T13:10:00+05:30,cash,92.00,0.00,4.38,92.00,completed,2026-08-26T13:10:00+05:30
SALE-003460,SHOP-026,CUST-0525,2026-08-26T11:10:00+05:30,upi,605.00,0.00,28.81,605.00,completed,2026-08-26T11:10:00+05:30
SALE-003461,SHOP-026,CUST-0526,2026-08-26T12:30:00+05:30,upi,300.00,0.00,14.29,300.00,completed,2026-08-26T12:30:00+05:30
SALE-003462,SHOP-028,,2026-08-26T16:50:00+05:30,cash,58.00,0.00,0.00,58.00,completed,2026-08-26T16:50:00+05:30
SALE-003463,SHOP-029,CUST-0600,2026-08-26T18:50:00+05:30,card,497.00,0.00,75.81,497.00,completed,2026-08-26T18:50:00+05:30
SALE-003464,SHOP-031,CUST-0633,2026-08-26T10:10:00+05:30,credit,4448.00,0.00,678.51,4448.00,completed,2026-08-26T10:10:00+05:30
SALE-003465,SHOP-032,,2026-08-26T19:20:00+05:30,upi,374.00,0.00,40.89,374.00,completed,2026-08-26T19:20:00+05:30
SALE-003466,SHOP-033,CUST-0687,2026-08-26T17:30:00+05:30,credit,120.00,0.00,5.71,120.00,completed,2026-08-26T17:30:00+05:30
SALE-003467,SHOP-033,CUST-0682,2026-08-26T20:50:00+05:30,cash,44.00,0.00,0.00,44.00,completed,2026-08-26T20:50:00+05:30
SALE-003468,SHOP-035,CUST-0705,2026-08-26T18:20:00+05:30,cash,519.00,0.00,79.17,519.00,completed,2026-08-26T18:20:00+05:30
SALE-003469,SHOP-035,CUST-0713,2026-08-26T14:40:00+05:30,cash,480.00,0.00,73.22,480.00,completed,2026-08-26T14:40:00+05:30
SALE-003470,SHOP-036,,2026-08-26T10:30:00+05:30,upi,165.00,0.00,7.86,165.00,completed,2026-08-26T10:30:00+05:30
SALE-003471,SHOP-036,,2026-08-26T16:50:00+05:30,upi,110.00,0.00,5.24,110.00,completed,2026-08-26T16:50:00+05:30
SALE-003472,SHOP-037,CUST-0759,2026-08-26T14:50:00+05:30,upi,470.00,0.00,71.69,470.00,completed,2026-08-26T14:50:00+05:30
SALE-003473,SHOP-037,CUST-0752,2026-08-26T15:00:00+05:30,credit,1983.00,0.00,302.49,1983.00,completed,2026-08-26T15:00:00+05:30
SALE-003474,SHOP-038,,2026-08-26T15:20:00+05:30,cash,125.00,0.00,13.73,125.00,completed,2026-08-26T15:20:00+05:30
SALE-003475,SHOP-039,,2026-08-26T19:10:00+05:30,upi,60.00,0.00,9.15,60.00,completed,2026-08-26T19:10:00+05:30
SALE-003476,SHOP-039,CUST-0803,2026-08-26T09:20:00+05:30,upi,461.00,0.00,40.58,461.00,completed,2026-08-26T09:20:00+05:30
SALE-003477,SHOP-040,,2026-08-26T11:10:00+05:30,upi,145.00,0.00,15.54,145.00,completed,2026-08-26T11:10:00+05:30
SALE-003478,SHOP-040,,2026-08-26T14:40:00+05:30,cash,820.00,0.00,99.66,820.00,completed,2026-08-26T14:40:00+05:30
SALE-003479,SHOP-040,CUST-0816,2026-08-26T08:10:00+05:30,cash,410.00,0.00,61.18,410.00,completed,2026-08-26T08:10:00+05:30
SALE-003480,SHOP-042,CUST-0862,2026-08-26T11:20:00+05:30,cash,1182.00,23.64,203.30,1158.36,completed,2026-08-26T11:20:00+05:30
SALE-003481,SHOP-043,CUST-0891,2026-08-26T16:50:00+05:30,upi,827.00,0.00,39.38,827.00,completed,2026-08-26T16:50:00+05:30
SALE-003482,SHOP-044,,2026-08-26T18:40:00+05:30,cash,60.00,0.00,4.64,60.00,completed,2026-08-26T18:40:00+05:30
SALE-003483,SHOP-044,,2026-08-26T20:30:00+05:30,upi,70.00,0.00,0.00,70.00,completed,2026-08-26T20:30:00+05:30
SALE-003484,SHOP-044,CUST-0901,2026-08-26T14:10:00+05:30,credit,205.00,0.00,31.27,205.00,completed,2026-08-26T14:10:00+05:30
SALE-003485,SHOP-046,CUST-0955,2026-08-26T16:00:00+05:30,upi,100.00,0.00,15.25,100.00,completed,2026-08-26T16:00:00+05:30
SALE-003486,SHOP-046,CUST-0937,2026-08-26T11:40:00+05:30,upi,130.00,0.00,19.83,130.00,completed,2026-08-26T11:40:00+05:30
SALE-003487,SHOP-049,CUST-0993,2026-08-26T12:40:00+05:30,card,35.00,0.00,0.00,35.00,completed,2026-08-26T12:40:00+05:30
SALE-003488,SHOP-049,,2026-08-26T10:30:00+05:30,cash,45.00,0.00,0.00,45.00,completed,2026-08-26T10:30:00+05:30
SALE-003489,SHOP-049,CUST-1005,2026-08-26T10:50:00+05:30,card,150.00,0.00,0.00,150.00,completed,2026-08-26T10:50:00+05:30
SALE-003490,SHOP-050,,2026-08-26T14:40:00+05:30,cash,76.00,0.00,11.59,76.00,completed,2026-08-26T14:40:00+05:30
SALE-003491,SHOP-050,CUST-1028,2026-08-26T09:50:00+05:30,upi,130.00,0.00,10.18,130.00,completed,2026-08-26T09:50:00+05:30
SALE-003492,SHOP-001,CUST-0008,2026-08-27T10:30:00+05:30,cash,380.00,0.00,18.10,380.00,completed,2026-08-27T10:30:00+05:30
SALE-003493,SHOP-003,CUST-0060,2026-08-27T15:50:00+05:30,credit,375.00,0.00,51.98,375.00,completed,2026-08-27T15:50:00+05:30
SALE-003494,SHOP-003,CUST-0048,2026-08-27T08:50:00+05:30,upi,90.00,0.00,13.73,90.00,completed,2026-08-27T08:50:00+05:30
SALE-003495,SHOP-004,CUST-0069,2026-08-27T10:20:00+05:30,upi,28.00,0.00,0.00,28.00,completed,2026-08-27T10:20:00+05:30
SALE-003496,SHOP-004,CUST-0068,2026-08-27T11:20:00+05:30,upi,741.00,0.00,53.62,741.00,completed,2026-08-27T11:20:00+05:30
SALE-003497,SHOP-004,CUST-0066,2026-08-27T19:40:00+05:30,upi,60.00,0.00,6.43,60.00,completed,2026-08-27T19:40:00+05:30
SALE-003498,SHOP-005,CUST-0096,2026-08-27T14:30:00+05:30,cash,599.00,0.00,91.37,599.00,returned,2026-08-27T14:30:00+05:30
SALE-003499,SHOP-005,CUST-0086,2026-08-27T14:20:00+05:30,cash,1494.00,0.00,227.90,1494.00,completed,2026-08-27T14:20:00+05:30
SALE-003500,SHOP-006,,2026-08-27T16:20:00+05:30,upi,70.00,0.00,3.33,70.00,completed,2026-08-27T16:20:00+05:30
SALE-003501,SHOP-008,CUST-0150,2026-08-27T13:30:00+05:30,credit,99.00,0.00,15.10,99.00,completed,2026-08-27T13:30:00+05:30
SALE-003502,SHOP-008,CUST-0155,2026-08-27T14:10:00+05:30,credit,339.00,0.00,51.71,339.00,completed,2026-08-27T14:10:00+05:30
SALE-003503,SHOP-008,CUST-0164,2026-08-27T09:30:00+05:30,credit,5250.00,0.00,800.85,5250.00,completed,2026-08-27T09:30:00+05:30
SALE-003504,SHOP-009,CUST-0190,2026-08-27T14:30:00+05:30,upi,50.00,0.00,5.36,50.00,completed,2026-08-27T14:30:00+05:30
SALE-003505,SHOP-010,CUST-0198,2026-08-27T20:40:00+05:30,upi,398.00,0.00,60.71,398.00,completed,2026-08-27T20:40:00+05:30
SALE-003506,SHOP-011,,2026-08-27T20:10:00+05:30,upi,362.00,0.00,29.20,362.00,completed,2026-08-27T20:10:00+05:30
SALE-003507,SHOP-011,,2026-08-27T14:30:00+05:30,cash,720.00,0.00,34.29,720.00,completed,2026-08-27T14:30:00+05:30
SALE-003508,SHOP-011,CUST-0206,2026-08-27T10:00:00+05:30,upi,168.00,0.00,11.99,168.00,completed,2026-08-27T10:00:00+05:30
SALE-003509,SHOP-011,,2026-08-27T19:20:00+05:30,upi,495.00,0.00,23.57,495.00,completed,2026-08-27T19:20:00+05:30
SALE-003510,SHOP-012,,2026-08-27T13:10:00+05:30,upi,90.00,0.00,3.81,90.00,completed,2026-08-27T13:10:00+05:30
SALE-003511,SHOP-013,CUST-0270,2026-08-27T12:40:00+05:30,upi,200.00,0.00,9.52,200.00,completed,2026-08-27T12:40:00+05:30
SALE-003512,SHOP-013,CUST-0264,2026-08-27T08:20:00+05:30,upi,750.00,0.00,35.71,750.00,completed,2026-08-27T08:20:00+05:30
SALE-003513,SHOP-015,CUST-0296,2026-08-27T08:00:00+05:30,upi,18.00,0.00,2.75,18.00,completed,2026-08-27T08:00:00+05:30
SALE-003514,SHOP-016,CUST-0321,2026-08-27T08:10:00+05:30,cash,199.00,0.00,30.36,199.00,completed,2026-08-27T08:10:00+05:30
SALE-003515,SHOP-016,CUST-0321,2026-08-27T09:20:00+05:30,upi,3594.00,0.00,548.24,3594.00,completed,2026-08-27T09:20:00+05:30
SALE-003516,SHOP-017,,2026-08-27T08:50:00+05:30,upi,210.00,0.00,32.03,210.00,completed,2026-08-27T08:50:00+05:30
SALE-003517,SHOP-017,,2026-08-27T12:30:00+05:30,upi,395.00,0.00,15.24,395.00,completed,2026-08-27T12:30:00+05:30
SALE-003518,SHOP-020,CUST-0406,2026-08-27T15:50:00+05:30,credit,411.00,0.00,19.57,411.00,completed,2026-08-27T15:50:00+05:30
SALE-003519,SHOP-020,,2026-08-27T10:40:00+05:30,upi,390.00,0.00,18.57,390.00,completed,2026-08-27T10:40:00+05:30
SALE-003520,SHOP-020,CUST-0427,2026-08-27T19:40:00+05:30,upi,240.00,0.00,14.29,240.00,completed,2026-08-27T19:40:00+05:30
SALE-003521,SHOP-020,CUST-0412,2026-08-27T20:30:00+05:30,cash,540.00,0.00,29.75,540.00,completed,2026-08-27T20:30:00+05:30
SALE-003522,SHOP-021,,2026-08-27T19:50:00+05:30,cash,132.00,0.00,14.69,132.00,completed,2026-08-27T19:50:00+05:30
SALE-003523,SHOP-021,,2026-08-27T08:00:00+05:30,cash,446.00,0.00,61.22,446.00,completed,2026-08-27T08:00:00+05:30
SALE-003524,SHOP-022,CUST-0455,2026-08-27T08:00:00+05:30,upi,1299.00,25.98,194.19,1273.02,completed,2026-08-27T08:00:00+05:30
SALE-003525,SHOP-023,,2026-08-27T18:00:00+05:30,cash,75.00,0.00,11.44,75.00,completed,2026-08-27T18:00:00+05:30
SALE-003526,SHOP-023,,2026-08-27T11:20:00+05:30,upi,1680.00,0.00,80.00,1680.00,completed,2026-08-27T11:20:00+05:30
SALE-003527,SHOP-023,,2026-08-27T11:00:00+05:30,cash,1320.00,0.00,62.86,1320.00,completed,2026-08-27T11:00:00+05:30
SALE-003528,SHOP-024,CUST-0497,2026-08-27T10:00:00+05:30,card,157.00,0.00,7.48,157.00,completed,2026-08-27T10:00:00+05:30
SALE-003529,SHOP-026,,2026-08-27T17:00:00+05:30,upi,545.00,16.35,30.26,528.65,completed,2026-08-27T17:00:00+05:30
SALE-003530,SHOP-026,CUST-0522,2026-08-27T13:00:00+05:30,credit,530.00,26.50,19.64,503.50,completed,2026-08-27T13:00:00+05:30
SALE-003531,SHOP-027,CUST-0555,2026-08-27T19:50:00+05:30,card,56.00,0.00,6.00,56.00,completed,2026-08-27T19:50:00+05:30
SALE-003532,SHOP-028,CUST-0594,2026-08-27T20:30:00+05:30,credit,118.00,0.00,7.86,118.00,completed,2026-08-27T20:30:00+05:30
SALE-003533,SHOP-029,,2026-08-27T10:00:00+05:30,cash,1998.00,0.00,304.78,1998.00,completed,2026-08-27T10:00:00+05:30
SALE-003534,SHOP-030,CUST-0627,2026-08-27T09:50:00+05:30,cash,25.00,0.00,3.81,25.00,completed,2026-08-27T09:50:00+05:30
SALE-003535,SHOP-030,CUST-0625,2026-08-27T16:40:00+05:30,cash,320.00,0.00,18.81,320.00,completed,2026-08-27T16:40:00+05:30
SALE-003536,SHOP-032,,2026-08-27T16:20:00+05:30,cash,60.00,0.00,7.79,60.00,completed,2026-08-27T16:20:00+05:30
SALE-003537,SHOP-032,CUST-0650,2026-08-27T16:40:00+05:30,cash,365.00,0.00,17.38,365.00,completed,2026-08-27T16:40:00+05:30
SALE-003538,SHOP-034,,2026-08-27T16:20:00+05:30,upi,41.00,0.00,6.03,41.00,completed,2026-08-27T16:20:00+05:30
SALE-003539,SHOP-036,CUST-0743,2026-08-27T18:40:00+05:30,upi,92.00,0.00,4.38,92.00,completed,2026-08-27T18:40:00+05:30
SALE-003540,SHOP-036,,2026-08-27T11:20:00+05:30,upi,615.00,0.00,29.29,615.00,completed,2026-08-27T11:20:00+05:30
SALE-003541,SHOP-037,CUST-0757,2026-08-27T15:20:00+05:30,upi,970.00,0.00,202.26,970.00,completed,2026-08-27T15:20:00+05:30
SALE-003542,SHOP-037,CUST-0763,2026-08-27T08:10:00+05:30,upi,180.00,0.00,27.46,180.00,completed,2026-08-27T08:10:00+05:30
SALE-003543,SHOP-038,CUST-0788,2026-08-27T18:30:00+05:30,upi,240.00,0.00,12.50,240.00,completed,2026-08-27T18:30:00+05:30
SALE-003544,SHOP-039,,2026-08-27T08:50:00+05:30,upi,20.00,0.00,2.14,20.00,completed,2026-08-27T08:50:00+05:30
SALE-003545,SHOP-039,,2026-08-27T09:30:00+05:30,cash,350.00,0.00,17.86,350.00,completed,2026-08-27T09:30:00+05:30
SALE-003546,SHOP-040,CUST-0838,2026-08-27T09:20:00+05:30,cash,60.00,0.00,7.56,60.00,completed,2026-08-27T09:20:00+05:30
SALE-003547,SHOP-040,,2026-08-27T19:30:00+05:30,upi,225.00,0.00,28.87,225.00,completed,2026-08-27T19:30:00+05:30
SALE-003548,SHOP-042,,2026-08-27T14:30:00+05:30,cash,1170.00,0.00,178.47,1170.00,completed,2026-08-27T14:30:00+05:30
SALE-003549,SHOP-043,CUST-0877,2026-08-27T14:20:00+05:30,credit,190.00,0.00,9.05,190.00,completed,2026-08-27T14:20:00+05:30
SALE-003550,SHOP-044,CUST-0907,2026-08-27T10:10:00+05:30,credit,230.00,0.00,25.78,230.00,completed,2026-08-27T10:10:00+05:30
SALE-003551,SHOP-044,,2026-08-27T08:10:00+05:30,upi,478.00,0.00,68.64,478.00,completed,2026-08-27T08:10:00+05:30
SALE-003552,SHOP-044,CUST-0900,2026-08-27T13:20:00+05:30,credit,148.00,0.00,1.90,148.00,completed,2026-08-27T13:20:00+05:30
SALE-003553,SHOP-045,,2026-08-27T17:00:00+05:30,cash,135.00,0.00,6.43,135.00,completed,2026-08-27T17:00:00+05:30
SALE-003554,SHOP-045,CUST-0933,2026-08-27T18:00:00+05:30,credit,821.00,0.00,57.87,821.00,completed,2026-08-27T18:00:00+05:30
SALE-003555,SHOP-046,,2026-08-27T20:20:00+05:30,upi,145.00,0.00,16.67,145.00,completed,2026-08-27T20:20:00+05:30
SALE-003556,SHOP-046,CUST-0952,2026-08-27T18:10:00+05:30,upi,30.00,0.00,4.58,30.00,completed,2026-08-27T18:10:00+05:30
SALE-003557,SHOP-047,CUST-0962,2026-08-27T08:30:00+05:30,upi,846.00,0.00,129.05,846.00,completed,2026-08-27T08:30:00+05:30
SALE-003558,SHOP-047,CUST-0970,2026-08-27T15:10:00+05:30,upi,747.00,0.00,113.95,747.00,completed,2026-08-27T15:10:00+05:30
SALE-003559,SHOP-049,CUST-1003,2026-08-27T08:40:00+05:30,cash,295.00,0.00,7.74,295.00,completed,2026-08-27T08:40:00+05:30
SALE-003560,SHOP-050,CUST-1012,2026-08-27T16:20:00+05:30,card,150.00,0.00,7.14,150.00,completed,2026-08-27T16:20:00+05:30
SALE-003561,SHOP-050,CUST-1019,2026-08-27T08:40:00+05:30,cash,503.00,0.00,54.62,503.00,completed,2026-08-27T08:40:00+05:30
SALE-003562,SHOP-001,CUST-0014,2026-08-28T16:20:00+05:30,card,25.00,0.00,3.81,25.00,completed,2026-08-28T16:20:00+05:30
SALE-003563,SHOP-001,CUST-0007,2026-08-28T18:10:00+05:30,upi,3280.00,0.00,164.06,3280.00,completed,2026-08-28T18:10:00+05:30
SALE-003564,SHOP-004,CUST-0066,2026-08-28T16:40:00+05:30,upi,76.00,0.00,3.62,76.00,completed,2026-08-28T16:40:00+05:30
SALE-003565,SHOP-005,CUST-0093,2026-08-28T17:00:00+05:30,upi,630.00,0.00,96.10,630.00,completed,2026-08-28T17:00:00+05:30
SALE-003566,SHOP-007,CUST-0133,2026-08-28T09:00:00+05:30,cash,50.00,0.00,0.00,50.00,completed,2026-08-28T09:00:00+05:30
SALE-003567,SHOP-008,CUST-0147,2026-08-28T19:10:00+05:30,credit,1640.00,0.00,358.75,1640.00,completed,2026-08-28T19:10:00+05:30
SALE-003568,SHOP-008,CUST-0164,2026-08-28T16:40:00+05:30,credit,12.00,0.00,1.83,12.00,completed,2026-08-28T16:40:00+05:30
SALE-003569,SHOP-009,CUST-0185,2026-08-28T16:10:00+05:30,credit,250.00,0.00,38.14,250.00,completed,2026-08-28T16:10:00+05:30
SALE-003570,SHOP-011,,2026-08-28T16:40:00+05:30,cash,1170.00,0.00,55.71,1170.00,completed,2026-08-28T16:40:00+05:30
SALE-003571,SHOP-012,,2026-08-28T08:10:00+05:30,cash,35.00,0.00,0.00,35.00,completed,2026-08-28T08:10:00+05:30
SALE-003572,SHOP-013,,2026-08-28T08:50:00+05:30,upi,1405.00,0.00,77.92,1405.00,completed,2026-08-28T08:50:00+05:30
SALE-003573,SHOP-014,,2026-08-28T14:30:00+05:30,upi,5523.00,0.00,842.49,5523.00,completed,2026-08-28T14:30:00+05:30
SALE-003574,SHOP-015,CUST-0306,2026-08-28T08:00:00+05:30,upi,210.00,0.00,32.03,210.00,completed,2026-08-28T08:00:00+05:30
SALE-003575,SHOP-016,CUST-0315,2026-08-28T10:10:00+05:30,upi,2295.00,0.00,350.08,2295.00,completed,2026-08-28T10:10:00+05:30
SALE-003576,SHOP-017,,2026-08-28T10:10:00+05:30,upi,165.00,0.00,7.86,165.00,completed,2026-08-28T10:10:00+05:30
SALE-003577,SHOP-017,,2026-08-28T14:20:00+05:30,upi,315.00,0.00,15.00,315.00,completed,2026-08-28T14:20:00+05:30
SALE-003578,SHOP-017,CUST-0336,2026-08-28T13:40:00+05:30,cash,183.00,0.00,8.71,183.00,completed,2026-08-28T13:40:00+05:30
SALE-003579,SHOP-017,CUST-0326,2026-08-28T11:20:00+05:30,upi,438.00,0.00,41.84,438.00,completed,2026-08-28T11:20:00+05:30
SALE-003580,SHOP-018,CUST-0365,2026-08-28T13:50:00+05:30,credit,105.00,0.00,6.07,105.00,completed,2026-08-28T13:50:00+05:30
SALE-003581,SHOP-019,CUST-0388,2026-08-28T16:10:00+05:30,credit,4830.00,0.00,818.22,4830.00,completed,2026-08-28T16:10:00+05:30
SALE-003582,SHOP-019,,2026-08-28T18:20:00+05:30,cash,509.00,0.00,104.79,509.00,completed,2026-08-28T18:20:00+05:30
SALE-003583,SHOP-019,CUST-0394,2026-08-28T18:20:00+05:30,credit,60.00,0.00,9.15,60.00,completed,2026-08-28T18:20:00+05:30
SALE-003584,SHOP-020,CUST-0405,2026-08-28T08:00:00+05:30,credit,60.00,0.00,6.43,60.00,completed,2026-08-28T08:00:00+05:30
SALE-003585,SHOP-020,CUST-0423,2026-08-28T08:30:00+05:30,cash,407.00,0.00,52.43,407.00,completed,2026-08-28T08:30:00+05:30
SALE-003586,SHOP-021,CUST-0446,2026-08-28T16:10:00+05:30,upi,56.00,0.00,6.00,56.00,completed,2026-08-28T16:10:00+05:30
SALE-003587,SHOP-022,CUST-0454,2026-08-28T14:30:00+05:30,cash,4145.00,124.35,613.32,4020.65,completed,2026-08-28T14:30:00+05:30
SALE-003588,SHOP-023,CUST-0478,2026-08-28T15:20:00+05:30,cash,75.00,0.00,11.44,75.00,completed,2026-08-28T15:20:00+05:30
SALE-003589,SHOP-023,CUST-0469,2026-08-28T11:10:00+05:30,cash,154.00,0.00,7.33,154.00,completed,2026-08-28T11:10:00+05:30
SALE-003590,SHOP-023,,2026-08-28T10:40:00+05:30,upi,165.00,0.00,7.86,165.00,completed,2026-08-28T10:40:00+05:30
SALE-003591,SHOP-024,CUST-0495,2026-08-28T11:20:00+05:30,upi,164.00,0.00,0.00,164.00,completed,2026-08-28T11:20:00+05:30
SALE-003592,SHOP-024,,2026-08-28T10:20:00+05:30,upi,990.00,0.00,104.84,990.00,completed,2026-08-28T10:20:00+05:30
SALE-003593,SHOP-026,CUST-0541,2026-08-28T16:40:00+05:30,upi,521.00,0.00,29.69,521.00,completed,2026-08-28T16:40:00+05:30
SALE-003594,SHOP-026,CUST-0527,2026-08-28T20:10:00+05:30,upi,285.00,0.00,13.73,285.00,completed,2026-08-28T20:10:00+05:30
SALE-003595,SHOP-027,,2026-08-28T18:50:00+05:30,upi,126.00,0.00,13.50,126.00,completed,2026-08-28T18:50:00+05:30
SALE-003596,SHOP-028,CUST-0587,2026-08-28T15:30:00+05:30,cash,30.00,0.00,0.00,30.00,completed,2026-08-28T15:30:00+05:30
SALE-003597,SHOP-028,,2026-08-28T08:30:00+05:30,cash,28.00,0.00,0.00,28.00,completed,2026-08-28T08:30:00+05:30
SALE-003598,SHOP-028,,2026-08-28T18:40:00+05:30,cash,151.00,0.00,4.52,151.00,completed,2026-08-28T18:40:00+05:30
SALE-003599,SHOP-028,CUST-0578,2026-08-28T18:50:00+05:30,upi,133.00,0.00,0.95,133.00,completed,2026-08-28T18:50:00+05:30
SALE-003600,SHOP-029,CUST-0609,2026-08-28T18:40:00+05:30,credit,597.00,0.00,91.07,597.00,completed,2026-08-28T18:40:00+05:30
SALE-003601,SHOP-029,CUST-0600,2026-08-28T14:20:00+05:30,cash,1695.00,0.00,258.56,1695.00,completed,2026-08-28T14:20:00+05:30
SALE-003602,SHOP-030,CUST-0628,2026-08-28T11:10:00+05:30,upi,450.00,0.00,21.43,450.00,completed,2026-08-28T11:10:00+05:30
SALE-003603,SHOP-031,,2026-08-28T19:50:00+05:30,cash,1024.00,0.00,210.49,1024.00,completed,2026-08-28T19:50:00+05:30
SALE-003604,SHOP-032,,2026-08-28T16:50:00+05:30,cash,1418.00,42.54,75.47,1375.46,completed,2026-08-28T16:50:00+05:30
SALE-003605,SHOP-032,,2026-08-28T17:40:00+05:30,upi,895.00,44.75,59.43,850.25,completed,2026-08-28T17:40:00+05:30
SALE-003606,SHOP-032,,2026-08-28T20:20:00+05:30,cash,4515.00,0.00,238.08,4515.00,completed,2026-08-28T20:20:00+05:30
SALE-003607,SHOP-033,,2026-08-28T15:10:00+05:30,upi,350.00,0.00,37.50,350.00,completed,2026-08-28T15:10:00+05:30
SALE-003608,SHOP-034,CUST-0704,2026-08-28T18:50:00+05:30,cash,44.00,0.00,5.80,44.00,completed,2026-08-28T18:50:00+05:30
SALE-003609,SHOP-035,CUST-0713,2026-08-28T16:30:00+05:30,cash,1644.00,0.00,250.78,1644.00,completed,2026-08-28T16:30:00+05:30
SALE-003610,SHOP-036,CUST-0742,2026-08-28T11:10:00+05:30,credit,708.00,0.00,33.71,708.00,completed,2026-08-28T11:10:00+05:30
SALE-003611,SHOP-036,CUST-0731,2026-08-28T18:40:00+05:30,upi,30.00,0.00,3.21,30.00,completed,2026-08-28T18:40:00+05:30
SALE-003612,SHOP-037,CUST-0750,2026-08-28T17:50:00+05:30,upi,450.00,0.00,68.64,450.00,completed,2026-08-28T17:50:00+05:30
SALE-003613,SHOP-037,,2026-08-28T16:40:00+05:30,upi,758.00,0.00,115.63,758.00,completed,2026-08-28T16:40:00+05:30
SALE-003614,SHOP-037,CUST-0765,2026-08-28T12:20:00+05:30,credit,4097.00,0.00,842.13,4097.00,completed,2026-08-28T12:20:00+05:30
SALE-003615,SHOP-038,CUST-0788,2026-08-28T15:00:00+05:30,upi,108.00,0.00,0.00,108.00,completed,2026-08-28T15:00:00+05:30
SALE-003616,SHOP-039,CUST-0808,2026-08-28T12:00:00+05:30,upi,1366.00,0.00,65.05,1366.00,completed,2026-08-28T12:00:00+05:30
SALE-003617,SHOP-039,CUST-0794,2026-08-28T09:50:00+05:30,cash,698.00,0.00,33.24,698.00,completed,2026-08-28T09:50:00+05:30
SALE-003618,SHOP-039,CUST-0793,2026-08-28T17:00:00+05:30,cash,246.00,0.00,17.59,246.00,completed,2026-08-28T17:00:00+05:30
SALE-003619,SHOP-041,CUST-0840,2026-08-28T10:10:00+05:30,upi,1222.00,0.00,186.41,1222.00,completed,2026-08-28T10:10:00+05:30
SALE-003620,SHOP-042,CUST-0864,2026-08-28T14:00:00+05:30,upi,120.00,0.00,18.31,120.00,completed,2026-08-28T14:00:00+05:30
SALE-003621,SHOP-042,,2026-08-28T12:20:00+05:30,upi,1110.00,0.00,197.79,1110.00,completed,2026-08-28T12:20:00+05:30
SALE-003622,SHOP-043,,2026-08-28T14:30:00+05:30,upi,510.00,0.00,24.29,510.00,completed,2026-08-28T14:30:00+05:30
SALE-003623,SHOP-044,CUST-0908,2026-08-28T12:10:00+05:30,cash,190.00,0.00,22.88,190.00,completed,2026-08-28T12:10:00+05:30
SALE-003624,SHOP-044,CUST-0902,2026-08-28T20:50:00+05:30,cash,811.00,0.00,74.29,811.00,completed,2026-08-28T20:50:00+05:30
SALE-003625,SHOP-045,CUST-0918,2026-08-28T14:20:00+05:30,credit,168.00,0.00,11.99,168.00,completed,2026-08-28T14:20:00+05:30
SALE-003626,SHOP-045,,2026-08-28T08:40:00+05:30,cash,40.00,0.00,1.90,40.00,completed,2026-08-28T08:40:00+05:30
SALE-003627,SHOP-045,CUST-0920,2026-08-28T16:20:00+05:30,upi,60.00,0.00,6.43,60.00,completed,2026-08-28T16:20:00+05:30
SALE-003628,SHOP-046,CUST-0956,2026-08-28T12:40:00+05:30,cash,139.00,0.00,19.16,139.00,completed,2026-08-28T12:40:00+05:30
SALE-003629,SHOP-049,CUST-1002,2026-08-28T11:10:00+05:30,card,173.00,0.00,10.48,173.00,completed,2026-08-28T11:10:00+05:30
SALE-003630,SHOP-049,CUST-0991,2026-08-28T19:00:00+05:30,cash,288.00,0.00,14.07,288.00,completed,2026-08-28T19:00:00+05:30
SALE-003631,SHOP-049,CUST-1006,2026-08-28T20:50:00+05:30,credit,300.00,0.00,45.76,300.00,completed,2026-08-28T20:50:00+05:30
SALE-003632,SHOP-050,CUST-1034,2026-08-28T18:40:00+05:30,upi,35.00,0.00,1.67,35.00,completed,2026-08-28T18:40:00+05:30
SALE-003633,SHOP-002,CUST-0030,2026-08-29T12:30:00+05:30,cash,458.00,0.00,69.86,458.00,completed,2026-08-29T12:30:00+05:30
SALE-003634,SHOP-003,CUST-0054,2026-08-29T08:30:00+05:30,upi,112.00,0.00,12.54,112.00,completed,2026-08-29T08:30:00+05:30
SALE-003635,SHOP-004,CUST-0084,2026-08-29T16:10:00+05:30,credit,35.00,0.00,0.00,35.00,completed,2026-08-29T16:10:00+05:30
SALE-003636,SHOP-005,CUST-0100,2026-08-29T13:20:00+05:30,upi,3597.00,0.00,548.69,3597.00,completed,2026-08-29T13:20:00+05:30
SALE-003637,SHOP-005,CUST-0097,2026-08-29T14:10:00+05:30,credit,3145.00,157.25,455.76,2987.75,completed,2026-08-29T14:10:00+05:30
SALE-003638,SHOP-006,CUST-0104,2026-08-29T10:30:00+05:30,credit,76.00,0.00,5.40,76.00,completed,2026-08-29T10:30:00+05:30
SALE-003639,SHOP-006,CUST-0106,2026-08-29T08:40:00+05:30,upi,1430.00,0.00,73.34,1430.00,completed,2026-08-29T08:40:00+05:30
SALE-003640,SHOP-007,,2026-08-29T18:00:00+05:30,cash,165.00,0.00,0.00,165.00,completed,2026-08-29T18:00:00+05:30
SALE-003641,SHOP-007,CUST-0144,2026-08-29T17:00:00+05:30,cash,126.00,0.00,1.00,126.00,completed,2026-08-29T17:00:00+05:30
SALE-003642,SHOP-007,CUST-0131,2026-08-29T08:00:00+05:30,credit,190.00,0.00,0.00,190.00,completed,2026-08-29T08:00:00+05:30
SALE-003643,SHOP-008,CUST-0163,2026-08-29T16:40:00+05:30,upi,80.00,0.00,12.20,80.00,completed,2026-08-29T16:40:00+05:30
SALE-003644,SHOP-009,,2026-08-29T10:20:00+05:30,cash,5.00,0.00,0.54,5.00,returned,2026-08-29T10:20:00+05:30
SALE-003645,SHOP-010,CUST-0191,2026-08-29T08:30:00+05:30,cash,1998.00,59.94,295.64,1938.06,completed,2026-08-29T08:30:00+05:30
SALE-003646,SHOP-011,CUST-0219,2026-08-29T09:10:00+05:30,cash,314.00,0.00,32.16,314.00,completed,2026-08-29T09:10:00+05:30
SALE-003647,SHOP-011,CUST-0230,2026-08-29T12:00:00+05:30,upi,800.00,0.00,38.10,800.00,completed,2026-08-29T12:00:00+05:30
SALE-003648,SHOP-011,CUST-0217,2026-08-29T12:40:00+05:30,credit,300.00,0.00,14.29,300.00,completed,2026-08-29T12:40:00+05:30
SALE-003649,SHOP-012,,2026-08-29T19:10:00+05:30,cash,366.00,0.00,14.76,366.00,completed,2026-08-29T19:10:00+05:30
SALE-003650,SHOP-013,,2026-08-29T18:40:00+05:30,upi,870.00,0.00,60.31,870.00,completed,2026-08-29T18:40:00+05:30
SALE-003651,SHOP-013,,2026-08-29T18:30:00+05:30,upi,425.00,0.00,19.05,425.00,completed,2026-08-29T18:30:00+05:30
SALE-003652,SHOP-013,CUST-0262,2026-08-29T19:50:00+05:30,upi,15.00,0.00,1.61,15.00,completed,2026-08-29T19:50:00+05:30
SALE-003653,SHOP-015,CUST-0294,2026-08-29T19:40:00+05:30,upi,270.00,0.00,38.46,270.00,completed,2026-08-29T19:40:00+05:30
SALE-003654,SHOP-017,,2026-08-29T19:40:00+05:30,cash,445.00,0.00,21.19,445.00,completed,2026-08-29T19:40:00+05:30
SALE-003655,SHOP-017,,2026-08-29T13:50:00+05:30,upi,391.00,0.00,58.96,391.00,completed,2026-08-29T13:50:00+05:30
SALE-003656,SHOP-018,CUST-0365,2026-08-29T12:00:00+05:30,cash,126.00,0.00,4.67,126.00,completed,2026-08-29T12:00:00+05:30
SALE-003657,SHOP-020,,2026-08-29T10:20:00+05:30,upi,95.00,0.00,14.49,95.00,completed,2026-08-29T10:20:00+05:30
SALE-003658,SHOP-021,CUST-0436,2026-08-29T15:40:00+05:30,credit,252.00,0.00,38.44,252.00,completed,2026-08-29T15:40:00+05:30
SALE-003659,SHOP-024,CUST-0499,2026-08-29T12:40:00+05:30,cash,45.00,0.00,0.00,45.00,completed,2026-08-29T12:40:00+05:30
SALE-003660,SHOP-025,CUST-0501,2026-08-29T11:10:00+05:30,cash,1404.00,0.00,268.46,1404.00,completed,2026-08-29T11:10:00+05:30
SALE-003661,SHOP-026,CUST-0535,2026-08-29T13:00:00+05:30,credit,234.00,0.00,24.29,234.00,completed,2026-08-29T13:00:00+05:30
SALE-003662,SHOP-026,CUST-0546,2026-08-29T08:40:00+05:30,credit,219.00,0.00,13.05,219.00,completed,2026-08-29T08:40:00+05:30
SALE-003663,SHOP-027,CUST-0560,2026-08-29T17:20:00+05:30,upi,355.00,0.00,49.39,355.00,completed,2026-08-29T17:20:00+05:30
SALE-003664,SHOP-028,CUST-0576,2026-08-29T13:20:00+05:30,cash,120.00,0.00,0.00,120.00,completed,2026-08-29T13:20:00+05:30
SALE-003665,SHOP-028,,2026-08-29T09:10:00+05:30,card,76.00,0.00,3.62,76.00,completed,2026-08-29T09:10:00+05:30
SALE-003666,SHOP-028,,2026-08-29T18:50:00+05:30,upi,164.00,0.00,0.00,164.00,completed,2026-08-29T18:50:00+05:30
SALE-003667,SHOP-028,CUST-0582,2026-08-29T19:30:00+05:30,cash,245.00,0.00,11.25,245.00,completed,2026-08-29T19:30:00+05:30
SALE-003668,SHOP-029,CUST-0596,2026-08-29T16:00:00+05:30,upi,3143.00,0.00,479.44,3143.00,completed,2026-08-29T16:00:00+05:30
SALE-003669,SHOP-029,CUST-0603,2026-08-29T18:10:00+05:30,upi,2996.00,89.88,443.31,2906.12,completed,2026-08-29T18:10:00+05:30
SALE-003670,SHOP-030,,2026-08-29T16:20:00+05:30,upi,130.00,0.00,9.34,130.00,completed,2026-08-29T16:20:00+05:30
SALE-003671,SHOP-030,,2026-08-29T09:20:00+05:30,upi,220.00,0.00,3.81,220.00,completed,2026-08-29T09:20:00+05:30
SALE-003672,SHOP-032,CUST-0663,2026-08-29T14:10:00+05:30,cash,450.00,0.00,21.43,450.00,completed,2026-08-29T14:10:00+05:30
SALE-003673,SHOP-032,CUST-0656,2026-08-29T16:40:00+05:30,cash,220.00,0.00,33.56,220.00,completed,2026-08-29T16:40:00+05:30
SALE-003674,SHOP-033,,2026-08-29T11:00:00+05:30,cash,181.00,0.00,6.43,181.00,completed,2026-08-29T11:00:00+05:30
SALE-003675,SHOP-034,CUST-0697,2026-08-29T09:00:00+05:30,upi,52.00,0.00,5.57,52.00,completed,2026-08-29T09:00:00+05:30
SALE-003676,SHOP-036,CUST-0735,2026-08-29T16:00:00+05:30,cash,80.00,0.00,3.81,80.00,completed,2026-08-29T16:00:00+05:30
SALE-003677,SHOP-037,CUST-0774,2026-08-29T09:30:00+05:30,credit,2460.00,0.00,375.25,2460.00,completed,2026-08-29T09:30:00+05:30
SALE-003678,SHOP-038,,2026-08-29T14:00:00+05:30,upi,88.00,0.00,6.43,88.00,returned,2026-08-29T14:00:00+05:30
SALE-003679,SHOP-040,CUST-0821,2026-08-29T19:30:00+05:30,cash,455.00,0.00,52.84,455.00,completed,2026-08-29T19:30:00+05:30
SALE-003680,SHOP-040,CUST-0824,2026-08-29T20:50:00+05:30,upi,120.00,0.00,18.31,120.00,completed,2026-08-29T20:50:00+05:30
SALE-003681,SHOP-040,,2026-08-29T12:50:00+05:30,cash,70.00,0.00,10.68,70.00,completed,2026-08-29T12:50:00+05:30
SALE-003682,SHOP-041,CUST-0851,2026-08-29T11:30:00+05:30,upi,1595.00,0.00,243.31,1595.00,completed,2026-08-29T11:30:00+05:30
SALE-003683,SHOP-042,CUST-0870,2026-08-29T17:10:00+05:30,credit,215.00,0.00,32.80,215.00,completed,2026-08-29T17:10:00+05:30
SALE-003684,SHOP-043,CUST-0885,2026-08-29T19:20:00+05:30,credit,243.00,0.00,17.87,243.00,completed,2026-08-29T19:20:00+05:30
SALE-003685,SHOP-045,CUST-0915,2026-08-29T17:50:00+05:30,cash,165.00,0.00,11.67,165.00,completed,2026-08-29T17:50:00+05:30
SALE-003686,SHOP-045,CUST-0921,2026-08-29T19:30:00+05:30,upi,633.00,0.00,0.86,633.00,completed,2026-08-29T19:30:00+05:30
SALE-003687,SHOP-046,CUST-0943,2026-08-29T08:10:00+05:30,upi,60.00,0.00,6.43,60.00,completed,2026-08-29T08:10:00+05:30
SALE-003688,SHOP-047,,2026-08-29T13:40:00+05:30,cash,398.00,0.00,60.71,398.00,completed,2026-08-29T13:40:00+05:30
SALE-003689,SHOP-049,,2026-08-29T14:20:00+05:30,cash,76.00,0.00,3.62,76.00,completed,2026-08-29T14:20:00+05:30
SALE-003690,SHOP-050,,2026-08-29T17:10:00+05:30,cash,183.00,0.00,9.61,183.00,completed,2026-08-29T17:10:00+05:30
SALE-003691,SHOP-050,CUST-1034,2026-08-29T19:00:00+05:30,upi,210.00,0.00,32.03,210.00,completed,2026-08-29T19:00:00+05:30
SALE-003692,SHOP-001,CUST-0022,2026-08-30T12:20:00+05:30,upi,136.00,0.00,20.75,136.00,completed,2026-08-30T12:20:00+05:30
SALE-003693,SHOP-001,CUST-0009,2026-08-30T17:00:00+05:30,upi,165.00,0.00,7.86,165.00,completed,2026-08-30T17:00:00+05:30
SALE-003694,SHOP-003,CUST-0053,2026-08-30T17:20:00+05:30,cash,220.00,0.00,26.75,220.00,completed,2026-08-30T17:20:00+05:30
SALE-003695,SHOP-003,CUST-0057,2026-08-30T08:30:00+05:30,cash,144.00,0.00,19.70,144.00,completed,2026-08-30T08:30:00+05:30
SALE-003696,SHOP-004,CUST-0085,2026-08-30T15:20:00+05:30,credit,318.00,0.00,27.46,318.00,completed,2026-08-30T15:20:00+05:30
SALE-003697,SHOP-005,CUST-0095,2026-08-30T16:50:00+05:30,upi,2398.00,0.00,365.80,2398.00,completed,2026-08-30T16:50:00+05:30
SALE-003698,SHOP-005,CUST-0087,2026-08-30T16:50:00+05:30,cash,996.00,0.00,151.93,996.00,completed,2026-08-30T16:50:00+05:30
SALE-003699,SHOP-006,CUST-0117,2026-08-30T15:40:00+05:30,credit,450.00,0.00,21.43,450.00,completed,2026-08-30T15:40:00+05:30
SALE-003700,SHOP-006,CUST-0125,2026-08-30T11:40:00+05:30,upi,641.00,0.00,30.52,641.00,completed,2026-08-30T11:40:00+05:30
SALE-003701,SHOP-007,CUST-0137,2026-08-30T17:30:00+05:30,credit,405.00,0.00,17.14,405.00,completed,2026-08-30T17:30:00+05:30
SALE-003702,SHOP-009,CUST-0179,2026-08-30T18:40:00+05:30,cash,852.00,42.60,87.24,809.40,completed,2026-08-30T18:40:00+05:30
SALE-003703,SHOP-010,CUST-0192,2026-08-30T11:00:00+05:30,upi,264.00,0.00,40.27,264.00,completed,2026-08-30T11:00:00+05:30
SALE-003704,SHOP-011,CUST-0221,2026-08-30T20:50:00+05:30,cash,555.00,0.00,35.87,555.00,completed,2026-08-30T20:50:00+05:30
SALE-003705,SHOP-011,CUST-0219,2026-08-30T14:30:00+05:30,credit,18.00,0.00,0.86,18.00,completed,2026-08-30T14:30:00+05:30
SALE-003706,SHOP-013,CUST-0258,2026-08-30T13:10:00+05:30,credit,605.00,0.00,36.68,605.00,completed,2026-08-30T13:10:00+05:30
SALE-003707,SHOP-013,CUST-0253,2026-08-30T15:00:00+05:30,credit,520.00,0.00,24.76,520.00,completed,2026-08-30T15:00:00+05:30
SALE-003708,SHOP-014,CUST-0273,2026-08-30T10:00:00+05:30,upi,60.00,0.00,9.15,60.00,completed,2026-08-30T10:00:00+05:30
SALE-003709,SHOP-015,,2026-08-30T19:50:00+05:30,upi,411.00,0.00,45.17,411.00,completed,2026-08-30T19:50:00+05:30
SALE-003710,SHOP-016,,2026-08-30T11:50:00+05:30,upi,1947.00,97.35,282.15,1849.65,completed,2026-08-30T11:50:00+05:30
SALE-003711,SHOP-016,CUST-0315,2026-08-30T17:10:00+05:30,upi,598.00,0.00,91.22,598.00,completed,2026-08-30T17:10:00+05:30
SALE-003712,SHOP-017,CUST-0340,2026-08-30T10:40:00+05:30,cash,4373.00,0.00,216.11,4373.00,completed,2026-08-30T10:40:00+05:30
SALE-003713,SHOP-017,CUST-0332,2026-08-30T18:30:00+05:30,cash,1025.00,0.00,47.62,1025.00,completed,2026-08-30T18:30:00+05:30
SALE-003714,SHOP-017,CUST-0343,2026-08-30T08:00:00+05:30,upi,30.00,0.00,4.58,30.00,completed,2026-08-30T08:00:00+05:30
SALE-003715,SHOP-017,,2026-08-30T17:30:00+05:30,upi,575.00,0.00,49.26,575.00,completed,2026-08-30T17:30:00+05:30
SALE-003716,SHOP-020,,2026-08-30T18:00:00+05:30,upi,410.00,0.00,41.56,410.00,completed,2026-08-30T18:00:00+05:30
SALE-003717,SHOP-021,,2026-08-30T13:00:00+05:30,upi,820.00,0.00,99.66,820.00,completed,2026-08-30T13:00:00+05:30
SALE-003718,SHOP-022,CUST-0450,2026-08-30T18:40:00+05:30,cash,447.00,0.00,68.19,447.00,completed,2026-08-30T18:40:00+05:30
SALE-003719,SHOP-023,CUST-0481,2026-08-30T11:00:00+05:30,upi,50.00,0.00,0.00,50.00,completed,2026-08-30T11:00:00+05:30
SALE-003720,SHOP-023,,2026-08-30T20:40:00+05:30,upi,400.00,0.00,13.28,400.00,completed,2026-08-30T20:40:00+05:30
SALE-003721,SHOP-023,CUST-0476,2026-08-30T09:30:00+05:30,upi,320.00,0.00,20.48,320.00,completed,2026-08-30T09:30:00+05:30
SALE-003722,SHOP-024,,2026-08-30T09:50:00+05:30,cash,555.00,0.00,44.53,555.00,completed,2026-08-30T09:50:00+05:30
SALE-003723,SHOP-025,,2026-08-30T14:40:00+05:30,cash,792.00,0.00,120.81,792.00,completed,2026-08-30T14:40:00+05:30
SALE-003724,SHOP-026,CUST-0540,2026-08-30T08:00:00+05:30,credit,138.00,0.00,6.57,138.00,completed,2026-08-30T08:00:00+05:30
SALE-003725,SHOP-026,,2026-08-30T19:00:00+05:30,upi,200.00,0.00,9.52,200.00,completed,2026-08-30T19:00:00+05:30
SALE-003726,SHOP-028,,2026-08-30T12:30:00+05:30,upi,75.00,0.00,11.44,75.00,completed,2026-08-30T12:30:00+05:30
SALE-003727,SHOP-029,CUST-0596,2026-08-30T13:50:00+05:30,upi,946.00,0.00,144.31,946.00,completed,2026-08-30T13:50:00+05:30
SALE-003728,SHOP-030,,2026-08-30T13:30:00+05:30,upi,336.00,0.00,17.19,336.00,completed,2026-08-30T13:30:00+05:30
SALE-003729,SHOP-030,CUST-0616,2026-08-30T08:10:00+05:30,upi,140.00,0.00,6.67,140.00,completed,2026-08-30T08:10:00+05:30
SALE-003730,SHOP-032,CUST-0664,2026-08-30T19:40:00+05:30,upi,504.00,0.00,29.25,504.00,completed,2026-08-30T19:40:00+05:30
SALE-003731,SHOP-032,CUST-0645,2026-08-30T13:00:00+05:30,cash,176.00,0.00,11.00,176.00,completed,2026-08-30T13:00:00+05:30
SALE-003732,SHOP-034,CUST-0703,2026-08-30T11:30:00+05:30,upi,101.00,0.00,14.45,101.00,completed,2026-08-30T11:30:00+05:30
SALE-003733,SHOP-035,,2026-08-30T13:00:00+05:30,cash,1725.00,0.00,263.14,1725.00,completed,2026-08-30T13:00:00+05:30
SALE-003734,SHOP-035,CUST-0720,2026-08-30T08:50:00+05:30,cash,1109.00,0.00,169.17,1109.00,completed,2026-08-30T08:50:00+05:30
SALE-003735,SHOP-035,CUST-0710,2026-08-30T18:20:00+05:30,upi,3594.00,0.00,548.24,3594.00,completed,2026-08-30T18:20:00+05:30
SALE-003736,SHOP-036,CUST-0730,2026-08-30T11:20:00+05:30,cash,330.00,0.00,15.71,330.00,completed,2026-08-30T11:20:00+05:30
SALE-003737,SHOP-037,,2026-08-30T12:20:00+05:30,cash,40.00,0.00,6.10,40.00,completed,2026-08-30T12:20:00+05:30
SALE-003738,SHOP-038,,2026-08-30T17:20:00+05:30,upi,198.00,0.00,7.52,198.00,completed,2026-08-30T17:20:00+05:30
SALE-003739,SHOP-039,CUST-0796,2026-08-30T14:00:00+05:30,cash,300.00,0.00,14.29,300.00,completed,2026-08-30T14:00:00+05:30
SALE-003740,SHOP-041,CUST-0842,2026-08-30T13:50:00+05:30,cash,599.00,0.00,91.37,599.00,completed,2026-08-30T13:50:00+05:30
SALE-003741,SHOP-043,,2026-08-30T16:40:00+05:30,cash,535.00,0.00,25.48,535.00,completed,2026-08-30T16:40:00+05:30
SALE-003742,SHOP-044,,2026-08-30T11:30:00+05:30,cash,225.00,0.00,12.86,225.00,completed,2026-08-30T11:30:00+05:30
SALE-003743,SHOP-044,CUST-0903,2026-08-30T08:30:00+05:30,upi,246.00,0.00,19.82,246.00,completed,2026-08-30T08:30:00+05:30
SALE-003744,SHOP-045,CUST-0932,2026-08-30T16:20:00+05:30,cash,150.00,0.00,20.16,150.00,completed,2026-08-30T16:20:00+05:30
SALE-003745,SHOP-045,CUST-0926,2026-08-30T11:10:00+05:30,upi,105.00,0.00,8.57,105.00,completed,2026-08-30T11:10:00+05:30
SALE-003746,SHOP-045,CUST-0919,2026-08-30T19:40:00+05:30,upi,490.00,0.00,24.23,490.00,completed,2026-08-30T19:40:00+05:30
SALE-003747,SHOP-047,,2026-08-30T16:00:00+05:30,upi,897.00,0.00,136.83,897.00,completed,2026-08-30T16:00:00+05:30
SALE-003748,SHOP-049,CUST-0988,2026-08-30T15:50:00+05:30,credit,205.00,0.00,17.87,205.00,completed,2026-08-30T15:50:00+05:30
SALE-003749,SHOP-050,,2026-08-30T15:10:00+05:30,upi,1950.00,0.00,101.49,1950.00,completed,2026-08-30T15:10:00+05:30
SALE-003750,SHOP-050,CUST-1008,2026-08-30T20:40:00+05:30,upi,155.00,0.00,6.19,155.00,completed,2026-08-30T20:40:00+05:30
SALE-003751,SHOP-050,CUST-1008,2026-08-30T12:40:00+05:30,cash,1155.00,0.00,63.08,1155.00,completed,2026-08-30T12:40:00+05:30
SALE-003752,SHOP-003,CUST-0060,2026-08-31T16:30:00+05:30,credit,280.00,0.00,30.00,280.00,completed,2026-08-31T16:30:00+05:30
SALE-003753,SHOP-004,,2026-08-31T20:10:00+05:30,upi,105.00,0.00,0.00,105.00,completed,2026-08-31T20:10:00+05:30
SALE-003754,SHOP-005,CUST-0096,2026-08-31T19:20:00+05:30,cash,744.00,14.88,111.22,729.12,completed,2026-08-31T19:20:00+05:30
SALE-003755,SHOP-006,CUST-0108,2026-08-31T16:50:00+05:30,upi,638.00,0.00,30.38,638.00,completed,2026-08-31T16:50:00+05:30
SALE-003756,SHOP-006,CUST-0101,2026-08-31T15:20:00+05:30,cash,470.00,0.00,50.71,470.00,completed,2026-08-31T15:20:00+05:30
SALE-003757,SHOP-007,CUST-0143,2026-08-31T14:50:00+05:30,upi,114.00,0.00,5.43,114.00,completed,2026-08-31T14:50:00+05:30
SALE-003758,SHOP-007,CUST-0141,2026-08-31T10:40:00+05:30,credit,15.00,0.00,0.00,15.00,completed,2026-08-31T10:40:00+05:30
SALE-003759,SHOP-007,CUST-0128,2026-08-31T08:40:00+05:30,cash,75.00,0.00,0.00,75.00,completed,2026-08-31T08:40:00+05:30
SALE-003760,SHOP-009,CUST-0174,2026-08-31T18:50:00+05:30,cash,734.00,0.00,101.34,734.00,completed,2026-08-31T18:50:00+05:30
SALE-003761,SHOP-011,CUST-0210,2026-08-31T19:20:00+05:30,upi,550.00,0.00,16.90,550.00,completed,2026-08-31T19:20:00+05:30
SALE-003762,SHOP-012,,2026-08-31T10:20:00+05:30,upi,290.00,0.00,31.07,290.00,completed,2026-08-31T10:20:00+05:30
SALE-003763,SHOP-013,,2026-08-31T14:40:00+05:30,cash,130.00,0.00,6.19,130.00,completed,2026-08-31T14:40:00+05:30
SALE-003764,SHOP-013,CUST-0266,2026-08-31T10:10:00+05:30,upi,1545.00,0.00,73.57,1545.00,completed,2026-08-31T10:10:00+05:30
SALE-003765,SHOP-014,CUST-0292,2026-08-31T20:30:00+05:30,upi,380.00,0.00,57.97,380.00,completed,2026-08-31T20:30:00+05:30
SALE-003766,SHOP-014,CUST-0292,2026-08-31T09:10:00+05:30,cash,20.00,0.00,3.05,20.00,completed,2026-08-31T09:10:00+05:30
SALE-003767,SHOP-015,CUST-0299,2026-08-31T13:50:00+05:30,cash,160.00,0.00,17.14,160.00,completed,2026-08-31T13:50:00+05:30
SALE-003768,SHOP-016,CUST-0320,2026-08-31T08:50:00+05:30,upi,1846.00,0.00,281.59,1846.00,completed,2026-08-31T08:50:00+05:30
SALE-003769,SHOP-017,,2026-08-31T08:40:00+05:30,cash,120.00,0.00,5.71,120.00,completed,2026-08-31T08:40:00+05:30
SALE-003770,SHOP-017,,2026-08-31T20:50:00+05:30,cash,539.00,0.00,25.67,539.00,completed,2026-08-31T20:50:00+05:30
SALE-003771,SHOP-018,,2026-08-31T15:20:00+05:30,upi,75.00,0.00,1.90,75.00,completed,2026-08-31T15:20:00+05:30
SALE-003772,SHOP-019,,2026-08-31T19:30:00+05:30,upi,325.00,0.00,49.58,325.00,completed,2026-08-31T19:30:00+05:30
SALE-003773,SHOP-019,CUST-0392,2026-08-31T10:00:00+05:30,cash,160.00,0.00,24.41,160.00,completed,2026-08-31T10:00:00+05:30
SALE-003774,SHOP-019,CUST-0381,2026-08-31T20:50:00+05:30,upi,394.00,0.00,60.10,394.00,completed,2026-08-31T20:50:00+05:30
SALE-003775,SHOP-020,,2026-08-31T17:30:00+05:30,upi,621.00,0.00,51.61,621.00,completed,2026-08-31T17:30:00+05:30
SALE-003776,SHOP-020,CUST-0425,2026-08-31T11:50:00+05:30,cash,540.00,0.00,25.71,540.00,completed,2026-08-31T11:50:00+05:30
SALE-003777,SHOP-020,,2026-08-31T13:50:00+05:30,upi,430.00,0.00,24.05,430.00,completed,2026-08-31T13:50:00+05:30
SALE-003778,SHOP-020,CUST-0419,2026-08-31T20:30:00+05:30,credit,130.00,0.00,6.19,130.00,completed,2026-08-31T20:30:00+05:30
SALE-003779,SHOP-021,CUST-0442,2026-08-31T14:10:00+05:30,cash,416.00,0.00,44.57,416.00,completed,2026-08-31T14:10:00+05:30
SALE-003780,SHOP-023,,2026-08-31T14:20:00+05:30,cash,45.00,0.00,4.82,45.00,completed,2026-08-31T14:20:00+05:30
SALE-003781,SHOP-023,CUST-0466,2026-08-31T10:40:00+05:30,cash,135.00,0.00,7.32,135.00,completed,2026-08-31T10:40:00+05:30
SALE-003782,SHOP-024,CUST-0485,2026-08-31T08:50:00+05:30,upi,815.00,0.00,107.01,815.00,completed,2026-08-31T08:50:00+05:30
SALE-003783,SHOP-026,,2026-08-31T08:30:00+05:30,upi,575.00,0.00,39.50,575.00,completed,2026-08-31T08:30:00+05:30
SALE-003784,SHOP-026,CUST-0545,2026-08-31T15:10:00+05:30,cash,520.00,0.00,24.76,520.00,completed,2026-08-31T15:10:00+05:30
SALE-003785,SHOP-028,CUST-0590,2026-08-31T14:00:00+05:30,cash,20.00,0.00,0.95,20.00,completed,2026-08-31T14:00:00+05:30
SALE-003786,SHOP-028,,2026-08-31T13:20:00+05:30,upi,260.00,0.00,19.29,260.00,completed,2026-08-31T13:20:00+05:30
SALE-003787,SHOP-029,CUST-0605,2026-08-31T13:00:00+05:30,credit,897.00,26.91,132.73,870.09,completed,2026-08-31T13:00:00+05:30
SALE-003788,SHOP-030,CUST-0619,2026-08-31T18:30:00+05:30,cash,670.00,0.00,36.73,670.00,completed,2026-08-31T18:30:00+05:30
SALE-003789,SHOP-030,CUST-0611,2026-08-31T20:20:00+05:30,credit,266.00,0.00,25.26,266.00,completed,2026-08-31T20:20:00+05:30
SALE-003790,SHOP-032,CUST-0647,2026-08-31T17:40:00+05:30,cash,820.00,0.00,83.12,820.00,completed,2026-08-31T17:40:00+05:30
SALE-003791,SHOP-032,CUST-0662,2026-08-31T20:40:00+05:30,upi,110.00,0.00,16.78,110.00,completed,2026-08-31T20:40:00+05:30
SALE-003792,SHOP-033,CUST-0677,2026-08-31T08:30:00+05:30,upi,16.00,0.00,0.00,16.00,completed,2026-08-31T08:30:00+05:30
SALE-003793,SHOP-034,CUST-0693,2026-08-31T16:10:00+05:30,cash,70.00,0.00,10.68,70.00,completed,2026-08-31T16:10:00+05:30
SALE-003794,SHOP-035,CUST-0707,2026-08-31T18:10:00+05:30,upi,348.00,0.00,53.08,348.00,completed,2026-08-31T18:10:00+05:30
SALE-003795,SHOP-036,,2026-08-31T19:00:00+05:30,upi,186.00,0.00,6.48,186.00,completed,2026-08-31T19:00:00+05:30
SALE-003796,SHOP-037,,2026-08-31T10:50:00+05:30,cash,410.00,0.00,89.69,410.00,completed,2026-08-31T10:50:00+05:30
SALE-003797,SHOP-039,CUST-0809,2026-08-31T20:20:00+05:30,credit,1070.00,0.00,37.63,1070.00,completed,2026-08-31T20:20:00+05:30
SALE-003798,SHOP-039,,2026-08-31T17:00:00+05:30,cash,150.00,0.00,7.14,150.00,completed,2026-08-31T17:00:00+05:30
SALE-003799,SHOP-040,CUST-0833,2026-08-31T14:50:00+05:30,card,80.00,0.00,12.20,80.00,completed,2026-08-31T14:50:00+05:30
SALE-003800,SHOP-046,,2026-08-31T20:10:00+05:30,upi,21.00,0.00,2.25,21.00,completed,2026-08-31T20:10:00+05:30
SALE-003801,SHOP-046,CUST-0941,2026-08-31T11:20:00+05:30,upi,70.00,0.00,10.68,70.00,completed,2026-08-31T11:20:00+05:30
SALE-003802,SHOP-049,CUST-0990,2026-08-31T14:40:00+05:30,cash,369.00,0.00,13.57,369.00,completed,2026-08-31T14:40:00+05:30
SALE-003803,SHOP-050,CUST-1021,2026-08-31T20:30:00+05:30,cash,782.00,0.00,42.48,782.00,completed,2026-08-31T20:30:00+05:30
SALE-003804,SHOP-050,CUST-1018,2026-08-31T18:40:00+05:30,cash,122.00,0.00,15.25,122.00,completed,2026-08-31T18:40:00+05:30
SALE-003805,SHOP-001,CUST-0012,2026-09-01T10:30:00+05:30,upi,910.00,0.00,42.14,910.00,completed,2026-09-01T10:30:00+05:30
SALE-003806,SHOP-001,,2026-09-01T15:50:00+05:30,upi,150.00,0.00,7.14,150.00,completed,2026-09-01T15:50:00+05:30
SALE-003807,SHOP-003,,2026-09-01T15:10:00+05:30,upi,305.00,0.00,33.81,305.00,completed,2026-09-01T15:10:00+05:30
SALE-003808,SHOP-004,,2026-09-01T14:20:00+05:30,cash,90.00,0.00,13.73,90.00,completed,2026-09-01T14:20:00+05:30
SALE-003809,SHOP-006,,2026-09-01T08:00:00+05:30,cash,260.00,0.00,27.45,260.00,completed,2026-09-01T08:00:00+05:30
SALE-003810,SHOP-006,,2026-09-01T08:20:00+05:30,cash,46.00,0.00,2.19,46.00,completed,2026-09-01T08:20:00+05:30
SALE-003811,SHOP-006,,2026-09-01T14:50:00+05:30,upi,150.00,0.00,22.20,150.00,completed,2026-09-01T14:50:00+05:30
SALE-003812,SHOP-007,CUST-0142,2026-09-01T15:30:00+05:30,credit,380.00,0.00,36.43,380.00,completed,2026-09-01T15:30:00+05:30
SALE-003813,SHOP-007,CUST-0137,2026-09-01T15:30:00+05:30,card,150.00,0.00,20.16,150.00,completed,2026-09-01T15:30:00+05:30
SALE-003814,SHOP-008,CUST-0157,2026-09-01T10:10:00+05:30,credit,200.00,0.00,30.51,200.00,completed,2026-09-01T10:10:00+05:30
SALE-003815,SHOP-009,,2026-09-01T15:00:00+05:30,upi,66.00,0.00,7.07,66.00,completed,2026-09-01T15:00:00+05:30
SALE-003816,SHOP-009,,2026-09-01T11:50:00+05:30,upi,30.00,0.00,3.21,30.00,completed,2026-09-01T11:50:00+05:30
SALE-003817,SHOP-010,CUST-0192,2026-09-01T19:10:00+05:30,upi,599.00,0.00,91.37,599.00,completed,2026-09-01T19:10:00+05:30
SALE-003818,SHOP-011,,2026-09-01T15:30:00+05:30,cash,975.00,0.00,49.11,975.00,completed,2026-09-01T15:30:00+05:30
SALE-003819,SHOP-012,CUST-0241,2026-09-01T20:50:00+05:30,cash,225.00,0.00,15.54,225.00,completed,2026-09-01T20:50:00+05:30
SALE-003820,SHOP-013,CUST-0250,2026-09-01T11:50:00+05:30,credit,130.00,0.00,11.44,130.00,completed,2026-09-01T11:50:00+05:30
SALE-003821,SHOP-013,CUST-0264,2026-09-01T18:20:00+05:30,upi,300.00,0.00,5.00,300.00,completed,2026-09-01T18:20:00+05:30
SALE-003822,SHOP-013,CUST-0252,2026-09-01T15:20:00+05:30,upi,286.00,0.00,19.91,286.00,completed,2026-09-01T15:20:00+05:30
SALE-003823,SHOP-015,CUST-0294,2026-09-01T18:40:00+05:30,upi,6.00,0.00,0.64,6.00,completed,2026-09-01T18:40:00+05:30
SALE-003824,SHOP-016,,2026-09-01T08:00:00+05:30,upi,398.00,0.00,60.71,398.00,completed,2026-09-01T08:00:00+05:30
SALE-003825,SHOP-016,CUST-0319,2026-09-01T18:00:00+05:30,upi,2395.00,0.00,365.34,2395.00,completed,2026-09-01T18:00:00+05:30
SALE-003826,SHOP-017,CUST-0335,2026-09-01T20:30:00+05:30,credit,160.00,0.00,7.62,160.00,completed,2026-09-01T20:30:00+05:30
SALE-003827,SHOP-017,CUST-0323,2026-09-01T19:00:00+05:30,upi,366.00,0.00,17.43,366.00,completed,2026-09-01T19:00:00+05:30
SALE-003828,SHOP-018,CUST-0353,2026-09-01T17:10:00+05:30,cash,249.00,0.00,3.62,249.00,completed,2026-09-01T17:10:00+05:30
SALE-003829,SHOP-018,CUST-0358,2026-09-01T17:50:00+05:30,upi,25.00,0.00,3.81,25.00,completed,2026-09-01T17:50:00+05:30
SALE-003830,SHOP-019,,2026-09-01T12:30:00+05:30,upi,1200.00,0.00,183.05,1200.00,completed,2026-09-01T12:30:00+05:30
SALE-003831,SHOP-020,CUST-0410,2026-09-01T17:10:00+05:30,credit,1710.00,0.00,84.58,1710.00,completed,2026-09-01T17:10:00+05:30
SALE-003832,SHOP-022,CUST-0457,2026-09-01T08:30:00+05:30,upi,3095.00,0.00,472.12,3095.00,completed,2026-09-01T08:30:00+05:30
SALE-003833,SHOP-023,CUST-0477,2026-09-01T11:40:00+05:30,cash,1178.00,0.00,58.72,1178.00,completed,2026-09-01T11:40:00+05:30
SALE-003834,SHOP-023,CUST-0480,2026-09-01T15:40:00+05:30,upi,38.00,0.00,5.80,38.00,completed,2026-09-01T15:40:00+05:30
SALE-003835,SHOP-024,,2026-09-01T14:50:00+05:30,upi,191.00,0.00,4.52,191.00,completed,2026-09-01T14:50:00+05:30
SALE-003836,SHOP-025,,2026-09-01T19:20:00+05:30,upi,440.00,0.00,67.12,440.00,completed,2026-09-01T19:20:00+05:30
SALE-003837,SHOP-026,,2026-09-01T20:40:00+05:30,upi,325.00,0.00,11.90,325.00,completed,2026-09-01T20:40:00+05:30
SALE-003838,SHOP-027,CUST-0565,2026-09-01T15:50:00+05:30,upi,840.00,0.00,90.00,840.00,completed,2026-09-01T15:50:00+05:30
SALE-003839,SHOP-028,,2026-09-01T15:10:00+05:30,upi,150.00,0.00,10.71,150.00,completed,2026-09-01T15:10:00+05:30
SALE-003840,SHOP-029,CUST-0603,2026-09-01T15:20:00+05:30,cash,1946.00,0.00,296.85,1946.00,completed,2026-09-01T15:20:00+05:30
SALE-003841,SHOP-031,,2026-09-01T15:50:00+05:30,cash,130.00,0.00,19.83,130.00,completed,2026-09-01T15:50:00+05:30
SALE-003842,SHOP-032,CUST-0647,2026-09-01T10:00:00+05:30,cash,832.00,0.00,21.73,832.00,completed,2026-09-01T10:00:00+05:30
SALE-003843,SHOP-033,CUST-0676,2026-09-01T19:30:00+05:30,credit,215.00,0.00,21.47,215.00,completed,2026-09-01T19:30:00+05:30
SALE-003844,SHOP-033,CUST-0676,2026-09-01T17:20:00+05:30,credit,1070.00,0.00,109.29,1070.00,completed,2026-09-01T17:20:00+05:30
SALE-003845,SHOP-033,CUST-0689,2026-09-01T12:20:00+05:30,upi,270.00,0.00,20.16,270.00,completed,2026-09-01T12:20:00+05:30
SALE-003846,SHOP-035,CUST-0720,2026-09-01T16:50:00+05:30,cash,469.00,0.00,71.54,469.00,completed,2026-09-01T16:50:00+05:30
SALE-003847,SHOP-035,CUST-0717,2026-09-01T12:10:00+05:30,cash,628.00,0.00,95.80,628.00,completed,2026-09-01T12:10:00+05:30
SALE-003848,SHOP-036,CUST-0735,2026-09-01T15:30:00+05:30,upi,188.00,0.00,8.95,188.00,completed,2026-09-01T15:30:00+05:30
SALE-003849,SHOP-036,CUST-0736,2026-09-01T13:00:00+05:30,credit,962.00,0.00,36.84,962.00,completed,2026-09-01T13:00:00+05:30
SALE-003850,SHOP-036,,2026-09-01T08:30:00+05:30,cash,540.00,0.00,28.39,540.00,completed,2026-09-01T08:30:00+05:30
SALE-003851,SHOP-038,CUST-0788,2026-09-01T16:10:00+05:30,cash,206.00,0.00,8.14,206.00,completed,2026-09-01T16:10:00+05:30
SALE-003852,SHOP-039,CUST-0791,2026-09-01T10:20:00+05:30,credit,205.00,0.00,17.63,205.00,completed,2026-09-01T10:20:00+05:30
SALE-003853,SHOP-039,CUST-0807,2026-09-01T11:40:00+05:30,upi,1330.00,0.00,60.95,1330.00,returned,2026-09-01T11:40:00+05:30
SALE-003854,SHOP-040,,2026-09-01T15:10:00+05:30,upi,54.00,0.00,8.24,54.00,completed,2026-09-01T15:10:00+05:30
SALE-003855,SHOP-043,,2026-09-01T16:30:00+05:30,card,400.00,0.00,38.98,400.00,completed,2026-09-01T16:30:00+05:30
SALE-003856,SHOP-043,CUST-0872,2026-09-01T12:00:00+05:30,upi,450.00,0.00,21.43,450.00,completed,2026-09-01T12:00:00+05:30
SALE-003857,SHOP-044,,2026-09-01T18:00:00+05:30,upi,240.00,0.00,15.00,240.00,completed,2026-09-01T18:00:00+05:30
SALE-003858,SHOP-044,,2026-09-01T08:20:00+05:30,cash,214.00,0.00,5.43,214.00,completed,2026-09-01T08:20:00+05:30
SALE-003859,SHOP-046,CUST-0956,2026-09-01T09:20:00+05:30,cash,206.00,0.00,29.15,206.00,completed,2026-09-01T09:20:00+05:30
SALE-003860,SHOP-046,CUST-0951,2026-09-01T13:40:00+05:30,upi,292.00,0.00,31.83,292.00,completed,2026-09-01T13:40:00+05:30
SALE-003861,SHOP-049,,2026-09-01T09:00:00+05:30,upi,90.00,0.00,0.00,90.00,completed,2026-09-01T09:00:00+05:30
SALE-003862,SHOP-049,CUST-1005,2026-09-01T09:10:00+05:30,upi,38.00,0.00,1.81,38.00,completed,2026-09-01T09:10:00+05:30
SALE-003863,SHOP-050,CUST-1032,2026-09-01T08:20:00+05:30,cash,1405.00,0.00,66.90,1405.00,completed,2026-09-01T08:20:00+05:30
SALE-003864,SHOP-050,,2026-09-01T15:40:00+05:30,upi,38.00,0.00,1.81,38.00,completed,2026-09-01T15:40:00+05:30
SALE-003865,SHOP-050,CUST-1013,2026-09-01T10:10:00+05:30,cash,212.00,0.00,10.10,212.00,completed,2026-09-01T10:10:00+05:30
SALE-003866,SHOP-050,,2026-09-01T16:50:00+05:30,upi,362.00,0.00,45.57,362.00,completed,2026-09-01T16:50:00+05:30
SALE-003867,SHOP-001,,2026-09-02T16:40:00+05:30,cash,3458.00,0.00,164.67,3458.00,completed,2026-09-02T16:40:00+05:30
SALE-003868,SHOP-002,,2026-09-02T20:10:00+05:30,cash,4275.00,0.00,652.12,4275.00,completed,2026-09-02T20:10:00+05:30
SALE-003869,SHOP-003,,2026-09-02T18:10:00+05:30,cash,120.00,0.00,12.86,120.00,completed,2026-09-02T18:10:00+05:30
SALE-003870,SHOP-003,,2026-09-02T10:00:00+05:30,card,250.00,0.00,38.14,250.00,completed,2026-09-02T10:00:00+05:30
SALE-003871,SHOP-004,CUST-0071,2026-09-02T19:10:00+05:30,cash,190.00,0.00,9.05,190.00,completed,2026-09-02T19:10:00+05:30
SALE-003872,SHOP-004,CUST-0067,2026-09-02T19:40:00+05:30,credit,35.00,0.00,0.00,35.00,completed,2026-09-02T19:40:00+05:30
SALE-003873,SHOP-004,,2026-09-02T18:40:00+05:30,upi,153.00,0.00,3.71,153.00,completed,2026-09-02T18:40:00+05:30
SALE-003874,SHOP-006,,2026-09-02T15:50:00+05:30,upi,80.00,0.00,3.81,80.00,completed,2026-09-02T15:50:00+05:30
SALE-003875,SHOP-006,CUST-0121,2026-09-02T17:10:00+05:30,card,90.00,0.00,13.73,90.00,completed,2026-09-02T17:10:00+05:30
SALE-003876,SHOP-007,CUST-0135,2026-09-02T08:50:00+05:30,credit,187.00,0.00,18.35,187.00,completed,2026-09-02T08:50:00+05:30
SALE-003877,SHOP-007,,2026-09-02T19:30:00+05:30,upi,50.00,0.00,0.00,50.00,completed,2026-09-02T19:30:00+05:30
SALE-003878,SHOP-008,,2026-09-02T14:00:00+05:30,upi,430.00,0.00,92.74,430.00,completed,2026-09-02T14:00:00+05:30
SALE-003879,SHOP-009,CUST-0181,2026-09-02T20:40:00+05:30,upi,394.00,0.00,53.11,394.00,completed,2026-09-02T20:40:00+05:30
SALE-003880,SHOP-011,CUST-0232,2026-09-02T10:00:00+05:30,upi,120.00,0.00,8.86,120.00,completed,2026-09-02T10:00:00+05:30
SALE-003881,SHOP-011,CUST-0228,2026-09-02T09:00:00+05:30,upi,390.00,0.00,0.00,390.00,completed,2026-09-02T09:00:00+05:30
SALE-003882,SHOP-011,CUST-0210,2026-09-02T18:30:00+05:30,upi,45.00,0.00,2.14,45.00,completed,2026-09-02T18:30:00+05:30
SALE-003883,SHOP-011,CUST-0226,2026-09-02T09:00:00+05:30,credit,106.00,0.00,16.17,106.00,completed,2026-09-02T09:00:00+05:30
SALE-003884,SHOP-012,,2026-09-02T17:20:00+05:30,cash,136.00,0.00,10.05,136.00,completed,2026-09-02T17:20:00+05:30
SALE-003885,SHOP-013,CUST-0263,2026-09-02T18:50:00+05:30,cash,270.00,0.00,12.86,270.00,completed,2026-09-02T18:50:00+05:30
SALE-003886,SHOP-013,CUST-0249,2026-09-02T20:40:00+05:30,cash,325.00,0.00,23.35,325.00,completed,2026-09-02T20:40:00+05:30
SALE-003887,SHOP-016,CUST-0308,2026-09-02T14:40:00+05:30,credit,448.00,0.00,68.34,448.00,completed,2026-09-02T14:40:00+05:30
SALE-003888,SHOP-017,CUST-0348,2026-09-02T14:50:00+05:30,cash,286.00,0.00,43.63,286.00,completed,2026-09-02T14:50:00+05:30
SALE-003889,SHOP-017,CUST-0345,2026-09-02T12:10:00+05:30,cash,50.00,0.00,7.63,50.00,completed,2026-09-02T12:10:00+05:30
SALE-003890,SHOP-017,,2026-09-02T09:50:00+05:30,cash,498.00,0.00,23.71,498.00,completed,2026-09-02T09:50:00+05:30
SALE-003891,SHOP-017,,2026-09-02T13:40:00+05:30,upi,375.00,0.00,17.86,375.00,completed,2026-09-02T13:40:00+05:30
SALE-003892,SHOP-018,CUST-0356,2026-09-02T10:40:00+05:30,cash,50.00,0.00,0.00,50.00,completed,2026-09-02T10:40:00+05:30
SALE-003893,SHOP-018,CUST-0354,2026-09-02T13:00:00+05:30,cash,50.00,0.00,0.00,50.00,completed,2026-09-02T13:00:00+05:30
SALE-003894,SHOP-019,,2026-09-02T15:40:00+05:30,upi,1130.00,0.00,172.37,1130.00,completed,2026-09-02T15:40:00+05:30
SALE-003895,SHOP-019,CUST-0387,2026-09-02T09:10:00+05:30,credit,910.00,0.00,138.81,910.00,completed,2026-09-02T09:10:00+05:30
SALE-003896,SHOP-019,CUST-0379,2026-09-02T19:30:00+05:30,upi,1390.00,41.70,284.67,1348.30,completed,2026-09-02T19:30:00+05:30
SALE-003897,SHOP-020,CUST-0404,2026-09-02T18:00:00+05:30,upi,101.00,0.00,15.41,101.00,completed,2026-09-02T18:00:00+05:30
SALE-003898,SHOP-020,,2026-09-02T14:00:00+05:30,cash,570.00,0.00,27.14,570.00,completed,2026-09-02T14:00:00+05:30
SALE-003899,SHOP-021,CUST-0436,2026-09-02T20:50:00+05:30,credit,18.00,0.00,2.75,18.00,completed,2026-09-02T20:50:00+05:30
SALE-003900,SHOP-023,,2026-09-02T08:50:00+05:30,upi,396.00,0.00,8.38,396.00,completed,2026-09-02T08:50:00+05:30
SALE-003901,SHOP-023,,2026-09-02T16:50:00+05:30,cash,431.00,0.00,33.43,431.00,completed,2026-09-02T16:50:00+05:30
SALE-003902,SHOP-024,CUST-0486,2026-09-02T17:10:00+05:30,cash,227.00,0.00,19.44,227.00,completed,2026-09-02T17:10:00+05:30
SALE-003903,SHOP-024,,2026-09-02T13:50:00+05:30,upi,200.00,0.00,28.41,200.00,returned,2026-09-02T13:50:00+05:30
SALE-003904,SHOP-025,CUST-0509,2026-09-02T10:50:00+05:30,credit,2690.00,0.00,410.34,2690.00,completed,2026-09-02T10:50:00+05:30
SALE-003905,SHOP-026,CUST-0531,2026-09-02T17:40:00+05:30,cash,340.00,0.00,18.87,340.00,completed,2026-09-02T17:40:00+05:30
SALE-003906,SHOP-026,,2026-09-02T18:00:00+05:30,upi,2730.00,0.00,130.00,2730.00,completed,2026-09-02T18:00:00+05:30
SALE-003907,SHOP-026,CUST-0520,2026-09-02T19:40:00+05:30,upi,165.00,0.00,7.86,165.00,completed,2026-09-02T19:40:00+05:30
SALE-003908,SHOP-026,CUST-0525,2026-09-02T11:40:00+05:30,upi,150.00,0.00,7.14,150.00,completed,2026-09-02T11:40:00+05:30
SALE-003909,SHOP-027,CUST-0565,2026-09-02T10:50:00+05:30,cash,170.00,0.00,21.39,170.00,completed,2026-09-02T10:50:00+05:30
SALE-003910,SHOP-028,CUST-0580,2026-09-02T08:10:00+05:30,credit,280.00,0.00,26.59,280.00,completed,2026-09-02T08:10:00+05:30
SALE-003911,SHOP-029,CUST-0600,2026-09-02T20:30:00+05:30,upi,1943.00,38.86,290.46,1904.14,completed,2026-09-02T20:30:00+05:30
SALE-003912,SHOP-029,CUST-0596,2026-09-02T18:40:00+05:30,upi,1992.00,0.00,303.86,1992.00,completed,2026-09-02T18:40:00+05:30
SALE-003913,SHOP-030,CUST-0616,2026-09-02T13:50:00+05:30,upi,1510.00,0.00,82.92,1510.00,completed,2026-09-02T13:50:00+05:30
SALE-003914,SHOP-030,CUST-0617,2026-09-02T13:40:00+05:30,upi,46.00,0.00,2.19,46.00,completed,2026-09-02T13:40:00+05:30
SALE-003915,SHOP-032,CUST-0652,2026-09-02T16:00:00+05:30,credit,427.00,0.00,24.73,427.00,completed,2026-09-02T16:00:00+05:30
SALE-003916,SHOP-032,,2026-09-02T18:20:00+05:30,cash,440.00,0.00,20.95,440.00,completed,2026-09-02T18:20:00+05:30
SALE-003917,SHOP-033,CUST-0683,2026-09-02T12:50:00+05:30,credit,56.00,0.00,0.00,56.00,completed,2026-09-02T12:50:00+05:30
SALE-003918,SHOP-033,,2026-09-02T20:50:00+05:30,upi,66.00,0.00,1.81,66.00,completed,2026-09-02T20:50:00+05:30
SALE-003919,SHOP-034,CUST-0698,2026-09-02T18:40:00+05:30,cash,60.00,0.00,9.15,60.00,completed,2026-09-02T18:40:00+05:30
SALE-003920,SHOP-037,CUST-0774,2026-09-02T14:10:00+05:30,credit,390.00,0.00,59.49,390.00,completed,2026-09-02T14:10:00+05:30
SALE-003921,SHOP-037,CUST-0759,2026-09-02T14:10:00+05:30,upi,130.00,0.00,19.83,130.00,completed,2026-09-02T14:10:00+05:30
SALE-003922,SHOP-037,,2026-09-02T10:10:00+05:30,cash,224.00,0.00,34.17,224.00,completed,2026-09-02T10:10:00+05:30
SALE-003923,SHOP-038,CUST-0789,2026-09-02T13:20:00+05:30,credit,120.00,0.00,0.00,120.00,completed,2026-09-02T13:20:00+05:30
SALE-003924,SHOP-039,CUST-0791,2026-09-02T09:40:00+05:30,credit,138.00,0.00,6.57,138.00,completed,2026-09-02T09:40:00+05:30
SALE-003925,SHOP-039,CUST-0798,2026-09-02T15:50:00+05:30,upi,1475.00,0.00,72.20,1475.00,completed,2026-09-02T15:50:00+05:30
SALE-003926,SHOP-040,CUST-0833,2026-09-02T20:00:00+05:30,upi,72.00,0.00,10.44,72.00,completed,2026-09-02T20:00:00+05:30
SALE-003927,SHOP-040,,2026-09-02T09:50:00+05:30,cash,12.00,0.00,1.83,12.00,completed,2026-09-02T09:50:00+05:30
SALE-003928,SHOP-040,CUST-0828,2026-09-02T11:50:00+05:30,cash,70.00,0.00,10.68,70.00,completed,2026-09-02T11:50:00+05:30
SALE-003929,SHOP-042,CUST-0869,2026-09-02T18:20:00+05:30,upi,190.00,0.00,28.98,190.00,completed,2026-09-02T18:20:00+05:30
SALE-003930,SHOP-044,,2026-09-02T10:40:00+05:30,cash,195.00,0.00,7.62,195.00,completed,2026-09-02T10:40:00+05:30
SALE-003931,SHOP-044,CUST-0895,2026-09-02T14:20:00+05:30,credit,238.00,0.00,15.54,238.00,completed,2026-09-02T14:20:00+05:30
SALE-003932,SHOP-045,CUST-0923,2026-09-02T19:10:00+05:30,card,30.00,0.00,4.58,30.00,returned,2026-09-02T19:10:00+05:30
SALE-003933,SHOP-045,CUST-0936,2026-09-02T12:30:00+05:30,credit,150.00,0.00,7.14,150.00,completed,2026-09-02T12:30:00+05:30
SALE-003934,SHOP-045,CUST-0927,2026-09-02T13:40:00+05:30,upi,32.00,0.00,1.52,32.00,completed,2026-09-02T13:40:00+05:30
SALE-003935,SHOP-046,,2026-09-02T19:20:00+05:30,cash,120.00,0.00,13.77,120.00,completed,2026-09-02T19:20:00+05:30
SALE-003936,SHOP-047,CUST-0961,2026-09-02T10:40:00+05:30,upi,2196.00,0.00,334.98,2196.00,completed,2026-09-02T10:40:00+05:30
SALE-003937,SHOP-049,CUST-1006,2026-09-02T14:10:00+05:30,upi,150.00,0.00,7.63,150.00,completed,2026-09-02T14:10:00+05:30
SALE-003938,SHOP-049,,2026-09-02T10:30:00+05:30,upi,210.00,0.00,14.06,210.00,completed,2026-09-02T10:30:00+05:30
SALE-003939,SHOP-049,,2026-09-02T09:30:00+05:30,cash,56.00,0.00,0.00,56.00,completed,2026-09-02T09:30:00+05:30
SALE-003940,SHOP-050,CUST-1030,2026-09-02T20:20:00+05:30,credit,407.00,0.00,19.38,407.00,completed,2026-09-02T20:20:00+05:30
SALE-003941,SHOP-050,CUST-1035,2026-09-02T14:40:00+05:30,upi,410.00,0.00,0.00,410.00,completed,2026-09-02T14:40:00+05:30
SALE-003942,SHOP-001,,2026-09-03T13:10:00+05:30,cash,30.00,0.00,3.21,30.00,completed,2026-09-03T13:10:00+05:30
SALE-003943,SHOP-001,CUST-0013,2026-09-03T12:00:00+05:30,credit,2600.00,130.00,117.62,2470.00,completed,2026-09-03T12:00:00+05:30
SALE-003944,SHOP-004,,2026-09-03T18:40:00+05:30,upi,295.00,0.00,7.63,295.00,completed,2026-09-03T18:40:00+05:30
SALE-003945,SHOP-005,CUST-0094,2026-09-03T08:10:00+05:30,cash,945.00,0.00,144.15,945.00,completed,2026-09-03T08:10:00+05:30
SALE-003946,SHOP-006,,2026-09-03T14:00:00+05:30,upi,40.00,0.00,1.90,40.00,completed,2026-09-03T14:00:00+05:30
SALE-003947,SHOP-008,CUST-0159,2026-09-03T08:20:00+05:30,card,40.00,0.00,6.10,40.00,completed,2026-09-03T08:20:00+05:30
SALE-003948,SHOP-008,,2026-09-03T17:40:00+05:30,upi,1967.00,0.00,300.05,1967.00,completed,2026-09-03T17:40:00+05:30
SALE-003949,SHOP-008,,2026-09-03T14:20:00+05:30,cash,198.00,0.00,30.20,198.00,completed,2026-09-03T14:20:00+05:30
SALE-003950,SHOP-009,,2026-09-03T18:50:00+05:30,card,132.00,0.00,14.69,132.00,completed,2026-09-03T18:50:00+05:30
SALE-003951,SHOP-011,CUST-0204,2026-09-03T14:30:00+05:30,upi,476.00,0.00,25.29,476.00,completed,2026-09-03T14:30:00+05:30
SALE-003952,SHOP-011,,2026-09-03T14:40:00+05:30,upi,355.00,0.00,36.84,355.00,completed,2026-09-03T14:40:00+05:30
SALE-003953,SHOP-014,CUST-0274,2026-09-03T19:50:00+05:30,cash,20.00,0.00,3.05,20.00,completed,2026-09-03T19:50:00+05:30
SALE-003954,SHOP-016,CUST-0310,2026-09-03T12:20:00+05:30,cash,149.00,0.00,22.73,149.00,completed,2026-09-03T12:20:00+05:30
SALE-003955,SHOP-017,CUST-0351,2026-09-03T08:40:00+05:30,card,100.00,0.00,4.76,100.00,completed,2026-09-03T08:40:00+05:30
SALE-003956,SHOP-018,CUST-0365,2026-09-03T13:30:00+05:30,cash,149.00,0.00,5.43,149.00,completed,2026-09-03T13:30:00+05:30
SALE-003957,SHOP-019,CUST-0392,2026-09-03T20:30:00+05:30,cash,530.00,0.00,107.99,530.00,completed,2026-09-03T20:30:00+05:30
SALE-003958,SHOP-019,CUST-0388,2026-09-03T11:00:00+05:30,credit,9840.00,492.00,2044.88,9348.00,completed,2026-09-03T11:00:00+05:30
SALE-003959,SHOP-020,CUST-0409,2026-09-03T19:40:00+05:30,cash,287.00,0.00,21.54,287.00,completed,2026-09-03T19:40:00+05:30
SALE-003960,SHOP-020,CUST-0416,2026-09-03T15:00:00+05:30,credit,924.00,0.00,44.00,924.00,completed,2026-09-03T15:00:00+05:30
SALE-003961,SHOP-021,CUST-0445,2026-09-03T11:40:00+05:30,cash,740.00,0.00,86.55,740.00,completed,2026-09-03T11:40:00+05:30
SALE-003962,SHOP-022,,2026-09-03T09:50:00+05:30,upi,746.00,0.00,113.80,746.00,completed,2026-09-03T09:50:00+05:30
SALE-003963,SHOP-023,CUST-0483,2026-09-03T17:50:00+05:30,credit,430.00,0.00,4.29,430.00,completed,2026-09-03T17:50:00+05:30
SALE-003964,SHOP-023,,2026-09-03T11:10:00+05:30,card,186.00,0.00,19.87,186.00,completed,2026-09-03T11:10:00+05:30
SALE-003965,SHOP-023,,2026-09-03T11:10:00+05:30,upi,560.00,0.00,36.63,560.00,completed,2026-09-03T11:10:00+05:30
SALE-003966,SHOP-024,,2026-09-03T12:40:00+05:30,upi,155.00,0.00,0.00,155.00,completed,2026-09-03T12:40:00+05:30
SALE-003967,SHOP-024,CUST-0486,2026-09-03T14:30:00+05:30,upi,218.00,0.00,15.54,218.00,completed,2026-09-03T14:30:00+05:30
SALE-003968,SHOP-026,CUST-0548,2026-09-03T19:40:00+05:30,credit,210.00,0.00,19.44,210.00,completed,2026-09-03T19:40:00+05:30
SALE-003969,SHOP-026,CUST-0524,2026-09-03T08:10:00+05:30,card,661.00,0.00,11.59,661.00,completed,2026-09-03T08:10:00+05:30
SALE-003970,SHOP-028,CUST-0578,2026-09-03T12:00:00+05:30,upi,90.00,0.00,13.73,90.00,completed,2026-09-03T12:00:00+05:30
SALE-003971,SHOP-028,CUST-0585,2026-09-03T18:00:00+05:30,credit,96.00,0.00,4.57,96.00,completed,2026-09-03T18:00:00+05:30
SALE-003972,SHOP-028,,2026-09-03T10:10:00+05:30,upi,199.00,0.00,6.86,199.00,completed,2026-09-03T10:10:00+05:30
SALE-003973,SHOP-029,CUST-0596,2026-09-03T20:50:00+05:30,cash,1198.00,0.00,182.75,1198.00,completed,2026-09-03T20:50:00+05:30
SALE-003974,SHOP-029,CUST-0605,2026-09-03T12:20:00+05:30,credit,1647.00,0.00,251.24,1647.00,completed,2026-09-03T12:20:00+05:30
SALE-003975,SHOP-032,CUST-0664,2026-09-03T12:40:00+05:30,cash,460.00,0.00,27.15,460.00,completed,2026-09-03T12:40:00+05:30
SALE-003976,SHOP-032,,2026-09-03T08:30:00+05:30,cash,526.00,0.00,33.02,526.00,completed,2026-09-03T08:30:00+05:30
SALE-003977,SHOP-032,CUST-0656,2026-09-03T17:20:00+05:30,cash,173.00,0.00,12.23,173.00,completed,2026-09-03T17:20:00+05:30
SALE-003978,SHOP-034,,2026-09-03T18:40:00+05:30,upi,187.00,0.00,23.76,187.00,completed,2026-09-03T18:40:00+05:30
SALE-003979,SHOP-035,CUST-0715,2026-09-03T16:20:00+05:30,credit,1961.00,0.00,299.14,1961.00,completed,2026-09-03T16:20:00+05:30
SALE-003980,SHOP-037,CUST-0767,2026-09-03T12:20:00+05:30,upi,190.00,0.00,28.98,190.00,completed,2026-09-03T12:20:00+05:30
SALE-003981,SHOP-038,,2026-09-03T18:10:00+05:30,cash,103.00,0.00,1.90,103.00,completed,2026-09-03T18:10:00+05:30
SALE-003982,SHOP-040,CUST-0832,2026-09-03T14:30:00+05:30,cash,352.00,0.00,40.98,352.00,completed,2026-09-03T14:30:00+05:30
SALE-003983,SHOP-040,CUST-0826,2026-09-03T12:00:00+05:30,credit,30.00,0.00,3.21,30.00,completed,2026-09-03T12:00:00+05:30
SALE-003984,SHOP-041,CUST-0841,2026-09-03T10:50:00+05:30,upi,299.00,0.00,45.61,299.00,completed,2026-09-03T10:50:00+05:30
SALE-003985,SHOP-042,,2026-09-03T09:50:00+05:30,cash,1129.00,22.58,196.68,1106.42,completed,2026-09-03T09:50:00+05:30
SALE-003986,SHOP-042,,2026-09-03T12:30:00+05:30,upi,550.00,27.50,79.70,522.50,returned,2026-09-03T12:30:00+05:30
SALE-003987,SHOP-043,,2026-09-03T15:30:00+05:30,cash,50.00,0.00,7.63,50.00,completed,2026-09-03T15:30:00+05:30
SALE-003988,SHOP-043,,2026-09-03T15:10:00+05:30,cash,1505.00,0.00,83.79,1505.00,completed,2026-09-03T15:10:00+05:30
SALE-003989,SHOP-044,,2026-09-03T15:40:00+05:30,cash,123.00,0.00,4.52,123.00,completed,2026-09-03T15:40:00+05:30
SALE-003990,SHOP-045,,2026-09-03T08:20:00+05:30,upi,570.00,28.50,25.79,541.50,completed,2026-09-03T08:20:00+05:30
SALE-003991,SHOP-046,,2026-09-03T11:30:00+05:30,upi,160.00,0.00,19.41,160.00,returned,2026-09-03T11:30:00+05:30
SALE-003992,SHOP-046,CUST-0941,2026-09-03T14:40:00+05:30,upi,30.00,0.00,3.21,30.00,completed,2026-09-03T14:40:00+05:30
SALE-003993,SHOP-047,,2026-09-03T08:50:00+05:30,cash,1596.00,0.00,243.46,1596.00,completed,2026-09-03T08:50:00+05:30
SALE-003994,SHOP-047,,2026-09-03T16:10:00+05:30,cash,997.00,0.00,152.08,997.00,completed,2026-09-03T16:10:00+05:30
SALE-003995,SHOP-048,CUST-0977,2026-09-03T20:20:00+05:30,credit,130.00,0.00,19.83,130.00,completed,2026-09-03T20:20:00+05:30
SALE-003996,SHOP-049,CUST-0996,2026-09-03T19:10:00+05:30,upi,310.00,0.00,33.53,310.00,completed,2026-09-03T19:10:00+05:30
SALE-003997,SHOP-049,CUST-0989,2026-09-03T14:00:00+05:30,upi,38.00,0.00,1.81,38.00,completed,2026-09-03T14:00:00+05:30
SALE-003998,SHOP-049,CUST-1006,2026-09-03T19:30:00+05:30,credit,191.00,0.00,8.34,191.00,completed,2026-09-03T19:30:00+05:30
SALE-003999,SHOP-050,CUST-1036,2026-09-03T16:50:00+05:30,upi,203.00,0.00,9.67,203.00,completed,2026-09-03T16:50:00+05:30
SALE-004000,SHOP-050,,2026-09-03T10:20:00+05:30,upi,70.00,0.00,3.33,70.00,completed,2026-09-03T10:20:00+05:30
SALE-004001,SHOP-001,,2026-09-04T11:50:00+05:30,cash,660.00,0.00,31.43,660.00,completed,2026-09-04T11:50:00+05:30
SALE-004002,SHOP-001,,2026-09-04T20:10:00+05:30,cash,223.00,0.00,16.56,223.00,completed,2026-09-04T20:10:00+05:30
SALE-004003,SHOP-001,CUST-0024,2026-09-04T14:40:00+05:30,credit,80.00,0.00,12.20,80.00,completed,2026-09-04T14:40:00+05:30
SALE-004004,SHOP-003,CUST-0050,2026-09-04T11:30:00+05:30,upi,230.00,0.00,28.27,230.00,completed,2026-09-04T11:30:00+05:30
SALE-004005,SHOP-004,,2026-09-04T09:10:00+05:30,cash,60.00,0.00,6.43,60.00,completed,2026-09-04T09:10:00+05:30
SALE-004006,SHOP-004,CUST-0066,2026-09-04T17:20:00+05:30,credit,145.00,0.00,16.67,145.00,completed,2026-09-04T17:20:00+05:30
SALE-004007,SHOP-007,CUST-0139,2026-09-04T12:10:00+05:30,credit,680.00,0.00,72.86,680.00,completed,2026-09-04T12:10:00+05:30
SALE-004008,SHOP-007,CUST-0142,2026-09-04T10:20:00+05:30,credit,120.00,0.00,12.86,120.00,completed,2026-09-04T10:20:00+05:30
SALE-004009,SHOP-009,CUST-0172,2026-09-04T19:10:00+05:30,upi,36.00,0.00,5.49,36.00,completed,2026-09-04T19:10:00+05:30
SALE-004010,SHOP-011,,2026-09-04T14:00:00+05:30,upi,640.00,0.00,45.01,640.00,completed,2026-09-04T14:00:00+05:30
SALE-004011,SHOP-011,,2026-09-04T14:30:00+05:30,cash,50.00,0.00,0.00,50.00,completed,2026-09-04T14:30:00+05:30
SALE-004012,SHOP-012,CUST-0236,2026-09-04T15:40:00+05:30,credit,135.00,0.00,4.52,135.00,completed,2026-09-04T15:40:00+05:30
SALE-004013,SHOP-013,,2026-09-04T14:40:00+05:30,upi,65.00,0.00,5.72,65.00,completed,2026-09-04T14:40:00+05:30
SALE-004014,SHOP-013,CUST-0261,2026-09-04T08:20:00+05:30,cash,30.00,0.00,3.21,30.00,completed,2026-09-04T08:20:00+05:30
SALE-004015,SHOP-014,CUST-0275,2026-09-04T11:00:00+05:30,credit,1520.00,0.00,231.86,1520.00,completed,2026-09-04T11:00:00+05:30
SALE-004016,SHOP-017,CUST-0349,2026-09-04T20:10:00+05:30,upi,406.00,0.00,48.29,406.00,completed,2026-09-04T20:10:00+05:30
SALE-004017,SHOP-017,CUST-0332,2026-09-04T20:40:00+05:30,credit,139.00,0.00,3.05,139.00,completed,2026-09-04T20:40:00+05:30
SALE-004018,SHOP-018,,2026-09-04T13:50:00+05:30,cash,276.00,0.00,6.48,276.00,completed,2026-09-04T13:50:00+05:30
SALE-004019,SHOP-019,CUST-0375,2026-09-04T16:00:00+05:30,card,160.00,0.00,24.41,160.00,completed,2026-09-04T16:00:00+05:30
SALE-004020,SHOP-019,CUST-0386,2026-09-04T10:30:00+05:30,credit,80.00,0.00,12.20,80.00,completed,2026-09-04T10:30:00+05:30
SALE-004021,SHOP-020,,2026-09-04T20:40:00+05:30,upi,94.00,0.00,12.45,94.00,completed,2026-09-04T20:40:00+05:30
SALE-004022,SHOP-020,CUST-0414,2026-09-04T15:00:00+05:30,cash,380.00,0.00,18.10,380.00,completed,2026-09-04T15:00:00+05:30
SALE-004023,SHOP-020,CUST-0424,2026-09-04T08:40:00+05:30,credit,80.00,0.00,3.81,80.00,completed,2026-09-04T08:40:00+05:30
SALE-004024,SHOP-020,CUST-0418,2026-09-04T13:30:00+05:30,upi,145.00,0.00,17.77,145.00,completed,2026-09-04T13:30:00+05:30
SALE-004025,SHOP-021,,2026-09-04T17:00:00+05:30,cash,50.00,0.00,5.36,50.00,completed,2026-09-04T17:00:00+05:30
SALE-004026,SHOP-023,,2026-09-04T16:50:00+05:30,upi,70.00,0.00,3.33,70.00,completed,2026-09-04T16:50:00+05:30
SALE-004027,SHOP-023,,2026-09-04T11:30:00+05:30,cash,440.00,0.00,20.95,440.00,completed,2026-09-04T11:30:00+05:30
SALE-004028,SHOP-024,CUST-0488,2026-09-04T15:40:00+05:30,cash,80.00,0.00,3.21,80.00,completed,2026-09-04T15:40:00+05:30
SALE-004029,SHOP-024,,2026-09-04T18:20:00+05:30,upi,118.00,0.00,0.00,118.00,completed,2026-09-04T18:20:00+05:30
SALE-004030,SHOP-026,CUST-0541,2026-09-04T09:20:00+05:30,cash,280.00,0.00,13.33,280.00,completed,2026-09-04T09:20:00+05:30
SALE-004031,SHOP-026,CUST-0533,2026-09-04T15:50:00+05:30,cash,345.00,0.00,28.49,345.00,completed,2026-09-04T15:50:00+05:30
SALE-004032,SHOP-026,,2026-09-04T10:50:00+05:30,cash,98.00,0.00,14.95,98.00,completed,2026-09-04T10:50:00+05:30
SALE-004033,SHOP-026,,2026-09-04T17:30:00+05:30,upi,37.00,0.00,1.76,37.00,completed,2026-09-04T17:30:00+05:30
SALE-004034,SHOP-028,CUST-0591,2026-09-04T14:50:00+05:30,credit,38.00,0.00,1.81,38.00,completed,2026-09-04T14:50:00+05:30
SALE-004035,SHOP-030,,2026-09-04T18:40:00+05:30,card,585.00,0.00,18.57,585.00,completed,2026-09-04T18:40:00+05:30
SALE-004036,SHOP-031,CUST-0631,2026-09-04T14:20:00+05:30,credit,1670.00,0.00,254.75,1670.00,completed,2026-09-04T14:20:00+05:30
SALE-004037,SHOP-033,,2026-09-04T10:10:00+05:30,upi,1300.00,0.00,198.31,1300.00,completed,2026-09-04T10:10:00+05:30
SALE-004038,SHOP-033,,2026-09-04T10:00:00+05:30,upi,40.00,0.00,0.00,40.00,completed,2026-09-04T10:00:00+05:30
SALE-004039,SHOP-033,CUST-0670,2026-09-04T16:00:00+05:30,credit,586.00,0.00,50.16,586.00,completed,2026-09-04T16:00:00+05:30
SALE-004040,SHOP-034,CUST-0701,2026-09-04T12:10:00+05:30,upi,96.00,0.00,14.64,96.00,completed,2026-09-04T12:10:00+05:30
SALE-004041,SHOP-036,CUST-0737,2026-09-04T10:10:00+05:30,credit,226.00,0.00,34.47,226.00,completed,2026-09-04T10:10:00+05:30
SALE-004042,SHOP-036,CUST-0730,2026-09-04T14:20:00+05:30,cash,710.00,14.20,33.13,695.80,completed,2026-09-04T14:20:00+05:30
SALE-004043,SHOP-038,,2026-09-04T18:00:00+05:30,cash,306.00,0.00,21.35,306.00,completed,2026-09-04T18:00:00+05:30
SALE-004044,SHOP-039,CUST-0811,2026-09-04T08:20:00+05:30,upi,135.00,0.00,19.23,135.00,completed,2026-09-04T08:20:00+05:30
SALE-004045,SHOP-039,CUST-0791,2026-09-04T10:30:00+05:30,upi,20.00,0.00,2.14,20.00,completed,2026-09-04T10:30:00+05:30
SALE-004046,SHOP-039,CUST-0792,2026-09-04T10:40:00+05:30,cash,478.00,0.00,25.70,478.00,completed,2026-09-04T10:40:00+05:30
SALE-004047,SHOP-041,CUST-0840,2026-09-04T17:50:00+05:30,cash,1998.00,0.00,304.78,1998.00,completed,2026-09-04T17:50:00+05:30
SALE-004048,SHOP-042,CUST-0860,2026-09-04T13:40:00+05:30,cash,582.00,0.00,88.78,582.00,completed,2026-09-04T13:40:00+05:30
SALE-004049,SHOP-043,CUST-0890,2026-09-04T16:10:00+05:30,cash,144.00,0.00,18.19,144.00,completed,2026-09-04T16:10:00+05:30
SALE-004050,SHOP-044,,2026-09-04T20:00:00+05:30,upi,118.00,0.00,13.73,118.00,completed,2026-09-04T20:00:00+05:30
SALE-004051,SHOP-045,CUST-0913,2026-09-04T15:40:00+05:30,credit,630.00,0.00,30.00,630.00,completed,2026-09-04T15:40:00+05:30
SALE-004052,SHOP-045,CUST-0927,2026-09-04T19:20:00+05:30,card,440.00,0.00,20.95,440.00,completed,2026-09-04T19:20:00+05:30
SALE-004053,SHOP-046,CUST-0938,2026-09-04T10:30:00+05:30,credit,70.00,0.00,9.09,70.00,completed,2026-09-04T10:30:00+05:30
SALE-004054,SHOP-048,,2026-09-04T11:30:00+05:30,upi,4067.00,0.00,647.53,4067.00,returned,2026-09-04T11:30:00+05:30
SALE-004055,SHOP-050,CUST-1022,2026-09-04T10:30:00+05:30,credit,405.00,0.00,19.29,405.00,completed,2026-09-04T10:30:00+05:30
SALE-004056,SHOP-050,CUST-1007,2026-09-04T11:40:00+05:30,credit,595.00,29.75,42.37,565.25,completed,2026-09-04T11:40:00+05:30
SALE-004057,SHOP-050,,2026-09-04T19:40:00+05:30,upi,143.00,0.00,21.81,143.00,completed,2026-09-04T19:40:00+05:30
SALE-004058,SHOP-001,CUST-0022,2026-09-05T12:30:00+05:30,cash,111.00,0.00,13.15,111.00,completed,2026-09-05T12:30:00+05:30
SALE-004059,SHOP-001,,2026-09-05T20:30:00+05:30,upi,335.00,0.00,15.95,335.00,completed,2026-09-05T20:30:00+05:30
SALE-004060,SHOP-001,CUST-0012,2026-09-05T20:50:00+05:30,upi,270.00,0.00,12.86,270.00,completed,2026-09-05T20:50:00+05:30
SALE-004061,SHOP-003,CUST-0061,2026-09-05T16:50:00+05:30,cash,140.00,0.00,18.18,140.00,completed,2026-09-05T16:50:00+05:30
SALE-004062,SHOP-003,CUST-0057,2026-09-05T12:20:00+05:30,cash,320.00,0.00,44.27,320.00,completed,2026-09-05T12:20:00+05:30
SALE-004063,SHOP-004,,2026-09-05T14:00:00+05:30,cash,38.00,0.00,1.81,38.00,completed,2026-09-05T14:00:00+05:30
SALE-004064,SHOP-006,,2026-09-05T15:00:00+05:30,upi,150.00,0.00,4.76,150.00,completed,2026-09-05T15:00:00+05:30
SALE-004065,SHOP-006,CUST-0102,2026-09-05T19:40:00+05:30,upi,447.00,0.00,2.14,447.00,completed,2026-09-05T19:40:00+05:30
SALE-004066,SHOP-006,CUST-0117,2026-09-05T11:20:00+05:30,credit,335.00,0.00,15.95,335.00,completed,2026-09-05T11:20:00+05:30
SALE-004067,SHOP-007,,2026-09-05T19:30:00+05:30,cash,38.00,0.00,1.81,38.00,completed,2026-09-05T19:30:00+05:30
SALE-004068,SHOP-008,CUST-0153,2026-09-05T14:40:00+05:30,credit,190.00,0.00,28.98,190.00,completed,2026-09-05T14:40:00+05:30
SALE-004069,SHOP-009,,2026-09-05T17:30:00+05:30,cash,24.00,0.00,3.39,24.00,completed,2026-09-05T17:30:00+05:30
SALE-004070,SHOP-010,,2026-09-05T14:20:00+05:30,upi,999.00,0.00,152.39,999.00,completed,2026-09-05T14:20:00+05:30
SALE-004071,SHOP-011,,2026-09-05T17:30:00+05:30,cash,222.00,0.00,13.19,222.00,completed,2026-09-05T17:30:00+05:30
SALE-004072,SHOP-011,CUST-0214,2026-09-05T16:10:00+05:30,cash,4392.00,0.00,231.18,4392.00,completed,2026-09-05T16:10:00+05:30
SALE-004073,SHOP-012,CUST-0234,2026-09-05T08:20:00+05:30,credit,375.00,0.00,8.57,375.00,completed,2026-09-05T08:20:00+05:30
SALE-004074,SHOP-012,,2026-09-05T16:30:00+05:30,cash,495.00,0.00,31.73,495.00,completed,2026-09-05T16:30:00+05:30
SALE-004075,SHOP-013,,2026-09-05T16:00:00+05:30,cash,80.00,0.00,3.81,80.00,completed,2026-09-05T16:00:00+05:30
SALE-004076,SHOP-013,,2026-09-05T15:30:00+05:30,cash,160.00,0.00,7.62,160.00,completed,2026-09-05T15:30:00+05:30
SALE-004077,SHOP-015,CUST-0297,2026-09-05T16:20:00+05:30,cash,50.00,0.00,5.36,50.00,completed,2026-09-05T16:20:00+05:30
SALE-004078,SHOP-017,,2026-09-05T09:40:00+05:30,upi,4618.00,92.36,219.41,4525.64,completed,2026-09-05T09:40:00+05:30
SALE-004079,SHOP-017,CUST-0340,2026-09-05T18:40:00+05:30,upi,1438.00,0.00,68.48,1438.00,completed,2026-09-05T18:40:00+05:30
SALE-004080,SHOP-017,CUST-0337,2026-09-05T19:30:00+05:30,cash,395.00,0.00,21.43,395.00,completed,2026-09-05T19:30:00+05:30
SALE-004081,SHOP-018,,2026-09-05T12:20:00+05:30,cash,114.00,0.00,5.43,114.00,completed,2026-09-05T12:20:00+05:30
SALE-004082,SHOP-019,CUST-0379,2026-09-05T14:50:00+05:30,cash,840.00,0.00,182.43,840.00,completed,2026-09-05T14:50:00+05:30
SALE-004083,SHOP-020,CUST-0418,2026-09-05T08:00:00+05:30,upi,450.00,0.00,21.43,450.00,completed,2026-09-05T08:00:00+05:30
SALE-004084,SHOP-020,,2026-09-05T10:00:00+05:30,upi,256.00,0.00,16.23,256.00,completed,2026-09-05T10:00:00+05:30
SALE-004085,SHOP-023,,2026-09-05T12:10:00+05:30,cash,337.00,0.00,18.73,337.00,completed,2026-09-05T12:10:00+05:30
SALE-004086,SHOP-023,CUST-0467,2026-09-05T12:30:00+05:30,cash,508.00,0.00,24.19,508.00,completed,2026-09-05T12:30:00+05:30
SALE-004087,SHOP-025,CUST-0502,2026-09-05T17:30:00+05:30,credit,2680.00,0.00,408.81,2680.00,completed,2026-09-05T17:30:00+05:30
SALE-004088,SHOP-025,CUST-0500,2026-09-05T15:20:00+05:30,upi,790.00,0.00,120.51,790.00,completed,2026-09-05T15:20:00+05:30
SALE-004089,SHOP-026,CUST-0529,2026-09-05T13:10:00+05:30,upi,120.00,0.00,5.71,120.00,completed,2026-09-05T13:10:00+05:30
SALE-004090,SHOP-027,CUST-0552,2026-09-05T09:10:00+05:30,upi,575.00,0.00,61.61,575.00,completed,2026-09-05T09:10:00+05:30
SALE-004091,SHOP-028,CUST-0579,2026-09-05T12:00:00+05:30,cash,38.00,0.00,1.81,38.00,completed,2026-09-05T12:00:00+05:30
SALE-004092,SHOP-029,CUST-0606,2026-09-05T15:10:00+05:30,cash,1896.00,0.00,289.22,1896.00,completed,2026-09-05T15:10:00+05:30
SALE-004093,SHOP-030,CUST-0612,2026-09-05T13:10:00+05:30,upi,336.00,0.00,19.15,336.00,completed,2026-09-05T13:10:00+05:30
SALE-004094,SHOP-032,CUST-0648,2026-09-05T16:30:00+05:30,credit,436.00,0.00,2.19,436.00,completed,2026-09-05T16:30:00+05:30
SALE-004095,SHOP-032,CUST-0654,2026-09-05T14:50:00+05:30,upi,2600.00,0.00,123.81,2600.00,completed,2026-09-05T14:50:00+05:30
SALE-004096,SHOP-032,CUST-0653,2026-09-05T11:10:00+05:30,upi,895.00,0.00,41.43,895.00,completed,2026-09-05T11:10:00+05:30
SALE-004097,SHOP-033,CUST-0671,2026-09-05T08:30:00+05:30,card,60.00,0.00,6.43,60.00,completed,2026-09-05T08:30:00+05:30
SALE-004098,SHOP-033,CUST-0680,2026-09-05T17:30:00+05:30,upi,293.00,0.00,9.95,293.00,completed,2026-09-05T17:30:00+05:30
SALE-004099,SHOP-034,CUST-0701,2026-09-05T08:20:00+05:30,upi,122.00,0.00,18.61,122.00,completed,2026-09-05T08:20:00+05:30
SALE-004100,SHOP-035,CUST-0705,2026-09-05T10:40:00+05:30,cash,1299.00,38.97,192.21,1260.03,completed,2026-09-05T10:40:00+05:30
SALE-004101,SHOP-036,CUST-0732,2026-09-05T12:20:00+05:30,cash,55.00,0.00,4.58,55.00,completed,2026-09-05T12:20:00+05:30
SALE-004102,SHOP-038,CUST-0781,2026-09-05T14:10:00+05:30,credit,165.00,0.00,4.52,165.00,completed,2026-09-05T14:10:00+05:30
SALE-004103,SHOP-039,,2026-09-05T12:20:00+05:30,upi,130.00,0.00,15.63,130.00,completed,2026-09-05T12:20:00+05:30
SALE-004104,SHOP-039,CUST-0799,2026-09-05T11:00:00+05:30,upi,130.00,0.00,6.19,130.00,completed,2026-09-05T11:00:00+05:30
SALE-004105,SHOP-040,CUST-0819,2026-09-05T16:00:00+05:30,cash,770.00,0.00,89.76,770.00,completed,2026-09-05T16:00:00+05:30
SALE-004106,SHOP-041,,2026-09-05T08:50:00+05:30,upi,2100.00,0.00,320.34,2100.00,completed,2026-09-05T08:50:00+05:30
SALE-004107,SHOP-042,CUST-0868,2026-09-05T11:10:00+05:30,cash,3430.00,0.00,523.22,3430.00,completed,2026-09-05T11:10:00+05:30
SALE-004108,SHOP-043,CUST-0881,2026-09-05T12:30:00+05:30,cash,293.00,0.00,23.40,293.00,completed,2026-09-05T12:30:00+05:30
SALE-004109,SHOP-044,CUST-0899,2026-09-05T19:40:00+05:30,card,216.00,0.00,8.14,216.00,completed,2026-09-05T19:40:00+05:30
SALE-004110,SHOP-044,CUST-0902,2026-09-05T17:30:00+05:30,upi,60.00,0.00,2.86,60.00,completed,2026-09-05T17:30:00+05:30
SALE-004111,SHOP-044,CUST-0892,2026-09-05T19:40:00+05:30,credit,35.00,0.00,0.00,35.00,completed,2026-09-05T19:40:00+05:30
SALE-004112,SHOP-046,,2026-09-05T15:50:00+05:30,upi,102.00,0.00,15.56,102.00,returned,2026-09-05T15:50:00+05:30
SALE-004113,SHOP-048,CUST-0976,2026-09-05T18:50:00+05:30,upi,3500.00,105.00,517.88,3395.00,completed,2026-09-05T18:50:00+05:30
SALE-004114,SHOP-049,CUST-0999,2026-09-05T16:40:00+05:30,credit,140.00,0.00,0.00,140.00,completed,2026-09-05T16:40:00+05:30
SALE-004115,SHOP-050,CUST-1022,2026-09-05T20:10:00+05:30,credit,406.00,0.00,19.33,406.00,completed,2026-09-05T20:10:00+05:30
SALE-004116,SHOP-050,CUST-1018,2026-09-05T12:40:00+05:30,cash,1030.00,0.00,49.05,1030.00,completed,2026-09-05T12:40:00+05:30
SALE-004117,SHOP-001,CUST-0024,2026-09-06T11:20:00+05:30,upi,30.00,0.00,4.58,30.00,completed,2026-09-06T11:20:00+05:30
SALE-004118,SHOP-001,CUST-0010,2026-09-06T14:20:00+05:30,credit,101.00,0.00,15.41,101.00,completed,2026-09-06T14:20:00+05:30
SALE-004119,SHOP-001,CUST-0008,2026-09-06T13:10:00+05:30,upi,165.00,0.00,7.86,165.00,completed,2026-09-06T13:10:00+05:30
SALE-004120,SHOP-002,CUST-0044,2026-09-06T16:40:00+05:30,cash,195.00,0.00,29.75,195.00,completed,2026-09-06T16:40:00+05:30
SALE-004121,SHOP-002,CUST-0027,2026-09-06T18:40:00+05:30,cash,410.00,0.00,62.54,410.00,completed,2026-09-06T18:40:00+05:30
SALE-004122,SHOP-003,,2026-09-06T18:00:00+05:30,cash,140.00,0.00,20.90,140.00,completed,2026-09-06T18:00:00+05:30
SALE-004123,SHOP-006,CUST-0117,2026-09-06T13:30:00+05:30,credit,46.00,0.00,2.19,46.00,completed,2026-09-06T13:30:00+05:30
SALE-004124,SHOP-006,,2026-09-06T19:20:00+05:30,cash,696.00,0.00,66.19,696.00,completed,2026-09-06T19:20:00+05:30
SALE-004125,SHOP-007,CUST-0128,2026-09-06T09:30:00+05:30,cash,70.00,0.00,2.00,70.00,completed,2026-09-06T09:30:00+05:30
SALE-004126,SHOP-010,,2026-09-06T10:40:00+05:30,upi,149.00,0.00,22.73,149.00,completed,2026-09-06T10:40:00+05:30
SALE-004127,SHOP-011,CUST-0206,2026-09-06T08:20:00+05:30,upi,393.00,0.00,22.70,393.00,completed,2026-09-06T08:20:00+05:30
SALE-004128,SHOP-011,CUST-0203,2026-09-06T20:00:00+05:30,cash,90.00,0.00,13.73,90.00,completed,2026-09-06T20:00:00+05:30
SALE-004129,SHOP-012,CUST-0247,2026-09-06T18:40:00+05:30,credit,65.00,0.00,0.95,65.00,completed,2026-09-06T18:40:00+05:30
SALE-004130,SHOP-013,CUST-0271,2026-09-06T13:30:00+05:30,upi,1015.00,0.00,48.33,1015.00,completed,2026-09-06T13:30:00+05:30
SALE-004131,SHOP-013,,2026-09-06T14:30:00+05:30,cash,680.00,0.00,37.63,680.00,completed,2026-09-06T14:30:00+05:30
SALE-004132,SHOP-013,CUST-0265,2026-09-06T10:50:00+05:30,card,240.00,0.00,16.67,240.00,completed,2026-09-06T10:50:00+05:30
SALE-004133,SHOP-014,,2026-09-06T12:50:00+05:30,upi,40.00,0.00,6.10,40.00,completed,2026-09-06T12:50:00+05:30
SALE-004134,SHOP-016,CUST-0309,2026-09-06T08:40:00+05:30,cash,1294.00,0.00,197.39,1294.00,completed,2026-09-06T08:40:00+05:30
SALE-004135,SHOP-016,,2026-09-06T14:30:00+05:30,upi,398.00,0.00,60.71,398.00,completed,2026-09-06T14:30:00+05:30
SALE-004136,SHOP-017,CUST-0332,2026-09-06T20:50:00+05:30,card,135.00,0.00,6.43,135.00,completed,2026-09-06T20:50:00+05:30
SALE-004137,SHOP-017,CUST-0328,2026-09-06T18:40:00+05:30,credit,1422.00,0.00,67.71,1422.00,completed,2026-09-06T18:40:00+05:30
SALE-004138,SHOP-017,,2026-09-06T10:50:00+05:30,cash,2765.00,0.00,131.67,2765.00,completed,2026-09-06T10:50:00+05:30
SALE-004139,SHOP-019,CUST-0379,2026-09-06T19:30:00+05:30,upi,130.00,0.00,19.83,130.00,completed,2026-09-06T19:30:00+05:30
SALE-004140,SHOP-019,CUST-0374,2026-09-06T17:10:00+05:30,upi,1830.00,0.00,279.15,1830.00,completed,2026-09-06T17:10:00+05:30
SALE-004141,SHOP-019,CUST-0397,2026-09-06T13:10:00+05:30,upi,3450.00,0.00,526.27,3450.00,completed,2026-09-06T13:10:00+05:30
SALE-004142,SHOP-020,,2026-09-06T12:40:00+05:30,cash,260.00,0.00,12.38,260.00,completed,2026-09-06T12:40:00+05:30
SALE-004143,SHOP-020,CUST-0409,2026-09-06T20:50:00+05:30,credit,136.00,0.00,13.20,136.00,completed,2026-09-06T20:50:00+05:30
SALE-004144,SHOP-020,,2026-09-06T15:00:00+05:30,upi,1430.00,0.00,74.39,1430.00,completed,2026-09-06T15:00:00+05:30
SALE-004145,SHOP-021,CUST-0446,2026-09-06T14:10:00+05:30,upi,70.00,0.00,7.50,70.00,completed,2026-09-06T14:10:00+05:30
SALE-004146,SHOP-023,CUST-0465,2026-09-06T08:40:00+05:30,upi,365.00,0.00,22.63,365.00,completed,2026-09-06T08:40:00+05:30
SALE-004147,SHOP-023,,2026-09-06T19:20:00+05:30,cash,240.00,0.00,19.30,240.00,completed,2026-09-06T19:20:00+05:30
SALE-004148,SHOP-024,CUST-0485,2026-09-06T11:30:00+05:30,credit,35.00,0.00,0.00,35.00,completed,2026-09-06T11:30:00+05:30
SALE-004149,SHOP-026,,2026-09-06T08:10:00+05:30,upi,4103.00,0.00,197.17,4103.00,completed,2026-09-06T08:10:00+05:30
SALE-004150,SHOP-026,,2026-09-06T16:40:00+05:30,cash,240.00,0.00,11.43,240.00,completed,2026-09-06T16:40:00+05:30
SALE-004151,SHOP-027,,2026-09-06T18:20:00+05:30,upi,144.00,0.00,21.97,144.00,completed,2026-09-06T18:20:00+05:30
SALE-004152,SHOP-028,CUST-0587,2026-09-06T16:50:00+05:30,cash,70.00,0.00,0.00,70.00,completed,2026-09-06T16:50:00+05:30
SALE-004153,SHOP-028,,2026-09-06T10:40:00+05:30,cash,175.00,0.00,15.54,175.00,completed,2026-09-06T10:40:00+05:30
SALE-004154,SHOP-028,CUST-0578,2026-09-06T12:30:00+05:30,cash,25.00,0.00,3.81,25.00,completed,2026-09-06T12:30:00+05:30
SALE-004155,SHOP-029,,2026-09-06T08:00:00+05:30,upi,1645.00,0.00,250.93,1645.00,completed,2026-09-06T08:00:00+05:30
SALE-004156,SHOP-032,CUST-0657,2026-09-06T17:50:00+05:30,upi,38.00,0.00,1.81,38.00,completed,2026-09-06T17:50:00+05:30
SALE-004157,SHOP-032,,2026-09-06T16:20:00+05:30,cash,190.00,0.00,9.05,190.00,completed,2026-09-06T16:20:00+05:30
SALE-004158,SHOP-033,CUST-0676,2026-09-06T10:20:00+05:30,upi,20.00,0.00,0.95,20.00,completed,2026-09-06T10:20:00+05:30
SALE-004159,SHOP-034,CUST-0695,2026-09-06T20:30:00+05:30,upi,70.00,0.00,10.68,70.00,completed,2026-09-06T20:30:00+05:30
SALE-004160,SHOP-035,CUST-0713,2026-09-06T16:40:00+05:30,cash,1217.00,0.00,185.64,1217.00,returned,2026-09-06T16:40:00+05:30
SALE-004161,SHOP-035,CUST-0718,2026-09-06T12:20:00+05:30,cash,1798.00,0.00,274.27,1798.00,completed,2026-09-06T12:20:00+05:30
SALE-004162,SHOP-036,CUST-0746,2026-09-06T09:20:00+05:30,credit,560.00,11.20,26.13,548.80,completed,2026-09-06T09:20:00+05:30
SALE-004163,SHOP-036,CUST-0745,2026-09-06T08:30:00+05:30,upi,175.00,0.00,14.77,175.00,completed,2026-09-06T08:30:00+05:30
SALE-004164,SHOP-036,CUST-0741,2026-09-06T19:10:00+05:30,credit,113.00,0.00,17.24,113.00,completed,2026-09-06T19:10:00+05:30
SALE-004165,SHOP-037,CUST-0771,2026-09-06T15:00:00+05:30,cash,302.00,0.00,46.07,302.00,completed,2026-09-06T15:00:00+05:30
SALE-004166,SHOP-037,CUST-0759,2026-09-06T19:40:00+05:30,upi,99.00,0.00,15.10,99.00,completed,2026-09-06T19:40:00+05:30
SALE-004167,SHOP-039,CUST-0803,2026-09-06T14:10:00+05:30,upi,1045.00,20.90,48.77,1024.10,completed,2026-09-06T14:10:00+05:30
SALE-004168,SHOP-039,CUST-0805,2026-09-06T14:30:00+05:30,upi,345.00,0.00,17.32,345.00,completed,2026-09-06T14:30:00+05:30
SALE-004169,SHOP-040,CUST-0827,2026-09-06T19:40:00+05:30,cash,134.00,0.00,20.44,134.00,completed,2026-09-06T19:40:00+05:30
SALE-004170,SHOP-040,CUST-0833,2026-09-06T13:10:00+05:30,credit,184.00,0.00,25.34,184.00,completed,2026-09-06T13:10:00+05:30
SALE-004171,SHOP-044,CUST-0893,2026-09-06T20:20:00+05:30,credit,236.00,0.00,27.46,236.00,completed,2026-09-06T20:20:00+05:30
SALE-004172,SHOP-044,CUST-0893,2026-09-06T15:40:00+05:30,credit,91.00,0.00,0.00,91.00,completed,2026-09-06T15:40:00+05:30
SALE-004173,SHOP-044,,2026-09-06T12:00:00+05:30,cash,120.00,0.00,12.86,120.00,completed,2026-09-06T12:00:00+05:30
SALE-004174,SHOP-045,CUST-0933,2026-09-06T11:30:00+05:30,credit,205.00,0.00,0.00,205.00,completed,2026-09-06T11:30:00+05:30
SALE-004175,SHOP-045,,2026-09-06T12:10:00+05:30,upi,495.00,0.00,23.57,495.00,completed,2026-09-06T12:10:00+05:30
SALE-004176,SHOP-045,,2026-09-06T16:20:00+05:30,upi,40.00,0.00,1.90,40.00,completed,2026-09-06T16:20:00+05:30
SALE-004177,SHOP-046,,2026-09-06T15:00:00+05:30,upi,827.00,41.35,119.84,785.65,completed,2026-09-06T15:00:00+05:30
SALE-004178,SHOP-048,CUST-0982,2026-09-06T10:50:00+05:30,upi,218.00,0.00,33.25,218.00,completed,2026-09-06T10:50:00+05:30
SALE-004179,SHOP-049,CUST-0996,2026-09-06T09:50:00+05:30,credit,150.00,0.00,16.59,150.00,completed,2026-09-06T09:50:00+05:30
SALE-004180,SHOP-049,CUST-0989,2026-09-06T12:30:00+05:30,cash,774.00,0.00,105.06,774.00,completed,2026-09-06T12:30:00+05:30
SALE-004181,SHOP-050,CUST-1022,2026-09-06T20:20:00+05:30,credit,165.00,0.00,7.86,165.00,completed,2026-09-06T20:20:00+05:30
SALE-004182,SHOP-050,CUST-1034,2026-09-06T15:10:00+05:30,credit,450.00,0.00,21.43,450.00,completed,2026-09-06T15:10:00+05:30
SALE-004183,SHOP-050,CUST-1028,2026-09-06T09:50:00+05:30,upi,135.00,0.00,6.43,135.00,completed,2026-09-06T09:50:00+05:30
SALE-004184,SHOP-001,,2026-09-07T12:10:00+05:30,cash,491.00,0.00,25.34,491.00,completed,2026-09-07T12:10:00+05:30
SALE-004185,SHOP-001,,2026-09-07T12:10:00+05:30,cash,91.00,0.00,13.20,91.00,completed,2026-09-07T12:10:00+05:30
SALE-004186,SHOP-002,,2026-09-07T09:20:00+05:30,upi,380.00,0.00,57.97,380.00,completed,2026-09-07T09:20:00+05:30
SALE-004187,SHOP-002,,2026-09-07T12:20:00+05:30,cash,879.00,0.00,134.08,879.00,completed,2026-09-07T12:20:00+05:30
SALE-004188,SHOP-003,CUST-0048,2026-09-07T17:40:00+05:30,upi,140.00,0.00,21.36,140.00,completed,2026-09-07T17:40:00+05:30
SALE-004189,SHOP-004,,2026-09-07T16:20:00+05:30,cash,45.00,0.00,0.00,45.00,completed,2026-09-07T16:20:00+05:30
SALE-004190,SHOP-006,CUST-0113,2026-09-07T16:50:00+05:30,upi,475.00,0.00,29.81,475.00,completed,2026-09-07T16:50:00+05:30
SALE-004191,SHOP-006,,2026-09-07T19:00:00+05:30,upi,242.00,0.00,11.52,242.00,completed,2026-09-07T19:00:00+05:30
SALE-004192,SHOP-006,,2026-09-07T12:40:00+05:30,upi,715.00,0.00,53.83,715.00,completed,2026-09-07T12:40:00+05:30
SALE-004193,SHOP-007,CUST-0135,2026-09-07T19:20:00+05:30,upi,220.00,0.00,10.48,220.00,completed,2026-09-07T19:20:00+05:30
SALE-004194,SHOP-007,CUST-0129,2026-09-07T10:40:00+05:30,cash,747.00,0.00,103.77,747.00,completed,2026-09-07T10:40:00+05:30
SALE-004195,SHOP-007,CUST-0143,2026-09-07T08:40:00+05:30,upi,266.00,0.00,19.44,266.00,completed,2026-09-07T08:40:00+05:30
SALE-004196,SHOP-008,CUST-0166,2026-09-07T12:50:00+05:30,cash,210.00,0.00,32.03,210.00,completed,2026-09-07T12:50:00+05:30
SALE-004197,SHOP-008,CUST-0169,2026-09-07T08:20:00+05:30,credit,27.00,0.00,4.12,27.00,completed,2026-09-07T08:20:00+05:30
SALE-004198,SHOP-010,CUST-0192,2026-09-07T20:50:00+05:30,card,945.00,0.00,144.15,945.00,completed,2026-09-07T20:50:00+05:30
SALE-004199,SHOP-011,,2026-09-07T10:10:00+05:30,cash,491.00,0.00,29.68,491.00,completed,2026-09-07T10:10:00+05:30
SALE-004200,SHOP-011,,2026-09-07T14:40:00+05:30,cash,32.00,0.00,1.52,32.00,completed,2026-09-07T14:40:00+05:30
SALE-004201,SHOP-012,CUST-0247,2026-09-07T20:40:00+05:30,upi,30.00,0.00,1.43,30.00,completed,2026-09-07T20:40:00+05:30
SALE-004202,SHOP-013,,2026-09-07T18:10:00+05:30,card,45.00,0.00,4.82,45.00,completed,2026-09-07T18:10:00+05:30
SALE-004203,SHOP-013,,2026-09-07T10:10:00+05:30,upi,375.00,0.00,17.86,375.00,completed,2026-09-07T10:10:00+05:30
SALE-004204,SHOP-013,,2026-09-07T20:40:00+05:30,upi,144.00,0.00,20.60,144.00,completed,2026-09-07T20:40:00+05:30
SALE-004205,SHOP-014,CUST-0278,2026-09-07T13:40:00+05:30,upi,1707.00,0.00,260.39,1707.00,completed,2026-09-07T13:40:00+05:30
SALE-004206,SHOP-015,CUST-0306,2026-09-07T19:30:00+05:30,card,36.00,0.00,5.49,36.00,completed,2026-09-07T19:30:00+05:30
SALE-004207,SHOP-016,CUST-0317,2026-09-07T18:10:00+05:30,upi,696.00,0.00,106.17,696.00,completed,2026-09-07T18:10:00+05:30
SALE-004208,SHOP-016,CUST-0321,2026-09-07T17:20:00+05:30,upi,5193.00,0.00,792.15,5193.00,completed,2026-09-07T17:20:00+05:30
SALE-004209,SHOP-017,CUST-0351,2026-09-07T11:30:00+05:30,upi,95.00,0.00,5.42,95.00,completed,2026-09-07T11:30:00+05:30
SALE-004210,SHOP-017,CUST-0338,2026-09-07T16:30:00+05:30,credit,46.00,0.00,2.19,46.00,completed,2026-09-07T16:30:00+05:30
SALE-004211,SHOP-017,,2026-09-07T09:50:00+05:30,upi,495.00,0.00,23.57,495.00,completed,2026-09-07T09:50:00+05:30
SALE-004212,SHOP-018,,2026-09-07T16:30:00+05:30,upi,60.00,0.00,6.43,60.00,completed,2026-09-07T16:30:00+05:30
SALE-004213,SHOP-019,CUST-0393,2026-09-07T12:00:00+05:30,credit,1400.00,0.00,213.56,1400.00,completed,2026-09-07T12:00:00+05:30
SALE-004214,SHOP-020,CUST-0414,2026-09-07T17:20:00+05:30,cash,212.00,0.00,10.10,212.00,completed,2026-09-07T17:20:00+05:30
SALE-004215,SHOP-020,,2026-09-07T12:00:00+05:30,cash,2737.00,0.00,134.15,2737.00,completed,2026-09-07T12:00:00+05:30
SALE-004216,SHOP-020,,2026-09-07T13:50:00+05:30,cash,430.00,0.00,12.98,430.00,completed,2026-09-07T13:50:00+05:30
SALE-004217,SHOP-020,CUST-0424,2026-09-07T08:00:00+05:30,upi,106.00,0.00,14.81,106.00,completed,2026-09-07T08:00:00+05:30
SALE-004218,SHOP-021,,2026-09-07T18:40:00+05:30,upi,135.00,0.00,20.59,135.00,completed,2026-09-07T18:40:00+05:30
SALE-004219,SHOP-023,CUST-0484,2026-09-07T20:30:00+05:30,credit,210.00,0.00,32.03,210.00,completed,2026-09-07T20:30:00+05:30
SALE-004220,SHOP-024,CUST-0497,2026-09-07T08:30:00+05:30,upi,1100.00,0.00,109.29,1100.00,completed,2026-09-07T08:30:00+05:30
SALE-004221,SHOP-025,CUST-0511,2026-09-07T19:00:00+05:30,credit,1640.00,0.00,358.75,1640.00,completed,2026-09-07T19:00:00+05:30
SALE-004222,SHOP-026,CUST-0520,2026-09-07T19:10:00+05:30,cash,910.00,18.20,45.55,891.80,completed,2026-09-07T19:10:00+05:30
SALE-004223,SHOP-027,,2026-09-07T12:00:00+05:30,cash,250.00,0.00,29.96,250.00,completed,2026-09-07T12:00:00+05:30
SALE-004224,SHOP-028,CUST-0593,2026-09-07T15:10:00+05:30,cash,575.00,0.00,36.43,575.00,completed,2026-09-07T15:10:00+05:30
SALE-004225,SHOP-029,CUST-0603,2026-09-07T15:00:00+05:30,upi,2396.00,0.00,365.49,2396.00,completed,2026-09-07T15:00:00+05:30
SALE-004226,SHOP-029,,2026-09-07T17:50:00+05:30,cash,298.00,0.00,45.46,298.00,completed,2026-09-07T17:50:00+05:30
SALE-004227,SHOP-031,,2026-09-07T19:40:00+05:30,upi,3325.00,166.25,481.84,3158.75,completed,2026-09-07T19:40:00+05:30
SALE-004228,SHOP-032,CUST-0664,2026-09-07T18:50:00+05:30,credit,588.00,0.00,28.00,588.00,completed,2026-09-07T18:50:00+05:30
SALE-004229,SHOP-032,,2026-09-07T09:00:00+05:30,cash,760.00,0.00,29.16,760.00,completed,2026-09-07T09:00:00+05:30
SALE-004230,SHOP-032,CUST-0662,2026-09-07T16:50:00+05:30,cash,667.00,0.00,33.55,667.00,completed,2026-09-07T16:50:00+05:30
SALE-004231,SHOP-033,CUST-0677,2026-09-07T08:40:00+05:30,cash,202.00,0.00,4.29,202.00,completed,2026-09-07T08:40:00+05:30
SALE-004232,SHOP-034,CUST-0692,2026-09-07T20:30:00+05:30,cash,52.00,0.00,5.57,52.00,completed,2026-09-07T20:30:00+05:30
SALE-004233,SHOP-036,CUST-0728,2026-09-07T14:40:00+05:30,credit,144.00,0.00,17.14,144.00,completed,2026-09-07T14:40:00+05:30
SALE-004234,SHOP-036,,2026-09-07T19:00:00+05:30,cash,1621.00,0.00,94.29,1621.00,completed,2026-09-07T19:00:00+05:30
SALE-004235,SHOP-038,CUST-0776,2026-09-07T15:50:00+05:30,credit,25.00,0.00,3.81,25.00,completed,2026-09-07T15:50:00+05:30
SALE-004236,SHOP-039,CUST-0807,2026-09-07T08:50:00+05:30,upi,690.00,0.00,23.57,690.00,completed,2026-09-07T08:50:00+05:30
SALE-004237,SHOP-040,,2026-09-07T09:00:00+05:30,upi,152.00,0.00,18.65,152.00,completed,2026-09-07T09:00:00+05:30
SALE-004238,SHOP-040,CUST-0831,2026-09-07T20:50:00+05:30,credit,150.00,0.00,16.07,150.00,completed,2026-09-07T20:50:00+05:30
SALE-004239,SHOP-041,,2026-09-07T13:10:00+05:30,card,872.00,17.44,130.36,854.56,completed,2026-09-07T13:10:00+05:30
SALE-004240,SHOP-042,CUST-0865,2026-09-07T14:00:00+05:30,upi,230.00,0.00,35.08,230.00,completed,2026-09-07T14:00:00+05:30
SALE-004241,SHOP-044,,2026-09-07T10:00:00+05:30,upi,128.00,0.00,15.54,128.00,completed,2026-09-07T10:00:00+05:30
SALE-004242,SHOP-045,CUST-0924,2026-09-07T20:20:00+05:30,credit,360.00,0.00,30.26,360.00,completed,2026-09-07T20:20:00+05:30
SALE-004243,SHOP-045,CUST-0929,2026-09-07T18:30:00+05:30,upi,122.00,0.00,5.81,122.00,completed,2026-09-07T18:30:00+05:30
SALE-004244,SHOP-046,,2026-09-07T19:10:00+05:30,upi,110.00,0.00,16.78,110.00,completed,2026-09-07T19:10:00+05:30
SALE-004245,SHOP-047,CUST-0958,2026-09-07T13:30:00+05:30,upi,446.00,0.00,68.03,446.00,completed,2026-09-07T13:30:00+05:30
SALE-004246,SHOP-049,CUST-0996,2026-09-07T20:30:00+05:30,upi,255.00,0.00,9.64,255.00,completed,2026-09-07T20:30:00+05:30
SALE-004247,SHOP-050,CUST-1008,2026-09-07T15:20:00+05:30,upi,880.00,0.00,41.90,880.00,completed,2026-09-07T15:20:00+05:30
SALE-004248,SHOP-001,,2026-09-08T19:30:00+05:30,upi,935.00,0.00,44.52,935.00,completed,2026-09-08T19:30:00+05:30
SALE-004249,SHOP-001,CUST-0018,2026-09-08T11:30:00+05:30,cash,440.00,0.00,20.95,440.00,completed,2026-09-08T11:30:00+05:30
SALE-004250,SHOP-002,CUST-0036,2026-09-08T18:10:00+05:30,upi,75.00,0.00,11.44,75.00,completed,2026-09-08T18:10:00+05:30
SALE-004251,SHOP-003,,2026-09-08T14:30:00+05:30,cash,30.00,0.00,4.58,30.00,completed,2026-09-08T14:30:00+05:30
SALE-004252,SHOP-007,CUST-0130,2026-09-08T09:40:00+05:30,credit,245.00,0.00,27.46,245.00,completed,2026-09-08T09:40:00+05:30
SALE-004253,SHOP-007,CUST-0141,2026-09-08T09:20:00+05:30,cash,822.00,0.00,78.29,822.00,completed,2026-09-08T09:20:00+05:30
SALE-004254,SHOP-007,CUST-0138,2026-09-08T18:00:00+05:30,card,60.00,0.00,2.86,60.00,completed,2026-09-08T18:00:00+05:30
SALE-004255,SHOP-008,CUST-0148,2026-09-08T10:40:00+05:30,cash,2619.00,0.00,399.51,2619.00,completed,2026-09-08T10:40:00+05:30
SALE-004256,SHOP-009,,2026-09-08T19:50:00+05:30,cash,12.00,0.00,1.29,12.00,completed,2026-09-08T19:50:00+05:30
SALE-004257,SHOP-011,,2026-09-08T19:00:00+05:30,card,465.00,0.00,22.14,465.00,completed,2026-09-08T19:00:00+05:30
SALE-004258,SHOP-011,CUST-0215,2026-09-08T16:20:00+05:30,upi,65.00,0.00,5.72,65.00,completed,2026-09-08T16:20:00+05:30
SALE-004259,SHOP-011,,2026-09-08T17:50:00+05:30,cash,225.00,0.00,20.16,225.00,completed,2026-09-08T17:50:00+05:30
SALE-004260,SHOP-011,CUST-0207,2026-09-08T11:30:00+05:30,cash,30.00,0.00,4.58,30.00,completed,2026-09-08T11:30:00+05:30
SALE-004261,SHOP-012,CUST-0239,2026-09-08T08:20:00+05:30,cash,114.00,0.00,5.43,114.00,completed,2026-09-08T08:20:00+05:30
SALE-004262,SHOP-013,CUST-0251,2026-09-08T09:10:00+05:30,upi,1881.00,0.00,89.57,1881.00,completed,2026-09-08T09:10:00+05:30
SALE-004263,SHOP-017,CUST-0341,2026-09-08T17:40:00+05:30,upi,649.00,0.00,30.90,649.00,completed,2026-09-08T17:40:00+05:30
SALE-004264,SHOP-019,,2026-09-08T11:20:00+05:30,cash,980.00,0.00,149.49,980.00,completed,2026-09-08T11:20:00+05:30
SALE-004265,SHOP-019,CUST-0390,2026-09-08T17:30:00+05:30,credit,1560.00,0.00,237.97,1560.00,completed,2026-09-08T17:30:00+05:30
SALE-004266,SHOP-020,CUST-0399,2026-09-08T11:50:00+05:30,credit,92.00,0.00,4.38,92.00,completed,2026-09-08T11:50:00+05:30
SALE-004267,SHOP-020,CUST-0416,2026-09-08T17:10:00+05:30,upi,255.00,0.00,13.04,255.00,returned,2026-09-08T17:10:00+05:30
SALE-004268,SHOP-020,,2026-09-08T12:10:00+05:30,upi,390.00,0.00,18.57,390.00,completed,2026-09-08T12:10:00+05:30
SALE-004269,SHOP-020,,2026-09-08T17:40:00+05:30,cash,270.00,0.00,41.19,270.00,completed,2026-09-08T17:40:00+05:30
SALE-004270,SHOP-021,CUST-0445,2026-09-08T17:00:00+05:30,upi,18.00,0.00,2.75,18.00,completed,2026-09-08T17:00:00+05:30
SALE-004271,SHOP-023,,2026-09-08T16:20:00+05:30,upi,46.00,0.00,2.19,46.00,completed,2026-09-08T16:20:00+05:30
SALE-004272,SHOP-023,,2026-09-08T10:30:00+05:30,upi,180.00,0.00,6.19,180.00,completed,2026-09-08T10:30:00+05:30
SALE-004273,SHOP-023,CUST-0468,2026-09-08T15:20:00+05:30,cash,240.00,0.00,11.43,240.00,completed,2026-09-08T15:20:00+05:30
SALE-004274,SHOP-024,CUST-0486,2026-09-08T20:50:00+05:30,upi,315.00,0.00,10.43,315.00,completed,2026-09-08T20:50:00+05:30
SALE-004275,SHOP-025,CUST-0503,2026-09-08T18:20:00+05:30,credit,190.00,0.00,28.98,190.00,completed,2026-09-08T18:20:00+05:30
SALE-004276,SHOP-026,CUST-0549,2026-09-08T20:20:00+05:30,upi,55.00,0.00,8.39,55.00,completed,2026-09-08T20:20:00+05:30
SALE-004277,SHOP-026,CUST-0541,2026-09-08T12:40:00+05:30,upi,268.00,0.00,12.76,268.00,completed,2026-09-08T12:40:00+05:30
SALE-004278,SHOP-026,,2026-09-08T10:30:00+05:30,cash,820.00,0.00,39.05,820.00,completed,2026-09-08T10:30:00+05:30
SALE-004279,SHOP-027,,2026-09-08T15:10:00+05:30,upi,60.00,0.00,9.15,60.00,completed,2026-09-08T15:10:00+05:30
SALE-004280,SHOP-027,CUST-0551,2026-09-08T20:00:00+05:30,upi,10.00,0.00,1.07,10.00,completed,2026-09-08T20:00:00+05:30
SALE-004281,SHOP-028,,2026-09-08T15:00:00+05:30,upi,228.00,0.00,10.86,228.00,completed,2026-09-08T15:00:00+05:30
SALE-004282,SHOP-028,CUST-0580,2026-09-08T20:20:00+05:30,credit,84.00,0.00,0.00,84.00,completed,2026-09-08T20:20:00+05:30
SALE-004283,SHOP-028,,2026-09-08T18:30:00+05:30,upi,40.00,0.00,1.90,40.00,completed,2026-09-08T18:30:00+05:30
SALE-004284,SHOP-029,,2026-09-08T08:10:00+05:30,cash,1998.00,0.00,304.78,1998.00,completed,2026-09-08T08:10:00+05:30
SALE-004285,SHOP-032,,2026-09-08T20:40:00+05:30,cash,90.00,0.00,13.73,90.00,completed,2026-09-08T20:40:00+05:30
SALE-004286,SHOP-033,CUST-0686,2026-09-08T16:10:00+05:30,credit,1106.00,0.00,110.71,1106.00,completed,2026-09-08T16:10:00+05:30
SALE-004287,SHOP-034,CUST-0702,2026-09-08T16:00:00+05:30,cash,200.00,0.00,27.78,200.00,completed,2026-09-08T16:00:00+05:30
SALE-004288,SHOP-035,CUST-0716,2026-09-08T19:10:00+05:30,upi,4564.00,136.92,675.32,4427.08,completed,2026-09-08T19:10:00+05:30
SALE-004289,SHOP-036,CUST-0736,2026-09-08T11:20:00+05:30,cash,174.00,0.00,14.58,174.00,completed,2026-09-08T11:20:00+05:30
SALE-004290,SHOP-036,,2026-09-08T12:50:00+05:30,upi,133.00,0.00,19.38,133.00,completed,2026-09-08T12:50:00+05:30
SALE-004291,SHOP-037,CUST-0771,2026-09-08T14:30:00+05:30,cash,3470.00,0.00,529.32,3470.00,completed,2026-09-08T14:30:00+05:30
SALE-004292,SHOP-037,CUST-0771,2026-09-08T20:10:00+05:30,cash,20.00,0.00,3.05,20.00,completed,2026-09-08T20:10:00+05:30
SALE-004293,SHOP-038,,2026-09-08T12:50:00+05:30,upi,235.00,0.00,29.26,235.00,completed,2026-09-08T12:50:00+05:30
SALE-004294,SHOP-038,CUST-0783,2026-09-08T20:00:00+05:30,cash,88.00,0.00,0.00,88.00,completed,2026-09-08T20:00:00+05:30
SALE-004295,SHOP-039,CUST-0800,2026-09-08T08:20:00+05:30,cash,115.00,0.00,5.48,115.00,completed,2026-09-08T08:20:00+05:30
SALE-004296,SHOP-039,CUST-0790,2026-09-08T19:30:00+05:30,upi,483.00,0.00,28.83,483.00,completed,2026-09-08T19:30:00+05:30
SALE-004297,SHOP-039,,2026-09-08T15:40:00+05:30,upi,130.00,0.00,11.44,130.00,completed,2026-09-08T15:40:00+05:30
SALE-004298,SHOP-041,CUST-0849,2026-09-08T16:40:00+05:30,upi,398.00,0.00,60.71,398.00,completed,2026-09-08T16:40:00+05:30
SALE-004299,SHOP-042,,2026-09-08T11:30:00+05:30,upi,324.00,0.00,49.42,324.00,completed,2026-09-08T11:30:00+05:30
SALE-004300,SHOP-043,,2026-09-08T19:30:00+05:30,cash,45.00,0.00,4.82,45.00,completed,2026-09-08T19:30:00+05:30
SALE-004301,SHOP-043,CUST-0884,2026-09-08T10:50:00+05:30,upi,163.00,0.00,6.57,163.00,completed,2026-09-08T10:50:00+05:30
SALE-004302,SHOP-044,CUST-0904,2026-09-08T08:20:00+05:30,upi,105.00,0.00,2.86,105.00,completed,2026-09-08T08:20:00+05:30
SALE-004303,SHOP-045,CUST-0912,2026-09-08T20:10:00+05:30,upi,60.00,0.00,9.15,60.00,completed,2026-09-08T20:10:00+05:30
SALE-004304,SHOP-045,,2026-09-08T12:10:00+05:30,upi,205.00,0.00,0.00,205.00,completed,2026-09-08T12:10:00+05:30
SALE-004305,SHOP-047,,2026-09-08T16:20:00+05:30,cash,398.00,0.00,60.71,398.00,completed,2026-09-08T16:20:00+05:30
SALE-004306,SHOP-048,CUST-0984,2026-09-08T08:30:00+05:30,upi,2335.00,46.70,349.06,2288.30,completed,2026-09-08T08:30:00+05:30
SALE-004307,SHOP-049,,2026-09-08T11:10:00+05:30,upi,186.00,0.00,9.64,186.00,completed,2026-09-08T11:10:00+05:30
SALE-004308,SHOP-050,CUST-1034,2026-09-08T16:20:00+05:30,cash,3360.00,67.20,159.37,3292.80,completed,2026-09-08T16:20:00+05:30
SALE-004309,SHOP-001,CUST-0023,2026-09-09T18:50:00+05:30,cash,715.00,0.00,38.46,715.00,completed,2026-09-09T18:50:00+05:30
SALE-004310,SHOP-001,,2026-09-09T11:50:00+05:30,upi,165.00,0.00,7.86,165.00,completed,2026-09-09T11:50:00+05:30
SALE-004311,SHOP-001,CUST-0014,2026-09-09T14:20:00+05:30,upi,676.00,0.00,32.19,676.00,completed,2026-09-09T14:20:00+05:30
SALE-004312,SHOP-004,,2026-09-09T19:50:00+05:30,cash,15.00,0.00,0.00,15.00,completed,2026-09-09T19:50:00+05:30
SALE-004313,SHOP-005,CUST-0096,2026-09-09T20:30:00+05:30,upi,3591.00,0.00,547.78,3591.00,completed,2026-09-09T20:30:00+05:30
SALE-004314,SHOP-006,CUST-0120,2026-09-09T15:10:00+05:30,cash,56.00,0.00,6.65,56.00,completed,2026-09-09T15:10:00+05:30
SALE-004315,SHOP-007,CUST-0144,2026-09-09T14:40:00+05:30,cash,65.00,0.00,3.81,65.00,completed,2026-09-09T14:40:00+05:30
SALE-004316,SHOP-008,,2026-09-09T12:00:00+05:30,cash,1420.00,0.00,298.05,1420.00,returned,2026-09-09T12:00:00+05:30
SALE-004317,SHOP-008,CUST-0150,2026-09-09T20:30:00+05:30,credit,2598.00,77.94,384.42,2520.06,completed,2026-09-09T20:30:00+05:30
SALE-004318,SHOP-009,,2026-09-09T13:50:00+05:30,cash,190.00,0.00,28.98,190.00,completed,2026-09-09T13:50:00+05:30
SALE-004319,SHOP-010,CUST-0195,2026-09-09T18:00:00+05:30,cash,2590.00,0.00,395.08,2590.00,completed,2026-09-09T18:00:00+05:30
SALE-004320,SHOP-011,CUST-0221,2026-09-09T10:30:00+05:30,upi,735.00,36.75,43.72,698.25,completed,2026-09-09T10:30:00+05:30
SALE-004321,SHOP-012,CUST-0233,2026-09-09T16:00:00+05:30,credit,199.00,0.00,7.38,199.00,completed,2026-09-09T16:00:00+05:30
SALE-004322,SHOP-014,CUST-0292,2026-09-09T20:20:00+05:30,upi,2880.00,0.00,520.76,2880.00,completed,2026-09-09T20:20:00+05:30
SALE-004323,SHOP-015,,2026-09-09T13:20:00+05:30,cash,226.00,0.00,34.47,226.00,completed,2026-09-09T13:20:00+05:30
SALE-004324,SHOP-016,CUST-0320,2026-09-09T12:10:00+05:30,upi,2444.00,0.00,372.81,2444.00,completed,2026-09-09T12:10:00+05:30
SALE-004325,SHOP-016,CUST-0316,2026-09-09T15:20:00+05:30,upi,897.00,0.00,136.83,897.00,completed,2026-09-09T15:20:00+05:30
SALE-004326,SHOP-017,,2026-09-09T13:00:00+05:30,upi,2638.00,0.00,125.62,2638.00,completed,2026-09-09T13:00:00+05:30
SALE-004327,SHOP-017,CUST-0348,2026-09-09T16:40:00+05:30,credit,645.00,0.00,9.15,645.00,completed,2026-09-09T16:40:00+05:30
SALE-004328,SHOP-017,,2026-09-09T10:00:00+05:30,upi,790.00,0.00,19.05,790.00,completed,2026-09-09T10:00:00+05:30
SALE-004329,SHOP-017,CUST-0352,2026-09-09T14:20:00+05:30,cash,200.00,0.00,13.04,200.00,completed,2026-09-09T14:20:00+05:30
SALE-004330,SHOP-018,CUST-0366,2026-09-09T18:10:00+05:30,cash,84.00,0.00,0.00,84.00,completed,2026-09-09T18:10:00+05:30
SALE-004331,SHOP-018,CUST-0371,2026-09-09T18:50:00+05:30,credit,56.00,0.00,0.00,56.00,completed,2026-09-09T18:50:00+05:30
SALE-004332,SHOP-019,,2026-09-09T10:50:00+05:30,cash,1340.00,0.00,258.70,1340.00,completed,2026-09-09T10:50:00+05:30
SALE-004333,SHOP-020,CUST-0402,2026-09-09T20:30:00+05:30,credit,113.00,0.00,13.25,113.00,completed,2026-09-09T20:30:00+05:30
SALE-004334,SHOP-020,,2026-09-09T11:30:00+05:30,cash,510.00,10.20,23.80,499.80,completed,2026-09-09T11:30:00+05:30
SALE-004335,SHOP-020,CUST-0414,2026-09-09T11:40:00+05:30,upi,570.00,0.00,27.14,570.00,completed,2026-09-09T11:40:00+05:30
SALE-004336,SHOP-020,,2026-09-09T10:10:00+05:30,upi,92.00,0.00,4.38,92.00,returned,2026-09-09T10:10:00+05:30
SALE-004337,SHOP-021,,2026-09-09T17:20:00+05:30,card,165.00,0.00,20.40,165.00,completed,2026-09-09T17:20:00+05:30
SALE-004338,SHOP-021,CUST-0437,2026-09-09T11:30:00+05:30,cash,6.00,0.00,0.64,6.00,completed,2026-09-09T11:30:00+05:30
SALE-004339,SHOP-023,CUST-0484,2026-09-09T20:50:00+05:30,credit,1098.00,0.00,52.29,1098.00,completed,2026-09-09T20:50:00+05:30
SALE-004340,SHOP-023,,2026-09-09T18:30:00+05:30,cash,330.00,0.00,48.30,330.00,completed,2026-09-09T18:30:00+05:30
SALE-004341,SHOP-024,CUST-0497,2026-09-09T12:30:00+05:30,upi,1050.00,0.00,110.71,1050.00,completed,2026-09-09T12:30:00+05:30
SALE-004342,SHOP-025,,2026-09-09T20:30:00+05:30,cash,240.00,0.00,36.61,240.00,completed,2026-09-09T20:30:00+05:30
SALE-004343,SHOP-026,,2026-09-09T14:50:00+05:30,cash,851.00,0.00,40.52,851.00,completed,2026-09-09T14:50:00+05:30
SALE-004344,SHOP-027,,2026-09-09T19:30:00+05:30,cash,170.00,0.00,24.34,170.00,returned,2026-09-09T19:30:00+05:30
SALE-004345,SHOP-028,,2026-09-09T12:00:00+05:30,cash,195.00,0.00,24.30,195.00,completed,2026-09-09T12:00:00+05:30
SALE-004346,SHOP-028,,2026-09-09T10:10:00+05:30,upi,45.00,0.00,0.00,45.00,completed,2026-09-09T10:10:00+05:30
SALE-004347,SHOP-028,CUST-0588,2026-09-09T19:10:00+05:30,credit,224.00,0.00,10.76,224.00,completed,2026-09-09T19:10:00+05:30
SALE-004348,SHOP-029,CUST-0595,2026-09-09T11:50:00+05:30,cash,1946.00,38.92,290.91,1907.08,completed,2026-09-09T11:50:00+05:30
SALE-004349,SHOP-029,CUST-0596,2026-09-09T18:50:00+05:30,cash,1897.00,0.00,289.37,1897.00,completed,2026-09-09T18:50:00+05:30
SALE-004350,SHOP-031,CUST-0639,2026-09-09T08:40:00+05:30,credit,4620.00,92.40,690.65,4527.60,completed,2026-09-09T08:40:00+05:30
SALE-004351,SHOP-032,CUST-0651,2026-09-09T14:30:00+05:30,credit,110.00,0.00,5.24,110.00,completed,2026-09-09T14:30:00+05:30
SALE-004352,SHOP-032,CUST-0666,2026-09-09T16:20:00+05:30,credit,440.00,0.00,20.95,440.00,completed,2026-09-09T16:20:00+05:30
SALE-004353,SHOP-036,,2026-09-09T13:40:00+05:30,upi,684.00,0.00,44.85,684.00,completed,2026-09-09T13:40:00+05:30
SALE-004354,SHOP-036,,2026-09-09T11:40:00+05:30,upi,151.00,0.00,23.03,151.00,completed,2026-09-09T11:40:00+05:30
SALE-004355,SHOP-037,CUST-0774,2026-09-09T12:50:00+05:30,cash,2400.00,0.00,366.10,2400.00,completed,2026-09-09T12:50:00+05:30
SALE-004356,SHOP-037,CUST-0767,2026-09-09T20:20:00+05:30,credit,973.00,0.00,148.42,973.00,completed,2026-09-09T20:20:00+05:30
SALE-004357,SHOP-037,,2026-09-09T10:40:00+05:30,cash,1485.00,29.70,221.99,1455.30,completed,2026-09-09T10:40:00+05:30
SALE-004358,SHOP-038,CUST-0781,2026-09-09T11:40:00+05:30,cash,90.00,0.00,0.00,90.00,completed,2026-09-09T11:40:00+05:30
SALE-004359,SHOP-039,CUST-0814,2026-09-09T11:20:00+05:30,upi,500.00,0.00,33.78,500.00,completed,2026-09-09T11:20:00+05:30
SALE-004360,SHOP-040,CUST-0820,2026-09-09T11:20:00+05:30,cash,20.00,0.00,2.14,20.00,completed,2026-09-09T11:20:00+05:30
SALE-004361,SHOP-040,,2026-09-09T20:10:00+05:30,cash,104.00,0.00,11.14,104.00,completed,2026-09-09T20:10:00+05:30
SALE-004362,SHOP-042,CUST-0864,2026-09-09T10:20:00+05:30,cash,447.00,0.00,68.19,447.00,completed,2026-09-09T10:20:00+05:30
SALE-004363,SHOP-042,CUST-0861,2026-09-09T18:40:00+05:30,credit,4068.00,0.00,620.54,4068.00,completed,2026-09-09T18:40:00+05:30
SALE-004364,SHOP-043,CUST-0880,2026-09-09T11:20:00+05:30,card,32.00,0.00,1.52,32.00,completed,2026-09-09T11:20:00+05:30
SALE-004365,SHOP-043,CUST-0887,2026-09-09T18:30:00+05:30,cash,570.00,0.00,27.14,570.00,completed,2026-09-09T18:30:00+05:30
SALE-004366,SHOP-044,,2026-09-09T11:50:00+05:30,upi,84.00,0.00,0.00,84.00,completed,2026-09-09T11:50:00+05:30
SALE-004367,SHOP-044,CUST-0894,2026-09-09T15:10:00+05:30,upi,35.00,0.00,0.00,35.00,completed,2026-09-09T15:10:00+05:30
SALE-004368,SHOP-045,,2026-09-09T08:10:00+05:30,upi,60.00,0.00,9.15,60.00,completed,2026-09-09T08:10:00+05:30
SALE-004369,SHOP-046,,2026-09-09T13:50:00+05:30,upi,100.00,0.00,10.71,100.00,completed,2026-09-09T13:50:00+05:30
SALE-004370,SHOP-047,CUST-0971,2026-09-09T19:40:00+05:30,cash,447.00,0.00,68.19,447.00,completed,2026-09-09T19:40:00+05:30
SALE-004371,SHOP-047,,2026-09-09T15:10:00+05:30,upi,1794.00,0.00,273.66,1794.00,completed,2026-09-09T15:10:00+05:30
SALE-004372,SHOP-049,CUST-0999,2026-09-09T15:30:00+05:30,cash,303.00,0.00,12.76,303.00,completed,2026-09-09T15:30:00+05:30
SALE-004373,SHOP-049,CUST-1000,2026-09-09T18:30:00+05:30,credit,158.00,0.00,7.52,158.00,completed,2026-09-09T18:30:00+05:30
SALE-004374,SHOP-050,CUST-1024,2026-09-09T12:10:00+05:30,upi,300.00,0.00,14.29,300.00,completed,2026-09-09T12:10:00+05:30
SALE-004375,SHOP-050,CUST-1025,2026-09-09T20:40:00+05:30,upi,76.00,0.00,6.77,76.00,completed,2026-09-09T20:40:00+05:30
SALE-004376,SHOP-001,CUST-0020,2026-09-10T16:50:00+05:30,cash,711.00,0.00,39.10,711.00,completed,2026-09-10T16:50:00+05:30
SALE-004377,SHOP-001,CUST-0010,2026-09-10T20:50:00+05:30,cash,915.00,27.45,42.26,887.55,completed,2026-09-10T20:50:00+05:30
SALE-004378,SHOP-001,,2026-09-10T14:30:00+05:30,upi,220.00,0.00,13.62,220.00,completed,2026-09-10T14:30:00+05:30
SALE-004379,SHOP-002,,2026-09-10T09:50:00+05:30,upi,20.00,0.00,3.05,20.00,completed,2026-09-10T09:50:00+05:30
SALE-004380,SHOP-003,CUST-0048,2026-09-10T12:50:00+05:30,credit,62.00,0.00,8.91,62.00,completed,2026-09-10T12:50:00+05:30
SALE-004381,SHOP-004,CUST-0085,2026-09-10T16:40:00+05:30,credit,350.00,0.00,41.19,350.00,completed,2026-09-10T16:40:00+05:30
SALE-004382,SHOP-006,CUST-0106,2026-09-10T11:10:00+05:30,credit,930.00,0.00,44.29,930.00,completed,2026-09-10T11:10:00+05:30
SALE-004383,SHOP-006,,2026-09-10T20:30:00+05:30,upi,165.00,0.00,7.86,165.00,completed,2026-09-10T20:30:00+05:30
SALE-004384,SHOP-006,,2026-09-10T19:40:00+05:30,cash,413.00,0.00,19.67,413.00,completed,2026-09-10T19:40:00+05:30
SALE-004385,SHOP-007,,2026-09-10T09:50:00+05:30,upi,856.00,0.00,78.57,856.00,completed,2026-09-10T09:50:00+05:30
SALE-004386,SHOP-007,CUST-0132,2026-09-10T20:00:00+05:30,upi,204.00,0.00,7.63,204.00,completed,2026-09-10T20:00:00+05:30
SALE-004387,SHOP-008,CUST-0168,2026-09-10T10:30:00+05:30,cash,427.00,0.00,65.14,427.00,completed,2026-09-10T10:30:00+05:30
SALE-004388,SHOP-008,CUST-0147,2026-09-10T12:00:00+05:30,credit,1630.00,0.00,248.64,1630.00,completed,2026-09-10T12:00:00+05:30
SALE-004389,SHOP-008,,2026-09-10T12:40:00+05:30,upi,1761.00,0.00,268.63,1761.00,completed,2026-09-10T12:40:00+05:30
SALE-004390,SHOP-009,,2026-09-10T16:00:00+05:30,cash,150.00,0.00,22.43,150.00,completed,2026-09-10T16:00:00+05:30
SALE-004391,SHOP-011,,2026-09-10T11:10:00+05:30,upi,38.00,0.00,1.81,38.00,completed,2026-09-10T11:10:00+05:30
SALE-004392,SHOP-011,,2026-09-10T10:00:00+05:30,card,505.00,0.00,24.64,505.00,completed,2026-09-10T10:00:00+05:30
SALE-004393,SHOP-012,CUST-0242,2026-09-10T12:50:00+05:30,credit,224.00,0.00,2.86,224.00,completed,2026-09-10T12:50:00+05:30
SALE-004394,SHOP-013,,2026-09-10T13:10:00+05:30,upi,38.00,0.00,5.80,38.00,completed,2026-09-10T13:10:00+05:30
SALE-004395,SHOP-013,,2026-09-10T20:20:00+05:30,cash,405.00,0.00,21.91,405.00,completed,2026-09-10T20:20:00+05:30
SALE-004396,SHOP-013,CUST-0250,2026-09-10T10:50:00+05:30,credit,712.00,0.00,33.90,712.00,completed,2026-09-10T10:50:00+05:30
SALE-004397,SHOP-014,,2026-09-10T11:30:00+05:30,cash,7590.00,0.00,1157.80,7590.00,completed,2026-09-10T11:30:00+05:30
SALE-004398,SHOP-016,,2026-09-10T10:20:00+05:30,upi,1497.00,0.00,228.36,1497.00,completed,2026-09-10T10:20:00+05:30
SALE-004399,SHOP-017,,2026-09-10T16:20:00+05:30,upi,261.00,0.00,12.43,261.00,completed,2026-09-10T16:20:00+05:30
SALE-004400,SHOP-017,,2026-09-10T13:40:00+05:30,upi,490.00,0.00,25.12,490.00,completed,2026-09-10T13:40:00+05:30
SALE-004401,SHOP-018,,2026-09-10T16:50:00+05:30,cash,141.00,0.00,3.62,141.00,returned,2026-09-10T16:50:00+05:30
SALE-004402,SHOP-018,CUST-0371,2026-09-10T08:00:00+05:30,credit,140.00,0.00,6.43,140.00,completed,2026-09-10T08:00:00+05:30
SALE-004403,SHOP-018,CUST-0368,2026-09-10T15:00:00+05:30,credit,238.00,0.00,15.25,238.00,completed,2026-09-10T15:00:00+05:30
SALE-004404,SHOP-020,CUST-0399,2026-09-10T15:40:00+05:30,credit,76.00,0.00,11.59,76.00,completed,2026-09-10T15:40:00+05:30
SALE-004405,SHOP-020,CUST-0418,2026-09-10T09:10:00+05:30,upi,451.00,0.00,21.48,451.00,completed,2026-09-10T09:10:00+05:30
SALE-004406,SHOP-021,,2026-09-10T11:30:00+05:30,cash,100.00,0.00,10.71,100.00,completed,2026-09-10T11:30:00+05:30
SALE-004407,SHOP-023,,2026-09-10T16:00:00+05:30,upi,630.00,0.00,30.00,630.00,completed,2026-09-10T16:00:00+05:30
SALE-004408,SHOP-023,CUST-0460,2026-09-10T11:20:00+05:30,upi,330.00,0.00,15.71,330.00,completed,2026-09-10T11:20:00+05:30
SALE-004409,SHOP-024,,2026-09-10T19:20:00+05:30,upi,62.00,0.00,2.95,62.00,completed,2026-09-10T19:20:00+05:30
SALE-004410,SHOP-025,,2026-09-10T16:00:00+05:30,upi,225.00,0.00,34.32,225.00,completed,2026-09-10T16:00:00+05:30
SALE-004411,SHOP-025,,2026-09-10T20:10:00+05:30,cash,24.00,0.00,3.66,24.00,completed,2026-09-10T20:10:00+05:30
SALE-004412,SHOP-026,CUST-0542,2026-09-10T20:20:00+05:30,credit,865.00,0.00,60.84,865.00,completed,2026-09-10T20:20:00+05:30
SALE-004413,SHOP-026,,2026-09-10T14:40:00+05:30,upi,465.00,0.00,20.95,465.00,completed,2026-09-10T14:40:00+05:30
SALE-004414,SHOP-027,,2026-09-10T19:30:00+05:30,cash,160.00,0.00,18.28,160.00,completed,2026-09-10T19:30:00+05:30
SALE-004415,SHOP-028,CUST-0588,2026-09-10T12:20:00+05:30,credit,220.00,0.00,19.29,220.00,completed,2026-09-10T12:20:00+05:30
SALE-004416,SHOP-028,,2026-09-10T11:30:00+05:30,upi,130.00,0.00,6.43,130.00,completed,2026-09-10T11:30:00+05:30
SALE-004417,SHOP-028,CUST-0576,2026-09-10T15:10:00+05:30,credit,135.00,0.00,0.00,135.00,completed,2026-09-10T15:10:00+05:30
SALE-004418,SHOP-028,CUST-0578,2026-09-10T09:20:00+05:30,cash,388.00,0.00,49.19,388.00,completed,2026-09-10T09:20:00+05:30
SALE-004419,SHOP-032,CUST-0654,2026-09-10T15:00:00+05:30,card,2970.00,0.00,141.43,2970.00,completed,2026-09-10T15:00:00+05:30
SALE-004420,SHOP-032,,2026-09-10T15:30:00+05:30,upi,782.00,15.64,24.46,766.36,completed,2026-09-10T15:30:00+05:30
SALE-004421,SHOP-032,CUST-0653,2026-09-10T16:00:00+05:30,upi,690.00,0.00,32.86,690.00,completed,2026-09-10T16:00:00+05:30
SALE-004422,SHOP-033,CUST-0670,2026-09-10T12:40:00+05:30,credit,104.00,0.00,0.95,104.00,completed,2026-09-10T12:40:00+05:30
SALE-004423,SHOP-033,CUST-0671,2026-09-10T15:00:00+05:30,upi,60.00,0.00,6.43,60.00,completed,2026-09-10T15:00:00+05:30
SALE-004424,SHOP-034,CUST-0702,2026-09-10T10:40:00+05:30,cash,234.00,0.00,31.15,234.00,completed,2026-09-10T10:40:00+05:30
SALE-004425,SHOP-035,CUST-0724,2026-09-10T12:20:00+05:30,credit,2745.00,0.00,418.73,2745.00,completed,2026-09-10T12:20:00+05:30
SALE-004426,SHOP-036,CUST-0748,2026-09-10T11:30:00+05:30,upi,80.00,0.00,3.81,80.00,completed,2026-09-10T11:30:00+05:30
SALE-004427,SHOP-036,,2026-09-10T16:40:00+05:30,upi,160.00,0.00,10.00,160.00,completed,2026-09-10T16:40:00+05:30
SALE-004428,SHOP-037,,2026-09-10T20:50:00+05:30,upi,965.00,0.00,147.20,965.00,completed,2026-09-10T20:50:00+05:30
SALE-004429,SHOP-037,CUST-0771,2026-09-10T18:00:00+05:30,cash,470.00,0.00,71.69,470.00,completed,2026-09-10T18:00:00+05:30
SALE-004430,SHOP-037,CUST-0767,2026-09-10T08:30:00+05:30,credit,6180.00,0.00,1024.15,6180.00,completed,2026-09-10T08:30:00+05:30
SALE-004431,SHOP-038,,2026-09-10T17:50:00+05:30,upi,95.00,0.00,2.86,95.00,completed,2026-09-10T17:50:00+05:30
SALE-004432,SHOP-040,CUST-0821,2026-09-10T20:40:00+05:30,upi,397.00,0.00,49.21,397.00,completed,2026-09-10T20:40:00+05:30
SALE-004433,SHOP-042,CUST-0868,2026-09-10T17:50:00+05:30,upi,40.00,0.00,6.10,40.00,completed,2026-09-10T17:50:00+05:30
SALE-004434,SHOP-043,CUST-0879,2026-09-10T13:10:00+05:30,credit,195.00,0.00,12.43,195.00,completed,2026-09-10T13:10:00+05:30
SALE-004435,SHOP-043,CUST-0873,2026-09-10T11:00:00+05:30,upi,30.00,0.00,3.21,30.00,completed,2026-09-10T11:00:00+05:30
SALE-004436,SHOP-044,,2026-09-10T12:50:00+05:30,cash,35.00,0.00,0.00,35.00,completed,2026-09-10T12:50:00+05:30
SALE-004437,SHOP-044,CUST-0905,2026-09-10T18:20:00+05:30,cash,58.00,0.00,3.21,58.00,completed,2026-09-10T18:20:00+05:30
SALE-004438,SHOP-044,CUST-0893,2026-09-10T08:40:00+05:30,credit,371.00,0.00,6.43,371.00,completed,2026-09-10T08:40:00+05:30
SALE-004439,SHOP-046,CUST-0946,2026-09-10T13:00:00+05:30,upi,60.00,0.00,6.43,60.00,completed,2026-09-10T13:00:00+05:30
SALE-004440,SHOP-049,CUST-0988,2026-09-10T15:40:00+05:30,upi,100.00,0.00,0.00,100.00,completed,2026-09-10T15:40:00+05:30
SALE-004441,SHOP-049,CUST-0996,2026-09-10T12:00:00+05:30,credit,155.00,0.00,1.43,155.00,completed,2026-09-10T12:00:00+05:30
SALE-004442,SHOP-050,,2026-09-10T20:20:00+05:30,upi,196.00,0.00,9.33,196.00,completed,2026-09-10T20:20:00+05:30
SALE-004443,SHOP-001,,2026-09-11T14:10:00+05:30,cash,122.00,0.00,5.81,122.00,completed,2026-09-11T14:10:00+05:30
SALE-004444,SHOP-002,,2026-09-11T18:20:00+05:30,upi,1925.00,0.00,293.64,1925.00,completed,2026-09-11T18:20:00+05:30
SALE-004445,SHOP-002,,2026-09-11T15:50:00+05:30,upi,392.00,0.00,59.80,392.00,completed,2026-09-11T15:50:00+05:30
SALE-004446,SHOP-003,CUST-0059,2026-09-11T09:10:00+05:30,cash,60.00,0.00,9.15,60.00,completed,2026-09-11T09:10:00+05:30
SALE-004447,SHOP-003,CUST-0053,2026-09-11T16:50:00+05:30,upi,208.00,0.00,26.37,208.00,completed,2026-09-11T16:50:00+05:30
SALE-004448,SHOP-004,CUST-0067,2026-09-11T08:40:00+05:30,cash,100.00,0.00,3.21,100.00,returned,2026-09-11T08:40:00+05:30
SALE-004449,SHOP-006,CUST-0113,2026-09-11T16:40:00+05:30,upi,2070.00,0.00,108.01,2070.00,completed,2026-09-11T16:40:00+05:30
SALE-004450,SHOP-006,,2026-09-11T10:20:00+05:30,upi,1715.00,0.00,84.29,1715.00,completed,2026-09-11T10:20:00+05:30
SALE-004451,SHOP-008,,2026-09-11T08:00:00+05:30,upi,799.00,0.00,149.03,799.00,completed,2026-09-11T08:00:00+05:30
SALE-004452,SHOP-010,CUST-0191,2026-09-11T20:50:00+05:30,cash,1408.00,42.24,208.34,1365.76,completed,2026-09-11T20:50:00+05:30
SALE-004453,SHOP-011,CUST-0214,2026-09-11T08:00:00+05:30,cash,765.00,0.00,36.43,765.00,completed,2026-09-11T08:00:00+05:30
SALE-004454,SHOP-011,CUST-0220,2026-09-11T13:10:00+05:30,cash,625.00,12.50,32.25,612.50,completed,2026-09-11T13:10:00+05:30
SALE-004455,SHOP-011,CUST-0230,2026-09-11T18:30:00+05:30,upi,360.00,0.00,17.14,360.00,completed,2026-09-11T18:30:00+05:30
SALE-004456,SHOP-012,CUST-0240,2026-09-11T15:10:00+05:30,cash,40.00,0.00,1.90,40.00,completed,2026-09-11T15:10:00+05:30
SALE-004457,SHOP-013,,2026-09-11T18:50:00+05:30,upi,392.00,0.00,18.67,392.00,completed,2026-09-11T18:50:00+05:30
SALE-004458,SHOP-013,CUST-0266,2026-09-11T09:10:00+05:30,upi,715.00,0.00,46.69,715.00,completed,2026-09-11T09:10:00+05:30
SALE-004459,SHOP-014,CUST-0279,2026-09-11T11:30:00+05:30,upi,4169.00,0.00,635.95,4169.00,completed,2026-09-11T11:30:00+05:30
SALE-004460,SHOP-014,,2026-09-11T13:50:00+05:30,upi,5250.00,157.50,776.82,5092.50,completed,2026-09-11T13:50:00+05:30
SALE-004461,SHOP-015,CUST-0296,2026-09-11T20:40:00+05:30,card,250.00,0.00,35.87,250.00,completed,2026-09-11T20:40:00+05:30
SALE-004462,SHOP-016,CUST-0312,2026-09-11T19:20:00+05:30,upi,298.00,0.00,45.46,298.00,completed,2026-09-11T19:20:00+05:30
SALE-004463,SHOP-017,CUST-0337,2026-09-11T13:30:00+05:30,cash,60.00,0.00,9.15,60.00,completed,2026-09-11T13:30:00+05:30
SALE-004464,SHOP-018,CUST-0366,2026-09-11T14:20:00+05:30,upi,213.00,0.00,0.00,213.00,completed,2026-09-11T14:20:00+05:30
SALE-004465,SHOP-018,,2026-09-11T14:40:00+05:30,cash,145.00,0.00,15.54,145.00,completed,2026-09-11T14:40:00+05:30
SALE-004466,SHOP-018,CUST-0369,2026-09-11T20:50:00+05:30,card,188.00,0.00,1.81,188.00,completed,2026-09-11T20:50:00+05:30
SALE-004467,SHOP-019,CUST-0380,2026-09-11T12:20:00+05:30,upi,820.00,0.00,179.38,820.00,completed,2026-09-11T12:20:00+05:30
SALE-004468,SHOP-019,CUST-0376,2026-09-11T19:00:00+05:30,credit,519.00,0.00,79.17,519.00,completed,2026-09-11T19:00:00+05:30
SALE-004469,SHOP-020,,2026-09-11T10:50:00+05:30,cash,430.00,0.00,20.48,430.00,completed,2026-09-11T10:50:00+05:30
SALE-004470,SHOP-020,,2026-09-11T14:30:00+05:30,cash,615.00,0.00,51.32,615.00,completed,2026-09-11T14:30:00+05:30
SALE-004471,SHOP-020,,2026-09-11T17:40:00+05:30,cash,315.00,0.00,48.05,315.00,completed,2026-09-11T17:40:00+05:30
SALE-004472,SHOP-021,CUST-0439,2026-09-11T11:00:00+05:30,cash,84.00,0.00,12.81,84.00,completed,2026-09-11T11:00:00+05:30
SALE-004473,SHOP-023,,2026-09-11T15:00:00+05:30,cash,871.00,0.00,69.39,871.00,completed,2026-09-11T15:00:00+05:30
SALE-004474,SHOP-024,,2026-09-11T14:30:00+05:30,cash,75.00,0.00,11.44,75.00,completed,2026-09-11T14:30:00+05:30
SALE-004475,SHOP-025,,2026-09-11T15:10:00+05:30,upi,880.00,0.00,134.24,880.00,completed,2026-09-11T15:10:00+05:30
SALE-004476,SHOP-026,CUST-0549,2026-09-11T14:00:00+05:30,credit,530.00,0.00,47.55,530.00,completed,2026-09-11T14:00:00+05:30
SALE-004477,SHOP-026,CUST-0549,2026-09-11T10:50:00+05:30,card,820.00,0.00,45.34,820.00,completed,2026-09-11T10:50:00+05:30
SALE-004478,SHOP-026,,2026-09-11T10:20:00+05:30,upi,25.00,0.00,3.81,25.00,completed,2026-09-11T10:20:00+05:30
SALE-004479,SHOP-027,CUST-0561,2026-09-11T10:00:00+05:30,upi,65.00,0.00,6.96,65.00,completed,2026-09-11T10:00:00+05:30
SALE-004480,SHOP-028,CUST-0571,2026-09-11T15:30:00+05:30,upi,129.00,0.00,3.81,129.00,completed,2026-09-11T15:30:00+05:30
SALE-004481,SHOP-030,CUST-0628,2026-09-11T08:20:00+05:30,card,75.00,0.00,11.44,75.00,completed,2026-09-11T08:20:00+05:30
SALE-004482,SHOP-030,CUST-0619,2026-09-11T10:20:00+05:30,credit,75.00,0.00,11.44,75.00,completed,2026-09-11T10:20:00+05:30
SALE-004483,SHOP-033,CUST-0670,2026-09-11T16:00:00+05:30,upi,60.00,0.00,0.00,60.00,completed,2026-09-11T16:00:00+05:30
SALE-004484,SHOP-033,CUST-0682,2026-09-11T09:40:00+05:30,credit,40.00,0.00,0.00,40.00,completed,2026-09-11T09:40:00+05:30
SALE-004485,SHOP-035,CUST-0714,2026-09-11T10:20:00+05:30,credit,647.00,0.00,98.69,647.00,completed,2026-09-11T10:20:00+05:30
SALE-004486,SHOP-037,CUST-0757,2026-09-11T08:00:00+05:30,card,600.00,0.00,91.53,600.00,completed,2026-09-11T08:00:00+05:30
SALE-004487,SHOP-038,CUST-0789,2026-09-11T11:40:00+05:30,upi,160.00,0.00,9.29,160.00,completed,2026-09-11T11:40:00+05:30
SALE-004488,SHOP-040,,2026-09-11T14:10:00+05:30,cash,560.00,0.00,60.00,560.00,completed,2026-09-11T14:10:00+05:30
SALE-004489,SHOP-040,CUST-0838,2026-09-11T17:20:00+05:30,cash,676.00,0.00,81.96,676.00,completed,2026-09-11T17:20:00+05:30
SALE-004490,SHOP-041,CUST-0842,2026-09-11T10:40:00+05:30,upi,149.00,0.00,22.73,149.00,completed,2026-09-11T10:40:00+05:30
SALE-004491,SHOP-043,CUST-0878,2026-09-11T15:50:00+05:30,credit,405.00,0.00,19.29,405.00,completed,2026-09-11T15:50:00+05:30
SALE-004492,SHOP-043,,2026-09-11T15:10:00+05:30,upi,105.00,0.00,4.58,105.00,completed,2026-09-11T15:10:00+05:30
SALE-004493,SHOP-044,,2026-09-11T18:10:00+05:30,upi,301.00,0.00,35.27,301.00,completed,2026-09-11T18:10:00+05:30
SALE-004494,SHOP-044,CUST-0897,2026-09-11T19:40:00+05:30,cash,353.00,0.00,36.69,353.00,completed,2026-09-11T19:40:00+05:30
SALE-004495,SHOP-044,CUST-0892,2026-09-11T16:20:00+05:30,credit,166.00,0.00,11.25,166.00,completed,2026-09-11T16:20:00+05:30
SALE-004496,SHOP-045,CUST-0936,2026-09-11T11:10:00+05:30,credit,379.00,0.00,19.83,379.00,completed,2026-09-11T11:10:00+05:30
SALE-004497,SHOP-045,,2026-09-11T11:30:00+05:30,upi,205.00,0.00,0.00,205.00,completed,2026-09-11T11:30:00+05:30
SALE-004498,SHOP-046,CUST-0944,2026-09-11T14:20:00+05:30,credit,80.00,0.00,8.57,80.00,completed,2026-09-11T14:20:00+05:30
SALE-004499,SHOP-047,CUST-0963,2026-09-11T13:40:00+05:30,upi,1895.00,0.00,289.07,1895.00,completed,2026-09-11T13:40:00+05:30
SALE-004500,SHOP-049,CUST-0999,2026-09-11T09:10:00+05:30,credit,60.00,0.00,2.86,60.00,completed,2026-09-11T09:10:00+05:30
SALE-004501,SHOP-050,,2026-09-11T09:00:00+05:30,upi,19.00,0.00,0.90,19.00,completed,2026-09-11T09:00:00+05:30
SALE-004502,SHOP-001,,2026-09-12T17:30:00+05:30,upi,300.00,0.00,16.07,300.00,completed,2026-09-12T17:30:00+05:30
SALE-004503,SHOP-001,CUST-0014,2026-09-12T16:40:00+05:30,cash,1460.00,0.00,72.67,1460.00,completed,2026-09-12T16:40:00+05:30
SALE-004504,SHOP-003,CUST-0053,2026-09-12T11:40:00+05:30,card,25.00,0.00,3.81,25.00,completed,2026-09-12T11:40:00+05:30
SALE-004505,SHOP-004,CUST-0071,2026-09-12T11:50:00+05:30,upi,275.00,0.00,18.25,275.00,completed,2026-09-12T11:50:00+05:30
SALE-004506,SHOP-004,CUST-0079,2026-09-12T17:30:00+05:30,upi,20.00,0.00,0.95,20.00,completed,2026-09-12T17:30:00+05:30
SALE-004507,SHOP-004,CUST-0083,2026-09-12T09:00:00+05:30,upi,190.00,0.00,0.00,190.00,completed,2026-09-12T09:00:00+05:30
SALE-004508,SHOP-005,CUST-0094,2026-09-12T17:30:00+05:30,upi,746.00,0.00,113.80,746.00,completed,2026-09-12T17:30:00+05:30
SALE-004509,SHOP-005,,2026-09-12T08:40:00+05:30,upi,1843.00,36.86,275.51,1806.14,completed,2026-09-12T08:40:00+05:30
SALE-004510,SHOP-007,CUST-0132,2026-09-12T15:50:00+05:30,cash,110.00,0.00,14.06,110.00,completed,2026-09-12T15:50:00+05:30
SALE-004511,SHOP-008,,2026-09-12T15:20:00+05:30,card,95.00,0.00,14.49,95.00,completed,2026-09-12T15:20:00+05:30
SALE-004512,SHOP-008,CUST-0167,2026-09-12T20:50:00+05:30,cash,3490.00,0.00,532.37,3490.00,completed,2026-09-12T20:50:00+05:30
SALE-004513,SHOP-009,,2026-09-12T14:50:00+05:30,cash,120.00,0.00,18.31,120.00,completed,2026-09-12T14:50:00+05:30
SALE-004514,SHOP-010,CUST-0191,2026-09-12T16:10:00+05:30,upi,1946.00,0.00,296.85,1946.00,completed,2026-09-12T16:10:00+05:30
SALE-004515,SHOP-011,,2026-09-12T16:00:00+05:30,upi,210.00,0.00,32.03,210.00,completed,2026-09-12T16:00:00+05:30
SALE-004516,SHOP-011,CUST-0221,2026-09-12T11:50:00+05:30,credit,130.00,0.00,19.83,130.00,completed,2026-09-12T11:50:00+05:30
SALE-004517,SHOP-011,,2026-09-12T11:20:00+05:30,upi,165.00,0.00,11.00,165.00,completed,2026-09-12T11:20:00+05:30
SALE-004518,SHOP-012,CUST-0233,2026-09-12T08:20:00+05:30,credit,38.00,0.00,1.81,38.00,completed,2026-09-12T08:20:00+05:30
SALE-004519,SHOP-013,,2026-09-12T10:20:00+05:30,upi,305.00,0.00,14.52,305.00,completed,2026-09-12T10:20:00+05:30
SALE-004520,SHOP-013,,2026-09-12T11:40:00+05:30,upi,71.00,0.00,2.19,71.00,completed,2026-09-12T11:40:00+05:30
SALE-004521,SHOP-014,,2026-09-12T14:50:00+05:30,upi,2900.00,58.00,460.13,2842.00,completed,2026-09-12T14:50:00+05:30
SALE-004522,SHOP-014,,2026-09-12T18:50:00+05:30,cash,1572.00,0.00,239.80,1572.00,completed,2026-09-12T18:50:00+05:30
SALE-004523,SHOP-015,CUST-0305,2026-09-12T14:40:00+05:30,cash,430.00,0.00,59.69,430.00,completed,2026-09-12T14:40:00+05:30
SALE-004524,SHOP-016,,2026-09-12T19:40:00+05:30,upi,3942.00,0.00,601.32,3942.00,completed,2026-09-12T19:40:00+05:30
SALE-004525,SHOP-016,CUST-0319,2026-09-12T16:10:00+05:30,cash,1898.00,0.00,289.53,1898.00,completed,2026-09-12T16:10:00+05:30
SALE-004526,SHOP-017,,2026-09-12T11:30:00+05:30,upi,483.00,0.00,59.20,483.00,completed,2026-09-12T11:30:00+05:30
SALE-004527,SHOP-017,CUST-0331,2026-09-12T14:50:00+05:30,upi,25.00,0.00,3.81,25.00,completed,2026-09-12T14:50:00+05:30
SALE-004528,SHOP-017,CUST-0351,2026-09-12T15:10:00+05:30,card,437.00,0.00,20.81,437.00,completed,2026-09-12T15:10:00+05:30
SALE-004529,SHOP-018,CUST-0354,2026-09-12T11:10:00+05:30,credit,105.00,0.00,0.00,105.00,completed,2026-09-12T11:10:00+05:30
SALE-004530,SHOP-018,CUST-0368,2026-09-12T13:10:00+05:30,cash,134.00,0.00,0.00,134.00,completed,2026-09-12T13:10:00+05:30
SALE-004531,SHOP-018,CUST-0369,2026-09-12T14:10:00+05:30,upi,223.00,0.00,18.40,223.00,completed,2026-09-12T14:10:00+05:30
SALE-004532,SHOP-020,CUST-0406,2026-09-12T18:50:00+05:30,upi,417.00,0.00,26.15,417.00,completed,2026-09-12T18:50:00+05:30
SALE-004533,SHOP-020,CUST-0400,2026-09-12T15:10:00+05:30,credit,435.00,0.00,20.71,435.00,completed,2026-09-12T15:10:00+05:30
SALE-004534,SHOP-020,CUST-0406,2026-09-12T10:10:00+05:30,credit,38.00,0.00,5.80,38.00,completed,2026-09-12T10:10:00+05:30
SALE-004535,SHOP-020,CUST-0412,2026-09-12T17:10:00+05:30,credit,1600.00,0.00,82.49,1600.00,completed,2026-09-12T17:10:00+05:30
SALE-004536,SHOP-021,CUST-0434,2026-09-12T18:10:00+05:30,upi,255.00,0.00,28.46,255.00,completed,2026-09-12T18:10:00+05:30
SALE-004537,SHOP-024,CUST-0499,2026-09-12T15:30:00+05:30,cash,56.00,0.00,0.00,56.00,completed,2026-09-12T15:30:00+05:30
SALE-004538,SHOP-025,CUST-0500,2026-09-12T19:00:00+05:30,upi,210.00,0.00,32.03,210.00,completed,2026-09-12T19:00:00+05:30
SALE-004539,SHOP-026,,2026-09-12T08:10:00+05:30,cash,62.00,0.00,4.74,62.00,completed,2026-09-12T08:10:00+05:30
SALE-004540,SHOP-026,,2026-09-12T10:20:00+05:30,upi,65.00,0.00,9.23,65.00,completed,2026-09-12T10:20:00+05:30
SALE-004541,SHOP-027,,2026-09-12T18:00:00+05:30,upi,30.00,0.00,4.58,30.00,completed,2026-09-12T18:00:00+05:30
SALE-004542,SHOP-028,CUST-0570,2026-09-12T18:00:00+05:30,cash,15.00,0.00,0.00,15.00,completed,2026-09-12T18:00:00+05:30
SALE-004543,SHOP-032,,2026-09-12T11:10:00+05:30,upi,30.00,0.00,4.58,30.00,completed,2026-09-12T11:10:00+05:30
SALE-004544,SHOP-032,,2026-09-12T17:20:00+05:30,cash,242.00,0.00,11.52,242.00,completed,2026-09-12T17:20:00+05:30
SALE-004545,SHOP-033,,2026-09-12T20:00:00+05:30,cash,270.00,0.00,19.29,270.00,completed,2026-09-12T20:00:00+05:30
SALE-004546,SHOP-034,CUST-0691,2026-09-12T18:50:00+05:30,cash,210.00,0.00,32.03,210.00,completed,2026-09-12T18:50:00+05:30
SALE-004547,SHOP-037,CUST-0755,2026-09-12T08:30:00+05:30,credit,1330.00,0.00,202.88,1330.00,completed,2026-09-12T08:30:00+05:30
SALE-004548,SHOP-037,CUST-0769,2026-09-12T19:30:00+05:30,cash,11490.00,0.00,2404.19,11490.00,completed,2026-09-12T19:30:00+05:30
SALE-004549,SHOP-037,CUST-0774,2026-09-12T10:20:00+05:30,cash,8028.00,0.00,1224.61,8028.00,completed,2026-09-12T10:20:00+05:30
SALE-004550,SHOP-038,,2026-09-12T10:40:00+05:30,upi,208.00,0.00,27.46,208.00,completed,2026-09-12T10:40:00+05:30
SALE-004551,SHOP-039,,2026-09-12T17:30:00+05:30,cash,605.00,0.00,28.81,605.00,completed,2026-09-12T17:30:00+05:30
SALE-004552,SHOP-039,CUST-0793,2026-09-12T12:40:00+05:30,cash,260.00,0.00,12.38,260.00,completed,2026-09-12T12:40:00+05:30
SALE-004553,SHOP-040,CUST-0825,2026-09-12T12:00:00+05:30,cash,420.00,0.00,47.72,420.00,completed,2026-09-12T12:00:00+05:30
SALE-004554,SHOP-040,CUST-0818,2026-09-12T19:40:00+05:30,upi,26.00,0.00,3.97,26.00,completed,2026-09-12T19:40:00+05:30
SALE-004555,SHOP-043,CUST-0879,2026-09-12T18:10:00+05:30,cash,1527.00,76.35,71.67,1450.65,completed,2026-09-12T18:10:00+05:30
SALE-004556,SHOP-044,CUST-0911,2026-09-12T11:00:00+05:30,credit,28.00,0.00,0.00,28.00,completed,2026-09-12T11:00:00+05:30
SALE-004557,SHOP-045,,2026-09-12T11:00:00+05:30,upi,572.00,0.00,62.07,572.00,completed,2026-09-12T11:00:00+05:30
SALE-004558,SHOP-045,,2026-09-12T16:20:00+05:30,cash,2822.00,0.00,133.19,2822.00,completed,2026-09-12T16:20:00+05:30
SALE-004559,SHOP-045,CUST-0932,2026-09-12T16:30:00+05:30,upi,180.00,0.00,27.46,180.00,completed,2026-09-12T16:30:00+05:30
SALE-004560,SHOP-046,CUST-0937,2026-09-12T12:10:00+05:30,upi,130.00,0.00,19.83,130.00,completed,2026-09-12T12:10:00+05:30
SALE-004561,SHOP-048,,2026-09-12T18:40:00+05:30,upi,560.00,0.00,85.42,560.00,completed,2026-09-12T18:40:00+05:30
SALE-004562,SHOP-049,,2026-09-12T16:00:00+05:30,cash,56.00,0.00,0.00,56.00,completed,2026-09-12T16:00:00+05:30
SALE-004563,SHOP-050,CUST-1012,2026-09-12T16:40:00+05:30,upi,870.00,0.00,80.77,870.00,completed,2026-09-12T16:40:00+05:30
SALE-004564,SHOP-050,CUST-1007,2026-09-12T13:10:00+05:30,credit,490.00,0.00,33.83,490.00,completed,2026-09-12T13:10:00+05:30
SALE-004565,SHOP-050,CUST-1035,2026-09-12T15:00:00+05:30,cash,120.00,0.00,5.71,120.00,completed,2026-09-12T15:00:00+05:30
SALE-004566,SHOP-001,CUST-0014,2026-09-13T11:20:00+05:30,cash,440.00,0.00,20.95,440.00,completed,2026-09-13T11:20:00+05:30
SALE-004567,SHOP-001,,2026-09-13T17:00:00+05:30,cash,390.00,0.00,18.57,390.00,completed,2026-09-13T17:00:00+05:30
SALE-004568,SHOP-002,,2026-09-13T12:30:00+05:30,cash,512.00,0.00,78.10,512.00,completed,2026-09-13T12:30:00+05:30
SALE-004569,SHOP-003,CUST-0052,2026-09-13T13:00:00+05:30,upi,765.00,15.30,89.45,749.70,completed,2026-09-13T13:00:00+05:30
SALE-004570,SHOP-005,,2026-09-13T14:20:00+05:30,upi,2546.00,0.00,388.37,2546.00,completed,2026-09-13T14:20:00+05:30
SALE-004571,SHOP-006,CUST-0108,2026-09-13T14:40:00+05:30,upi,120.00,0.00,5.71,120.00,completed,2026-09-13T14:40:00+05:30
SALE-004572,SHOP-006,CUST-0115,2026-09-13T17:00:00+05:30,credit,305.00,0.00,25.54,305.00,completed,2026-09-13T17:00:00+05:30
SALE-004573,SHOP-007,CUST-0138,2026-09-13T15:20:00+05:30,cash,140.00,0.00,0.00,140.00,completed,2026-09-13T15:20:00+05:30
SALE-004574,SHOP-008,CUST-0155,2026-09-13T10:20:00+05:30,cash,4390.00,0.00,669.66,4390.00,completed,2026-09-13T10:20:00+05:30
SALE-004575,SHOP-008,CUST-0150,2026-09-13T19:40:00+05:30,upi,6560.00,131.20,1406.30,6428.80,completed,2026-09-13T19:40:00+05:30
SALE-004576,SHOP-011,CUST-0206,2026-09-13T17:20:00+05:30,cash,104.00,0.00,4.95,104.00,completed,2026-09-13T17:20:00+05:30
SALE-004577,SHOP-011,CUST-0217,2026-09-13T11:10:00+05:30,upi,361.00,0.00,50.24,361.00,completed,2026-09-13T11:10:00+05:30
SALE-004578,SHOP-013,CUST-0253,2026-09-13T12:50:00+05:30,credit,270.00,0.00,14.64,270.00,completed,2026-09-13T12:50:00+05:30
SALE-004579,SHOP-013,CUST-0265,2026-09-13T17:10:00+05:30,credit,465.00,0.00,22.14,465.00,completed,2026-09-13T17:10:00+05:30
SALE-004580,SHOP-014,CUST-0288,2026-09-13T08:30:00+05:30,upi,640.00,0.00,97.63,640.00,completed,2026-09-13T08:30:00+05:30
SALE-004581,SHOP-015,CUST-0301,2026-09-13T11:50:00+05:30,upi,159.00,0.00,18.13,159.00,completed,2026-09-13T11:50:00+05:30
SALE-004582,SHOP-016,CUST-0309,2026-09-13T17:10:00+05:30,cash,149.00,0.00,22.73,149.00,completed,2026-09-13T17:10:00+05:30
SALE-004583,SHOP-017,CUST-0348,2026-09-13T19:20:00+05:30,credit,490.00,0.00,22.14,490.00,completed,2026-09-13T19:20:00+05:30
SALE-004584,SHOP-017,,2026-09-13T18:50:00+05:30,cash,930.00,0.00,44.29,930.00,completed,2026-09-13T18:50:00+05:30
SALE-004585,SHOP-018,,2026-09-13T18:30:00+05:30,cash,90.00,0.00,13.73,90.00,completed,2026-09-13T18:30:00+05:30
SALE-004586,SHOP-019,CUST-0397,2026-09-13T17:00:00+05:30,upi,3628.00,108.84,536.82,3519.16,completed,2026-09-13T17:00:00+05:30
SALE-004587,SHOP-020,CUST-0420,2026-09-13T10:30:00+05:30,credit,90.00,0.00,13.73,90.00,completed,2026-09-13T10:30:00+05:30
SALE-004588,SHOP-023,,2026-09-13T18:40:00+05:30,cash,105.00,0.00,16.02,105.00,completed,2026-09-13T18:40:00+05:30
SALE-004589,SHOP-023,,2026-09-13T11:30:00+05:30,cash,203.00,0.00,23.31,203.00,completed,2026-09-13T11:30:00+05:30
SALE-004590,SHOP-024,,2026-09-13T17:30:00+05:30,upi,190.00,0.00,0.00,190.00,completed,2026-09-13T17:30:00+05:30
SALE-004591,SHOP-024,CUST-0491,2026-09-13T14:40:00+05:30,credit,32.00,0.00,0.00,32.00,completed,2026-09-13T14:40:00+05:30
SALE-004592,SHOP-026,,2026-09-13T10:00:00+05:30,upi,390.00,0.00,18.57,390.00,completed,2026-09-13T10:00:00+05:30
SALE-004593,SHOP-027,,2026-09-13T12:40:00+05:30,cash,325.00,0.00,39.59,325.00,completed,2026-09-13T12:40:00+05:30
SALE-004594,SHOP-027,CUST-0567,2026-09-13T15:40:00+05:30,cash,118.00,0.00,12.64,118.00,completed,2026-09-13T15:40:00+05:30
SALE-004595,SHOP-028,CUST-0583,2026-09-13T15:10:00+05:30,upi,56.00,0.00,0.00,56.00,completed,2026-09-13T15:10:00+05:30
SALE-004596,SHOP-029,CUST-0608,2026-09-13T10:30:00+05:30,upi,2294.00,0.00,349.93,2294.00,completed,2026-09-13T10:30:00+05:30
SALE-004597,SHOP-030,,2026-09-13T18:40:00+05:30,upi,1165.00,0.00,55.63,1165.00,completed,2026-09-13T18:40:00+05:30
SALE-004598,SHOP-033,CUST-0670,2026-09-13T13:10:00+05:30,cash,400.00,0.00,46.72,400.00,completed,2026-09-13T13:10:00+05:30
SALE-004599,SHOP-033,CUST-0687,2026-09-13T18:30:00+05:30,credit,413.00,0.00,47.57,413.00,completed,2026-09-13T18:30:00+05:30
SALE-004600,SHOP-035,CUST-0709,2026-09-13T19:30:00+05:30,cash,1397.00,0.00,213.10,1397.00,completed,2026-09-13T19:30:00+05:30
SALE-004601,SHOP-036,CUST-0740,2026-09-13T09:10:00+05:30,cash,129.00,0.00,9.29,129.00,completed,2026-09-13T09:10:00+05:30
SALE-004602,SHOP-036,CUST-0725,2026-09-13T15:10:00+05:30,cash,460.00,0.00,50.23,460.00,completed,2026-09-13T15:10:00+05:30
SALE-004603,SHOP-037,,2026-09-13T16:00:00+05:30,cash,970.00,0.00,175.11,970.00,completed,2026-09-13T16:00:00+05:30
SALE-004604,SHOP-038,CUST-0788,2026-09-13T10:30:00+05:30,upi,1726.00,0.00,208.44,1726.00,completed,2026-09-13T10:30:00+05:30
SALE-004605,SHOP-039,,2026-09-13T10:20:00+05:30,upi,625.00,0.00,28.57,625.00,completed,2026-09-13T10:20:00+05:30
SALE-004606,SHOP-039,,2026-09-13T12:50:00+05:30,upi,220.00,0.00,33.56,220.00,completed,2026-09-13T12:50:00+05:30
SALE-004607,SHOP-044,CUST-0908,2026-09-13T15:50:00+05:30,upi,135.00,0.00,4.52,135.00,completed,2026-09-13T15:50:00+05:30
SALE-004608,SHOP-045,,2026-09-13T12:20:00+05:30,card,260.00,0.00,12.38,260.00,completed,2026-09-13T12:20:00+05:30
SALE-004609,SHOP-045,CUST-0932,2026-09-13T20:00:00+05:30,credit,50.00,0.00,7.63,50.00,completed,2026-09-13T20:00:00+05:30
SALE-004610,SHOP-046,,2026-09-13T12:50:00+05:30,cash,25.00,0.00,3.81,25.00,completed,2026-09-13T12:50:00+05:30
SALE-004611,SHOP-049,CUST-0997,2026-09-13T20:40:00+05:30,upi,270.00,0.00,0.00,270.00,completed,2026-09-13T20:40:00+05:30
SALE-004612,SHOP-050,CUST-1030,2026-09-13T19:50:00+05:30,credit,90.00,0.00,13.73,90.00,completed,2026-09-13T19:50:00+05:30
SALE-004613,SHOP-050,,2026-09-13T09:50:00+05:30,card,735.00,0.00,35.00,735.00,completed,2026-09-13T09:50:00+05:30
SALE-004614,SHOP-001,CUST-0010,2026-09-14T14:00:00+05:30,cash,4255.00,0.00,206.19,4255.00,completed,2026-09-14T14:00:00+05:30
SALE-004615,SHOP-001,CUST-0004,2026-09-14T16:00:00+05:30,upi,434.00,0.00,45.57,434.00,completed,2026-09-14T16:00:00+05:30
SALE-004616,SHOP-001,CUST-0006,2026-09-14T14:10:00+05:30,upi,165.00,0.00,7.86,165.00,completed,2026-09-14T14:10:00+05:30
SALE-004617,SHOP-003,CUST-0064,2026-09-14T08:00:00+05:30,upi,190.00,0.00,28.98,190.00,returned,2026-09-14T08:00:00+05:30
SALE-004618,SHOP-003,CUST-0050,2026-09-14T16:00:00+05:30,cash,320.00,0.00,42.68,320.00,completed,2026-09-14T16:00:00+05:30
SALE-004619,SHOP-004,,2026-09-14T13:50:00+05:30,upi,35.00,0.00,0.00,35.00,completed,2026-09-14T13:50:00+05:30
SALE-004620,SHOP-004,,2026-09-14T18:50:00+05:30,upi,463.00,0.00,42.86,463.00,completed,2026-09-14T18:50:00+05:30
SALE-004621,SHOP-004,,2026-09-14T19:30:00+05:30,cash,395.00,0.00,19.06,395.00,completed,2026-09-14T19:30:00+05:30
SALE-004622,SHOP-005,,2026-09-14T18:20:00+05:30,card,779.00,0.00,118.83,779.00,completed,2026-09-14T18:20:00+05:30
SALE-004623,SHOP-006,,2026-09-14T09:40:00+05:30,upi,796.00,0.00,71.85,796.00,completed,2026-09-14T09:40:00+05:30
SALE-004624,SHOP-006,,2026-09-14T08:20:00+05:30,upi,50.00,0.00,7.63,50.00,completed,2026-09-14T08:20:00+05:30
SALE-004625,SHOP-007,CUST-0138,2026-09-14T08:10:00+05:30,upi,21.00,0.00,1.00,21.00,completed,2026-09-14T08:10:00+05:30
SALE-004626,SHOP-009,CUST-0186,2026-09-14T15:50:00+05:30,upi,150.00,0.00,21.52,150.00,completed,2026-09-14T15:50:00+05:30
SALE-004627,SHOP-011,CUST-0223,2026-09-14T15:10:00+05:30,upi,190.00,0.00,28.98,190.00,completed,2026-09-14T15:10:00+05:30
SALE-004628,SHOP-012,CUST-0234,2026-09-14T17:00:00+05:30,credit,235.00,0.00,29.26,235.00,completed,2026-09-14T17:00:00+05:30
SALE-004629,SHOP-012,CUST-0247,2026-09-14T13:30:00+05:30,cash,60.00,0.00,2.86,60.00,completed,2026-09-14T13:30:00+05:30
SALE-004630,SHOP-013,CUST-0255,2026-09-14T13:10:00+05:30,credit,617.00,0.00,29.80,617.00,completed,2026-09-14T13:10:00+05:30
SALE-004631,SHOP-013,CUST-0270,2026-09-14T18:50:00+05:30,cash,90.00,0.00,13.73,90.00,completed,2026-09-14T18:50:00+05:30
SALE-004632,SHOP-013,,2026-09-14T09:20:00+05:30,cash,138.00,0.00,6.57,138.00,completed,2026-09-14T09:20:00+05:30
SALE-004633,SHOP-017,CUST-0324,2026-09-14T11:40:00+05:30,credit,865.00,0.00,47.49,865.00,completed,2026-09-14T11:40:00+05:30
SALE-004634,SHOP-018,,2026-09-14T15:00:00+05:30,cash,98.00,0.00,4.67,98.00,completed,2026-09-14T15:00:00+05:30
SALE-004635,SHOP-019,,2026-09-14T10:00:00+05:30,upi,420.00,0.00,64.07,420.00,returned,2026-09-14T10:00:00+05:30
SALE-004636,SHOP-019,CUST-0377,2026-09-14T10:30:00+05:30,upi,198.00,0.00,30.20,198.00,completed,2026-09-14T10:30:00+05:30
SALE-004637,SHOP-020,CUST-0416,2026-09-14T18:40:00+05:30,credit,1164.00,23.28,54.32,1140.72,completed,2026-09-14T18:40:00+05:30
SALE-004638,SHOP-020,CUST-0422,2026-09-14T13:30:00+05:30,cash,557.00,16.71,31.83,540.29,completed,2026-09-14T13:30:00+05:30
SALE-004639,SHOP-020,,2026-09-14T14:20:00+05:30,cash,405.00,0.00,15.71,405.00,completed,2026-09-14T14:20:00+05:30
SALE-004640,SHOP-021,CUST-0439,2026-09-14T09:40:00+05:30,cash,5.00,0.00,0.54,5.00,completed,2026-09-14T09:40:00+05:30
SALE-004641,SHOP-025,CUST-0508,2026-09-14T10:30:00+05:30,upi,210.00,0.00,32.03,210.00,completed,2026-09-14T10:30:00+05:30
SALE-004642,SHOP-026,CUST-0528,2026-09-14T17:50:00+05:30,credit,40.00,0.00,1.90,40.00,completed,2026-09-14T17:50:00+05:30
SALE-004643,SHOP-027,,2026-09-14T14:30:00+05:30,upi,376.00,0.00,46.64,376.00,completed,2026-09-14T14:30:00+05:30
SALE-004644,SHOP-028,,2026-09-14T11:50:00+05:30,upi,40.00,0.00,1.90,40.00,completed,2026-09-14T11:50:00+05:30
SALE-004645,SHOP-030,,2026-09-14T08:00:00+05:30,upi,177.00,0.00,23.64,177.00,completed,2026-09-14T08:00:00+05:30
SALE-004646,SHOP-032,CUST-0667,2026-09-14T12:50:00+05:30,credit,46.00,0.00,2.25,46.00,completed,2026-09-14T12:50:00+05:30
SALE-004647,SHOP-034,,2026-09-14T19:10:00+05:30,cash,132.00,0.00,19.59,132.00,completed,2026-09-14T19:10:00+05:30
SALE-004648,SHOP-035,CUST-0714,2026-09-14T12:40:00+05:30,credit,298.00,0.00,45.46,298.00,completed,2026-09-14T12:40:00+05:30
SALE-004649,SHOP-035,CUST-0716,2026-09-14T14:10:00+05:30,upi,349.00,0.00,53.24,349.00,completed,2026-09-14T14:10:00+05:30
SALE-004650,SHOP-036,CUST-0736,2026-09-14T18:40:00+05:30,cash,360.00,0.00,23.44,360.00,completed,2026-09-14T18:40:00+05:30
SALE-004651,SHOP-037,,2026-09-14T16:20:00+05:30,upi,1460.00,0.00,222.71,1460.00,completed,2026-09-14T16:20:00+05:30
SALE-004652,SHOP-039,,2026-09-14T09:30:00+05:30,upi,40.00,0.00,1.90,40.00,completed,2026-09-14T09:30:00+05:30
SALE-004653,SHOP-039,CUST-0814,2026-09-14T18:40:00+05:30,cash,1095.00,54.75,68.47,1040.25,completed,2026-09-14T18:40:00+05:30
SALE-004654,SHOP-039,CUST-0797,2026-09-14T20:10:00+05:30,cash,195.00,0.00,0.00,195.00,completed,2026-09-14T20:10:00+05:30
SALE-004655,SHOP-041,CUST-0850,2026-09-14T13:40:00+05:30,cash,1904.00,0.00,290.44,1904.00,completed,2026-09-14T13:40:00+05:30
SALE-004656,SHOP-043,CUST-0879,2026-09-14T17:20:00+05:30,cash,35.00,0.00,1.67,35.00,completed,2026-09-14T17:20:00+05:30
SALE-004657,SHOP-043,CUST-0881,2026-09-14T16:40:00+05:30,credit,220.00,0.00,29.36,220.00,completed,2026-09-14T16:40:00+05:30
SALE-004658,SHOP-044,CUST-0906,2026-09-14T17:10:00+05:30,credit,239.00,0.00,5.71,239.00,completed,2026-09-14T17:10:00+05:30
SALE-004659,SHOP-045,CUST-0931,2026-09-14T12:00:00+05:30,cash,830.00,41.50,28.47,788.50,completed,2026-09-14T12:00:00+05:30
SALE-004660,SHOP-046,CUST-0941,2026-09-14T13:40:00+05:30,cash,18.00,0.00,1.93,18.00,completed,2026-09-14T13:40:00+05:30
SALE-004661,SHOP-046,CUST-0939,2026-09-14T15:10:00+05:30,upi,284.00,0.00,43.32,284.00,completed,2026-09-14T15:10:00+05:30
SALE-004662,SHOP-048,CUST-0986,2026-09-14T15:10:00+05:30,credit,3840.00,0.00,585.76,3840.00,completed,2026-09-14T15:10:00+05:30
SALE-004663,SHOP-049,CUST-0990,2026-09-14T15:40:00+05:30,card,190.00,0.00,17.90,190.00,completed,2026-09-14T15:40:00+05:30
SALE-004664,SHOP-049,CUST-0992,2026-09-14T17:50:00+05:30,card,60.00,0.00,2.86,60.00,completed,2026-09-14T17:50:00+05:30
SALE-004665,SHOP-050,CUST-1008,2026-09-14T16:30:00+05:30,credit,435.00,0.00,20.71,435.00,completed,2026-09-14T16:30:00+05:30
SALE-004666,SHOP-050,,2026-09-14T09:40:00+05:30,upi,208.00,0.00,9.90,208.00,completed,2026-09-14T09:40:00+05:30
SALE-004667,SHOP-050,CUST-1019,2026-09-14T08:30:00+05:30,upi,2745.00,0.00,138.58,2745.00,completed,2026-09-14T08:30:00+05:30
SALE-004668,SHOP-050,CUST-1016,2026-09-14T13:10:00+05:30,upi,115.00,0.00,5.48,115.00,completed,2026-09-14T13:10:00+05:30
SALE-004669,SHOP-001,CUST-0020,2026-09-15T17:40:00+05:30,card,180.00,0.00,9.46,180.00,completed,2026-09-15T17:40:00+05:30
SALE-004670,SHOP-002,CUST-0030,2026-09-15T20:20:00+05:30,cash,590.00,0.00,117.15,590.00,completed,2026-09-15T20:20:00+05:30
SALE-004671,SHOP-002,CUST-0030,2026-09-15T18:10:00+05:30,upi,95.00,0.00,14.49,95.00,completed,2026-09-15T18:10:00+05:30
SALE-004672,SHOP-003,CUST-0053,2026-09-15T08:50:00+05:30,upi,104.00,0.00,13.59,104.00,completed,2026-09-15T08:50:00+05:30
SALE-004673,SHOP-003,,2026-09-15T10:40:00+05:30,cash,285.00,0.00,40.98,285.00,completed,2026-09-15T10:40:00+05:30
SALE-004674,SHOP-006,,2026-09-15T08:30:00+05:30,cash,570.00,0.00,27.14,570.00,completed,2026-09-15T08:30:00+05:30
SALE-004675,SHOP-007,CUST-0139,2026-09-15T13:50:00+05:30,cash,175.00,0.00,0.00,175.00,completed,2026-09-15T13:50:00+05:30
SALE-004676,SHOP-007,,2026-09-15T09:50:00+05:30,cash,223.00,0.00,2.86,223.00,completed,2026-09-15T09:50:00+05:30
SALE-004677,SHOP-008,CUST-0168,2026-09-15T19:00:00+05:30,cash,2177.00,43.54,325.44,2133.46,completed,2026-09-15T19:00:00+05:30
SALE-004678,SHOP-009,,2026-09-15T09:10:00+05:30,upi,565.00,0.00,60.54,565.00,completed,2026-09-15T09:10:00+05:30
SALE-004679,SHOP-009,,2026-09-15T20:50:00+05:30,upi,155.00,0.00,20.92,155.00,completed,2026-09-15T20:50:00+05:30
SALE-004680,SHOP-010,,2026-09-15T14:20:00+05:30,upi,1843.00,0.00,281.14,1843.00,completed,2026-09-15T14:20:00+05:30
SALE-004681,SHOP-011,CUST-0225,2026-09-15T09:20:00+05:30,upi,285.00,0.00,23.54,285.00,completed,2026-09-15T09:20:00+05:30
SALE-004682,SHOP-011,CUST-0232,2026-09-15T12:00:00+05:30,cash,150.00,0.00,7.14,150.00,completed,2026-09-15T12:00:00+05:30
SALE-004683,SHOP-011,,2026-09-15T19:10:00+05:30,upi,410.00,0.00,11.43,410.00,completed,2026-09-15T19:10:00+05:30
SALE-004684,SHOP-013,,2026-09-15T16:50:00+05:30,cash,257.00,0.00,12.24,257.00,completed,2026-09-15T16:50:00+05:30
SALE-004685,SHOP-013,CUST-0264,2026-09-15T19:10:00+05:30,credit,38.00,0.00,5.80,38.00,completed,2026-09-15T19:10:00+05:30
SALE-004686,SHOP-014,,2026-09-15T09:10:00+05:30,upi,1830.00,36.60,273.57,1793.40,completed,2026-09-15T09:10:00+05:30
SALE-004687,SHOP-015,,2026-09-15T08:40:00+05:30,cash,270.00,0.00,33.92,270.00,completed,2026-09-15T08:40:00+05:30
SALE-004688,SHOP-017,,2026-09-15T10:00:00+05:30,upi,75.00,0.00,3.57,75.00,completed,2026-09-15T10:00:00+05:30
SALE-004689,SHOP-017,,2026-09-15T08:50:00+05:30,cash,540.00,0.00,28.39,540.00,completed,2026-09-15T08:50:00+05:30
SALE-004690,SHOP-017,,2026-09-15T17:10:00+05:30,upi,655.00,0.00,57.95,655.00,completed,2026-09-15T17:10:00+05:30
SALE-004691,SHOP-017,CUST-0348,2026-09-15T11:20:00+05:30,credit,45.00,0.00,2.14,45.00,completed,2026-09-15T11:20:00+05:30
SALE-004692,SHOP-019,CUST-0387,2026-09-15T10:10:00+05:30,credit,1050.00,0.00,160.17,1050.00,completed,2026-09-15T10:10:00+05:30
SALE-004693,SHOP-019,,2026-09-15T16:40:00+05:30,cash,309.00,0.00,47.14,309.00,completed,2026-09-15T16:40:00+05:30
SALE-004694,SHOP-020,CUST-0406,2026-09-15T12:40:00+05:30,credit,120.00,0.00,5.71,120.00,completed,2026-09-15T12:40:00+05:30
SALE-004695,SHOP-020,CUST-0398,2026-09-15T15:10:00+05:30,cash,38.00,0.00,5.80,38.00,completed,2026-09-15T15:10:00+05:30
SALE-004696,SHOP-021,,2026-09-15T15:00:00+05:30,cash,270.00,0.00,38.46,270.00,completed,2026-09-15T15:00:00+05:30
SALE-004697,SHOP-021,CUST-0433,2026-09-15T17:50:00+05:30,card,120.00,0.00,12.86,120.00,completed,2026-09-15T17:50:00+05:30
SALE-004698,SHOP-023,CUST-0484,2026-09-15T16:20:00+05:30,upi,105.00,0.00,16.02,105.00,completed,2026-09-15T16:20:00+05:30
SALE-004699,SHOP-023,CUST-0477,2026-09-15T20:50:00+05:30,credit,166.00,0.00,7.90,166.00,completed,2026-09-15T20:50:00+05:30
SALE-004700,SHOP-024,CUST-0494,2026-09-15T09:20:00+05:30,upi,247.00,0.00,0.00,247.00,completed,2026-09-15T09:20:00+05:30
SALE-004701,SHOP-026,CUST-0549,2026-09-15T20:40:00+05:30,credit,401.00,0.00,21.72,401.00,completed,2026-09-15T20:40:00+05:30
SALE-004702,SHOP-026,,2026-09-15T15:30:00+05:30,cash,515.00,15.45,30.20,499.55,completed,2026-09-15T15:30:00+05:30
SALE-004703,SHOP-026,CUST-0522,2026-09-15T12:50:00+05:30,cash,50.00,0.00,7.63,50.00,completed,2026-09-15T12:50:00+05:30
SALE-004704,SHOP-027,CUST-0569,2026-09-15T20:30:00+05:30,upi,100.00,0.00,10.71,100.00,completed,2026-09-15T20:30:00+05:30
SALE-004705,SHOP-028,CUST-0583,2026-09-15T20:30:00+05:30,upi,231.00,0.00,7.43,231.00,completed,2026-09-15T20:30:00+05:30
SALE-004706,SHOP-029,CUST-0597,2026-09-15T18:20:00+05:30,cash,149.00,0.00,22.73,149.00,completed,2026-09-15T18:20:00+05:30
SALE-004707,SHOP-030,,2026-09-15T08:00:00+05:30,cash,222.00,0.00,10.57,222.00,completed,2026-09-15T08:00:00+05:30
SALE-004708,SHOP-030,,2026-09-15T18:20:00+05:30,cash,145.00,0.00,17.92,145.00,completed,2026-09-15T18:20:00+05:30
SALE-004709,SHOP-032,CUST-0650,2026-09-15T11:40:00+05:30,upi,1872.00,0.00,89.14,1872.00,completed,2026-09-15T11:40:00+05:30
SALE-004710,SHOP-033,CUST-0674,2026-09-15T19:00:00+05:30,upi,131.00,0.00,0.00,131.00,completed,2026-09-15T19:00:00+05:30
SALE-004711,SHOP-034,,2026-09-15T18:20:00+05:30,cash,475.00,0.00,64.29,475.00,completed,2026-09-15T18:20:00+05:30
SALE-004712,SHOP-037,,2026-09-15T09:40:00+05:30,upi,263.00,0.00,40.12,263.00,completed,2026-09-15T09:40:00+05:30
SALE-004713,SHOP-038,CUST-0778,2026-09-15T19:50:00+05:30,cash,108.00,0.00,3.21,108.00,completed,2026-09-15T19:50:00+05:30
SALE-004714,SHOP-039,,2026-09-15T15:10:00+05:30,upi,162.00,0.00,10.86,162.00,completed,2026-09-15T15:10:00+05:30
SALE-004715,SHOP-040,CUST-0832,2026-09-15T17:50:00+05:30,upi,52.00,0.00,7.93,52.00,completed,2026-09-15T17:50:00+05:30
SALE-004716,SHOP-040,CUST-0838,2026-09-15T13:30:00+05:30,cash,270.00,0.00,34.83,270.00,completed,2026-09-15T13:30:00+05:30
SALE-004717,SHOP-040,CUST-0827,2026-09-15T08:30:00+05:30,cash,120.00,0.00,16.04,120.00,completed,2026-09-15T08:30:00+05:30
SALE-004718,SHOP-044,,2026-09-15T11:50:00+05:30,cash,309.00,0.00,9.05,309.00,completed,2026-09-15T11:50:00+05:30
SALE-004719,SHOP-044,,2026-09-15T12:30:00+05:30,cash,120.00,0.00,0.95,120.00,completed,2026-09-15T12:30:00+05:30
SALE-004720,SHOP-044,,2026-09-15T15:30:00+05:30,cash,38.00,0.00,1.81,38.00,completed,2026-09-15T15:30:00+05:30
SALE-004721,SHOP-045,CUST-0915,2026-09-15T19:10:00+05:30,cash,3015.00,0.00,157.74,3015.00,completed,2026-09-15T19:10:00+05:30
SALE-004722,SHOP-045,CUST-0914,2026-09-15T13:20:00+05:30,credit,20.00,0.00,2.14,20.00,completed,2026-09-15T13:20:00+05:30
SALE-004723,SHOP-045,CUST-0921,2026-09-15T10:10:00+05:30,cash,205.00,0.00,0.00,205.00,completed,2026-09-15T10:10:00+05:30
SALE-004724,SHOP-046,CUST-0956,2026-09-15T20:40:00+05:30,cash,215.00,0.00,25.99,215.00,completed,2026-09-15T20:40:00+05:30
SALE-004725,SHOP-046,CUST-0952,2026-09-15T16:20:00+05:30,upi,35.00,0.00,3.75,35.00,completed,2026-09-15T16:20:00+05:30
SALE-004726,SHOP-047,CUST-0969,2026-09-15T09:50:00+05:30,card,398.00,0.00,60.71,398.00,completed,2026-09-15T09:50:00+05:30
SALE-004727,SHOP-049,CUST-1002,2026-09-15T16:00:00+05:30,cash,195.00,0.00,0.00,195.00,completed,2026-09-15T16:00:00+05:30
SALE-004728,SHOP-050,CUST-1032,2026-09-15T17:50:00+05:30,cash,92.00,0.00,4.38,92.00,completed,2026-09-15T17:50:00+05:30
SALE-004729,SHOP-050,CUST-1022,2026-09-15T19:40:00+05:30,credit,337.00,0.00,12.48,337.00,completed,2026-09-15T19:40:00+05:30
SALE-004730,SHOP-050,CUST-1009,2026-09-15T13:10:00+05:30,upi,390.00,0.00,59.49,390.00,completed,2026-09-15T13:10:00+05:30
SALE-004731,SHOP-050,,2026-09-15T14:10:00+05:30,upi,163.00,0.00,10.38,163.00,completed,2026-09-15T14:10:00+05:30
SALE-004732,SHOP-001,CUST-0003,2026-09-16T08:40:00+05:30,cash,200.00,0.00,9.52,200.00,completed,2026-09-16T08:40:00+05:30
SALE-004733,SHOP-001,CUST-0005,2026-09-16T11:10:00+05:30,cash,4228.00,0.00,198.95,4228.00,completed,2026-09-16T11:10:00+05:30
SALE-004734,SHOP-002,CUST-0029,2026-09-16T08:40:00+05:30,upi,210.00,0.00,32.03,210.00,completed,2026-09-16T08:40:00+05:30
SALE-004735,SHOP-003,CUST-0057,2026-09-16T10:00:00+05:30,upi,190.00,0.00,24.44,190.00,returned,2026-09-16T10:00:00+05:30
SALE-004736,SHOP-003,CUST-0065,2026-09-16T11:20:00+05:30,upi,10.00,0.00,1.07,10.00,completed,2026-09-16T11:20:00+05:30
SALE-004737,SHOP-004,CUST-0081,2026-09-16T15:30:00+05:30,credit,75.00,0.00,0.00,75.00,completed,2026-09-16T15:30:00+05:30
SALE-004738,SHOP-005,CUST-0096,2026-09-16T20:40:00+05:30,upi,297.00,0.00,45.31,297.00,completed,2026-09-16T20:40:00+05:30
SALE-004739,SHOP-006,CUST-0124,2026-09-16T09:10:00+05:30,upi,80.00,0.00,3.81,80.00,completed,2026-09-16T09:10:00+05:30
SALE-004740,SHOP-006,CUST-0107,2026-09-16T14:20:00+05:30,credit,1445.00,0.00,76.68,1445.00,completed,2026-09-16T14:20:00+05:30
SALE-004741,SHOP-007,,2026-09-16T17:10:00+05:30,upi,160.00,0.00,0.00,160.00,completed,2026-09-16T17:10:00+05:30
SALE-004742,SHOP-008,,2026-09-16T16:30:00+05:30,cash,1579.00,0.00,295.15,1579.00,completed,2026-09-16T16:30:00+05:30
SALE-004743,SHOP-008,CUST-0163,2026-09-16T17:50:00+05:30,credit,820.00,0.00,125.08,820.00,completed,2026-09-16T17:50:00+05:30
SALE-004744,SHOP-008,CUST-0162,2026-09-16T16:00:00+05:30,upi,60.00,0.00,9.15,60.00,completed,2026-09-16T16:00:00+05:30
SALE-004745,SHOP-009,,2026-09-16T16:10:00+05:30,upi,255.00,0.00,33.45,255.00,completed,2026-09-16T16:10:00+05:30
SALE-004746,SHOP-011,,2026-09-16T12:20:00+05:30,upi,390.00,0.00,0.00,390.00,completed,2026-09-16T12:20:00+05:30
SALE-004747,SHOP-011,CUST-0221,2026-09-16T10:00:00+05:30,upi,65.00,0.00,5.72,65.00,completed,2026-09-16T10:00:00+05:30
SALE-004748,SHOP-012,,2026-09-16T18:50:00+05:30,upi,60.00,0.00,2.86,60.00,completed,2026-09-16T18:50:00+05:30
SALE-004749,SHOP-013,,2026-09-16T12:00:00+05:30,upi,510.00,25.50,23.07,484.50,completed,2026-09-16T12:00:00+05:30
SALE-004750,SHOP-013,,2026-09-16T18:30:00+05:30,upi,285.00,0.00,32.46,285.00,completed,2026-09-16T18:30:00+05:30
SALE-004751,SHOP-015,CUST-0307,2026-09-16T18:30:00+05:30,cash,120.00,0.00,12.86,120.00,completed,2026-09-16T18:30:00+05:30
SALE-004752,SHOP-017,CUST-0325,2026-09-16T08:50:00+05:30,cash,95.00,0.00,2.14,95.00,completed,2026-09-16T08:50:00+05:30
SALE-004753,SHOP-017,CUST-0342,2026-09-16T17:40:00+05:30,upi,25.00,0.00,3.81,25.00,completed,2026-09-16T17:40:00+05:30
SALE-004754,SHOP-018,CUST-0357,2026-09-16T11:10:00+05:30,cash,330.00,0.00,35.69,330.00,completed,2026-09-16T11:10:00+05:30
SALE-004755,SHOP-019,CUST-0375,2026-09-16T17:10:00+05:30,cash,1560.00,78.00,226.07,1482.00,completed,2026-09-16T17:10:00+05:30
SALE-004756,SHOP-019,,2026-09-16T18:20:00+05:30,upi,720.00,0.00,109.83,720.00,completed,2026-09-16T18:20:00+05:30
SALE-004757,SHOP-019,CUST-0380,2026-09-16T17:50:00+05:30,upi,2440.00,0.00,372.20,2440.00,completed,2026-09-16T17:50:00+05:30
SALE-004758,SHOP-020,CUST-0400,2026-09-16T16:00:00+05:30,credit,1520.00,0.00,72.38,1520.00,completed,2026-09-16T16:00:00+05:30
SALE-004759,SHOP-021,,2026-09-16T11:10:00+05:30,upi,130.00,0.00,19.83,130.00,completed,2026-09-16T11:10:00+05:30
SALE-004760,SHOP-022,CUST-0450,2026-09-16T14:10:00+05:30,upi,199.00,0.00,30.36,199.00,completed,2026-09-16T14:10:00+05:30
SALE-004761,SHOP-024,,2026-09-16T18:00:00+05:30,card,281.00,0.00,28.03,281.00,completed,2026-09-16T18:00:00+05:30
SALE-004762,SHOP-025,CUST-0511,2026-09-16T17:00:00+05:30,credit,1370.00,0.00,208.98,1370.00,completed,2026-09-16T17:00:00+05:30
SALE-004763,SHOP-026,,2026-09-16T14:10:00+05:30,upi,380.00,0.00,18.10,380.00,completed,2026-09-16T14:10:00+05:30
SALE-004764,SHOP-026,,2026-09-16T08:20:00+05:30,cash,71.00,0.00,6.00,71.00,completed,2026-09-16T08:20:00+05:30
SALE-004765,SHOP-027,CUST-0550,2026-09-16T20:10:00+05:30,upi,75.00,0.00,11.44,75.00,completed,2026-09-16T20:10:00+05:30
SALE-004766,SHOP-027,CUST-0565,2026-09-16T20:30:00+05:30,card,100.00,0.00,14.80,100.00,completed,2026-09-16T20:30:00+05:30
SALE-004767,SHOP-028,,2026-09-16T14:20:00+05:30,upi,80.00,0.00,0.00,80.00,completed,2026-09-16T14:20:00+05:30
SALE-004768,SHOP-028,CUST-0571,2026-09-16T12:30:00+05:30,credit,30.00,0.00,0.00,30.00,completed,2026-09-16T12:30:00+05:30
SALE-004769,SHOP-028,,2026-09-16T14:20:00+05:30,upi,28.00,0.00,0.00,28.00,completed,2026-09-16T14:20:00+05:30
SALE-004770,SHOP-029,,2026-09-16T19:20:00+05:30,upi,348.00,0.00,53.08,348.00,completed,2026-09-16T19:20:00+05:30
SALE-004771,SHOP-030,,2026-09-16T11:30:00+05:30,upi,570.00,0.00,27.14,570.00,completed,2026-09-16T11:30:00+05:30
SALE-004772,SHOP-030,CUST-0623,2026-09-16T17:30:00+05:30,upi,100.00,0.00,4.76,100.00,completed,2026-09-16T17:30:00+05:30
SALE-004773,SHOP-033,CUST-0672,2026-09-16T09:50:00+05:30,upi,178.00,0.00,6.07,178.00,completed,2026-09-16T09:50:00+05:30
SALE-004774,SHOP-033,CUST-0674,2026-09-16T17:10:00+05:30,cash,298.00,0.00,41.19,298.00,completed,2026-09-16T17:10:00+05:30
SALE-004775,SHOP-033,,2026-09-16T18:10:00+05:30,upi,258.00,0.00,23.00,258.00,completed,2026-09-16T18:10:00+05:30
SALE-004776,SHOP-035,,2026-09-16T13:00:00+05:30,upi,1198.00,0.00,182.75,1198.00,completed,2026-09-16T13:00:00+05:30
SALE-004777,SHOP-037,CUST-0765,2026-09-16T12:30:00+05:30,cash,5330.00,0.00,813.05,5330.00,completed,2026-09-16T12:30:00+05:30
SALE-004778,SHOP-037,CUST-0753,2026-09-16T20:10:00+05:30,upi,270.00,0.00,41.19,270.00,completed,2026-09-16T20:10:00+05:30
SALE-004779,SHOP-037,CUST-0759,2026-09-16T08:20:00+05:30,cash,410.00,0.00,89.69,410.00,completed,2026-09-16T08:20:00+05:30
SALE-004780,SHOP-038,CUST-0789,2026-09-16T14:20:00+05:30,credit,85.00,0.00,0.00,85.00,completed,2026-09-16T14:20:00+05:30
SALE-004781,SHOP-039,CUST-0796,2026-09-16T15:30:00+05:30,upi,240.00,0.00,11.43,240.00,completed,2026-09-16T15:30:00+05:30
SALE-004782,SHOP-042,CUST-0861,2026-09-16T16:00:00+05:30,credit,120.00,0.00,18.31,120.00,completed,2026-09-16T16:00:00+05:30
SALE-004783,SHOP-044,CUST-0903,2026-09-16T13:20:00+05:30,upi,70.00,0.00,0.00,70.00,completed,2026-09-16T13:20:00+05:30
SALE-004784,SHOP-045,,2026-09-16T08:00:00+05:30,cash,2730.00,0.00,130.00,2730.00,completed,2026-09-16T08:00:00+05:30
SALE-004785,SHOP-045,,2026-09-16T08:40:00+05:30,upi,935.00,18.70,37.15,916.30,completed,2026-09-16T08:40:00+05:30
SALE-004786,SHOP-046,CUST-0941,2026-09-16T14:10:00+05:30,cash,520.00,26.00,63.28,494.00,completed,2026-09-16T14:10:00+05:30
SALE-004787,SHOP-047,CUST-0963,2026-09-16T20:40:00+05:30,upi,149.00,0.00,22.73,149.00,completed,2026-09-16T20:40:00+05:30
SALE-004788,SHOP-048,CUST-0983,2026-09-16T20:40:00+05:30,upi,450.00,0.00,68.64,450.00,completed,2026-09-16T20:40:00+05:30
SALE-004789,SHOP-049,,2026-09-16T19:20:00+05:30,cash,70.00,0.00,0.00,70.00,completed,2026-09-16T19:20:00+05:30
SALE-004790,SHOP-049,CUST-0998,2026-09-16T09:40:00+05:30,cash,80.00,0.00,0.00,80.00,completed,2026-09-16T09:40:00+05:30
SALE-004791,SHOP-050,CUST-1026,2026-09-16T19:40:00+05:30,credit,939.00,0.00,44.71,939.00,completed,2026-09-16T19:40:00+05:30
SALE-004792,SHOP-050,CUST-1024,2026-09-16T13:10:00+05:30,credit,309.00,0.00,32.97,309.00,completed,2026-09-16T13:10:00+05:30
SALE-004793,SHOP-050,CUST-1019,2026-09-16T14:50:00+05:30,upi,615.00,0.00,0.00,615.00,completed,2026-09-16T14:50:00+05:30
SALE-004794,SHOP-001,CUST-0003,2026-09-17T10:00:00+05:30,cash,3900.00,0.00,185.71,3900.00,completed,2026-09-17T10:00:00+05:30
SALE-004795,SHOP-002,CUST-0029,2026-09-17T08:40:00+05:30,cash,617.00,0.00,94.12,617.00,completed,2026-09-17T08:40:00+05:30
SALE-004796,SHOP-003,CUST-0059,2026-09-17T19:40:00+05:30,cash,205.00,0.00,21.96,205.00,completed,2026-09-17T19:40:00+05:30
SALE-004797,SHOP-004,,2026-09-17T16:50:00+05:30,cash,454.00,0.00,36.51,454.00,completed,2026-09-17T16:50:00+05:30
SALE-004798,SHOP-004,CUST-0071,2026-09-17T18:30:00+05:30,cash,40.00,0.00,0.00,40.00,returned,2026-09-17T18:30:00+05:30
SALE-004799,SHOP-006,,2026-09-17T11:10:00+05:30,cash,190.00,0.00,9.05,190.00,completed,2026-09-17T11:10:00+05:30
SALE-004800,SHOP-007,CUST-0134,2026-09-17T16:50:00+05:30,cash,500.00,0.00,27.92,500.00,completed,2026-09-17T16:50:00+05:30
SALE-004801,SHOP-008,CUST-0170,2026-09-17T19:00:00+05:30,credit,4480.00,0.00,900.55,4480.00,completed,2026-09-17T19:00:00+05:30
SALE-004802,SHOP-011,,2026-09-17T11:50:00+05:30,upi,545.00,0.00,25.95,545.00,completed,2026-09-17T11:50:00+05:30
SALE-004803,SHOP-012,CUST-0242,2026-09-17T20:40:00+05:30,credit,56.00,0.00,0.00,56.00,completed,2026-09-17T20:40:00+05:30
SALE-004804,SHOP-013,CUST-0249,2026-09-17T15:40:00+05:30,credit,81.00,0.00,12.36,81.00,completed,2026-09-17T15:40:00+05:30
SALE-004805,SHOP-013,CUST-0268,2026-09-17T20:00:00+05:30,credit,92.00,0.00,4.38,92.00,completed,2026-09-17T20:00:00+05:30
SALE-004806,SHOP-015,CUST-0299,2026-09-17T19:30:00+05:30,upi,84.00,0.00,10.09,84.00,completed,2026-09-17T19:30:00+05:30
SALE-004807,SHOP-016,,2026-09-17T10:00:00+05:30,upi,3593.00,0.00,548.08,3593.00,completed,2026-09-17T10:00:00+05:30
SALE-004808,SHOP-017,CUST-0351,2026-09-17T20:10:00+05:30,upi,330.00,0.00,15.71,330.00,completed,2026-09-17T20:10:00+05:30
SALE-004809,SHOP-017,,2026-09-17T08:20:00+05:30,upi,280.00,0.00,14.23,280.00,completed,2026-09-17T08:20:00+05:30
SALE-004810,SHOP-017,CUST-0339,2026-09-17T10:30:00+05:30,upi,20.00,0.00,2.14,20.00,completed,2026-09-17T10:30:00+05:30
SALE-004811,SHOP-017,CUST-0335,2026-09-17T11:50:00+05:30,credit,345.00,0.00,50.58,345.00,completed,2026-09-17T11:50:00+05:30
SALE-004812,SHOP-018,CUST-0353,2026-09-17T08:50:00+05:30,cash,135.00,0.00,0.00,135.00,returned,2026-09-17T08:50:00+05:30
SALE-004813,SHOP-019,,2026-09-17T14:10:00+05:30,upi,1000.00,0.00,206.83,1000.00,completed,2026-09-17T14:10:00+05:30
SALE-004814,SHOP-019,CUST-0386,2026-09-17T13:20:00+05:30,upi,2205.00,0.00,336.36,2205.00,returned,2026-09-17T13:20:00+05:30
SALE-004815,SHOP-019,CUST-0388,2026-09-17T17:30:00+05:30,cash,2321.00,0.00,354.05,2321.00,completed,2026-09-17T17:30:00+05:30
SALE-004816,SHOP-020,CUST-0415,2026-09-17T14:00:00+05:30,credit,373.00,0.00,28.78,373.00,completed,2026-09-17T14:00:00+05:30
SALE-004817,SHOP-020,,2026-09-17T17:20:00+05:30,upi,45.00,0.00,4.82,45.00,completed,2026-09-17T17:20:00+05:30
SALE-004818,SHOP-021,CUST-0447,2026-09-17T11:50:00+05:30,cash,125.00,0.00,14.53,125.00,completed,2026-09-17T11:50:00+05:30
SALE-004819,SHOP-022,CUST-0456,2026-09-17T11:00:00+05:30,cash,398.00,0.00,60.71,398.00,completed,2026-09-17T11:00:00+05:30
SALE-004820,SHOP-024,CUST-0495,2026-09-17T16:40:00+05:30,upi,40.00,0.00,1.90,40.00,completed,2026-09-17T16:40:00+05:30
SALE-004821,SHOP-025,CUST-0515,2026-09-17T18:40:00+05:30,upi,450.00,0.00,68.64,450.00,completed,2026-09-17T18:40:00+05:30
SALE-004822,SHOP-025,,2026-09-17T19:40:00+05:30,upi,3400.00,0.00,600.08,3400.00,completed,2026-09-17T19:40:00+05:30
SALE-004823,SHOP-026,CUST-0525,2026-09-17T10:10:00+05:30,cash,640.00,0.00,30.48,640.00,completed,2026-09-17T10:10:00+05:30
SALE-004824,SHOP-027,,2026-09-17T13:20:00+05:30,upi,124.00,0.00,14.38,124.00,completed,2026-09-17T13:20:00+05:30
SALE-004825,SHOP-027,CUST-0561,2026-09-17T18:50:00+05:30,upi,290.00,0.00,34.70,290.00,completed,2026-09-17T18:50:00+05:30
SALE-004826,SHOP-028,,2026-09-17T16:10:00+05:30,upi,264.00,0.00,19.29,264.00,completed,2026-09-17T16:10:00+05:30
SALE-004827,SHOP-028,CUST-0577,2026-09-17T20:30:00+05:30,upi,84.00,0.00,0.00,84.00,completed,2026-09-17T20:30:00+05:30
SALE-004828,SHOP-028,,2026-09-17T08:00:00+05:30,upi,81.00,0.00,3.81,81.00,returned,2026-09-17T08:00:00+05:30
SALE-004829,SHOP-030,CUST-0619,2026-09-17T09:50:00+05:30,credit,563.00,0.00,58.81,563.00,completed,2026-09-17T09:50:00+05:30
SALE-004830,SHOP-032,CUST-0650,2026-09-17T16:50:00+05:30,upi,370.00,0.00,42.49,370.00,completed,2026-09-17T16:50:00+05:30
SALE-004831,SHOP-033,CUST-0679,2026-09-17T12:20:00+05:30,credit,200.00,0.00,3.81,200.00,completed,2026-09-17T12:20:00+05:30
SALE-004832,SHOP-033,,2026-09-17T09:40:00+05:30,upi,20.00,0.00,0.95,20.00,completed,2026-09-17T09:40:00+05:30
SALE-004833,SHOP-033,CUST-0682,2026-09-17T10:20:00+05:30,upi,152.00,0.00,6.48,152.00,completed,2026-09-17T10:20:00+05:30
SALE-004834,SHOP-034,CUST-0692,2026-09-17T09:20:00+05:30,cash,51.00,0.00,5.46,51.00,completed,2026-09-17T09:20:00+05:30
SALE-004835,SHOP-035,CUST-0718,2026-09-17T17:20:00+05:30,cash,897.00,17.94,134.09,879.06,completed,2026-09-17T17:20:00+05:30
SALE-004836,SHOP-035,,2026-09-17T15:30:00+05:30,cash,1696.00,0.00,258.71,1696.00,completed,2026-09-17T15:30:00+05:30
SALE-004837,SHOP-036,CUST-0728,2026-09-17T08:00:00+05:30,upi,516.00,0.00,26.36,516.00,completed,2026-09-17T08:00:00+05:30
SALE-004838,SHOP-036,CUST-0733,2026-09-17T09:40:00+05:30,upi,535.00,0.00,27.86,535.00,completed,2026-09-17T09:40:00+05:30
SALE-004839,SHOP-037,CUST-0772,2026-09-17T14:20:00+05:30,cash,2076.00,41.52,310.34,2034.48,completed,2026-09-17T14:20:00+05:30
SALE-004840,SHOP-038,,2026-09-17T10:30:00+05:30,upi,30.00,0.00,1.43,30.00,completed,2026-09-17T10:30:00+05:30
SALE-004841,SHOP-039,,2026-09-17T16:30:00+05:30,cash,50.00,0.00,0.00,50.00,completed,2026-09-17T16:30:00+05:30
SALE-004842,SHOP-040,CUST-0828,2026-09-17T20:20:00+05:30,cash,36.00,0.00,5.49,36.00,completed,2026-09-17T20:20:00+05:30
SALE-004843,SHOP-041,CUST-0850,2026-09-17T16:00:00+05:30,credit,447.00,0.00,68.19,447.00,completed,2026-09-17T16:00:00+05:30
SALE-004844,SHOP-042,CUST-0865,2026-09-17T10:00:00+05:30,upi,1790.00,0.00,273.05,1790.00,completed,2026-09-17T10:00:00+05:30
SALE-004845,SHOP-043,CUST-0884,2026-09-17T15:00:00+05:30,upi,265.00,0.00,15.24,265.00,completed,2026-09-17T15:00:00+05:30
SALE-004846,SHOP-044,CUST-0905,2026-09-17T20:40:00+05:30,upi,84.00,0.00,0.00,84.00,completed,2026-09-17T20:40:00+05:30
SALE-004847,SHOP-044,CUST-0897,2026-09-17T12:40:00+05:30,upi,250.00,0.00,11.90,250.00,completed,2026-09-17T12:40:00+05:30
SALE-004848,SHOP-044,,2026-09-17T10:40:00+05:30,upi,510.00,0.00,74.65,510.00,completed,2026-09-17T10:40:00+05:30
SALE-004849,SHOP-045,,2026-09-17T17:50:00+05:30,upi,355.00,0.00,49.96,355.00,completed,2026-09-17T17:50:00+05:30
SALE-004850,SHOP-045,,2026-09-17T10:20:00+05:30,upi,495.00,0.00,23.57,495.00,completed,2026-09-17T10:20:00+05:30
SALE-004851,SHOP-047,,2026-09-17T13:40:00+05:30,upi,1606.00,0.00,244.98,1606.00,completed,2026-09-17T13:40:00+05:30
SALE-004852,SHOP-048,,2026-09-17T18:10:00+05:30,upi,145.00,0.00,22.12,145.00,completed,2026-09-17T18:10:00+05:30
SALE-004853,SHOP-049,CUST-1004,2026-09-17T08:40:00+05:30,credit,263.00,0.00,7.52,263.00,completed,2026-09-17T08:40:00+05:30
SALE-004854,SHOP-050,CUST-1015,2026-09-17T13:40:00+05:30,credit,522.00,0.00,15.10,522.00,completed,2026-09-17T13:40:00+05:30
SALE-004855,SHOP-002,,2026-09-18T17:10:00+05:30,upi,7116.00,0.00,1085.49,7116.00,completed,2026-09-18T17:10:00+05:30
SALE-004856,SHOP-002,CUST-0036,2026-09-18T09:20:00+05:30,upi,320.00,0.00,48.81,320.00,completed,2026-09-18T09:20:00+05:30
SALE-004857,SHOP-004,CUST-0079,2026-09-18T09:40:00+05:30,cash,70.00,0.00,0.00,70.00,completed,2026-09-18T09:40:00+05:30
SALE-004858,SHOP-004,,2026-09-18T11:00:00+05:30,upi,180.00,0.00,15.71,180.00,completed,2026-09-18T11:00:00+05:30
SALE-004859,SHOP-004,,2026-09-18T19:20:00+05:30,cash,253.00,0.00,9.05,253.00,completed,2026-09-18T19:20:00+05:30
SALE-004860,SHOP-005,CUST-0096,2026-09-18T14:20:00+05:30,cash,1496.00,0.00,228.20,1496.00,completed,2026-09-18T14:20:00+05:30
SALE-004861,SHOP-006,CUST-0101,2026-09-18T18:40:00+05:30,upi,226.00,0.00,21.88,226.00,returned,2026-09-18T18:40:00+05:30
SALE-004862,SHOP-006,CUST-0105,2026-09-18T09:50:00+05:30,credit,336.00,0.00,16.00,336.00,completed,2026-09-18T09:50:00+05:30
SALE-004863,SHOP-007,CUST-0140,2026-09-18T18:20:00+05:30,cash,133.00,0.00,3.00,133.00,completed,2026-09-18T18:20:00+05:30
SALE-004864,SHOP-009,CUST-0184,2026-09-18T15:00:00+05:30,credit,43.00,0.00,6.56,43.00,completed,2026-09-18T15:00:00+05:30
SALE-004865,SHOP-011,CUST-0225,2026-09-18T10:10:00+05:30,cash,75.00,0.00,11.44,75.00,completed,2026-09-18T10:10:00+05:30
SALE-004866,SHOP-011,,2026-09-18T12:50:00+05:30,upi,735.00,36.75,33.25,698.25,completed,2026-09-18T12:50:00+05:30
SALE-004867,SHOP-011,,2026-09-18T08:40:00+05:30,upi,590.00,0.00,38.06,590.00,completed,2026-09-18T08:40:00+05:30
SALE-004868,SHOP-013,,2026-09-18T14:30:00+05:30,upi,208.00,0.00,16.27,208.00,completed,2026-09-18T14:30:00+05:30
SALE-004869,SHOP-013,CUST-0257,2026-09-18T20:30:00+05:30,cash,875.00,0.00,49.54,875.00,completed,2026-09-18T20:30:00+05:30
SALE-004870,SHOP-016,,2026-09-18T17:50:00+05:30,cash,249.00,0.00,37.98,249.00,completed,2026-09-18T17:50:00+05:30
SALE-004871,SHOP-016,CUST-0315,2026-09-18T18:50:00+05:30,upi,1998.00,0.00,304.78,1998.00,completed,2026-09-18T18:50:00+05:30
SALE-004872,SHOP-017,,2026-09-18T20:30:00+05:30,upi,518.00,0.00,28.65,518.00,completed,2026-09-18T20:30:00+05:30
SALE-004873,SHOP-018,CUST-0370,2026-09-18T14:00:00+05:30,credit,125.00,0.00,0.00,125.00,completed,2026-09-18T14:00:00+05:30
SALE-004874,SHOP-019,,2026-09-18T19:50:00+05:30,upi,1200.00,24.00,179.39,1176.00,completed,2026-09-18T19:50:00+05:30
SALE-004875,SHOP-019,CUST-0387,2026-09-18T14:30:00+05:30,cash,3960.00,0.00,739.79,3960.00,completed,2026-09-18T14:30:00+05:30
SALE-004876,SHOP-019,,2026-09-18T14:30:00+05:30,cash,4480.00,0.00,683.39,4480.00,completed,2026-09-18T14:30:00+05:30
SALE-004877,SHOP-020,,2026-09-18T09:20:00+05:30,card,330.00,0.00,15.71,330.00,completed,2026-09-18T09:20:00+05:30
SALE-004878,SHOP-020,CUST-0415,2026-09-18T13:10:00+05:30,upi,30.00,0.00,3.21,30.00,completed,2026-09-18T13:10:00+05:30
SALE-004879,SHOP-020,CUST-0427,2026-09-18T09:20:00+05:30,card,652.00,0.00,47.31,652.00,completed,2026-09-18T09:20:00+05:30
SALE-004880,SHOP-020,CUST-0418,2026-09-18T19:10:00+05:30,cash,195.00,0.00,25.55,195.00,completed,2026-09-18T19:10:00+05:30
SALE-004881,SHOP-023,CUST-0473,2026-09-18T10:30:00+05:30,credit,1726.00,0.00,87.44,1726.00,completed,2026-09-18T10:30:00+05:30
SALE-004882,SHOP-023,CUST-0478,2026-09-18T20:00:00+05:30,upi,225.00,0.00,20.68,225.00,completed,2026-09-18T20:00:00+05:30
SALE-004883,SHOP-024,,2026-09-18T11:30:00+05:30,cash,405.00,0.00,26.43,405.00,completed,2026-09-18T11:30:00+05:30
SALE-004884,SHOP-026,CUST-0523,2026-09-18T20:50:00+05:30,cash,85.00,0.00,9.15,85.00,completed,2026-09-18T20:50:00+05:30
SALE-004885,SHOP-026,,2026-09-18T09:30:00+05:30,upi,145.00,0.00,5.71,145.00,completed,2026-09-18T09:30:00+05:30
SALE-004886,SHOP-026,CUST-0528,2026-09-18T18:50:00+05:30,credit,110.00,0.00,5.24,110.00,completed,2026-09-18T18:50:00+05:30
SALE-004887,SHOP-026,,2026-09-18T20:40:00+05:30,upi,316.00,0.00,15.05,316.00,completed,2026-09-18T20:40:00+05:30
SALE-004888,SHOP-027,,2026-09-18T16:10:00+05:30,cash,60.00,0.00,9.15,60.00,completed,2026-09-18T16:10:00+05:30
SALE-004889,SHOP-027,,2026-09-18T18:40:00+05:30,upi,215.00,0.00,30.07,215.00,completed,2026-09-18T18:40:00+05:30
SALE-004890,SHOP-028,CUST-0583,2026-09-18T13:40:00+05:30,cash,28.00,0.00,0.00,28.00,completed,2026-09-18T13:40:00+05:30
SALE-004891,SHOP-028,,2026-09-18T13:40:00+05:30,cash,88.00,0.00,6.43,88.00,completed,2026-09-18T13:40:00+05:30
SALE-004892,SHOP-030,CUST-0625,2026-09-18T16:20:00+05:30,credit,132.00,0.00,6.29,132.00,completed,2026-09-18T16:20:00+05:30
SALE-004893,SHOP-031,CUST-0630,2026-09-18T18:40:00+05:30,cash,4030.00,201.50,584.01,3828.50,completed,2026-09-18T18:40:00+05:30
SALE-004894,SHOP-032,CUST-0647,2026-09-18T09:30:00+05:30,upi,1025.00,0.00,48.81,1025.00,returned,2026-09-18T09:30:00+05:30
SALE-004895,SHOP-032,CUST-0645,2026-09-18T08:00:00+05:30,cash,210.00,0.00,21.54,210.00,completed,2026-09-18T08:00:00+05:30
SALE-004896,SHOP-032,CUST-0655,2026-09-18T13:50:00+05:30,credit,390.00,0.00,28.54,390.00,completed,2026-09-18T13:50:00+05:30
SALE-004897,SHOP-034,CUST-0704,2026-09-18T20:20:00+05:30,upi,60.00,0.00,9.15,60.00,completed,2026-09-18T20:20:00+05:30
SALE-004898,SHOP-035,,2026-09-18T18:10:00+05:30,upi,199.00,0.00,30.36,199.00,completed,2026-09-18T18:10:00+05:30
SALE-004899,SHOP-036,,2026-09-18T18:50:00+05:30,cash,38.00,0.00,5.80,38.00,completed,2026-09-18T18:50:00+05:30
SALE-004900,SHOP-038,CUST-0782,2026-09-18T15:50:00+05:30,upi,104.00,0.00,0.95,104.00,completed,2026-09-18T15:50:00+05:30
SALE-004901,SHOP-041,,2026-09-18T11:20:00+05:30,cash,2437.00,0.00,371.75,2437.00,completed,2026-09-18T11:20:00+05:30
SALE-004902,SHOP-043,CUST-0886,2026-09-18T20:50:00+05:30,cash,114.00,0.00,17.39,114.00,completed,2026-09-18T20:50:00+05:30
SALE-004903,SHOP-043,CUST-0878,2026-09-18T13:00:00+05:30,credit,1118.00,0.00,46.58,1118.00,completed,2026-09-18T13:00:00+05:30
SALE-004904,SHOP-045,CUST-0921,2026-09-18T10:20:00+05:30,upi,300.00,0.00,14.29,300.00,completed,2026-09-18T10:20:00+05:30
SALE-004905,SHOP-045,,2026-09-18T20:00:00+05:30,upi,1365.00,40.95,63.05,1324.05,completed,2026-09-18T20:00:00+05:30
SALE-004906,SHOP-046,,2026-09-18T15:00:00+05:30,upi,85.00,0.00,12.97,85.00,completed,2026-09-18T15:00:00+05:30
SALE-004907,SHOP-049,,2026-09-18T18:30:00+05:30,upi,260.00,0.00,14.76,260.00,completed,2026-09-18T18:30:00+05:30
SALE-004908,SHOP-050,,2026-09-18T17:10:00+05:30,cash,145.00,0.00,9.53,145.00,completed,2026-09-18T17:10:00+05:30
SALE-004909,SHOP-050,,2026-09-18T19:10:00+05:30,upi,70.00,0.00,2.14,70.00,completed,2026-09-18T19:10:00+05:30
SALE-004910,SHOP-050,CUST-1009,2026-09-18T18:00:00+05:30,upi,25.00,0.00,3.81,25.00,completed,2026-09-18T18:00:00+05:30
SALE-004911,SHOP-050,CUST-1036,2026-09-18T08:10:00+05:30,cash,30.00,0.00,3.21,30.00,completed,2026-09-18T08:10:00+05:30
SALE-004912,SHOP-002,,2026-09-19T20:00:00+05:30,upi,1630.00,32.60,243.67,1597.40,completed,2026-09-19T20:00:00+05:30
SALE-004913,SHOP-002,CUST-0035,2026-09-19T08:10:00+05:30,credit,3995.00,0.00,826.57,3995.00,completed,2026-09-19T08:10:00+05:30
SALE-004914,SHOP-004,,2026-09-19T10:50:00+05:30,cash,265.00,0.00,12.15,265.00,completed,2026-09-19T10:50:00+05:30
SALE-004915,SHOP-004,,2026-09-19T13:50:00+05:30,cash,286.00,0.00,27.46,286.00,completed,2026-09-19T13:50:00+05:30
SALE-004916,SHOP-004,CUST-0078,2026-09-19T14:20:00+05:30,cash,105.00,0.00,0.00,105.00,completed,2026-09-19T14:20:00+05:30
SALE-004917,SHOP-005,,2026-09-19T13:00:00+05:30,cash,449.00,0.00,68.49,449.00,completed,2026-09-19T13:00:00+05:30
SALE-004918,SHOP-006,,2026-09-19T12:20:00+05:30,upi,180.00,0.00,15.63,180.00,completed,2026-09-19T12:20:00+05:30
SALE-004919,SHOP-006,CUST-0115,2026-09-19T12:20:00+05:30,cash,50.00,0.00,0.00,50.00,completed,2026-09-19T12:20:00+05:30
SALE-004920,SHOP-007,,2026-09-19T08:10:00+05:30,cash,200.00,0.00,4.52,200.00,completed,2026-09-19T08:10:00+05:30
SALE-004921,SHOP-007,CUST-0140,2026-09-19T20:10:00+05:30,upi,293.00,0.00,24.49,293.00,completed,2026-09-19T20:10:00+05:30
SALE-004922,SHOP-008,,2026-09-19T09:20:00+05:30,upi,1940.00,0.00,295.93,1940.00,completed,2026-09-19T09:20:00+05:30
SALE-004923,SHOP-009,CUST-0181,2026-09-19T17:30:00+05:30,card,220.00,0.00,26.75,220.00,completed,2026-09-19T17:30:00+05:30
SALE-004924,SHOP-009,,2026-09-19T20:40:00+05:30,cash,10.00,0.00,1.07,10.00,completed,2026-09-19T20:40:00+05:30
SALE-004925,SHOP-010,,2026-09-19T18:40:00+05:30,upi,3524.00,0.00,537.56,3524.00,completed,2026-09-19T18:40:00+05:30
SALE-004926,SHOP-011,CUST-0214,2026-09-19T13:20:00+05:30,upi,662.00,0.00,51.46,662.00,returned,2026-09-19T13:20:00+05:30
SALE-004927,SHOP-011,CUST-0217,2026-09-19T15:50:00+05:30,upi,95.00,0.00,14.49,95.00,completed,2026-09-19T15:50:00+05:30
SALE-004928,SHOP-011,CUST-0225,2026-09-19T16:30:00+05:30,upi,350.00,0.00,39.75,350.00,completed,2026-09-19T16:30:00+05:30
SALE-004929,SHOP-012,,2026-09-19T11:30:00+05:30,upi,405.00,0.00,45.76,405.00,completed,2026-09-19T11:30:00+05:30
SALE-004930,SHOP-017,,2026-09-19T11:10:00+05:30,cash,244.00,0.00,11.62,244.00,completed,2026-09-19T11:10:00+05:30
SALE-004931,SHOP-017,CUST-0342,2026-09-19T16:10:00+05:30,upi,357.00,0.00,17.00,357.00,completed,2026-09-19T16:10:00+05:30
SALE-004932,SHOP-017,CUST-0350,2026-09-19T12:10:00+05:30,cash,220.00,0.00,14.05,220.00,completed,2026-09-19T12:10:00+05:30
SALE-004933,SHOP-017,CUST-0327,2026-09-19T20:40:00+05:30,upi,420.00,0.00,26.30,420.00,completed,2026-09-19T20:40:00+05:30
SALE-004934,SHOP-019,CUST-0397,2026-09-19T10:30:00+05:30,credit,698.00,0.00,106.47,698.00,completed,2026-09-19T10:30:00+05:30
SALE-004935,SHOP-020,CUST-0413,2026-09-19T11:10:00+05:30,upi,436.00,0.00,2.19,436.00,completed,2026-09-19T11:10:00+05:30
SALE-004936,SHOP-020,CUST-0403,2026-09-19T19:10:00+05:30,card,92.00,0.00,4.38,92.00,completed,2026-09-19T19:10:00+05:30
SALE-004937,SHOP-023,CUST-0460,2026-09-19T08:40:00+05:30,upi,270.00,0.00,12.86,270.00,completed,2026-09-19T08:40:00+05:30
SALE-004938,SHOP-023,,2026-09-19T12:10:00+05:30,upi,500.00,0.00,33.78,500.00,completed,2026-09-19T12:10:00+05:30
SALE-004939,SHOP-026,,2026-09-19T11:30:00+05:30,cash,480.00,0.00,43.47,480.00,completed,2026-09-19T11:30:00+05:30
SALE-004940,SHOP-026,CUST-0532,2026-09-19T17:30:00+05:30,credit,775.00,0.00,9.05,775.00,completed,2026-09-19T17:30:00+05:30
SALE-004941,SHOP-026,CUST-0543,2026-09-19T18:50:00+05:30,cash,230.00,0.00,20.92,230.00,completed,2026-09-19T18:50:00+05:30
SALE-004942,SHOP-027,CUST-0552,2026-09-19T14:10:00+05:30,upi,293.00,0.00,44.69,293.00,completed,2026-09-19T14:10:00+05:30
SALE-004943,SHOP-027,CUST-0559,2026-09-19T09:00:00+05:30,cash,80.00,0.00,12.20,80.00,completed,2026-09-19T09:00:00+05:30
SALE-004944,SHOP-028,,2026-09-19T16:10:00+05:30,upi,340.00,0.00,31.93,340.00,completed,2026-09-19T16:10:00+05:30
SALE-004945,SHOP-028,,2026-09-19T08:10:00+05:30,upi,196.00,0.00,1.90,196.00,completed,2026-09-19T08:10:00+05:30
SALE-004946,SHOP-028,CUST-0576,2026-09-19T13:50:00+05:30,credit,1300.00,0.00,198.31,1300.00,completed,2026-09-19T13:50:00+05:30
SALE-004947,SHOP-033,CUST-0681,2026-09-19T16:50:00+05:30,cash,67.00,0.00,0.00,67.00,completed,2026-09-19T16:50:00+05:30
SALE-004948,SHOP-033,CUST-0684,2026-09-19T16:40:00+05:30,card,133.00,0.00,6.33,133.00,completed,2026-09-19T16:40:00+05:30
SALE-004949,SHOP-035,CUST-0717,2026-09-19T20:00:00+05:30,upi,1299.00,38.97,192.21,1260.03,completed,2026-09-19T20:00:00+05:30
SALE-004950,SHOP-036,CUST-0734,2026-09-19T08:30:00+05:30,upi,30.00,0.00,4.58,30.00,completed,2026-09-19T08:30:00+05:30
SALE-004951,SHOP-036,CUST-0725,2026-09-19T12:00:00+05:30,credit,50.00,0.00,3.27,50.00,completed,2026-09-19T12:00:00+05:30
SALE-004952,SHOP-036,,2026-09-19T11:40:00+05:30,upi,627.00,0.00,32.48,627.00,completed,2026-09-19T11:40:00+05:30
SALE-004953,SHOP-037,CUST-0751,2026-09-19T08:40:00+05:30,upi,560.00,0.00,85.42,560.00,completed,2026-09-19T08:40:00+05:30
SALE-004954,SHOP-037,,2026-09-19T14:20:00+05:30,cash,500.00,0.00,76.27,500.00,completed,2026-09-19T14:20:00+05:30
SALE-004955,SHOP-037,,2026-09-19T16:50:00+05:30,cash,830.00,0.00,153.76,830.00,completed,2026-09-19T16:50:00+05:30
SALE-004956,SHOP-038,,2026-09-19T11:20:00+05:30,cash,150.00,0.00,0.00,150.00,completed,2026-09-19T11:20:00+05:30
SALE-004957,SHOP-039,CUST-0791,2026-09-19T18:40:00+05:30,upi,55.00,0.00,3.51,55.00,completed,2026-09-19T18:40:00+05:30
SALE-004958,SHOP-040,CUST-0839,2026-09-19T16:30:00+05:30,upi,32.00,0.00,3.43,32.00,completed,2026-09-19T16:30:00+05:30
SALE-004959,SHOP-040,CUST-0815,2026-09-19T19:30:00+05:30,credit,102.00,0.00,15.29,102.00,completed,2026-09-19T19:30:00+05:30
SALE-004960,SHOP-040,CUST-0834,2026-09-19T16:40:00+05:30,cash,25.00,0.00,2.68,25.00,completed,2026-09-19T16:40:00+05:30
SALE-004961,SHOP-041,CUST-0850,2026-09-19T13:00:00+05:30,upi,1299.00,0.00,198.15,1299.00,completed,2026-09-19T13:00:00+05:30
SALE-004962,SHOP-042,CUST-0860,2026-09-19T13:00:00+05:30,credit,560.00,0.00,85.42,560.00,completed,2026-09-19T13:00:00+05:30
SALE-004963,SHOP-043,,2026-09-19T13:20:00+05:30,upi,105.00,0.00,3.81,105.00,completed,2026-09-19T13:20:00+05:30
SALE-004964,SHOP-045,CUST-0926,2026-09-19T13:30:00+05:30,cash,425.00,0.00,20.24,425.00,completed,2026-09-19T13:30:00+05:30
SALE-004965,SHOP-045,,2026-09-19T13:10:00+05:30,upi,715.00,0.00,27.86,715.00,completed,2026-09-19T13:10:00+05:30
SALE-004966,SHOP-045,CUST-0935,2026-09-19T10:20:00+05:30,cash,135.00,0.00,8.21,135.00,completed,2026-09-19T10:20:00+05:30
SALE-004967,SHOP-046,,2026-09-19T16:50:00+05:30,upi,621.00,31.05,77.92,589.95,completed,2026-09-19T16:50:00+05:30
SALE-004968,SHOP-047,,2026-09-19T10:20:00+05:30,upi,746.00,0.00,113.80,746.00,completed,2026-09-19T10:20:00+05:30
SALE-004969,SHOP-049,CUST-1005,2026-09-19T14:40:00+05:30,cash,173.00,0.00,2.76,173.00,completed,2026-09-19T14:40:00+05:30
SALE-004970,SHOP-049,,2026-09-19T15:10:00+05:30,cash,28.00,0.00,0.00,28.00,completed,2026-09-19T15:10:00+05:30
SALE-004971,SHOP-049,CUST-0988,2026-09-19T15:00:00+05:30,credit,105.00,0.00,0.00,105.00,completed,2026-09-19T15:00:00+05:30
SALE-004972,SHOP-050,,2026-09-19T16:20:00+05:30,upi,621.00,0.00,29.57,621.00,completed,2026-09-19T16:20:00+05:30
SALE-004973,SHOP-004,,2026-09-20T15:00:00+05:30,cash,295.00,0.00,18.11,295.00,completed,2026-09-20T15:00:00+05:30
SALE-004974,SHOP-005,,2026-09-20T19:00:00+05:30,upi,597.00,0.00,91.07,597.00,completed,2026-09-20T19:00:00+05:30
SALE-004975,SHOP-005,,2026-09-20T10:10:00+05:30,upi,1513.00,0.00,230.80,1513.00,completed,2026-09-20T10:10:00+05:30
SALE-004976,SHOP-006,,2026-09-20T08:00:00+05:30,cash,450.00,0.00,21.43,450.00,completed,2026-09-20T08:00:00+05:30
SALE-004977,SHOP-006,CUST-0103,2026-09-20T15:50:00+05:30,upi,675.00,20.25,49.50,654.75,completed,2026-09-20T15:50:00+05:30
SALE-004978,SHOP-007,CUST-0127,2026-09-20T18:20:00+05:30,credit,60.00,0.00,6.43,60.00,completed,2026-09-20T18:20:00+05:30
SALE-004979,SHOP-009,,2026-09-20T18:20:00+05:30,upi,54.00,0.00,5.79,54.00,completed,2026-09-20T18:20:00+05:30
SALE-004980,SHOP-011,CUST-0215,2026-09-20T13:40:00+05:30,card,795.00,0.00,37.86,795.00,completed,2026-09-20T13:40:00+05:30
SALE-004981,SHOP-011,CUST-0208,2026-09-20T15:00:00+05:30,upi,90.00,0.00,13.73,90.00,completed,2026-09-20T15:00:00+05:30
SALE-004982,SHOP-012,,2026-09-20T08:10:00+05:30,cash,135.00,0.00,12.86,135.00,completed,2026-09-20T08:10:00+05:30
SALE-004983,SHOP-013,CUST-0255,2026-09-20T18:30:00+05:30,credit,25.00,0.00,0.00,25.00,completed,2026-09-20T18:30:00+05:30
SALE-004984,SHOP-013,CUST-0255,2026-09-20T13:40:00+05:30,credit,188.00,0.00,18.34,188.00,completed,2026-09-20T13:40:00+05:30
SALE-004985,SHOP-014,CUST-0291,2026-09-20T17:10:00+05:30,credit,1098.00,0.00,167.49,1098.00,completed,2026-09-20T17:10:00+05:30
SALE-004986,SHOP-017,,2026-09-20T20:10:00+05:30,cash,50.00,0.00,0.00,50.00,completed,2026-09-20T20:10:00+05:30
SALE-004987,SHOP-017,CUST-0329,2026-09-20T11:10:00+05:30,upi,80.00,0.00,12.20,80.00,completed,2026-09-20T11:10:00+05:30
SALE-004988,SHOP-019,CUST-0397,2026-09-20T17:50:00+05:30,credit,509.00,0.00,104.79,509.00,completed,2026-09-20T17:50:00+05:30
SALE-004989,SHOP-019,CUST-0385,2026-09-20T14:20:00+05:30,credit,60.00,0.00,9.15,60.00,completed,2026-09-20T14:20:00+05:30
SALE-004990,SHOP-020,CUST-0398,2026-09-20T13:20:00+05:30,cash,92.00,0.00,4.38,92.00,completed,2026-09-20T13:20:00+05:30
SALE-004991,SHOP-020,CUST-0413,2026-09-20T13:30:00+05:30,upi,320.00,0.00,20.48,320.00,completed,2026-09-20T13:30:00+05:30
SALE-004992,SHOP-020,CUST-0416,2026-09-20T08:30:00+05:30,cash,190.00,0.00,11.67,190.00,completed,2026-09-20T08:30:00+05:30
SALE-004993,SHOP-021,CUST-0432,2026-09-20T18:00:00+05:30,cash,710.00,0.00,78.34,710.00,completed,2026-09-20T18:00:00+05:30
SALE-004994,SHOP-022,,2026-09-20T20:00:00+05:30,upi,2598.00,0.00,396.31,2598.00,completed,2026-09-20T20:00:00+05:30
SALE-004995,SHOP-024,CUST-0492,2026-09-20T17:10:00+05:30,cash,280.00,0.00,22.78,280.00,completed,2026-09-20T17:10:00+05:30
SALE-004996,SHOP-025,,2026-09-20T16:40:00+05:30,cash,790.00,0.00,147.65,790.00,completed,2026-09-20T16:40:00+05:30
SALE-004997,SHOP-026,CUST-0539,2026-09-20T16:00:00+05:30,credit,720.00,0.00,42.15,720.00,completed,2026-09-20T16:00:00+05:30
SALE-004998,SHOP-026,CUST-0529,2026-09-20T11:30:00+05:30,cash,135.00,0.00,6.43,135.00,completed,2026-09-20T11:30:00+05:30
SALE-004999,SHOP-028,CUST-0574,2026-09-20T17:20:00+05:30,credit,158.00,0.00,4.52,158.00,completed,2026-09-20T17:20:00+05:30
SALE-005000,SHOP-029,CUST-0601,2026-09-20T09:50:00+05:30,upi,149.00,0.00,22.73,149.00,completed,2026-09-20T09:50:00+05:30
SALE-005001,SHOP-029,CUST-0595,2026-09-20T11:00:00+05:30,cash,2343.00,0.00,357.41,2343.00,completed,2026-09-20T11:00:00+05:30
SALE-005002,SHOP-030,CUST-0623,2026-09-20T09:40:00+05:30,upi,447.00,0.00,32.30,447.00,completed,2026-09-20T09:40:00+05:30
SALE-005003,SHOP-030,CUST-0611,2026-09-20T20:30:00+05:30,credit,830.00,0.00,42.15,830.00,completed,2026-09-20T20:30:00+05:30
SALE-005004,SHOP-031,CUST-0633,2026-09-20T09:10:00+05:30,credit,120.00,0.00,18.31,120.00,completed,2026-09-20T09:10:00+05:30
SALE-005005,SHOP-032,,2026-09-20T15:50:00+05:30,upi,595.00,0.00,18.57,595.00,completed,2026-09-20T15:50:00+05:30
SALE-005006,SHOP-032,,2026-09-20T16:20:00+05:30,cash,130.00,0.00,6.19,130.00,completed,2026-09-20T16:20:00+05:30
SALE-005007,SHOP-032,,2026-09-20T12:50:00+05:30,upi,1030.00,0.00,49.05,1030.00,completed,2026-09-20T12:50:00+05:30
SALE-005008,SHOP-033,CUST-0679,2026-09-20T17:40:00+05:30,credit,60.00,0.00,6.43,60.00,completed,2026-09-20T17:40:00+05:30
SALE-005009,SHOP-033,CUST-0687,2026-09-20T08:00:00+05:30,credit,76.00,0.00,3.62,76.00,completed,2026-09-20T08:00:00+05:30
SALE-005010,SHOP-034,CUST-0694,2026-09-20T17:00:00+05:30,upi,283.00,0.00,34.32,283.00,completed,2026-09-20T17:00:00+05:30
SALE-005011,SHOP-035,,2026-09-20T12:10:00+05:30,cash,1796.00,0.00,273.97,1796.00,completed,2026-09-20T12:10:00+05:30
SALE-005012,SHOP-035,CUST-0710,2026-09-20T12:30:00+05:30,upi,497.00,0.00,75.81,497.00,completed,2026-09-20T12:30:00+05:30
SALE-005013,SHOP-036,,2026-09-20T08:40:00+05:30,card,408.00,0.00,19.43,408.00,completed,2026-09-20T08:40:00+05:30
SALE-005014,SHOP-036,CUST-0727,2026-09-20T09:50:00+05:30,upi,226.00,0.00,34.47,226.00,completed,2026-09-20T09:50:00+05:30
SALE-005015,SHOP-037,CUST-0763,2026-09-20T13:50:00+05:30,upi,105.00,0.00,16.02,105.00,completed,2026-09-20T13:50:00+05:30
SALE-005016,SHOP-038,,2026-09-20T13:40:00+05:30,cash,120.00,0.00,16.94,120.00,completed,2026-09-20T13:40:00+05:30
SALE-005017,SHOP-038,CUST-0776,2026-09-20T09:20:00+05:30,upi,200.00,0.00,4.17,200.00,completed,2026-09-20T09:20:00+05:30
SALE-005018,SHOP-039,,2026-09-20T12:40:00+05:30,card,30.00,0.00,3.21,30.00,completed,2026-09-20T12:40:00+05:30
SALE-005019,SHOP-040,CUST-0818,2026-09-20T14:20:00+05:30,upi,35.00,0.00,4.88,35.00,completed,2026-09-20T14:20:00+05:30
SALE-005020,SHOP-040,CUST-0831,2026-09-20T09:30:00+05:30,credit,155.00,0.00,22.06,155.00,completed,2026-09-20T09:30:00+05:30
SALE-005021,SHOP-040,,2026-09-20T10:50:00+05:30,upi,307.00,0.00,36.57,307.00,completed,2026-09-20T10:50:00+05:30
SALE-005022,SHOP-042,CUST-0856,2026-09-20T18:30:00+05:30,cash,2990.00,0.00,626.92,2990.00,completed,2026-09-20T18:30:00+05:30
SALE-005023,SHOP-044,,2026-09-20T15:00:00+05:30,upi,28.00,0.00,0.00,28.00,completed,2026-09-20T15:00:00+05:30
SALE-005024,SHOP-044,CUST-0905,2026-09-20T14:50:00+05:30,cash,326.00,0.00,10.86,326.00,completed,2026-09-20T14:50:00+05:30
SALE-005025,SHOP-045,CUST-0924,2026-09-20T18:50:00+05:30,cash,465.00,0.00,12.38,465.00,completed,2026-09-20T18:50:00+05:30
SALE-005026,SHOP-045,,2026-09-20T12:50:00+05:30,cash,116.00,0.00,9.51,116.00,completed,2026-09-20T12:50:00+05:30
SALE-005027,SHOP-046,CUST-0948,2026-09-20T19:20:00+05:30,card,12.00,0.00,1.29,12.00,completed,2026-09-20T19:20:00+05:30
SALE-005028,SHOP-047,,2026-09-20T10:20:00+05:30,upi,1597.00,0.00,243.61,1597.00,completed,2026-09-20T10:20:00+05:30
SALE-005029,SHOP-048,,2026-09-20T14:40:00+05:30,cash,190.00,0.00,28.98,190.00,completed,2026-09-20T14:40:00+05:30
SALE-005030,SHOP-049,CUST-0999,2026-09-20T19:40:00+05:30,credit,190.00,0.00,9.05,190.00,completed,2026-09-20T19:40:00+05:30
SALE-005031,SHOP-049,CUST-1002,2026-09-20T14:40:00+05:30,upi,28.00,0.00,0.00,28.00,completed,2026-09-20T14:40:00+05:30
SALE-005032,SHOP-049,,2026-09-20T10:40:00+05:30,cash,148.00,0.00,5.02,148.00,completed,2026-09-20T10:40:00+05:30
SALE-005033,SHOP-050,,2026-09-20T10:20:00+05:30,cash,465.00,0.00,22.14,465.00,completed,2026-09-20T10:20:00+05:30
SALE-005034,SHOP-003,CUST-0064,2026-09-21T19:20:00+05:30,upi,430.00,0.00,60.15,430.00,completed,2026-09-21T19:20:00+05:30
SALE-005035,SHOP-004,CUST-0074,2026-09-21T10:30:00+05:30,upi,40.00,0.00,0.00,40.00,completed,2026-09-21T10:30:00+05:30
SALE-005036,SHOP-005,CUST-0099,2026-09-21T08:50:00+05:30,upi,1998.00,39.96,298.68,1958.04,completed,2026-09-21T08:50:00+05:30
SALE-005037,SHOP-005,CUST-0092,2026-09-21T09:40:00+05:30,card,1397.00,0.00,213.10,1397.00,completed,2026-09-21T09:40:00+05:30
SALE-005038,SHOP-006,,2026-09-21T09:30:00+05:30,cash,46.00,0.00,2.19,46.00,completed,2026-09-21T09:30:00+05:30
SALE-005039,SHOP-006,CUST-0106,2026-09-21T16:50:00+05:30,upi,801.00,0.00,19.00,801.00,completed,2026-09-21T16:50:00+05:30
SALE-005040,SHOP-008,CUST-0155,2026-09-21T17:00:00+05:30,credit,4755.00,0.00,725.34,4755.00,completed,2026-09-21T17:00:00+05:30
SALE-005041,SHOP-009,CUST-0172,2026-09-21T11:40:00+05:30,cash,465.00,0.00,68.07,465.00,completed,2026-09-21T11:40:00+05:30
SALE-005042,SHOP-010,,2026-09-21T11:30:00+05:30,upi,447.00,0.00,68.19,447.00,completed,2026-09-21T11:30:00+05:30
SALE-005043,SHOP-011,,2026-09-21T10:30:00+05:30,upi,320.00,0.00,12.86,320.00,completed,2026-09-21T10:30:00+05:30
SALE-005044,SHOP-011,CUST-0208,2026-09-21T20:00:00+05:30,cash,135.00,0.00,20.59,135.00,completed,2026-09-21T20:00:00+05:30
SALE-005045,SHOP-011,CUST-0224,2026-09-21T13:20:00+05:30,cash,38.00,0.00,5.80,38.00,completed,2026-09-21T13:20:00+05:30
SALE-005046,SHOP-012,CUST-0246,2026-09-21T17:50:00+05:30,cash,315.00,0.00,34.88,315.00,completed,2026-09-21T17:50:00+05:30
SALE-005047,SHOP-013,CUST-0264,2026-09-21T08:50:00+05:30,credit,75.00,0.00,7.63,75.00,completed,2026-09-21T08:50:00+05:30
SALE-005048,SHOP-013,CUST-0261,2026-09-21T19:40:00+05:30,upi,1890.00,0.00,90.00,1890.00,completed,2026-09-21T19:40:00+05:30
SALE-005049,SHOP-014,CUST-0279,2026-09-21T16:50:00+05:30,cash,360.00,0.00,54.92,360.00,completed,2026-09-21T16:50:00+05:30
SALE-005050,SHOP-017,,2026-09-21T16:40:00+05:30,cash,670.00,0.00,31.90,670.00,completed,2026-09-21T16:40:00+05:30
SALE-005051,SHOP-017,CUST-0327,2026-09-21T12:40:00+05:30,card,260.00,0.00,12.38,260.00,completed,2026-09-21T12:40:00+05:30
SALE-005052,SHOP-017,CUST-0326,2026-09-21T12:40:00+05:30,credit,173.00,0.00,12.23,173.00,completed,2026-09-21T12:40:00+05:30
SALE-005053,SHOP-017,CUST-0334,2026-09-21T11:40:00+05:30,upi,200.00,0.00,9.52,200.00,completed,2026-09-21T11:40:00+05:30
SALE-005054,SHOP-019,CUST-0385,2026-09-21T18:30:00+05:30,credit,120.00,0.00,18.31,120.00,completed,2026-09-21T18:30:00+05:30
SALE-005055,SHOP-020,CUST-0406,2026-09-21T08:30:00+05:30,cash,3559.00,0.00,169.48,3559.00,completed,2026-09-21T08:30:00+05:30
SALE-005056,SHOP-020,CUST-0401,2026-09-21T14:50:00+05:30,cash,50.00,0.00,0.00,50.00,completed,2026-09-21T14:50:00+05:30
SALE-005057,SHOP-020,,2026-09-21T08:00:00+05:30,cash,1300.00,0.00,61.90,1300.00,completed,2026-09-21T08:00:00+05:30
SALE-005058,SHOP-020,CUST-0419,2026-09-21T13:50:00+05:30,upi,25.00,0.00,3.81,25.00,completed,2026-09-21T13:50:00+05:30
SALE-005059,SHOP-021,CUST-0441,2026-09-21T12:10:00+05:30,cash,185.00,0.00,28.22,185.00,completed,2026-09-21T12:10:00+05:30
SALE-005060,SHOP-023,CUST-0467,2026-09-21T08:20:00+05:30,credit,265.00,0.00,40.42,265.00,completed,2026-09-21T08:20:00+05:30
SALE-005061,SHOP-023,,2026-09-21T15:10:00+05:30,cash,95.00,0.00,14.49,95.00,completed,2026-09-21T15:10:00+05:30
SALE-005062,SHOP-023,CUST-0471,2026-09-21T11:00:00+05:30,credit,200.00,0.00,9.52,200.00,completed,2026-09-21T11:00:00+05:30
SALE-005063,SHOP-024,CUST-0494,2026-09-21T15:20:00+05:30,cash,130.00,0.00,6.19,130.00,completed,2026-09-21T15:20:00+05:30
SALE-005064,SHOP-025,CUST-0504,2026-09-21T10:20:00+05:30,cash,2110.00,0.00,321.86,2110.00,completed,2026-09-21T10:20:00+05:30
SALE-005065,SHOP-026,CUST-0532,2026-09-21T11:30:00+05:30,cash,395.00,0.00,42.94,395.00,completed,2026-09-21T11:30:00+05:30
SALE-005066,SHOP-026,CUST-0542,2026-09-21T19:00:00+05:30,upi,170.00,0.00,8.10,170.00,completed,2026-09-21T19:00:00+05:30
SALE-005067,SHOP-026,CUST-0536,2026-09-21T11:40:00+05:30,upi,660.00,0.00,46.12,660.00,completed,2026-09-21T11:40:00+05:30
SALE-005068,SHOP-027,CUST-0560,2026-09-21T08:20:00+05:30,cash,110.00,0.00,11.79,110.00,completed,2026-09-21T08:20:00+05:30
SALE-005069,SHOP-027,CUST-0553,2026-09-21T16:50:00+05:30,upi,250.00,0.00,38.14,250.00,completed,2026-09-21T16:50:00+05:30
SALE-005070,SHOP-028,,2026-09-21T11:50:00+05:30,upi,38.00,0.00,1.81,38.00,completed,2026-09-21T11:50:00+05:30
SALE-005071,SHOP-028,,2026-09-21T20:10:00+05:30,upi,164.00,0.00,5.43,164.00,completed,2026-09-21T20:10:00+05:30
SALE-005072,SHOP-028,,2026-09-21T20:40:00+05:30,cash,114.00,0.00,0.95,114.00,completed,2026-09-21T20:40:00+05:30
SALE-005073,SHOP-028,,2026-09-21T08:10:00+05:30,upi,171.00,0.00,4.67,171.00,completed,2026-09-21T08:10:00+05:30
SALE-005074,SHOP-029,CUST-0596,2026-09-21T16:10:00+05:30,upi,646.00,32.30,93.62,613.70,completed,2026-09-21T16:10:00+05:30
SALE-005075,SHOP-032,,2026-09-21T19:20:00+05:30,upi,80.00,0.00,3.81,80.00,completed,2026-09-21T19:20:00+05:30
SALE-005076,SHOP-032,,2026-09-21T13:30:00+05:30,upi,150.00,0.00,7.14,150.00,completed,2026-09-21T13:30:00+05:30
SALE-005077,SHOP-033,CUST-0672,2026-09-21T13:10:00+05:30,cash,60.00,0.00,2.86,60.00,completed,2026-09-21T13:10:00+05:30
SALE-005078,SHOP-033,,2026-09-21T10:10:00+05:30,upi,254.00,0.00,3.62,254.00,completed,2026-09-21T10:10:00+05:30
SALE-005079,SHOP-034,,2026-09-21T12:30:00+05:30,cash,70.00,0.00,7.50,70.00,completed,2026-09-21T12:30:00+05:30
SALE-005080,SHOP-035,CUST-0718,2026-09-21T08:40:00+05:30,upi,778.00,0.00,118.68,778.00,completed,2026-09-21T08:40:00+05:30
SALE-005081,SHOP-036,,2026-09-21T08:00:00+05:30,upi,380.00,0.00,18.10,380.00,completed,2026-09-21T08:00:00+05:30
SALE-005082,SHOP-036,,2026-09-21T18:20:00+05:30,upi,32.00,0.00,1.52,32.00,completed,2026-09-21T18:20:00+05:30
SALE-005083,SHOP-037,,2026-09-21T19:20:00+05:30,upi,3630.00,0.00,553.73,3630.00,completed,2026-09-21T19:20:00+05:30
SALE-005084,SHOP-037,,2026-09-21T14:20:00+05:30,cash,12.00,0.00,1.83,12.00,completed,2026-09-21T14:20:00+05:30
SALE-005085,SHOP-038,CUST-0784,2026-09-21T08:10:00+05:30,credit,28.00,0.00,0.00,28.00,completed,2026-09-21T08:10:00+05:30
SALE-005086,SHOP-040,,2026-09-21T08:40:00+05:30,cash,186.00,0.00,23.65,186.00,completed,2026-09-21T08:40:00+05:30
SALE-005087,SHOP-042,CUST-0861,2026-09-21T17:10:00+05:30,credit,880.00,0.00,134.24,880.00,completed,2026-09-21T17:10:00+05:30
SALE-005088,SHOP-042,,2026-09-21T11:20:00+05:30,upi,430.00,0.00,94.06,430.00,completed,2026-09-21T11:20:00+05:30
SALE-005089,SHOP-043,CUST-0881,2026-09-21T10:40:00+05:30,cash,415.00,0.00,0.00,415.00,completed,2026-09-21T10:40:00+05:30
SALE-005090,SHOP-043,,2026-09-21T15:40:00+05:30,cash,25.00,0.00,3.81,25.00,completed,2026-09-21T15:40:00+05:30
SALE-005091,SHOP-045,,2026-09-21T17:30:00+05:30,upi,925.00,0.00,46.73,925.00,completed,2026-09-21T17:30:00+05:30
SALE-005092,SHOP-045,CUST-0916,2026-09-21T20:30:00+05:30,credit,710.00,0.00,58.47,710.00,completed,2026-09-21T20:30:00+05:30
SALE-005093,SHOP-045,,2026-09-21T10:50:00+05:30,upi,143.00,0.00,8.19,143.00,completed,2026-09-21T10:50:00+05:30
SALE-005094,SHOP-046,,2026-09-21T09:00:00+05:30,cash,197.00,0.00,25.51,197.00,completed,2026-09-21T09:00:00+05:30
SALE-005095,SHOP-047,CUST-0962,2026-09-21T15:50:00+05:30,upi,149.00,0.00,22.73,149.00,completed,2026-09-21T15:50:00+05:30
SALE-005096,SHOP-048,,2026-09-21T17:30:00+05:30,cash,4445.00,0.00,732.34,4445.00,completed,2026-09-21T17:30:00+05:30
SALE-005097,SHOP-049,,2026-09-21T10:10:00+05:30,upi,295.00,0.00,8.57,295.00,completed,2026-09-21T10:10:00+05:30
SALE-005098,SHOP-050,CUST-1008,2026-09-21T19:50:00+05:30,credit,130.00,0.00,6.19,130.00,completed,2026-09-21T19:50:00+05:30
SALE-005099,SHOP-050,CUST-1031,2026-09-21T10:20:00+05:30,upi,200.00,0.00,9.52,200.00,completed,2026-09-21T10:20:00+05:30
SALE-005100,SHOP-002,CUST-0026,2026-09-22T17:30:00+05:30,upi,529.00,0.00,80.69,529.00,completed,2026-09-22T17:30:00+05:30
SALE-005101,SHOP-002,CUST-0036,2026-09-22T10:20:00+05:30,upi,1520.00,30.40,307.03,1489.60,completed,2026-09-22T10:20:00+05:30
SALE-005102,SHOP-003,,2026-09-22T20:00:00+05:30,cash,125.00,0.00,18.84,125.00,completed,2026-09-22T20:00:00+05:30
SALE-005103,SHOP-003,,2026-09-22T12:10:00+05:30,cash,925.00,0.00,102.51,925.00,completed,2026-09-22T12:10:00+05:30
SALE-005104,SHOP-004,CUST-0079,2026-09-22T16:10:00+05:30,cash,310.00,0.00,45.00,310.00,completed,2026-09-22T16:10:00+05:30
SALE-005105,SHOP-006,CUST-0105,2026-09-22T19:50:00+05:30,upi,70.00,0.00,6.48,70.00,completed,2026-09-22T19:50:00+05:30
SALE-005106,SHOP-006,CUST-0119,2026-09-22T13:00:00+05:30,credit,74.00,0.00,7.51,74.00,completed,2026-09-22T13:00:00+05:30
SALE-005107,SHOP-006,CUST-0101,2026-09-22T13:40:00+05:30,upi,300.00,0.00,17.26,300.00,completed,2026-09-22T13:40:00+05:30
SALE-005108,SHOP-008,CUST-0150,2026-09-22T12:10:00+05:30,credit,140.00,0.00,21.36,140.00,completed,2026-09-22T12:10:00+05:30
SALE-005109,SHOP-009,CUST-0173,2026-09-22T08:00:00+05:30,upi,315.00,0.00,33.75,315.00,completed,2026-09-22T08:00:00+05:30
SALE-005110,SHOP-010,,2026-09-22T17:40:00+05:30,cash,1049.00,0.00,160.02,1049.00,completed,2026-09-22T17:40:00+05:30
SALE-005111,SHOP-011,CUST-0225,2026-09-22T20:40:00+05:30,cash,142.00,0.00,8.55,142.00,completed,2026-09-22T20:40:00+05:30
SALE-005112,SHOP-011,CUST-0221,2026-09-22T12:30:00+05:30,upi,3190.00,95.70,147.35,3094.30,completed,2026-09-22T12:30:00+05:30
SALE-005113,SHOP-012,,2026-09-22T10:20:00+05:30,upi,211.00,0.00,3.62,211.00,completed,2026-09-22T10:20:00+05:30
SALE-005114,SHOP-013,CUST-0271,2026-09-22T11:30:00+05:30,credit,472.00,0.00,22.48,472.00,completed,2026-09-22T11:30:00+05:30
SALE-005115,SHOP-013,CUST-0248,2026-09-22T10:20:00+05:30,cash,3175.00,158.75,134.81,3016.25,completed,2026-09-22T10:20:00+05:30
SALE-005116,SHOP-016,CUST-0311,2026-09-22T08:20:00+05:30,cash,1197.00,35.91,177.12,1161.09,completed,2026-09-22T08:20:00+05:30
SALE-005117,SHOP-016,,2026-09-22T14:30:00+05:30,upi,398.00,0.00,60.71,398.00,completed,2026-09-22T14:30:00+05:30
SALE-005118,SHOP-017,CUST-0334,2026-09-22T12:10:00+05:30,credit,2698.00,0.00,129.37,2698.00,completed,2026-09-22T12:10:00+05:30
SALE-005119,SHOP-017,CUST-0338,2026-09-22T16:10:00+05:30,credit,96.00,0.00,4.57,96.00,completed,2026-09-22T16:10:00+05:30
SALE-005120,SHOP-017,,2026-09-22T17:10:00+05:30,upi,38.00,0.00,1.81,38.00,completed,2026-09-22T17:10:00+05:30
SALE-005121,SHOP-017,CUST-0328,2026-09-22T17:10:00+05:30,upi,2638.00,0.00,129.61,2638.00,completed,2026-09-22T17:10:00+05:30
SALE-005122,SHOP-019,CUST-0397,2026-09-22T10:40:00+05:30,cash,65.00,0.00,9.92,65.00,completed,2026-09-22T10:40:00+05:30
SALE-005123,SHOP-020,CUST-0411,2026-09-22T17:00:00+05:30,card,50.00,0.00,7.63,50.00,completed,2026-09-22T17:00:00+05:30
SALE-005124,SHOP-020,,2026-09-22T11:50:00+05:30,cash,98.00,0.00,14.95,98.00,completed,2026-09-22T11:50:00+05:30
SALE-005125,SHOP-022,CUST-0451,2026-09-22T20:00:00+05:30,cash,149.00,0.00,22.73,149.00,completed,2026-09-22T20:00:00+05:30
SALE-005126,SHOP-024,CUST-0490,2026-09-22T09:40:00+05:30,card,40.00,0.00,0.00,40.00,completed,2026-09-22T09:40:00+05:30
SALE-005127,SHOP-025,CUST-0514,2026-09-22T20:20:00+05:30,upi,1620.00,0.00,247.12,1620.00,completed,2026-09-22T20:20:00+05:30
SALE-005128,SHOP-025,,2026-09-22T14:40:00+05:30,upi,405.00,0.00,61.78,405.00,completed,2026-09-22T14:40:00+05:30
SALE-005129,SHOP-026,CUST-0543,2026-09-22T08:30:00+05:30,credit,530.00,0.00,36.99,530.00,completed,2026-09-22T08:30:00+05:30
SALE-005130,SHOP-026,CUST-0544,2026-09-22T14:40:00+05:30,upi,440.00,0.00,7.63,440.00,completed,2026-09-22T14:40:00+05:30
SALE-005131,SHOP-027,CUST-0560,2026-09-22T09:40:00+05:30,upi,50.00,0.00,5.36,50.00,completed,2026-09-22T09:40:00+05:30
SALE-005132,SHOP-027,,2026-09-22T20:50:00+05:30,upi,385.00,0.00,46.02,385.00,completed,2026-09-22T20:50:00+05:30
SALE-005133,SHOP-028,CUST-0583,2026-09-22T08:40:00+05:30,cash,1541.00,0.00,204.73,1541.00,completed,2026-09-22T08:40:00+05:30
SALE-005134,SHOP-028,CUST-0577,2026-09-22T09:50:00+05:30,credit,193.00,0.00,15.25,193.00,completed,2026-09-22T09:50:00+05:30
SALE-005135,SHOP-029,,2026-09-22T08:50:00+05:30,upi,5641.00,0.00,860.49,5641.00,completed,2026-09-22T08:50:00+05:30
SALE-005136,SHOP-030,CUST-0628,2026-09-22T16:10:00+05:30,credit,610.00,0.00,33.24,610.00,completed,2026-09-22T16:10:00+05:30
SALE-005137,SHOP-032,,2026-09-22T18:00:00+05:30,cash,150.00,0.00,8.04,150.00,completed,2026-09-22T18:00:00+05:30
SALE-005138,SHOP-032,CUST-0645,2026-09-22T15:30:00+05:30,credit,130.00,0.00,6.19,130.00,completed,2026-09-22T15:30:00+05:30
SALE-005139,SHOP-032,CUST-0648,2026-09-22T20:30:00+05:30,credit,555.00,0.00,49.51,555.00,completed,2026-09-22T20:30:00+05:30
SALE-005140,SHOP-033,CUST-0689,2026-09-22T09:00:00+05:30,cash,180.00,0.00,27.46,180.00,completed,2026-09-22T09:00:00+05:30
SALE-005141,SHOP-035,,2026-09-22T18:50:00+05:30,upi,932.00,0.00,142.17,932.00,completed,2026-09-22T18:50:00+05:30
SALE-005142,SHOP-035,CUST-0719,2026-09-22T09:10:00+05:30,upi,1645.00,0.00,250.93,1645.00,completed,2026-09-22T09:10:00+05:30
SALE-005143,SHOP-035,CUST-0715,2026-09-22T18:40:00+05:30,credit,1896.00,0.00,289.22,1896.00,completed,2026-09-22T18:40:00+05:30
SALE-005144,SHOP-037,CUST-0756,2026-09-22T14:50:00+05:30,cash,450.00,0.00,95.79,450.00,completed,2026-09-22T14:50:00+05:30
SALE-005145,SHOP-038,CUST-0784,2026-09-22T15:20:00+05:30,card,215.00,0.00,15.54,215.00,completed,2026-09-22T15:20:00+05:30
SALE-005146,SHOP-039,CUST-0790,2026-09-22T13:20:00+05:30,cash,285.00,0.00,43.47,285.00,completed,2026-09-22T13:20:00+05:30
SALE-005147,SHOP-040,CUST-0829,2026-09-22T15:30:00+05:30,cash,280.00,0.00,39.08,280.00,completed,2026-09-22T15:30:00+05:30
SALE-005148,SHOP-040,,2026-09-22T18:40:00+05:30,upi,142.00,0.00,21.66,142.00,completed,2026-09-22T18:40:00+05:30
SALE-005149,SHOP-041,CUST-0851,2026-09-22T19:20:00+05:30,upi,897.00,0.00,136.83,897.00,completed,2026-09-22T19:20:00+05:30
SALE-005150,SHOP-045,CUST-0929,2026-09-22T08:30:00+05:30,credit,75.00,0.00,11.44,75.00,completed,2026-09-22T08:30:00+05:30
SALE-005151,SHOP-046,CUST-0937,2026-09-22T13:10:00+05:30,cash,90.00,0.00,13.73,90.00,completed,2026-09-22T13:10:00+05:30
SALE-005152,SHOP-048,CUST-0982,2026-09-22T11:10:00+05:30,upi,20.00,0.00,3.05,20.00,completed,2026-09-22T11:10:00+05:30
SALE-005153,SHOP-049,CUST-1003,2026-09-22T15:50:00+05:30,upi,56.00,0.00,0.00,56.00,completed,2026-09-22T15:50:00+05:30
SALE-005154,SHOP-050,CUST-1012,2026-09-22T16:40:00+05:30,cash,4580.00,0.00,227.54,4580.00,completed,2026-09-22T16:40:00+05:30
SALE-005155,SHOP-050,CUST-1015,2026-09-22T16:40:00+05:30,cash,70.00,0.00,3.33,70.00,completed,2026-09-22T16:40:00+05:30
SALE-005156,SHOP-004,CUST-0069,2026-09-23T17:40:00+05:30,cash,145.00,0.00,16.67,145.00,completed,2026-09-23T17:40:00+05:30
SALE-005157,SHOP-006,,2026-09-23T08:30:00+05:30,upi,35.00,0.00,1.67,35.00,completed,2026-09-23T08:30:00+05:30
SALE-005158,SHOP-006,,2026-09-23T08:30:00+05:30,cash,95.00,0.00,9.77,95.00,completed,2026-09-23T08:30:00+05:30
SALE-005159,SHOP-006,,2026-09-23T17:30:00+05:30,cash,190.00,0.00,28.98,190.00,completed,2026-09-23T17:30:00+05:30
SALE-005160,SHOP-008,,2026-09-23T20:30:00+05:30,upi,1757.00,0.00,322.31,1757.00,completed,2026-09-23T20:30:00+05:30
SALE-005161,SHOP-008,CUST-0150,2026-09-23T18:10:00+05:30,credit,315.00,0.00,48.05,315.00,completed,2026-09-23T18:10:00+05:30
SALE-005162,SHOP-008,CUST-0156,2026-09-23T09:10:00+05:30,cash,65.00,0.00,9.92,65.00,completed,2026-09-23T09:10:00+05:30
SALE-005163,SHOP-009,CUST-0183,2026-09-23T12:10:00+05:30,cash,378.00,0.00,50.03,378.00,completed,2026-09-23T12:10:00+05:30
SALE-005164,SHOP-009,CUST-0180,2026-09-23T10:10:00+05:30,upi,144.00,0.00,17.06,144.00,completed,2026-09-23T10:10:00+05:30
SALE-005165,SHOP-011,CUST-0212,2026-09-23T14:40:00+05:30,upi,123.00,0.00,13.59,123.00,completed,2026-09-23T14:40:00+05:30
SALE-005166,SHOP-011,CUST-0204,2026-09-23T08:40:00+05:30,upi,50.00,0.00,7.63,50.00,completed,2026-09-23T08:40:00+05:30
SALE-005167,SHOP-012,CUST-0233,2026-09-23T20:00:00+05:30,cash,368.00,0.00,36.43,368.00,completed,2026-09-23T20:00:00+05:30
SALE-005168,SHOP-013,,2026-09-23T11:20:00+05:30,cash,18.00,0.00,0.86,18.00,completed,2026-09-23T11:20:00+05:30
SALE-005169,SHOP-013,,2026-09-23T19:20:00+05:30,upi,440.00,0.00,20.95,440.00,completed,2026-09-23T19:20:00+05:30
SALE-005170,SHOP-014,,2026-09-23T18:40:00+05:30,upi,570.00,0.00,86.95,570.00,completed,2026-09-23T18:40:00+05:30
SALE-005171,SHOP-015,,2026-09-23T11:40:00+05:30,upi,390.00,0.00,49.50,390.00,completed,2026-09-23T11:40:00+05:30
SALE-005172,SHOP-016,CUST-0314,2026-09-23T09:40:00+05:30,cash,2929.00,0.00,446.80,2929.00,completed,2026-09-23T09:40:00+05:30
SALE-005173,SHOP-016,CUST-0313,2026-09-23T20:40:00+05:30,upi,599.00,0.00,91.37,599.00,completed,2026-09-23T20:40:00+05:30
SALE-005174,SHOP-017,CUST-0350,2026-09-23T15:30:00+05:30,cash,18.00,0.00,0.86,18.00,completed,2026-09-23T15:30:00+05:30
SALE-005175,SHOP-017,CUST-0330,2026-09-23T15:20:00+05:30,cash,350.00,0.00,17.86,350.00,completed,2026-09-23T15:20:00+05:30
SALE-005176,SHOP-017,,2026-09-23T12:30:00+05:30,upi,295.00,0.00,14.05,295.00,completed,2026-09-23T12:30:00+05:30
SALE-005177,SHOP-018,,2026-09-23T09:40:00+05:30,cash,348.00,0.00,13.90,348.00,completed,2026-09-23T09:40:00+05:30
SALE-005178,SHOP-018,CUST-0364,2026-09-23T11:20:00+05:30,cash,88.00,0.00,6.43,88.00,completed,2026-09-23T11:20:00+05:30
SALE-005179,SHOP-018,CUST-0367,2026-09-23T09:00:00+05:30,cash,135.00,0.00,13.73,135.00,completed,2026-09-23T09:00:00+05:30
SALE-005180,SHOP-019,CUST-0377,2026-09-23T14:40:00+05:30,upi,1010.00,0.00,208.36,1010.00,completed,2026-09-23T14:40:00+05:30
SALE-005181,SHOP-019,,2026-09-23T09:00:00+05:30,cash,95.00,0.00,14.49,95.00,completed,2026-09-23T09:00:00+05:30
SALE-005182,SHOP-019,CUST-0379,2026-09-23T19:10:00+05:30,cash,600.00,0.00,91.53,600.00,completed,2026-09-23T19:10:00+05:30
SALE-005183,SHOP-020,CUST-0400,2026-09-23T18:30:00+05:30,credit,114.00,0.00,9.42,114.00,completed,2026-09-23T18:30:00+05:30
SALE-005184,SHOP-020,,2026-09-23T08:30:00+05:30,card,469.00,0.00,33.35,469.00,completed,2026-09-23T08:30:00+05:30
SALE-005185,SHOP-020,,2026-09-23T18:10:00+05:30,upi,500.00,0.00,43.74,500.00,completed,2026-09-23T18:10:00+05:30
SALE-005186,SHOP-020,CUST-0401,2026-09-23T10:20:00+05:30,cash,360.00,0.00,17.14,360.00,completed,2026-09-23T10:20:00+05:30
SALE-005187,SHOP-021,CUST-0433,2026-09-23T09:50:00+05:30,card,25.00,0.00,3.81,25.00,completed,2026-09-23T09:50:00+05:30
SALE-005188,SHOP-023,CUST-0468,2026-09-23T12:10:00+05:30,upi,340.00,0.00,48.05,340.00,completed,2026-09-23T12:10:00+05:30
SALE-005189,SHOP-024,CUST-0490,2026-09-23T15:40:00+05:30,upi,618.00,0.00,58.57,618.00,returned,2026-09-23T15:40:00+05:30
SALE-005190,SHOP-026,CUST-0542,2026-09-23T11:30:00+05:30,cash,301.00,0.00,15.23,301.00,completed,2026-09-23T11:30:00+05:30
SALE-005191,SHOP-026,CUST-0531,2026-09-23T09:20:00+05:30,upi,38.00,0.00,1.81,38.00,completed,2026-09-23T09:20:00+05:30
SALE-005192,SHOP-026,,2026-09-23T15:40:00+05:30,cash,46.00,0.00,2.19,46.00,completed,2026-09-23T15:40:00+05:30
SALE-005193,SHOP-026,CUST-0531,2026-09-23T14:10:00+05:30,credit,1490.00,0.00,90.89,1490.00,completed,2026-09-23T14:10:00+05:30
SALE-005194,SHOP-028,,2026-09-23T11:20:00+05:30,cash,38.00,0.00,1.81,38.00,completed,2026-09-23T11:20:00+05:30
SALE-005195,SHOP-029,,2026-09-23T20:10:00+05:30,upi,299.00,0.00,45.61,299.00,completed,2026-09-23T20:10:00+05:30
SALE-005196,SHOP-029,,2026-09-23T12:10:00+05:30,upi,997.00,0.00,152.08,997.00,completed,2026-09-23T12:10:00+05:30
SALE-005197,SHOP-030,CUST-0624,2026-09-23T08:10:00+05:30,cash,141.00,0.00,17.05,141.00,completed,2026-09-23T08:10:00+05:30
SALE-005198,SHOP-030,,2026-09-23T19:10:00+05:30,upi,1535.00,0.00,74.88,1535.00,completed,2026-09-23T19:10:00+05:30
SALE-005199,SHOP-032,,2026-09-23T20:20:00+05:30,upi,135.00,0.00,6.43,135.00,completed,2026-09-23T20:20:00+05:30
SALE-005200,SHOP-032,CUST-0646,2026-09-23T20:20:00+05:30,credit,300.00,0.00,43.66,300.00,completed,2026-09-23T20:20:00+05:30
SALE-005201,SHOP-032,CUST-0667,2026-09-23T08:40:00+05:30,upi,150.00,0.00,7.14,150.00,returned,2026-09-23T08:40:00+05:30
SALE-005202,SHOP-033,CUST-0687,2026-09-23T15:50:00+05:30,credit,68.00,0.00,0.00,68.00,completed,2026-09-23T15:50:00+05:30
SALE-005203,SHOP-034,CUST-0694,2026-09-23T11:40:00+05:30,cash,230.00,0.00,35.08,230.00,completed,2026-09-23T11:40:00+05:30
SALE-005204,SHOP-035,CUST-0714,2026-09-23T19:00:00+05:30,credit,199.00,0.00,30.36,199.00,completed,2026-09-23T19:00:00+05:30
SALE-005205,SHOP-035,CUST-0724,2026-09-23T19:30:00+05:30,credit,648.00,0.00,98.85,648.00,completed,2026-09-23T19:30:00+05:30
SALE-005206,SHOP-036,CUST-0733,2026-09-23T09:40:00+05:30,upi,520.00,0.00,23.57,520.00,completed,2026-09-23T09:40:00+05:30
SALE-005207,SHOP-036,,2026-09-23T11:20:00+05:30,cash,451.00,0.00,21.48,451.00,completed,2026-09-23T11:20:00+05:30
SALE-005208,SHOP-038,CUST-0783,2026-09-23T08:20:00+05:30,cash,675.00,0.00,83.14,675.00,completed,2026-09-23T08:20:00+05:30
SALE-005209,SHOP-039,CUST-0810,2026-09-23T11:50:00+05:30,cash,25.00,0.00,3.81,25.00,completed,2026-09-23T11:50:00+05:30
SALE-005210,SHOP-040,CUST-0839,2026-09-23T16:00:00+05:30,cash,168.00,0.00,20.45,168.00,completed,2026-09-23T16:00:00+05:30
SALE-005211,SHOP-040,CUST-0833,2026-09-23T10:40:00+05:30,cash,840.00,0.00,90.00,840.00,completed,2026-09-23T10:40:00+05:30
SALE-005212,SHOP-040,CUST-0822,2026-09-23T11:00:00+05:30,upi,42.00,0.00,5.04,42.00,completed,2026-09-23T11:00:00+05:30
SALE-005213,SHOP-041,CUST-0848,2026-09-23T16:50:00+05:30,upi,899.00,0.00,137.14,899.00,completed,2026-09-23T16:50:00+05:30
SALE-005214,SHOP-043,,2026-09-23T15:40:00+05:30,upi,200.00,0.00,9.52,200.00,completed,2026-09-23T15:40:00+05:30
SALE-005215,SHOP-043,,2026-09-23T17:00:00+05:30,upi,324.00,0.00,49.42,324.00,completed,2026-09-23T17:00:00+05:30
SALE-005216,SHOP-044,CUST-0908,2026-09-23T19:00:00+05:30,credit,722.00,0.00,74.86,722.00,completed,2026-09-23T19:00:00+05:30
SALE-005217,SHOP-044,CUST-0897,2026-09-23T16:10:00+05:30,card,40.00,0.00,0.00,40.00,completed,2026-09-23T16:10:00+05:30
SALE-005218,SHOP-046,CUST-0956,2026-09-23T17:30:00+05:30,upi,431.00,0.00,63.88,431.00,completed,2026-09-23T17:30:00+05:30
SALE-005219,SHOP-046,CUST-0949,2026-09-23T17:40:00+05:30,upi,570.00,0.00,86.95,570.00,completed,2026-09-23T17:40:00+05:30
SALE-005220,SHOP-048,CUST-0986,2026-09-23T14:40:00+05:30,credit,120.00,0.00,18.31,120.00,completed,2026-09-23T14:40:00+05:30
SALE-005221,SHOP-049,,2026-09-23T13:20:00+05:30,upi,120.00,0.00,12.86,120.00,completed,2026-09-23T13:20:00+05:30
SALE-005222,SHOP-049,,2026-09-23T16:10:00+05:30,upi,38.00,0.00,1.81,38.00,completed,2026-09-23T16:10:00+05:30
SALE-005223,SHOP-049,CUST-0993,2026-09-23T09:40:00+05:30,credit,70.00,0.00,0.00,70.00,completed,2026-09-23T09:40:00+05:30
SALE-005224,SHOP-050,,2026-09-23T14:20:00+05:30,upi,343.00,0.00,6.57,343.00,completed,2026-09-23T14:20:00+05:30
SALE-005225,SHOP-001,CUST-0001,2026-09-24T15:00:00+05:30,cash,444.00,0.00,40.03,444.00,completed,2026-09-24T15:00:00+05:30
SALE-005226,SHOP-004,CUST-0079,2026-09-24T12:50:00+05:30,upi,428.00,0.00,45.76,428.00,completed,2026-09-24T12:50:00+05:30
SALE-005227,SHOP-004,CUST-0066,2026-09-24T16:00:00+05:30,cash,70.00,0.00,3.81,70.00,completed,2026-09-24T16:00:00+05:30
SALE-005228,SHOP-008,CUST-0146,2026-09-24T12:00:00+05:30,credit,12318.00,615.90,2403.98,11702.10,completed,2026-09-24T12:00:00+05:30
SALE-005229,SHOP-008,,2026-09-24T17:50:00+05:30,cash,1937.00,38.74,289.57,1898.26,completed,2026-09-24T17:50:00+05:30
SALE-005230,SHOP-008,,2026-09-24T11:20:00+05:30,upi,820.00,0.00,179.38,820.00,completed,2026-09-24T11:20:00+05:30
SALE-005231,SHOP-009,,2026-09-24T15:20:00+05:30,upi,127.00,0.00,16.38,127.00,completed,2026-09-24T15:20:00+05:30
SALE-005232,SHOP-010,CUST-0195,2026-09-24T18:40:00+05:30,cash,4591.00,0.00,700.32,4591.00,completed,2026-09-24T18:40:00+05:30
SALE-005233,SHOP-011,CUST-0213,2026-09-24T20:20:00+05:30,upi,285.00,0.00,21.44,285.00,completed,2026-09-24T20:20:00+05:30
SALE-005234,SHOP-012,,2026-09-24T08:00:00+05:30,upi,35.00,0.00,0.00,35.00,completed,2026-09-24T08:00:00+05:30
SALE-005235,SHOP-013,CUST-0262,2026-09-24T14:50:00+05:30,upi,240.00,0.00,19.30,240.00,completed,2026-09-24T14:50:00+05:30
SALE-005236,SHOP-014,CUST-0292,2026-09-24T17:50:00+05:30,cash,620.00,31.00,115.64,589.00,returned,2026-09-24T17:50:00+05:30
SALE-005237,SHOP-014,,2026-09-24T10:20:00+05:30,upi,1770.00,0.00,270.00,1770.00,completed,2026-09-24T10:20:00+05:30
SALE-005238,SHOP-016,,2026-09-24T17:20:00+05:30,card,1046.00,0.00,159.56,1046.00,completed,2026-09-24T17:20:00+05:30
SALE-005239,SHOP-016,CUST-0310,2026-09-24T17:50:00+05:30,cash,5089.00,101.78,760.76,4987.22,completed,2026-09-24T17:50:00+05:30
SALE-005240,SHOP-017,,2026-09-24T18:40:00+05:30,cash,360.00,0.00,20.29,360.00,completed,2026-09-24T18:40:00+05:30
SALE-005241,SHOP-017,CUST-0332,2026-09-24T12:40:00+05:30,cash,1160.00,0.00,36.67,1160.00,completed,2026-09-24T12:40:00+05:30
SALE-005242,SHOP-018,CUST-0363,2026-09-24T19:20:00+05:30,cash,380.00,0.00,36.43,380.00,completed,2026-09-24T19:20:00+05:30
SALE-005243,SHOP-018,CUST-0356,2026-09-24T15:20:00+05:30,cash,164.00,0.00,0.00,164.00,completed,2026-09-24T15:20:00+05:30
SALE-005244,SHOP-019,CUST-0389,2026-09-24T15:30:00+05:30,cash,320.00,0.00,48.81,320.00,completed,2026-09-24T15:30:00+05:30
SALE-005245,SHOP-020,CUST-0400,2026-09-24T14:40:00+05:30,credit,105.00,0.00,16.02,105.00,completed,2026-09-24T14:40:00+05:30
SALE-005246,SHOP-020,,2026-09-24T16:30:00+05:30,upi,1719.00,0.00,76.03,1719.00,completed,2026-09-24T16:30:00+05:30
SALE-005247,SHOP-020,CUST-0410,2026-09-24T16:20:00+05:30,upi,32.00,0.00,1.52,32.00,completed,2026-09-24T16:20:00+05:30
SALE-005248,SHOP-020,,2026-09-24T15:10:00+05:30,upi,375.00,0.00,21.90,375.00,completed,2026-09-24T15:10:00+05:30
SALE-005249,SHOP-021,CUST-0439,2026-09-24T09:20:00+05:30,cash,45.00,0.00,6.86,45.00,returned,2026-09-24T09:20:00+05:30
SALE-005250,SHOP-021,CUST-0442,2026-09-24T09:00:00+05:30,cash,240.00,0.00,36.61,240.00,completed,2026-09-24T09:00:00+05:30
SALE-005251,SHOP-023,,2026-09-24T11:10:00+05:30,upi,240.00,0.00,7.86,240.00,completed,2026-09-24T11:10:00+05:30
SALE-005252,SHOP-024,CUST-0497,2026-09-24T17:40:00+05:30,upi,289.00,0.00,9.71,289.00,completed,2026-09-24T17:40:00+05:30
SALE-005253,SHOP-024,CUST-0495,2026-09-24T19:10:00+05:30,cash,555.00,0.00,54.30,555.00,completed,2026-09-24T19:10:00+05:30
SALE-005254,SHOP-026,CUST-0544,2026-09-24T14:00:00+05:30,cash,495.00,0.00,23.57,495.00,completed,2026-09-24T14:00:00+05:30
SALE-005255,SHOP-026,CUST-0532,2026-09-24T17:10:00+05:30,upi,300.00,0.00,16.02,300.00,completed,2026-09-24T17:10:00+05:30
SALE-005256,SHOP-026,CUST-0526,2026-09-24T12:50:00+05:30,cash,90.00,0.00,13.73,90.00,completed,2026-09-24T12:50:00+05:30
SALE-005257,SHOP-026,CUST-0534,2026-09-24T16:50:00+05:30,cash,25.00,0.00,3.81,25.00,completed,2026-09-24T16:50:00+05:30
SALE-005258,SHOP-027,CUST-0565,2026-09-24T12:00:00+05:30,cash,165.00,0.00,25.17,165.00,completed,2026-09-24T12:00:00+05:30
SALE-005259,SHOP-028,CUST-0590,2026-09-24T15:10:00+05:30,credit,450.00,0.00,68.64,450.00,completed,2026-09-24T15:10:00+05:30
SALE-005260,SHOP-028,CUST-0589,2026-09-24T10:20:00+05:30,cash,135.00,0.00,0.00,135.00,completed,2026-09-24T10:20:00+05:30
SALE-005261,SHOP-031,,2026-09-24T14:50:00+05:30,upi,428.00,0.00,65.29,428.00,completed,2026-09-24T14:50:00+05:30
SALE-005262,SHOP-032,,2026-09-24T16:50:00+05:30,upi,135.00,0.00,6.43,135.00,completed,2026-09-24T16:50:00+05:30
SALE-005263,SHOP-032,CUST-0667,2026-09-24T10:10:00+05:30,cash,245.00,0.00,1.90,245.00,completed,2026-09-24T10:10:00+05:30
SALE-005264,SHOP-032,CUST-0665,2026-09-24T12:50:00+05:30,credit,292.00,0.00,35.92,292.00,completed,2026-09-24T12:50:00+05:30
SALE-005265,SHOP-033,CUST-0685,2026-09-24T17:40:00+05:30,cash,114.00,0.00,5.43,114.00,completed,2026-09-24T17:40:00+05:30
SALE-005266,SHOP-033,CUST-0677,2026-09-24T09:00:00+05:30,upi,56.00,0.00,0.00,56.00,completed,2026-09-24T09:00:00+05:30
SALE-005267,SHOP-036,,2026-09-24T12:30:00+05:30,upi,168.00,0.00,15.97,168.00,completed,2026-09-24T12:30:00+05:30
SALE-005268,SHOP-036,CUST-0740,2026-09-24T17:20:00+05:30,upi,215.00,0.00,9.05,215.00,completed,2026-09-24T17:20:00+05:30
SALE-005269,SHOP-037,CUST-0770,2026-09-24T12:40:00+05:30,upi,680.00,20.40,100.62,659.60,completed,2026-09-24T12:40:00+05:30
SALE-005270,SHOP-038,,2026-09-24T13:10:00+05:30,upi,180.00,0.00,27.46,180.00,completed,2026-09-24T13:10:00+05:30
SALE-005271,SHOP-039,,2026-09-24T18:50:00+05:30,upi,100.00,0.00,10.01,100.00,completed,2026-09-24T18:50:00+05:30
SALE-005272,SHOP-040,,2026-09-24T19:50:00+05:30,upi,36.00,0.00,5.49,36.00,completed,2026-09-24T19:50:00+05:30
SALE-005273,SHOP-040,CUST-0836,2026-09-24T09:40:00+05:30,cash,20.00,0.00,3.05,20.00,completed,2026-09-24T09:40:00+05:30
SALE-005274,SHOP-042,CUST-0865,2026-09-24T14:30:00+05:30,upi,150.00,0.00,22.88,150.00,completed,2026-09-24T14:30:00+05:30
SALE-005275,SHOP-042,,2026-09-24T16:20:00+05:30,upi,6465.00,0.00,986.19,6465.00,completed,2026-09-24T16:20:00+05:30
SALE-005276,SHOP-043,,2026-09-24T09:50:00+05:30,upi,705.00,0.00,41.97,705.00,completed,2026-09-24T09:50:00+05:30
SALE-005277,SHOP-043,CUST-0872,2026-09-24T16:00:00+05:30,upi,286.00,0.00,25.16,286.00,completed,2026-09-24T16:00:00+05:30
SALE-005278,SHOP-044,,2026-09-24T08:50:00+05:30,card,1268.00,0.00,121.55,1268.00,completed,2026-09-24T08:50:00+05:30
SALE-005279,SHOP-045,CUST-0926,2026-09-24T09:20:00+05:30,cash,270.00,0.00,36.31,270.00,completed,2026-09-24T09:20:00+05:30
SALE-005280,SHOP-045,CUST-0924,2026-09-24T10:40:00+05:30,credit,462.00,0.00,12.24,462.00,completed,2026-09-24T10:40:00+05:30
SALE-005281,SHOP-045,,2026-09-24T13:00:00+05:30,cash,2233.00,0.00,110.32,2233.00,completed,2026-09-24T13:00:00+05:30
SALE-005282,SHOP-049,CUST-1002,2026-09-24T08:00:00+05:30,card,380.00,0.00,31.07,380.00,completed,2026-09-24T08:00:00+05:30
SALE-005283,SHOP-049,,2026-09-24T12:20:00+05:30,cash,60.00,0.00,6.43,60.00,completed,2026-09-24T12:20:00+05:30
SALE-005284,SHOP-050,CUST-1026,2026-09-24T14:00:00+05:30,upi,30.00,0.00,4.58,30.00,completed,2026-09-24T14:00:00+05:30
SALE-005285,SHOP-002,CUST-0036,2026-09-25T20:30:00+05:30,upi,1000.00,0.00,152.54,1000.00,completed,2026-09-25T20:30:00+05:30
SALE-005286,SHOP-003,CUST-0049,2026-09-25T16:20:00+05:30,credit,87.00,0.00,12.73,87.00,completed,2026-09-25T16:20:00+05:30
SALE-005287,SHOP-004,,2026-09-25T16:50:00+05:30,upi,30.00,0.00,0.00,30.00,completed,2026-09-25T16:50:00+05:30
SALE-005288,SHOP-004,CUST-0078,2026-09-25T11:50:00+05:30,card,76.00,0.00,3.62,76.00,completed,2026-09-25T11:50:00+05:30
SALE-005289,SHOP-004,,2026-09-25T11:40:00+05:30,upi,60.00,0.00,2.86,60.00,completed,2026-09-25T11:40:00+05:30
SALE-005290,SHOP-005,,2026-09-25T16:10:00+05:30,upi,3895.00,0.00,594.15,3895.00,completed,2026-09-25T16:10:00+05:30
SALE-005291,SHOP-005,CUST-0100,2026-09-25T15:20:00+05:30,upi,1198.00,0.00,182.75,1198.00,completed,2026-09-25T15:20:00+05:30
SALE-005292,SHOP-006,CUST-0125,2026-09-25T16:20:00+05:30,upi,190.00,0.00,9.05,190.00,completed,2026-09-25T16:20:00+05:30
SALE-005293,SHOP-006,CUST-0124,2026-09-25T14:40:00+05:30,upi,330.00,0.00,22.01,330.00,completed,2026-09-25T14:40:00+05:30
SALE-005294,SHOP-006,CUST-0111,2026-09-25T18:20:00+05:30,credit,190.00,0.00,11.67,190.00,completed,2026-09-25T18:20:00+05:30
SALE-005295,SHOP-007,CUST-0138,2026-09-25T15:20:00+05:30,upi,460.00,0.00,54.92,460.00,completed,2026-09-25T15:20:00+05:30
SALE-005296,SHOP-008,,2026-09-25T09:20:00+05:30,cash,1181.00,0.00,180.15,1181.00,completed,2026-09-25T09:20:00+05:30
SALE-005297,SHOP-009,,2026-09-25T09:50:00+05:30,upi,130.00,0.00,19.83,130.00,completed,2026-09-25T09:50:00+05:30
SALE-005298,SHOP-010,CUST-0195,2026-09-25T08:20:00+05:30,upi,798.00,0.00,121.73,798.00,completed,2026-09-25T08:20:00+05:30
SALE-005299,SHOP-011,CUST-0210,2026-09-25T18:00:00+05:30,upi,660.00,0.00,11.44,660.00,completed,2026-09-25T18:00:00+05:30
SALE-005300,SHOP-012,,2026-09-25T18:10:00+05:30,upi,90.00,0.00,0.00,90.00,completed,2026-09-25T18:10:00+05:30
SALE-005301,SHOP-012,,2026-09-25T14:40:00+05:30,upi,70.00,0.00,0.00,70.00,completed,2026-09-25T14:40:00+05:30
SALE-005302,SHOP-013,CUST-0262,2026-09-25T11:30:00+05:30,upi,1260.00,0.00,91.48,1260.00,completed,2026-09-25T11:30:00+05:30
SALE-005303,SHOP-015,,2026-09-25T14:30:00+05:30,upi,60.00,0.00,9.15,60.00,completed,2026-09-25T14:30:00+05:30
SALE-005304,SHOP-017,,2026-09-25T10:20:00+05:30,cash,70.00,0.00,6.48,70.00,completed,2026-09-25T10:20:00+05:30
SALE-005305,SHOP-018,CUST-0369,2026-09-25T15:10:00+05:30,cash,159.00,0.00,0.00,159.00,completed,2026-09-25T15:10:00+05:30
SALE-005306,SHOP-018,CUST-0355,2026-09-25T10:00:00+05:30,cash,360.00,0.00,26.50,360.00,completed,2026-09-25T10:00:00+05:30
SALE-005307,SHOP-019,,2026-09-25T17:40:00+05:30,upi,929.00,0.00,168.86,929.00,completed,2026-09-25T17:40:00+05:30
SALE-005308,SHOP-019,CUST-0377,2026-09-25T15:10:00+05:30,upi,300.00,0.00,45.76,300.00,completed,2026-09-25T15:10:00+05:30
SALE-005309,SHOP-019,CUST-0381,2026-09-25T10:10:00+05:30,cash,120.00,0.00,18.31,120.00,completed,2026-09-25T10:10:00+05:30
SALE-005310,SHOP-020,,2026-09-25T09:30:00+05:30,upi,50.00,0.00,7.63,50.00,completed,2026-09-25T09:30:00+05:30
SALE-005311,SHOP-020,,2026-09-25T15:10:00+05:30,cash,480.00,0.00,22.86,480.00,completed,2026-09-25T15:10:00+05:30
SALE-005312,SHOP-021,CUST-0441,2026-09-25T13:50:00+05:30,upi,145.00,0.00,21.44,145.00,completed,2026-09-25T13:50:00+05:30
SALE-005313,SHOP-023,CUST-0479,2026-09-25T18:10:00+05:30,credit,435.00,0.00,53.77,435.00,completed,2026-09-25T18:10:00+05:30
SALE-005314,SHOP-023,,2026-09-25T18:20:00+05:30,upi,682.00,0.00,24.08,682.00,completed,2026-09-25T18:20:00+05:30
SALE-005315,SHOP-024,CUST-0489,2026-09-25T10:10:00+05:30,upi,90.00,0.00,0.00,90.00,completed,2026-09-25T10:10:00+05:30
SALE-005316,SHOP-025,CUST-0507,2026-09-25T17:40:00+05:30,card,760.00,0.00,115.93,760.00,completed,2026-09-25T17:40:00+05:30
SALE-005317,SHOP-026,,2026-09-25T09:00:00+05:30,card,1285.00,0.00,61.19,1285.00,completed,2026-09-25T09:00:00+05:30
SALE-005318,SHOP-027,CUST-0555,2026-09-25T18:50:00+05:30,cash,55.00,0.00,5.89,55.00,completed,2026-09-25T18:50:00+05:30
SALE-005319,SHOP-028,,2026-09-25T18:00:00+05:30,upi,35.00,0.00,0.00,35.00,completed,2026-09-25T18:00:00+05:30
SALE-005320,SHOP-028,CUST-0580,2026-09-25T11:30:00+05:30,credit,150.00,0.00,7.63,150.00,completed,2026-09-25T11:30:00+05:30
SALE-005321,SHOP-028,CUST-0587,2026-09-25T16:40:00+05:30,upi,236.00,0.00,13.73,236.00,completed,2026-09-25T16:40:00+05:30
SALE-005322,SHOP-028,CUST-0585,2026-09-25T11:10:00+05:30,cash,841.00,25.23,73.44,815.77,completed,2026-09-25T11:10:00+05:30
SALE-005323,SHOP-030,CUST-0623,2026-09-25T16:40:00+05:30,credit,30.00,0.00,3.21,30.00,completed,2026-09-25T16:40:00+05:30
SALE-005324,SHOP-030,,2026-09-25T14:10:00+05:30,upi,4165.00,0.00,198.33,4165.00,completed,2026-09-25T14:10:00+05:30
SALE-005325,SHOP-033,,2026-09-25T14:10:00+05:30,cash,28.00,0.00,0.00,28.00,completed,2026-09-25T14:10:00+05:30
SALE-005326,SHOP-033,CUST-0673,2026-09-25T17:50:00+05:30,credit,80.00,0.00,3.81,80.00,completed,2026-09-25T17:50:00+05:30
SALE-005327,SHOP-033,CUST-0675,2026-09-25T08:50:00+05:30,credit,193.00,0.00,15.54,193.00,completed,2026-09-25T08:50:00+05:30
SALE-005328,SHOP-034,CUST-0702,2026-09-25T18:10:00+05:30,cash,340.00,0.00,39.15,340.00,completed,2026-09-25T18:10:00+05:30
SALE-005329,SHOP-035,CUST-0722,2026-09-25T13:10:00+05:30,upi,898.00,0.00,136.98,898.00,completed,2026-09-25T13:10:00+05:30
SALE-005330,SHOP-035,CUST-0711,2026-09-25T13:30:00+05:30,upi,2255.00,112.75,326.78,2142.25,completed,2026-09-25T13:30:00+05:30
SALE-005331,SHOP-035,CUST-0709,2026-09-25T16:10:00+05:30,upi,1846.00,0.00,281.59,1846.00,completed,2026-09-25T16:10:00+05:30
SALE-005332,SHOP-036,CUST-0735,2026-09-25T11:10:00+05:30,upi,542.00,0.00,25.81,542.00,completed,2026-09-25T11:10:00+05:30
SALE-005333,SHOP-036,CUST-0737,2026-09-25T18:50:00+05:30,credit,136.00,0.00,6.48,136.00,completed,2026-09-25T18:50:00+05:30
SALE-005334,SHOP-037,CUST-0773,2026-09-25T12:20:00+05:30,cash,75.00,0.00,11.44,75.00,completed,2026-09-25T12:20:00+05:30
SALE-005335,SHOP-037,CUST-0750,2026-09-25T14:50:00+05:30,card,735.00,0.00,112.12,735.00,completed,2026-09-25T14:50:00+05:30
SALE-005336,SHOP-038,CUST-0775,2026-09-25T17:20:00+05:30,upi,1456.00,0.00,154.09,1456.00,completed,2026-09-25T17:20:00+05:30
SALE-005337,SHOP-038,CUST-0775,2026-09-25T08:50:00+05:30,upi,25.00,0.00,3.81,25.00,completed,2026-09-25T08:50:00+05:30
SALE-005338,SHOP-039,,2026-09-25T10:30:00+05:30,cash,365.00,0.00,17.38,365.00,completed,2026-09-25T10:30:00+05:30
SALE-005339,SHOP-039,CUST-0790,2026-09-25T09:00:00+05:30,cash,620.00,12.40,32.69,607.60,completed,2026-09-25T09:00:00+05:30
SALE-005340,SHOP-039,CUST-0791,2026-09-25T16:30:00+05:30,upi,220.00,0.00,32.65,220.00,completed,2026-09-25T16:30:00+05:30
SALE-005341,SHOP-040,CUST-0831,2026-09-25T10:40:00+05:30,credit,395.00,0.00,60.03,395.00,completed,2026-09-25T10:40:00+05:30
SALE-005342,SHOP-040,CUST-0836,2026-09-25T17:00:00+05:30,upi,174.00,0.00,21.82,174.00,completed,2026-09-25T17:00:00+05:30
SALE-005343,SHOP-043,,2026-09-25T16:30:00+05:30,cash,495.00,0.00,23.57,495.00,completed,2026-09-25T16:30:00+05:30
SALE-005344,SHOP-044,CUST-0897,2026-09-25T15:10:00+05:30,cash,420.00,0.00,38.89,420.00,completed,2026-09-25T15:10:00+05:30
SALE-005345,SHOP-044,CUST-0908,2026-09-25T11:00:00+05:30,cash,115.00,0.00,0.00,115.00,completed,2026-09-25T11:00:00+05:30
SALE-005346,SHOP-044,,2026-09-25T19:00:00+05:30,upi,15.00,0.00,0.00,15.00,returned,2026-09-25T19:00:00+05:30
SALE-005347,SHOP-046,CUST-0956,2026-09-25T20:00:00+05:30,upi,20.00,0.00,3.05,20.00,completed,2026-09-25T20:00:00+05:30
SALE-005348,SHOP-049,,2026-09-25T18:40:00+05:30,card,20.00,0.00,0.95,20.00,completed,2026-09-25T18:40:00+05:30
SALE-005349,SHOP-049,CUST-0990,2026-09-25T17:00:00+05:30,upi,179.00,0.00,4.52,179.00,completed,2026-09-25T17:00:00+05:30
SALE-005350,SHOP-049,CUST-1001,2026-09-25T16:50:00+05:30,credit,545.00,0.00,68.64,545.00,completed,2026-09-25T16:50:00+05:30
SALE-005351,SHOP-050,CUST-1010,2026-09-25T14:10:00+05:30,credit,355.00,0.00,19.53,355.00,completed,2026-09-25T14:10:00+05:30
SALE-005352,SHOP-001,,2026-09-26T12:40:00+05:30,upi,50.00,0.00,0.00,50.00,completed,2026-09-26T12:40:00+05:30
SALE-005353,SHOP-001,,2026-09-26T20:10:00+05:30,cash,735.00,0.00,8.58,735.00,completed,2026-09-26T20:10:00+05:30
SALE-005354,SHOP-001,CUST-0024,2026-09-26T19:40:00+05:30,credit,120.00,0.00,5.71,120.00,completed,2026-09-26T19:40:00+05:30
SALE-005355,SHOP-002,CUST-0034,2026-09-26T10:50:00+05:30,upi,99.00,0.00,15.10,99.00,completed,2026-09-26T10:50:00+05:30
SALE-005356,SHOP-003,,2026-09-26T16:50:00+05:30,cash,197.00,0.00,25.06,197.00,completed,2026-09-26T16:50:00+05:30
SALE-005357,SHOP-003,CUST-0058,2026-09-26T19:20:00+05:30,upi,36.00,0.00,5.49,36.00,completed,2026-09-26T19:20:00+05:30
SALE-005358,SHOP-006,CUST-0121,2026-09-26T13:20:00+05:30,upi,330.00,0.00,15.71,330.00,completed,2026-09-26T13:20:00+05:30
SALE-005359,SHOP-007,,2026-09-26T12:30:00+05:30,cash,84.00,0.00,0.00,84.00,completed,2026-09-26T12:30:00+05:30
SALE-005360,SHOP-007,CUST-0136,2026-09-26T09:10:00+05:30,upi,70.00,0.00,1.43,70.00,completed,2026-09-26T09:10:00+05:30
SALE-005361,SHOP-007,,2026-09-26T10:50:00+05:30,cash,90.00,0.00,0.00,90.00,completed,2026-09-26T10:50:00+05:30
SALE-005362,SHOP-008,CUST-0158,2026-09-26T16:00:00+05:30,upi,600.00,0.00,118.67,600.00,completed,2026-09-26T16:00:00+05:30
SALE-005363,SHOP-009,CUST-0172,2026-09-26T17:40:00+05:30,card,90.00,0.00,13.05,90.00,completed,2026-09-26T17:40:00+05:30
SALE-005364,SHOP-011,CUST-0206,2026-09-26T12:20:00+05:30,upi,533.00,0.00,29.37,533.00,completed,2026-09-26T12:20:00+05:30
SALE-005365,SHOP-012,CUST-0233,2026-09-26T20:50:00+05:30,cash,90.00,0.00,13.73,90.00,completed,2026-09-26T20:50:00+05:30
SALE-005366,SHOP-013,CUST-0267,2026-09-26T19:10:00+05:30,upi,120.00,0.00,15.58,120.00,completed,2026-09-26T19:10:00+05:30
SALE-005367,SHOP-014,CUST-0289,2026-09-26T20:10:00+05:30,cash,455.00,0.00,69.41,455.00,completed,2026-09-26T20:10:00+05:30
SALE-005368,SHOP-017,CUST-0341,2026-09-26T11:50:00+05:30,credit,532.00,0.00,25.33,532.00,completed,2026-09-26T11:50:00+05:30
SALE-005369,SHOP-017,CUST-0328,2026-09-26T16:00:00+05:30,credit,615.00,0.00,34.53,615.00,completed,2026-09-26T16:00:00+05:30
SALE-005370,SHOP-017,CUST-0326,2026-09-26T09:10:00+05:30,upi,320.00,0.00,15.24,320.00,completed,2026-09-26T09:10:00+05:30
SALE-005371,SHOP-018,,2026-09-26T14:30:00+05:30,cash,45.00,0.00,0.00,45.00,returned,2026-09-26T14:30:00+05:30
SALE-005372,SHOP-020,CUST-0426,2026-09-26T11:30:00+05:30,cash,425.00,0.00,34.18,425.00,completed,2026-09-26T11:30:00+05:30
SALE-005373,SHOP-020,,2026-09-26T13:30:00+05:30,upi,347.00,0.00,9.86,347.00,completed,2026-09-26T13:30:00+05:30
SALE-005374,SHOP-023,CUST-0474,2026-09-26T11:20:00+05:30,cash,187.00,0.00,18.87,187.00,completed,2026-09-26T11:20:00+05:30
SALE-005375,SHOP-023,,2026-09-26T10:50:00+05:30,cash,2646.00,0.00,126.00,2646.00,completed,2026-09-26T10:50:00+05:30
SALE-005376,SHOP-024,CUST-0490,2026-09-26T18:50:00+05:30,card,215.00,0.00,12.86,215.00,completed,2026-09-26T18:50:00+05:30
SALE-005377,SHOP-025,,2026-09-26T18:30:00+05:30,upi,635.00,0.00,96.86,635.00,completed,2026-09-26T18:30:00+05:30
SALE-005378,SHOP-026,CUST-0526,2026-09-26T12:50:00+05:30,credit,525.00,26.25,14.93,498.75,completed,2026-09-26T12:50:00+05:30
SALE-005379,SHOP-026,CUST-0523,2026-09-26T17:20:00+05:30,cash,440.00,0.00,20.95,440.00,completed,2026-09-26T17:20:00+05:30
SALE-005380,SHOP-027,,2026-09-26T15:40:00+05:30,upi,1195.00,0.00,156.86,1195.00,completed,2026-09-26T15:40:00+05:30
SALE-005381,SHOP-028,,2026-09-26T17:40:00+05:30,cash,60.00,0.00,2.86,60.00,completed,2026-09-26T17:40:00+05:30
SALE-005382,SHOP-029,CUST-0608,2026-09-26T08:10:00+05:30,cash,1348.00,0.00,205.63,1348.00,completed,2026-09-26T08:10:00+05:30
SALE-005383,SHOP-029,CUST-0606,2026-09-26T11:50:00+05:30,upi,747.00,0.00,113.95,747.00,completed,2026-09-26T11:50:00+05:30
SALE-005384,SHOP-030,,2026-09-26T12:40:00+05:30,upi,880.00,0.00,41.90,880.00,completed,2026-09-26T12:40:00+05:30
SALE-005385,SHOP-030,CUST-0618,2026-09-26T16:00:00+05:30,credit,963.00,0.00,58.45,963.00,completed,2026-09-26T16:00:00+05:30
SALE-005386,SHOP-031,CUST-0632,2026-09-26T15:30:00+05:30,card,1914.00,0.00,291.97,1914.00,completed,2026-09-26T15:30:00+05:30
SALE-005387,SHOP-032,,2026-09-26T11:00:00+05:30,cash,165.00,0.00,8.75,165.00,completed,2026-09-26T11:00:00+05:30
SALE-005388,SHOP-032,CUST-0664,2026-09-26T08:30:00+05:30,credit,385.00,0.00,17.14,385.00,completed,2026-09-26T08:30:00+05:30
SALE-005389,SHOP-032,,2026-09-26T11:10:00+05:30,cash,15.00,0.00,1.61,15.00,completed,2026-09-26T11:10:00+05:30
SALE-005390,SHOP-033,,2026-09-26T17:10:00+05:30,upi,20.00,0.00,0.95,20.00,completed,2026-09-26T17:10:00+05:30
SALE-005391,SHOP-034,CUST-0698,2026-09-26T17:00:00+05:30,upi,120.00,0.00,18.31,120.00,completed,2026-09-26T17:00:00+05:30
SALE-005392,SHOP-035,CUST-0717,2026-09-26T08:00:00+05:30,cash,647.00,0.00,98.69,647.00,completed,2026-09-26T08:00:00+05:30
SALE-005393,SHOP-035,CUST-0721,2026-09-26T09:40:00+05:30,cash,3192.00,0.00,486.92,3192.00,completed,2026-09-26T09:40:00+05:30
SALE-005394,SHOP-035,CUST-0711,2026-09-26T09:30:00+05:30,upi,458.00,0.00,69.86,458.00,completed,2026-09-26T09:30:00+05:30
SALE-005395,SHOP-036,CUST-0725,2026-09-26T08:20:00+05:30,credit,115.00,0.00,8.15,115.00,completed,2026-09-26T08:20:00+05:30
SALE-005396,SHOP-036,,2026-09-26T08:00:00+05:30,upi,271.00,0.00,3.33,271.00,completed,2026-09-26T08:00:00+05:30
SALE-005397,SHOP-037,,2026-09-26T09:30:00+05:30,cash,3268.00,0.00,498.51,3268.00,completed,2026-09-26T09:30:00+05:30
SALE-005398,SHOP-037,CUST-0760,2026-09-26T11:40:00+05:30,upi,879.00,0.00,134.08,879.00,completed,2026-09-26T11:40:00+05:30
SALE-005399,SHOP-037,CUST-0762,2026-09-26T18:50:00+05:30,upi,7325.00,0.00,1307.39,7325.00,returned,2026-09-26T18:50:00+05:30
SALE-005400,SHOP-038,CUST-0779,2026-09-26T19:10:00+05:30,upi,45.00,0.00,0.00,45.00,completed,2026-09-26T19:10:00+05:30
SALE-005401,SHOP-039,,2026-09-26T18:50:00+05:30,cash,520.00,0.00,44.70,520.00,completed,2026-09-26T18:50:00+05:30
SALE-005402,SHOP-039,CUST-0794,2026-09-26T11:50:00+05:30,credit,645.00,12.90,45.52,632.10,completed,2026-09-26T11:50:00+05:30
SALE-005403,SHOP-040,CUST-0819,2026-09-26T10:10:00+05:30,credit,194.00,0.00,27.32,194.00,completed,2026-09-26T10:10:00+05:30
SALE-005404,SHOP-040,,2026-09-26T19:30:00+05:30,upi,390.00,0.00,59.49,390.00,completed,2026-09-26T19:30:00+05:30
SALE-005405,SHOP-040,CUST-0830,2026-09-26T13:30:00+05:30,cash,120.00,0.00,16.04,120.00,completed,2026-09-26T13:30:00+05:30
SALE-005406,SHOP-042,CUST-0870,2026-09-26T19:40:00+05:30,upi,99.00,0.00,15.10,99.00,completed,2026-09-26T19:40:00+05:30
SALE-005407,SHOP-042,CUST-0868,2026-09-26T12:00:00+05:30,card,920.00,0.00,140.34,920.00,completed,2026-09-26T12:00:00+05:30
SALE-005408,SHOP-043,,2026-09-26T10:40:00+05:30,upi,120.00,0.00,5.71,120.00,completed,2026-09-26T10:40:00+05:30
SALE-005409,SHOP-043,CUST-0887,2026-09-26T11:20:00+05:30,credit,880.00,0.00,41.90,880.00,completed,2026-09-26T11:20:00+05:30
SALE-005410,SHOP-044,CUST-0908,2026-09-26T09:40:00+05:30,upi,85.00,0.00,0.00,85.00,completed,2026-09-26T09:40:00+05:30
SALE-005411,SHOP-044,CUST-0893,2026-09-26T13:20:00+05:30,credit,365.00,0.00,45.71,365.00,completed,2026-09-26T13:20:00+05:30
SALE-005412,SHOP-045,CUST-0918,2026-09-26T08:10:00+05:30,credit,110.00,0.00,5.24,110.00,completed,2026-09-26T08:10:00+05:30
SALE-005413,SHOP-046,CUST-0941,2026-09-26T09:20:00+05:30,upi,30.00,0.00,4.58,30.00,completed,2026-09-26T09:20:00+05:30
SALE-005414,SHOP-046,CUST-0951,2026-09-26T09:40:00+05:30,cash,560.00,0.00,60.00,560.00,completed,2026-09-26T09:40:00+05:30
SALE-005415,SHOP-047,CUST-0962,2026-09-26T15:00:00+05:30,card,398.00,0.00,60.71,398.00,completed,2026-09-26T15:00:00+05:30
SALE-005416,SHOP-047,CUST-0971,2026-09-26T16:00:00+05:30,card,298.00,0.00,45.46,298.00,completed,2026-09-26T16:00:00+05:30
SALE-005417,SHOP-049,,2026-09-26T18:30:00+05:30,upi,190.00,0.00,0.00,190.00,completed,2026-09-26T18:30:00+05:30
SALE-005418,SHOP-050,CUST-1035,2026-09-26T15:00:00+05:30,upi,880.00,0.00,41.90,880.00,completed,2026-09-26T15:00:00+05:30
SALE-005419,SHOP-050,,2026-09-26T15:30:00+05:30,upi,1300.00,0.00,61.90,1300.00,completed,2026-09-26T15:30:00+05:30
SALE-005420,SHOP-050,,2026-09-26T16:40:00+05:30,cash,1470.00,0.00,70.00,1470.00,completed,2026-09-26T16:40:00+05:30
SALE-005421,SHOP-050,,2026-09-26T20:50:00+05:30,cash,60.00,0.00,9.15,60.00,completed,2026-09-26T20:50:00+05:30
SALE-005422,SHOP-001,,2026-09-27T17:30:00+05:30,upi,2600.00,0.00,123.81,2600.00,completed,2026-09-27T17:30:00+05:30
SALE-005423,SHOP-001,CUST-0003,2026-09-27T08:50:00+05:30,upi,176.00,0.00,8.38,176.00,completed,2026-09-27T08:50:00+05:30
SALE-005424,SHOP-002,,2026-09-27T16:00:00+05:30,upi,775.00,0.00,118.22,775.00,completed,2026-09-27T16:00:00+05:30
SALE-005425,SHOP-003,CUST-0046,2026-09-27T20:30:00+05:30,upi,315.00,0.00,33.75,315.00,completed,2026-09-27T20:30:00+05:30
SALE-005426,SHOP-003,,2026-09-27T19:20:00+05:30,cash,10.00,0.00,1.07,10.00,completed,2026-09-27T19:20:00+05:30
SALE-005427,SHOP-006,,2026-09-27T08:40:00+05:30,upi,495.00,0.00,26.72,495.00,completed,2026-09-27T08:40:00+05:30
SALE-005428,SHOP-006,CUST-0113,2026-09-27T09:30:00+05:30,credit,35.00,0.00,1.67,35.00,completed,2026-09-27T09:30:00+05:30
SALE-005429,SHOP-006,,2026-09-27T10:20:00+05:30,upi,201.00,0.00,0.00,201.00,completed,2026-09-27T10:20:00+05:30
SALE-005430,SHOP-007,,2026-09-27T19:50:00+05:30,upi,112.00,0.00,2.00,112.00,completed,2026-09-27T19:50:00+05:30
SALE-005431,SHOP-008,CUST-0161,2026-09-27T12:00:00+05:30,upi,3300.00,99.00,488.29,3201.00,completed,2026-09-27T12:00:00+05:30
SALE-005432,SHOP-009,,2026-09-27T14:20:00+05:30,cash,30.00,0.00,4.58,30.00,completed,2026-09-27T14:20:00+05:30
SALE-005433,SHOP-010,CUST-0201,2026-09-27T18:00:00+05:30,cash,4495.00,89.90,671.96,4405.10,completed,2026-09-27T18:00:00+05:30
SALE-005434,SHOP-011,CUST-0230,2026-09-27T12:30:00+05:30,upi,35.00,0.00,1.67,35.00,completed,2026-09-27T12:30:00+05:30
SALE-005435,SHOP-012,,2026-09-27T16:00:00+05:30,cash,395.00,0.00,4.52,395.00,completed,2026-09-27T16:00:00+05:30
SALE-005436,SHOP-014,,2026-09-27T13:30:00+05:30,upi,139.00,0.00,21.20,139.00,completed,2026-09-27T13:30:00+05:30
SALE-005437,SHOP-016,CUST-0308,2026-09-27T12:50:00+05:30,credit,298.00,0.00,45.46,298.00,completed,2026-09-27T12:50:00+05:30
SALE-005438,SHOP-017,,2026-09-27T12:10:00+05:30,upi,18.00,0.00,0.86,18.00,completed,2026-09-27T12:10:00+05:30
SALE-005439,SHOP-017,CUST-0334,2026-09-27T17:20:00+05:30,upi,330.00,0.00,15.71,330.00,completed,2026-09-27T17:20:00+05:30
SALE-005440,SHOP-017,,2026-09-27T13:00:00+05:30,cash,1202.00,0.00,65.21,1202.00,completed,2026-09-27T13:00:00+05:30
SALE-005441,SHOP-018,CUST-0356,2026-09-27T13:20:00+05:30,upi,120.00,0.00,0.00,120.00,completed,2026-09-27T13:20:00+05:30
SALE-005442,SHOP-019,,2026-09-27T17:40:00+05:30,cash,5680.00,0.00,866.44,5680.00,completed,2026-09-27T17:40:00+05:30
SALE-005443,SHOP-019,CUST-0378,2026-09-27T11:50:00+05:30,credit,85.00,0.00,12.97,85.00,completed,2026-09-27T11:50:00+05:30
SALE-005444,SHOP-019,,2026-09-27T16:30:00+05:30,upi,4060.00,0.00,619.32,4060.00,completed,2026-09-27T16:30:00+05:30
SALE-005445,SHOP-020,,2026-09-27T18:20:00+05:30,cash,76.00,0.00,5.40,76.00,completed,2026-09-27T18:20:00+05:30
SALE-005446,SHOP-020,,2026-09-27T10:10:00+05:30,cash,38.00,0.00,5.80,38.00,completed,2026-09-27T10:10:00+05:30
SALE-005447,SHOP-023,CUST-0467,2026-09-27T14:30:00+05:30,credit,30.00,0.00,3.21,30.00,completed,2026-09-27T14:30:00+05:30
SALE-005448,SHOP-024,,2026-09-27T17:00:00+05:30,cash,104.00,0.00,0.95,104.00,completed,2026-09-27T17:00:00+05:30
SALE-005449,SHOP-026,CUST-0527,2026-09-27T19:50:00+05:30,cash,168.00,0.00,19.96,168.00,completed,2026-09-27T19:50:00+05:30
SALE-005450,SHOP-027,CUST-0552,2026-09-27T11:10:00+05:30,upi,455.00,0.00,52.15,455.00,completed,2026-09-27T11:10:00+05:30
SALE-005451,SHOP-028,,2026-09-27T08:20:00+05:30,upi,70.00,0.00,0.00,70.00,completed,2026-09-27T08:20:00+05:30
SALE-005452,SHOP-029,,2026-09-27T09:20:00+05:30,cash,1347.00,0.00,205.47,1347.00,completed,2026-09-27T09:20:00+05:30
SALE-005453,SHOP-030,,2026-09-27T18:10:00+05:30,upi,93.00,0.00,12.30,93.00,returned,2026-09-27T18:10:00+05:30
SALE-005454,SHOP-030,CUST-0611,2026-09-27T15:20:00+05:30,upi,185.00,0.00,10.00,185.00,completed,2026-09-27T15:20:00+05:30
SALE-005455,SHOP-033,,2026-09-27T17:40:00+05:30,upi,660.00,19.80,61.02,640.20,completed,2026-09-27T17:40:00+05:30
SALE-005456,SHOP-033,,2026-09-27T08:10:00+05:30,cash,105.00,0.00,0.00,105.00,completed,2026-09-27T08:10:00+05:30
SALE-005457,SHOP-034,,2026-09-27T17:40:00+05:30,upi,264.00,0.00,38.68,264.00,completed,2026-09-27T17:40:00+05:30
SALE-005458,SHOP-035,,2026-09-27T08:10:00+05:30,cash,149.00,0.00,22.73,149.00,completed,2026-09-27T08:10:00+05:30
SALE-005459,SHOP-037,,2026-09-27T15:30:00+05:30,upi,320.00,0.00,48.81,320.00,completed,2026-09-27T15:30:00+05:30
SALE-005460,SHOP-037,,2026-09-27T15:00:00+05:30,upi,1295.00,25.90,273.40,1269.10,completed,2026-09-27T15:00:00+05:30
SALE-005461,SHOP-037,CUST-0757,2026-09-27T18:30:00+05:30,cash,3600.00,0.00,549.15,3600.00,completed,2026-09-27T18:30:00+05:30
SALE-005462,SHOP-039,CUST-0792,2026-09-27T16:20:00+05:30,cash,116.00,0.00,13.50,116.00,completed,2026-09-27T16:20:00+05:30
SALE-005463,SHOP-039,CUST-0811,2026-09-27T08:20:00+05:30,cash,680.00,0.00,32.38,680.00,completed,2026-09-27T08:20:00+05:30
SALE-005464,SHOP-039,,2026-09-27T14:40:00+05:30,upi,420.00,0.00,29.44,420.00,completed,2026-09-27T14:40:00+05:30
SALE-005465,SHOP-040,CUST-0815,2026-09-27T17:30:00+05:30,credit,404.00,0.00,51.64,404.00,completed,2026-09-27T17:30:00+05:30
SALE-005466,SHOP-040,CUST-0828,2026-09-27T14:00:00+05:30,upi,556.00,0.00,72.10,556.00,completed,2026-09-27T14:00:00+05:30
SALE-005467,SHOP-041,CUST-0851,2026-09-27T09:00:00+05:30,cash,3462.00,69.24,517.54,3392.76,completed,2026-09-27T09:00:00+05:30
SALE-005468,SHOP-042,CUST-0869,2026-09-27T17:00:00+05:30,upi,1290.00,0.00,282.19,1290.00,returned,2026-09-27T17:00:00+05:30
SALE-005469,SHOP-043,CUST-0891,2026-09-27T10:10:00+05:30,cash,1390.00,0.00,75.63,1390.00,completed,2026-09-27T10:10:00+05:30
SALE-005470,SHOP-044,CUST-0899,2026-09-27T12:30:00+05:30,cash,221.00,0.00,19.15,221.00,completed,2026-09-27T12:30:00+05:30
SALE-005471,SHOP-046,,2026-09-27T14:00:00+05:30,upi,94.00,0.00,14.07,94.00,completed,2026-09-27T14:00:00+05:30
SALE-005472,SHOP-047,CUST-0958,2026-09-27T14:50:00+05:30,upi,349.00,0.00,53.24,349.00,completed,2026-09-27T14:50:00+05:30
SALE-005473,SHOP-049,CUST-0997,2026-09-27T17:30:00+05:30,credit,685.00,0.00,99.15,685.00,completed,2026-09-27T17:30:00+05:30
SALE-005474,SHOP-049,CUST-0999,2026-09-27T09:30:00+05:30,card,15.00,0.00,0.00,15.00,completed,2026-09-27T09:30:00+05:30
SALE-005475,SHOP-050,,2026-09-27T10:30:00+05:30,cash,76.00,0.00,3.62,76.00,completed,2026-09-27T10:30:00+05:30
SALE-005476,SHOP-050,CUST-1014,2026-09-27T09:30:00+05:30,credit,281.00,0.00,20.57,281.00,completed,2026-09-27T09:30:00+05:30
SALE-005477,SHOP-002,CUST-0038,2026-09-28T13:10:00+05:30,upi,1940.00,0.00,295.93,1940.00,completed,2026-09-28T13:10:00+05:30
SALE-005478,SHOP-002,CUST-0034,2026-09-28T12:30:00+05:30,upi,310.00,0.00,47.29,310.00,completed,2026-09-28T12:30:00+05:30
SALE-005479,SHOP-003,CUST-0048,2026-09-28T12:30:00+05:30,cash,160.00,0.00,17.14,160.00,completed,2026-09-28T12:30:00+05:30
SALE-005480,SHOP-004,CUST-0075,2026-09-28T10:30:00+05:30,card,95.00,0.00,3.81,95.00,completed,2026-09-28T10:30:00+05:30
SALE-005481,SHOP-004,CUST-0075,2026-09-28T16:10:00+05:30,upi,70.00,0.00,0.00,70.00,completed,2026-09-28T16:10:00+05:30
SALE-005482,SHOP-006,,2026-09-28T10:00:00+05:30,cash,158.00,0.00,7.52,158.00,completed,2026-09-28T10:00:00+05:30
SALE-005483,SHOP-006,,2026-09-28T09:50:00+05:30,upi,180.00,0.00,27.46,180.00,completed,2026-09-28T09:50:00+05:30
SALE-005484,SHOP-006,CUST-0122,2026-09-28T20:50:00+05:30,upi,120.00,0.00,5.71,120.00,completed,2026-09-28T20:50:00+05:30
SALE-005485,SHOP-008,CUST-0168,2026-09-28T16:10:00+05:30,upi,240.00,0.00,36.61,240.00,completed,2026-09-28T16:10:00+05:30
SALE-005486,SHOP-009,,2026-09-28T08:00:00+05:30,upi,218.00,0.00,27.90,218.00,completed,2026-09-28T08:00:00+05:30
SALE-005487,SHOP-011,,2026-09-28T10:10:00+05:30,cash,3970.00,0.00,189.05,3970.00,completed,2026-09-28T10:10:00+05:30
SALE-005488,SHOP-011,CUST-0231,2026-09-28T16:30:00+05:30,credit,25.00,0.00,3.81,25.00,completed,2026-09-28T16:30:00+05:30
SALE-005489,SHOP-011,CUST-0209,2026-09-28T16:50:00+05:30,upi,165.00,0.00,7.86,165.00,completed,2026-09-28T16:50:00+05:30
SALE-005490,SHOP-012,CUST-0241,2026-09-28T08:20:00+05:30,card,315.00,0.00,15.00,315.00,completed,2026-09-28T08:20:00+05:30
SALE-005491,SHOP-012,,2026-09-28T17:30:00+05:30,upi,285.00,0.00,13.57,285.00,completed,2026-09-28T17:30:00+05:30
SALE-005492,SHOP-013,,2026-09-28T08:30:00+05:30,cash,1260.00,0.00,42.32,1260.00,completed,2026-09-28T08:30:00+05:30
SALE-005493,SHOP-013,CUST-0264,2026-09-28T09:50:00+05:30,cash,99.00,0.00,4.71,99.00,completed,2026-09-28T09:50:00+05:30
SALE-005494,SHOP-013,CUST-0251,2026-09-28T09:00:00+05:30,credit,184.00,0.00,14.43,184.00,completed,2026-09-28T09:00:00+05:30
SALE-005495,SHOP-014,CUST-0290,2026-09-28T20:00:00+05:30,upi,260.00,0.00,39.66,260.00,completed,2026-09-28T20:00:00+05:30
SALE-005496,SHOP-017,CUST-0339,2026-09-28T10:20:00+05:30,credit,160.00,0.00,7.62,160.00,completed,2026-09-28T10:20:00+05:30
SALE-005497,SHOP-017,,2026-09-28T15:20:00+05:30,cash,116.00,0.00,6.71,116.00,completed,2026-09-28T15:20:00+05:30
SALE-005498,SHOP-018,,2026-09-28T10:00:00+05:30,cash,75.00,0.00,1.90,75.00,completed,2026-09-28T10:00:00+05:30
SALE-005499,SHOP-019,CUST-0373,2026-09-28T12:20:00+05:30,cash,420.00,0.00,64.07,420.00,completed,2026-09-28T12:20:00+05:30
SALE-005500,SHOP-020,,2026-09-28T15:10:00+05:30,upi,135.00,0.00,18.78,135.00,completed,2026-09-28T15:10:00+05:30
SALE-005501,SHOP-020,CUST-0406,2026-09-28T16:50:00+05:30,cash,924.00,0.00,44.00,924.00,completed,2026-09-28T16:50:00+05:30
SALE-005502,SHOP-021,,2026-09-28T13:40:00+05:30,cash,30.00,0.00,4.58,30.00,completed,2026-09-28T13:40:00+05:30
SALE-005503,SHOP-023,CUST-0472,2026-09-28T20:40:00+05:30,upi,383.00,0.00,26.11,383.00,completed,2026-09-28T20:40:00+05:30
SALE-005504,SHOP-023,CUST-0463,2026-09-28T20:30:00+05:30,upi,35.00,0.00,1.67,35.00,completed,2026-09-28T20:30:00+05:30
SALE-005505,SHOP-024,CUST-0494,2026-09-28T14:50:00+05:30,upi,234.00,0.00,2.86,234.00,completed,2026-09-28T14:50:00+05:30
SALE-005506,SHOP-025,,2026-09-28T13:00:00+05:30,cash,1790.00,89.50,259.40,1700.50,completed,2026-09-28T13:00:00+05:30
SALE-005507,SHOP-026,CUST-0523,2026-09-28T16:20:00+05:30,cash,130.00,0.00,6.19,130.00,completed,2026-09-28T16:20:00+05:30
SALE-005508,SHOP-027,,2026-09-28T13:50:00+05:30,cash,165.00,0.00,17.68,165.00,completed,2026-09-28T13:50:00+05:30
SALE-005509,SHOP-028,CUST-0571,2026-09-28T15:20:00+05:30,credit,90.00,0.00,7.63,90.00,completed,2026-09-28T15:20:00+05:30
SALE-005510,SHOP-030,CUST-0627,2026-09-28T19:40:00+05:30,credit,584.00,0.00,19.42,584.00,completed,2026-09-28T19:40:00+05:30
SALE-005511,SHOP-032,CUST-0656,2026-09-28T16:50:00+05:30,cash,84.00,0.00,4.00,84.00,completed,2026-09-28T16:50:00+05:30
SALE-005512,SHOP-032,,2026-09-28T10:10:00+05:30,upi,234.00,0.00,16.39,234.00,completed,2026-09-28T10:10:00+05:30
SALE-005513,SHOP-032,CUST-0645,2026-09-28T20:00:00+05:30,credit,620.00,0.00,56.59,620.00,completed,2026-09-28T20:00:00+05:30
SALE-005514,SHOP-033,CUST-0679,2026-09-28T19:10:00+05:30,upi,195.00,0.00,0.95,195.00,completed,2026-09-28T19:10:00+05:30
SALE-005515,SHOP-033,CUST-0676,2026-09-28T11:50:00+05:30,cash,28.00,0.00,0.00,28.00,completed,2026-09-28T11:50:00+05:30
SALE-005516,SHOP-034,CUST-0701,2026-09-28T18:40:00+05:30,cash,210.00,0.00,26.59,210.00,completed,2026-09-28T18:40:00+05:30
SALE-005517,SHOP-035,CUST-0705,2026-09-28T13:50:00+05:30,cash,697.00,0.00,106.32,697.00,completed,2026-09-28T13:50:00+05:30
SALE-005518,SHOP-036,,2026-09-28T12:30:00+05:30,cash,738.00,0.00,9.58,738.00,completed,2026-09-28T12:30:00+05:30
SALE-005519,SHOP-037,,2026-09-28T16:10:00+05:30,cash,340.00,0.00,51.86,340.00,completed,2026-09-28T16:10:00+05:30
SALE-005520,SHOP-037,,2026-09-28T14:00:00+05:30,upi,190.00,0.00,28.98,190.00,completed,2026-09-28T14:00:00+05:30
SALE-005521,SHOP-037,CUST-0758,2026-09-28T11:50:00+05:30,credit,1535.00,0.00,234.15,1535.00,completed,2026-09-28T11:50:00+05:30
SALE-005522,SHOP-038,CUST-0775,2026-09-28T10:10:00+05:30,cash,122.00,0.00,1.81,122.00,completed,2026-09-28T10:10:00+05:30
SALE-005523,SHOP-042,CUST-0868,2026-09-28T12:40:00+05:30,upi,1470.00,0.00,252.71,1470.00,completed,2026-09-28T12:40:00+05:30
SALE-005524,SHOP-043,CUST-0877,2026-09-28T10:50:00+05:30,cash,530.00,10.60,25.48,519.40,completed,2026-09-28T10:50:00+05:30
SALE-005525,SHOP-044,CUST-0906,2026-09-28T11:00:00+05:30,cash,111.00,0.00,0.00,111.00,completed,2026-09-28T11:00:00+05:30
SALE-005526,SHOP-045,CUST-0920,2026-09-28T13:50:00+05:30,upi,75.00,0.00,11.44,75.00,completed,2026-09-28T13:50:00+05:30
SALE-005527,SHOP-047,CUST-0971,2026-09-28T15:40:00+05:30,cash,4047.00,0.00,617.34,4047.00,completed,2026-09-28T15:40:00+05:30
SALE-005528,SHOP-047,CUST-0968,2026-09-28T11:50:00+05:30,cash,5223.00,0.00,796.73,5223.00,completed,2026-09-28T11:50:00+05:30
SALE-005529,SHOP-048,CUST-0979,2026-09-28T13:00:00+05:30,credit,4680.00,0.00,713.90,4680.00,completed,2026-09-28T13:00:00+05:30
SALE-005530,SHOP-049,CUST-1001,2026-09-28T13:20:00+05:30,credit,135.00,0.00,4.52,135.00,completed,2026-09-28T13:20:00+05:30
SALE-005531,SHOP-049,,2026-09-28T10:00:00+05:30,upi,159.00,0.00,5.90,159.00,completed,2026-09-28T10:00:00+05:30
SALE-005532,SHOP-050,CUST-1014,2026-09-28T09:10:00+05:30,credit,690.00,0.00,32.86,690.00,completed,2026-09-28T09:10:00+05:30
SALE-005533,SHOP-050,CUST-1011,2026-09-28T17:50:00+05:30,cash,60.00,0.00,6.43,60.00,completed,2026-09-28T17:50:00+05:30
SALE-005534,SHOP-050,CUST-1030,2026-09-28T11:20:00+05:30,credit,1307.00,0.00,84.27,1307.00,completed,2026-09-28T11:20:00+05:30
SALE-005535,SHOP-002,,2026-09-29T14:00:00+05:30,cash,515.00,15.45,76.20,499.55,completed,2026-09-29T14:00:00+05:30
SALE-005536,SHOP-002,CUST-0032,2026-09-29T18:40:00+05:30,upi,420.00,0.00,64.07,420.00,completed,2026-09-29T18:40:00+05:30
SALE-005537,SHOP-003,,2026-09-29T19:50:00+05:30,cash,365.00,0.00,52.73,365.00,completed,2026-09-29T19:50:00+05:30
SALE-005538,SHOP-006,CUST-0102,2026-09-29T20:40:00+05:30,upi,231.00,0.00,12.19,231.00,completed,2026-09-29T20:40:00+05:30
SALE-005539,SHOP-006,CUST-0124,2026-09-29T15:50:00+05:30,upi,316.00,0.00,25.02,316.00,completed,2026-09-29T15:50:00+05:30
SALE-005540,SHOP-006,CUST-0105,2026-09-29T18:30:00+05:30,upi,795.00,0.00,37.86,795.00,completed,2026-09-29T18:30:00+05:30
SALE-005541,SHOP-007,CUST-0130,2026-09-29T11:20:00+05:30,credit,208.00,0.00,19.29,208.00,completed,2026-09-29T11:20:00+05:30
SALE-005542,SHOP-007,,2026-09-29T15:00:00+05:30,upi,165.00,0.00,7.14,165.00,completed,2026-09-29T15:00:00+05:30
SALE-005543,SHOP-008,,2026-09-29T19:50:00+05:30,upi,1660.00,0.00,334.66,1660.00,completed,2026-09-29T19:50:00+05:30
SALE-005544,SHOP-009,,2026-09-29T09:00:00+05:30,cash,104.00,0.00,14.96,104.00,completed,2026-09-29T09:00:00+05:30
SALE-005545,SHOP-010,,2026-09-29T11:40:00+05:30,cash,547.00,0.00,83.44,547.00,completed,2026-09-29T11:40:00+05:30
SALE-005546,SHOP-011,CUST-0210,2026-09-29T17:30:00+05:30,cash,95.00,0.00,14.49,95.00,completed,2026-09-29T17:30:00+05:30
SALE-005547,SHOP-012,CUST-0239,2026-09-29T10:50:00+05:30,credit,240.00,0.00,11.43,240.00,completed,2026-09-29T10:50:00+05:30
SALE-005548,SHOP-013,CUST-0257,2026-09-29T17:00:00+05:30,cash,336.00,0.00,23.97,336.00,completed,2026-09-29T17:00:00+05:30
SALE-005549,SHOP-013,CUST-0254,2026-09-29T18:50:00+05:30,cash,25.00,0.00,3.81,25.00,completed,2026-09-29T18:50:00+05:30
SALE-005550,SHOP-013,,2026-09-29T17:00:00+05:30,upi,346.00,0.00,35.36,346.00,completed,2026-09-29T17:00:00+05:30
SALE-005551,SHOP-014,CUST-0283,2026-09-29T17:40:00+05:30,upi,1560.00,46.80,309.82,1513.20,completed,2026-09-29T17:40:00+05:30
SALE-005552,SHOP-014,CUST-0274,2026-09-29T18:30:00+05:30,credit,515.00,0.00,105.70,515.00,completed,2026-09-29T18:30:00+05:30
SALE-005553,SHOP-016,CUST-0313,2026-09-29T10:50:00+05:30,card,897.00,0.00,136.83,897.00,completed,2026-09-29T10:50:00+05:30
SALE-005554,SHOP-017,,2026-09-29T16:10:00+05:30,cash,350.00,0.00,19.81,350.00,completed,2026-09-29T16:10:00+05:30
SALE-005555,SHOP-017,CUST-0349,2026-09-29T09:40:00+05:30,cash,150.00,0.00,12.39,150.00,completed,2026-09-29T09:40:00+05:30
SALE-005556,SHOP-018,,2026-09-29T08:00:00+05:30,cash,220.00,0.00,17.62,220.00,completed,2026-09-29T08:00:00+05:30
SALE-005557,SHOP-019,,2026-09-29T08:30:00+05:30,upi,295.00,0.00,45.00,295.00,completed,2026-09-29T08:30:00+05:30
SALE-005558,SHOP-020,,2026-09-29T09:00:00+05:30,upi,35.00,0.00,1.67,35.00,completed,2026-09-29T09:00:00+05:30
SALE-005559,SHOP-020,CUST-0427,2026-09-29T08:20:00+05:30,upi,657.00,0.00,22.00,657.00,completed,2026-09-29T08:20:00+05:30
SALE-005560,SHOP-023,CUST-0479,2026-09-29T12:10:00+05:30,credit,331.00,0.00,28.35,331.00,completed,2026-09-29T12:10:00+05:30
SALE-005561,SHOP-023,,2026-09-29T16:20:00+05:30,cash,15.00,0.00,1.61,15.00,completed,2026-09-29T16:20:00+05:30
SALE-005562,SHOP-024,CUST-0491,2026-09-29T09:10:00+05:30,credit,130.00,0.00,0.00,130.00,completed,2026-09-29T09:10:00+05:30
SALE-005563,SHOP-026,CUST-0530,2026-09-29T20:10:00+05:30,upi,435.00,0.00,49.04,435.00,completed,2026-09-29T20:10:00+05:30
SALE-005564,SHOP-026,CUST-0532,2026-09-29T12:40:00+05:30,upi,80.00,0.00,3.81,80.00,completed,2026-09-29T12:40:00+05:30
SALE-005565,SHOP-027,CUST-0567,2026-09-29T18:40:00+05:30,upi,280.00,0.00,42.71,280.00,completed,2026-09-29T18:40:00+05:30
SALE-005566,SHOP-028,,2026-09-29T18:10:00+05:30,cash,236.00,0.00,19.29,236.00,completed,2026-09-29T18:10:00+05:30
SALE-005567,SHOP-029,CUST-0600,2026-09-29T09:30:00+05:30,upi,1199.00,0.00,182.90,1199.00,completed,2026-09-29T09:30:00+05:30
SALE-005568,SHOP-030,CUST-0623,2026-09-29T10:20:00+05:30,credit,211.00,0.00,10.05,211.00,completed,2026-09-29T10:20:00+05:30
SALE-005569,SHOP-030,CUST-0623,2026-09-29T16:20:00+05:30,upi,905.00,0.00,41.90,905.00,completed,2026-09-29T16:20:00+05:30
SALE-005570,SHOP-031,,2026-09-29T09:20:00+05:30,cash,3640.00,0.00,555.25,3640.00,completed,2026-09-29T09:20:00+05:30
SALE-005571,SHOP-032,,2026-09-29T11:20:00+05:30,upi,194.00,0.00,9.24,194.00,completed,2026-09-29T11:20:00+05:30
SALE-005572,SHOP-032,CUST-0662,2026-09-29T14:10:00+05:30,upi,240.00,0.00,11.43,240.00,completed,2026-09-29T14:10:00+05:30
SALE-005573,SHOP-033,,2026-09-29T16:30:00+05:30,cash,125.00,0.00,0.95,125.00,completed,2026-09-29T16:30:00+05:30
SALE-005574,SHOP-034,,2026-09-29T14:00:00+05:30,upi,156.00,0.00,18.35,156.00,completed,2026-09-29T14:00:00+05:30
SALE-005575,SHOP-035,,2026-09-29T16:00:00+05:30,cash,1161.00,0.00,177.10,1161.00,completed,2026-09-29T16:00:00+05:30
SALE-005576,SHOP-036,CUST-0725,2026-09-29T16:40:00+05:30,credit,542.00,0.00,25.81,542.00,completed,2026-09-29T16:40:00+05:30
SALE-005577,SHOP-036,CUST-0748,2026-09-29T08:30:00+05:30,credit,286.00,0.00,13.62,286.00,completed,2026-09-29T08:30:00+05:30
SALE-005578,SHOP-036,,2026-09-29T13:40:00+05:30,upi,442.00,0.00,21.05,442.00,completed,2026-09-29T13:40:00+05:30
SALE-005579,SHOP-037,,2026-09-29T17:20:00+05:30,upi,1606.00,0.00,244.98,1606.00,completed,2026-09-29T17:20:00+05:30
SALE-005580,SHOP-038,CUST-0778,2026-09-29T08:20:00+05:30,upi,180.00,0.00,0.00,180.00,completed,2026-09-29T08:20:00+05:30
SALE-005581,SHOP-039,,2026-09-29T20:10:00+05:30,upi,36.00,0.00,1.71,36.00,completed,2026-09-29T20:10:00+05:30
SALE-005582,SHOP-039,,2026-09-29T14:20:00+05:30,cash,193.00,0.00,12.13,193.00,completed,2026-09-29T14:20:00+05:30
SALE-005583,SHOP-040,,2026-09-29T11:20:00+05:30,cash,226.00,0.00,34.02,226.00,completed,2026-09-29T11:20:00+05:30
SALE-005584,SHOP-040,CUST-0831,2026-09-29T17:00:00+05:30,credit,235.00,0.00,29.04,235.00,completed,2026-09-29T17:00:00+05:30
SALE-005585,SHOP-040,CUST-0832,2026-09-29T11:40:00+05:30,upi,52.00,0.00,5.57,52.00,completed,2026-09-29T11:40:00+05:30
SALE-005586,SHOP-042,CUST-0865,2026-09-29T14:00:00+05:30,cash,40.00,0.00,6.10,40.00,completed,2026-09-29T14:00:00+05:30
SALE-005587,SHOP-042,,2026-09-29T14:40:00+05:30,cash,3555.00,106.65,526.02,3448.35,completed,2026-09-29T14:40:00+05:30
SALE-005588,SHOP-043,CUST-0879,2026-09-29T13:20:00+05:30,credit,350.00,0.00,45.00,350.00,completed,2026-09-29T13:20:00+05:30
SALE-005589,SHOP-046,,2026-09-29T20:20:00+05:30,cash,85.00,0.00,10.92,85.00,completed,2026-09-29T20:20:00+05:30
SALE-005590,SHOP-046,,2026-09-29T11:30:00+05:30,cash,138.00,0.00,21.05,138.00,completed,2026-09-29T11:30:00+05:30
SALE-005591,SHOP-047,CUST-0957,2026-09-29T09:00:00+05:30,upi,1048.00,20.96,156.67,1027.04,completed,2026-09-29T09:00:00+05:30
SALE-005592,SHOP-048,,2026-09-29T20:20:00+05:30,cash,2460.00,0.00,375.25,2460.00,completed,2026-09-29T20:20:00+05:30
SALE-005593,SHOP-049,CUST-0999,2026-09-29T12:30:00+05:30,upi,645.00,0.00,68.17,645.00,completed,2026-09-29T12:30:00+05:30
SALE-005594,SHOP-050,,2026-09-29T15:20:00+05:30,upi,641.00,0.00,20.76,641.00,completed,2026-09-29T15:20:00+05:30
SALE-005595,SHOP-050,CUST-1011,2026-09-29T17:40:00+05:30,upi,447.00,0.00,21.29,447.00,completed,2026-09-29T17:40:00+05:30
SALE-005596,SHOP-001,CUST-0009,2026-09-30T20:00:00+05:30,upi,301.00,0.00,20.63,301.00,completed,2026-09-30T20:00:00+05:30
SALE-005597,SHOP-001,,2026-09-30T11:10:00+05:30,cash,232.00,0.00,11.05,232.00,completed,2026-09-30T11:10:00+05:30
SALE-005598,SHOP-001,CUST-0007,2026-09-30T12:10:00+05:30,upi,190.00,0.00,9.05,190.00,completed,2026-09-30T12:10:00+05:30
SALE-005599,SHOP-002,CUST-0039,2026-09-30T09:40:00+05:30,cash,5380.00,0.00,820.68,5380.00,completed,2026-09-30T09:40:00+05:30
SALE-005600,SHOP-005,CUST-0088,2026-09-30T13:50:00+05:30,upi,2741.00,0.00,418.12,2741.00,completed,2026-09-30T13:50:00+05:30
SALE-005601,SHOP-005,CUST-0087,2026-09-30T09:30:00+05:30,upi,448.00,0.00,68.34,448.00,completed,2026-09-30T09:30:00+05:30
SALE-005602,SHOP-007,,2026-09-30T17:20:00+05:30,upi,28.00,0.00,0.00,28.00,completed,2026-09-30T17:20:00+05:30
SALE-005603,SHOP-007,,2026-09-30T14:30:00+05:30,cash,103.00,0.00,3.24,103.00,completed,2026-09-30T14:30:00+05:30
SALE-005604,SHOP-007,CUST-0140,2026-09-30T10:10:00+05:30,cash,95.00,0.00,2.86,95.00,completed,2026-09-30T10:10:00+05:30
SALE-005605,SHOP-008,,2026-09-30T10:40:00+05:30,upi,535.00,0.00,81.61,535.00,completed,2026-09-30T10:40:00+05:30
SALE-005606,SHOP-009,CUST-0180,2026-09-30T09:40:00+05:30,card,6.00,0.00,0.64,6.00,completed,2026-09-30T09:40:00+05:30
SALE-005607,SHOP-009,CUST-0173,2026-09-30T17:50:00+05:30,cash,322.00,0.00,42.31,322.00,completed,2026-09-30T17:50:00+05:30
SALE-005608,SHOP-011,,2026-09-30T10:20:00+05:30,upi,370.00,0.00,17.62,370.00,completed,2026-09-30T10:20:00+05:30
SALE-005609,SHOP-011,CUST-0216,2026-09-30T18:50:00+05:30,credit,415.00,0.00,30.25,415.00,completed,2026-09-30T18:50:00+05:30
SALE-005610,SHOP-011,CUST-0229,2026-09-30T09:00:00+05:30,cash,475.00,0.00,47.80,475.00,completed,2026-09-30T09:00:00+05:30
SALE-005611,SHOP-012,CUST-0238,2026-09-30T09:50:00+05:30,upi,35.00,0.00,0.00,35.00,completed,2026-09-30T09:50:00+05:30
SALE-005612,SHOP-013,,2026-09-30T15:10:00+05:30,upi,657.00,0.00,15.55,657.00,completed,2026-09-30T15:10:00+05:30
SALE-005613,SHOP-013,CUST-0265,2026-09-30T18:00:00+05:30,credit,15.00,0.00,1.61,15.00,completed,2026-09-30T18:00:00+05:30
SALE-005614,SHOP-013,CUST-0259,2026-09-30T19:00:00+05:30,credit,1320.00,66.00,59.71,1254.00,completed,2026-09-30T19:00:00+05:30
SALE-005615,SHOP-015,CUST-0294,2026-09-30T08:10:00+05:30,cash,274.00,0.00,30.45,274.00,completed,2026-09-30T08:10:00+05:30
SALE-005616,SHOP-017,CUST-0349,2026-09-30T13:30:00+05:30,upi,260.00,0.00,12.38,260.00,completed,2026-09-30T13:30:00+05:30
SALE-005617,SHOP-017,CUST-0352,2026-09-30T19:20:00+05:30,cash,124.00,0.00,9.48,124.00,completed,2026-09-30T19:20:00+05:30
SALE-005618,SHOP-017,CUST-0329,2026-09-30T08:00:00+05:30,cash,1240.00,0.00,61.73,1240.00,completed,2026-09-30T08:00:00+05:30
SALE-005619,SHOP-017,CUST-0323,2026-09-30T14:40:00+05:30,credit,740.00,0.00,35.24,740.00,completed,2026-09-30T14:40:00+05:30
SALE-005620,SHOP-019,CUST-0394,2026-09-30T15:10:00+05:30,cash,60.00,0.00,9.15,60.00,completed,2026-09-30T15:10:00+05:30
SALE-005621,SHOP-020,CUST-0409,2026-09-30T08:40:00+05:30,cash,570.00,0.00,27.14,570.00,completed,2026-09-30T08:40:00+05:30
SALE-005622,SHOP-020,,2026-09-30T13:40:00+05:30,cash,114.00,0.00,3.05,114.00,completed,2026-09-30T13:40:00+05:30
SALE-005623,SHOP-020,,2026-09-30T17:30:00+05:30,cash,40.00,0.00,4.29,40.00,completed,2026-09-30T17:30:00+05:30
SALE-005624,SHOP-023,,2026-09-30T10:20:00+05:30,upi,910.00,0.00,42.14,910.00,completed,2026-09-30T10:20:00+05:30
SALE-005625,SHOP-024,,2026-09-30T17:50:00+05:30,cash,320.00,0.00,48.81,320.00,completed,2026-09-30T17:50:00+05:30
SALE-005626,SHOP-024,CUST-0493,2026-09-30T12:00:00+05:30,cash,154.00,0.00,2.86,154.00,completed,2026-09-30T12:00:00+05:30
SALE-005627,SHOP-025,CUST-0511,2026-09-30T17:20:00+05:30,credit,260.00,0.00,39.66,260.00,completed,2026-09-30T17:20:00+05:30
SALE-005628,SHOP-025,CUST-0508,2026-09-30T09:00:00+05:30,cash,4990.00,149.70,738.35,4840.30,completed,2026-09-30T09:00:00+05:30
SALE-005629,SHOP-026,CUST-0542,2026-09-30T11:10:00+05:30,credit,176.00,0.00,8.38,176.00,completed,2026-09-30T11:10:00+05:30
SALE-005630,SHOP-026,CUST-0533,2026-09-30T14:20:00+05:30,upi,203.00,0.00,26.30,203.00,completed,2026-09-30T14:20:00+05:30
SALE-005631,SHOP-027,,2026-09-30T15:10:00+05:30,cash,24.00,0.00,3.66,24.00,completed,2026-09-30T15:10:00+05:30
SALE-005632,SHOP-028,CUST-0594,2026-09-30T17:20:00+05:30,card,100.00,0.00,4.76,100.00,completed,2026-09-30T17:20:00+05:30
SALE-005633,SHOP-028,CUST-0575,2026-09-30T16:50:00+05:30,cash,28.00,0.00,0.00,28.00,completed,2026-09-30T16:50:00+05:30
SALE-005634,SHOP-030,,2026-09-30T09:30:00+05:30,cash,1725.00,0.00,82.14,1725.00,completed,2026-09-30T09:30:00+05:30
SALE-005635,SHOP-030,CUST-0614,2026-09-30T20:10:00+05:30,credit,880.00,0.00,41.90,880.00,completed,2026-09-30T20:10:00+05:30
SALE-005636,SHOP-032,CUST-0663,2026-09-30T14:10:00+05:30,credit,330.00,0.00,15.71,330.00,completed,2026-09-30T14:10:00+05:30
SALE-005637,SHOP-033,,2026-09-30T08:10:00+05:30,cash,84.00,0.00,0.00,84.00,completed,2026-09-30T08:10:00+05:30
SALE-005638,SHOP-033,CUST-0673,2026-09-30T12:50:00+05:30,credit,90.00,0.00,13.73,90.00,completed,2026-09-30T12:50:00+05:30
SALE-005639,SHOP-034,CUST-0694,2026-09-30T19:20:00+05:30,upi,230.00,0.00,28.27,230.00,completed,2026-09-30T19:20:00+05:30
SALE-005640,SHOP-035,CUST-0709,2026-09-30T12:50:00+05:30,card,599.00,0.00,91.37,599.00,completed,2026-09-30T12:50:00+05:30
SALE-005641,SHOP-037,CUST-0757,2026-09-30T17:40:00+05:30,upi,2625.00,0.00,400.42,2625.00,completed,2026-09-30T17:40:00+05:30
SALE-005642,SHOP-037,CUST-0759,2026-09-30T18:20:00+05:30,cash,2236.00,0.00,341.08,2236.00,completed,2026-09-30T18:20:00+05:30
SALE-005643,SHOP-038,CUST-0784,2026-09-30T11:00:00+05:30,cash,304.00,0.00,0.00,304.00,completed,2026-09-30T11:00:00+05:30
SALE-005644,SHOP-039,CUST-0806,2026-09-30T17:00:00+05:30,upi,166.00,0.00,7.90,166.00,completed,2026-09-30T17:00:00+05:30
SALE-005645,SHOP-039,CUST-0791,2026-09-30T19:50:00+05:30,upi,315.00,0.00,15.00,315.00,completed,2026-09-30T19:50:00+05:30
SALE-005646,SHOP-039,,2026-09-30T11:50:00+05:30,upi,587.00,0.00,56.49,587.00,completed,2026-09-30T11:50:00+05:30
SALE-005647,SHOP-043,CUST-0881,2026-09-30T20:20:00+05:30,credit,300.00,0.00,14.29,300.00,completed,2026-09-30T20:20:00+05:30
SALE-005648,SHOP-043,CUST-0888,2026-09-30T17:10:00+05:30,upi,330.00,0.00,17.50,330.00,completed,2026-09-30T17:10:00+05:30
SALE-005649,SHOP-044,,2026-09-30T18:00:00+05:30,upi,116.00,0.00,5.52,116.00,completed,2026-09-30T18:00:00+05:30
SALE-005650,SHOP-044,CUST-0899,2026-09-30T11:20:00+05:30,upi,120.00,0.00,0.00,120.00,completed,2026-09-30T11:20:00+05:30
SALE-005651,SHOP-044,CUST-0910,2026-09-30T19:20:00+05:30,upi,360.00,0.00,50.83,360.00,completed,2026-09-30T19:20:00+05:30
SALE-005652,SHOP-045,,2026-09-30T09:00:00+05:30,upi,155.00,0.00,23.64,155.00,completed,2026-09-30T09:00:00+05:30
SALE-005653,SHOP-045,,2026-09-30T09:50:00+05:30,cash,2730.00,0.00,130.00,2730.00,completed,2026-09-30T09:50:00+05:30
SALE-005654,SHOP-045,CUST-0925,2026-09-30T08:50:00+05:30,upi,440.00,0.00,20.95,440.00,completed,2026-09-30T08:50:00+05:30
SALE-005655,SHOP-046,,2026-09-30T15:20:00+05:30,upi,283.00,0.00,40.90,283.00,completed,2026-09-30T15:20:00+05:30
SALE-005656,SHOP-047,CUST-0958,2026-09-30T10:00:00+05:30,card,3356.00,0.00,511.93,3356.00,completed,2026-09-30T10:00:00+05:30
SALE-005657,SHOP-047,,2026-09-30T19:20:00+05:30,card,3897.00,0.00,594.46,3897.00,completed,2026-09-30T19:20:00+05:30
SALE-005658,SHOP-049,CUST-0998,2026-09-30T13:20:00+05:30,cash,126.00,0.00,0.00,126.00,completed,2026-09-30T13:20:00+05:30
SALE-005659,SHOP-050,CUST-1023,2026-09-30T11:00:00+05:30,cash,150.00,0.00,7.14,150.00,completed,2026-09-30T11:00:00+05:30
SALE-005660,SHOP-050,CUST-1008,2026-09-30T19:10:00+05:30,cash,248.00,0.00,12.70,248.00,completed,2026-09-30T19:10:00+05:30
SALE-005661,SHOP-001,CUST-0001,2026-09-10T11:00:00+05:30,credit,1930.00,0.00,91.90,1930.00,completed,2026-09-10T11:00:00+05:30
SALE-005662,SHOP-001,CUST-0001,2026-09-24T18:00:00+05:30,credit,1970.00,0.00,93.81,1970.00,completed,2026-09-24T18:00:00+05:30
SALE-005663,SHOP-001,CUST-0002,2026-07-10T10:00:00+05:30,credit,1638.00,0.00,78.00,1638.00,completed,2026-07-10T10:00:00+05:30
SALE-005664,SHOP-001,CUST-0003,2026-09-05T12:00:00+05:30,credit,1931.00,0.00,115.67,1931.00,completed,2026-09-05T12:00:00+05:30
SALE-005665,SHOP-001,CUST-0003,2026-09-18T12:00:00+05:30,credit,2000.00,0.00,115.17,2000.00,completed,2026-09-18T12:00:00+05:30
SALE-005666,SHOP-001,CUST-0004,2026-08-16T17:00:00+05:30,credit,694.00,0.00,51.93,694.00,completed,2026-08-16T17:00:00+05:30
SALE-005667,SHOP-002,CUST-0026,2026-08-21T09:00:00+05:30,credit,8675.00,0.00,1866.21,8675.00,completed,2026-08-21T09:00:00+05:30
SALE-005668,SHOP-005,CUST-0086,2026-09-24T18:00:00+05:30,upi,1299.00,0.00,198.15,1299.00,returned,2026-09-24T18:00:00+05:30
SALE-005669,SHOP-001,,2026-09-30T18:00:00+05:30,cash,1650.00,0.00,78.57,1650.00,completed,2026-09-30T18:00:00+05:30
SALE-005670,SHOP-004,,2026-09-30T18:00:00+05:30,cash,1805.00,0.00,85.95,1805.00,completed,2026-09-30T18:00:00+05:30
SALE-005671,SHOP-001,,2026-09-30T18:30:00+05:30,cash,4650.00,0.00,221.43,4650.00,completed,2026-09-30T18:30:00+05:30
SALE-005672,SHOP-002,,2026-09-30T17:00:00+05:30,cash,9430.00,0.00,2062.81,9430.00,completed,2026-09-30T17:00:00+05:30
