sale_id,product_id,quantity,unit_price,line_total
SALE-000001,PRD-0004,1,135.00,135.00
SALE-000002,PRD-0012,2,165.00,330.00
SALE-000002,PRD-0025,3,95.00,285.00
SALE-000002,PRD-0003,3,165.00,495.00
SALE-000002,PRD-0004,2,135.00,270.00
SALE-000003,PRD-0053,1,25.00,25.00
SALE-000003,PRD-0038,1,1200.00,1200.00
SALE-000003,PRD-0033,1,95.00,95.00
SALE-000004,PRD-0064,1,15.00,15.00
SALE-000004,PRD-0055,2,280.00,560.00
SALE-000005,PRD-0082,2,38.00,76.00
SALE-000005,PRD-0086,1,15.00,15.00
SALE-000005,PRD-0088,1,40.00,40.00
SALE-000006,PRD-0102,1,199.00,199.00
SALE-000006,PRD-0107,3,899.00,2697.00
SALE-000006,PRD-0110,2,999.00,1998.00
SALE-000006,PRD-0112,2,199.00,398.00
SALE-000007,PRD-0146,1,105.00,105.00
SALE-000008,PRD-0133,1,190.00,190.00
SALE-000008,PRD-0152,2,195.00,390.00
SALE-000008,PRD-0139,2,32.00,64.00
SALE-000008,PRD-0146,1,105.00,105.00
SALE-000009,PRD-0170,2,90.00,180.00
SALE-000009,PRD-0159,1,15.00,15.00
SALE-000009,PRD-0154,3,35.00,105.00
SALE-000009,PRD-0167,1,20.00,20.00
SALE-000010,PRD-0191,5,20.00,100.00
SALE-000011,PRD-0204,2,12.00,24.00
SALE-000012,PRD-0235,1,199.00,199.00
SALE-000012,PRD-0228,3,599.00,1797.00
SALE-000012,PRD-0226,2,299.00,598.00
SALE-000012,PRD-0231,1,299.00,299.00
SALE-000013,PRD-0255,1,150.00,150.00
SALE-000013,PRD-0249,1,165.00,165.00
SALE-000014,PRD-0275,1,195.00,195.00
SALE-000014,PRD-0258,2,165.00,330.00
SALE-000014,PRD-0263,1,40.00,40.00
SALE-000015,PRD-0265,2,45.00,90.00
SALE-000016,PRD-0284,1,40.00,40.00
SALE-000016,PRD-0291,3,25.00,75.00
SALE-000016,PRD-0287,1,60.00,60.00
SALE-000017,PRD-0291,1,25.00,25.00
SALE-000017,PRD-0276,2,28.00,56.00
SALE-000018,PRD-0334,3,1750.00,5250.00
SALE-000019,PRD-0373,2,20.00,40.00
SALE-000019,PRD-0376,1,35.00,35.00
SALE-000019,PRD-0362,3,25.00,75.00
SALE-000020,PRD-0417,2,45.00,90.00
SALE-000021,PRD-0408,1,190.00,190.00
SALE-000022,PRD-0439,1,60.00,60.00
SALE-000022,PRD-0441,2,150.00,300.00
SALE-000022,PRD-0437,1,50.00,50.00
SALE-000022,PRD-0436,1,40.00,40.00
SALE-000023,PRD-0483,1,150.00,150.00
SALE-000024,PRD-0503,1,195.00,195.00
SALE-000024,PRD-0480,1,440.00,440.00
SALE-000025,PRD-0488,1,25.00,25.00
SALE-000025,PRD-0481,2,46.00,92.00
SALE-000025,PRD-0477,1,165.00,165.00
SALE-000025,PRD-0476,1,120.00,120.00
SALE-000026,PRD-0504,1,280.00,280.00
SALE-000026,PRD-0512,3,130.00,390.00
SALE-000027,PRD-0561,1,130.00,130.00
SALE-000028,PRD-0577,1,35.00,35.00
SALE-000028,PRD-0575,3,95.00,285.00
SALE-000028,PRD-0572,1,38.00,38.00
SALE-000029,PRD-0557,1,46.00,46.00
SALE-000029,PRD-0553,2,165.00,330.00
SALE-000029,PRD-0564,3,25.00,75.00
SALE-000029,PRD-0576,2,90.00,180.00
SALE-000030,PRD-0580,3,28.00,84.00
SALE-000030,PRD-0586,3,15.00,45.00
SALE-000030,PRD-0588,2,40.00,80.00
SALE-000030,PRD-0584,3,60.00,180.00
SALE-000031,PRD-0602,1,410.00,410.00
SALE-000032,PRD-0625,3,25.00,75.00
SALE-000032,PRD-0607,7,105.00,735.00
SALE-000033,PRD-0639,1,30.00,30.00
SALE-000033,PRD-0651,1,95.00,95.00
SALE-000033,PRD-0653,1,35.00,35.00
SALE-000033,PRD-0649,2,105.00,210.00
SALE-000034,PRD-0631,1,100.00,100.00
SALE-000034,PRD-0635,2,150.00,300.00
SALE-000034,PRD-0629,2,165.00,330.00
SALE-000034,PRD-0639,1,30.00,30.00
SALE-000035,PRD-0673,2,18.00,36.00
SALE-000035,PRD-0657,1,50.00,50.00
SALE-000035,PRD-0662,1,5.00,5.00
SALE-000036,PRD-0682,2,35.00,70.00
SALE-000037,PRD-0743,1,45.00,45.00
SALE-000037,PRD-0744,1,38.00,38.00
SALE-000037,PRD-0747,1,105.00,105.00
SALE-000038,PRD-0818,3,35.00,105.00
SALE-000039,PRD-0810,1,38.00,38.00
SALE-000039,PRD-0823,3,25.00,75.00
SALE-000039,PRD-0809,3,35.00,105.00
SALE-000039,PRD-0821,2,150.00,300.00
SALE-000040,PRD-0855,1,199.00,199.00
SALE-000040,PRD-0858,2,599.00,1198.00
SALE-000041,PRD-0928,1,130.00,130.00
SALE-000041,PRD-0922,3,20.00,60.00
SALE-000042,PRD-0937,1,15.00,15.00
SALE-000043,PRD-0996,2,10.00,20.00
SALE-000043,PRD-0992,1,25.00,25.00
SALE-000044,PRD-1055,2,120.00,240.00
SALE-000045,PRD-1084,2,35.00,70.00
SALE-000046,PRD-1090,2,145.00,290.00
SALE-000046,PRD-1096,1,150.00,150.00
SALE-000047,PRD-1093,3,35.00,105.00
SALE-000048,PRD-1117,2,30.00,60.00
SALE-000048,PRD-1106,2,120.00,240.00
SALE-000049,PRD-1144,1,25.00,25.00
SALE-000050,PRD-1163,1,349.00,349.00
SALE-000051,PRD-1160,1,299.00,299.00
SALE-000051,PRD-1175,3,149.00,447.00
SALE-000051,PRD-1177,1,399.00,399.00
SALE-000051,PRD-1163,1,349.00,349.00
SALE-000052,PRD-1201,1,280.00,280.00
SALE-000052,PRD-1185,3,120.00,360.00
SALE-000053,PRD-1236,2,150.00,300.00
SALE-000053,PRD-1243,1,32.00,32.00
SALE-000053,PRD-1251,2,25.00,50.00
SALE-000053,PRD-1242,1,15.00,15.00
SALE-000054,PRD-1246,1,45.00,45.00
SALE-000054,PRD-1236,2,150.00,300.00
SALE-000054,PRD-1252,1,95.00,95.00
SALE-000054,PRD-1230,1,165.00,165.00
SALE-000055,PRD-1250,3,105.00,315.00
SALE-000056,PRD-1256,1,195.00,195.00
SALE-000056,PRD-1230,2,165.00,330.00
SALE-000056,PRD-1240,1,30.00,30.00
SALE-000056,PRD-1246,2,45.00,90.00
SALE-000057,PRD-0007,2,46.00,92.00
SALE-000058,PRD-0058,2,70.00,140.00
SALE-000059,PRD-0095,1,25.00,25.00
SALE-000059,PRD-0080,1,28.00,28.00
SALE-000059,PRD-0081,2,35.00,70.00
SALE-000059,PRD-0100,1,30.00,30.00
SALE-000060,PRD-0088,3,40.00,120.00
SALE-000060,PRD-0090,2,35.00,70.00
SALE-000061,PRD-0145,1,38.00,38.00
SALE-000061,PRD-0147,2,25.00,50.00
SALE-000061,PRD-0152,2,195.00,390.00
SALE-000061,PRD-0127,3,135.00,405.00
SALE-000062,PRD-0127,1,135.00,135.00
SALE-000062,PRD-0131,1,25.00,25.00
SALE-000063,PRD-0154,1,35.00,35.00
SALE-000063,PRD-0172,2,30.00,60.00
SALE-000064,PRD-0168,2,25.00,50.00
SALE-000064,PRD-0158,2,340.00,680.00
SALE-000064,PRD-0162,2,50.00,100.00
SALE-000065,PRD-0154,1,35.00,35.00
SALE-000066,PRD-0198,1,25.00,25.00
SALE-000066,PRD-0196,1,190.00,190.00
SALE-000066,PRD-0178,12,95.00,1140.00
SALE-000067,PRD-0226,1,315.00,315.00
SALE-000068,PRD-0266,1,38.00,38.00
SALE-000068,PRD-0264,2,18.00,36.00
SALE-000069,PRD-0247,2,1300.00,2600.00
SALE-000069,PRD-0249,1,165.00,165.00
SALE-000069,PRD-0248,2,120.00,240.00
SALE-000069,PRD-0261,1,15.00,15.00
SALE-000070,PRD-0282,1,15.00,15.00
SALE-000071,PRD-0278,2,38.00,76.00
SALE-000071,PRD-0286,2,35.00,70.00
SALE-000071,PRD-0277,1,35.00,35.00
SALE-000071,PRD-0290,3,20.00,60.00
SALE-000072,PRD-0300,1,165.00,165.00
SALE-000072,PRD-0312,1,15.00,15.00
SALE-000073,PRD-0302,1,100.00,100.00
SALE-000073,PRD-0303,1,440.00,440.00
SALE-000074,PRD-0350,1,25.00,25.00
SALE-000074,PRD-0337,2,65.00,130.00
SALE-000075,PRD-0352,2,280.00,560.00
SALE-000076,PRD-0414,2,32.00,64.00
SALE-000076,PRD-0419,3,35.00,105.00
SALE-000076,PRD-0403,2,100.00,200.00
SALE-000076,PRD-0426,3,20.00,60.00
SALE-000077,PRD-0405,2,46.00,92.00
SALE-000077,PRD-0413,1,15.00,15.00
SALE-000078,PRD-0467,1,99.00,99.00
SALE-000079,PRD-0452,5,20.00,100.00
SALE-000079,PRD-0454,10,120.00,1200.00
SALE-000080,PRD-0501,2,35.00,70.00
SALE-000081,PRD-0500,2,90.00,180.00
SALE-000081,PRD-0477,1,165.00,165.00
SALE-000081,PRD-0483,1,150.00,150.00
SALE-000082,PRD-0476,2,120.00,240.00
SALE-000082,PRD-0503,1,195.00,195.00
SALE-000082,PRD-0496,1,38.00,38.00
SALE-000082,PRD-0492,1,18.00,18.00
SALE-000083,PRD-0505,2,50.00,100.00
SALE-000083,PRD-0511,1,6.00,6.00
SALE-000083,PRD-0515,1,30.00,30.00
SALE-000083,PRD-0524,1,30.00,30.00
SALE-000084,PRD-0553,2,165.00,330.00
SALE-000084,PRD-0561,1,130.00,130.00
SALE-000085,PRD-0599,1,30.00,30.00
SALE-000086,PRD-0599,3,30.00,90.00
SALE-000087,PRD-0631,2,100.00,200.00
SALE-000087,PRD-0628,1,120.00,120.00
SALE-000088,PRD-0638,1,165.00,165.00
SALE-000088,PRD-0643,3,40.00,120.00
SALE-000089,PRD-0648,3,38.00,114.00
SALE-000089,PRD-0641,2,15.00,30.00
SALE-000089,PRD-0629,2,165.00,330.00
SALE-000090,PRD-0663,1,6.00,6.00
SALE-000091,PRD-0691,3,35.00,105.00
SALE-000092,PRD-0693,2,90.00,180.00
SALE-000092,PRD-0695,2,20.00,40.00
SALE-000093,PRD-0696,1,25.00,25.00
SALE-000093,PRD-0681,2,28.00,56.00
SALE-000094,PRD-0710,1,1299.00,1299.00
SALE-000094,PRD-0723,2,249.00,498.00
SALE-000094,PRD-0708,2,899.00,1798.00
SALE-000095,PRD-0753,1,195.00,195.00
SALE-000096,PRD-0737,2,30.00,60.00
SALE-000097,PRD-0787,1,150.00,150.00
SALE-000097,PRD-0784,1,440.00,440.00
SALE-000097,PRD-0790,2,165.00,330.00
SALE-000098,PRD-0811,2,95.00,190.00
SALE-000098,PRD-0826,3,45.00,135.00
SALE-000099,PRD-0834,2,12.00,24.00
SALE-000099,PRD-0832,1,60.00,60.00
SALE-000099,PRD-0839,2,15.00,30.00
SALE-000100,PRD-0857,1,149.00,149.00
SALE-000100,PRD-0872,3,149.00,447.00
SALE-000100,PRD-0864,1,149.00,149.00
SALE-000100,PRD-0862,2,1299.00,2598.00
SALE-000101,PRD-0857,1,149.00,149.00
SALE-000101,PRD-0860,2,899.00,1798.00
SALE-000101,PRD-0855,1,199.00,199.00
SALE-000102,PRD-0864,1,149.00,149.00
SALE-000103,PRD-0882,3,440.00,1320.00
SALE-000103,PRD-0899,2,105.00,210.00
SALE-000104,PRD-0914,2,1200.00,2400.00
SALE-000105,PRD-0912,2,780.00,1560.00
SALE-000106,PRD-0926,2,280.00,560.00
SALE-000106,PRD-0919,1,60.00,60.00
SALE-000107,PRD-0966,1,25.00,25.00
SALE-000107,PRD-0956,1,135.00,135.00
SALE-000107,PRD-0972,2,38.00,76.00
SALE-000108,PRD-0976,1,25.00,25.00
SALE-000109,PRD-1004,1,45.00,45.00
SALE-000110,PRD-1010,1,599.00,599.00
SALE-000111,PRD-1038,1,390.00,390.00
SALE-000111,PRD-1049,2,280.00,560.00
SALE-000111,PRD-1036,1,1750.00,1750.00
SALE-000111,PRD-1046,2,99.00,198.00
SALE-000112,PRD-1037,1,1200.00,1200.00
SALE-000113,PRD-1058,1,100.00,100.00
SALE-000114,PRD-1062,3,150.00,450.00
SALE-000114,PRD-1057,1,135.00,135.00
SALE-000114,PRD-1061,3,25.00,75.00
SALE-000114,PRD-1054,1,1300.00,1300.00
SALE-000115,PRD-1086,3,95.00,285.00
SALE-000115,PRD-1093,1,35.00,35.00
SALE-000115,PRD-1101,2,45.00,90.00
SALE-000116,PRD-1106,1,120.00,120.00
SALE-000116,PRD-1111,1,46.00,46.00
SALE-000117,PRD-1163,2,349.00,698.00
SALE-000117,PRD-1174,1,99.00,99.00
SALE-000118,PRD-1159,3,199.00,597.00
SALE-000118,PRD-1172,1,599.00,599.00
SALE-000119,PRD-1205,1,150.00,150.00
SALE-000119,PRD-1190,2,390.00,780.00
SALE-000119,PRD-1195,1,290.00,290.00
SALE-000119,PRD-1202,1,190.00,190.00
SALE-000120,PRD-1219,1,150.00,150.00
SALE-000121,PRD-1208,1,38.00,38.00
SALE-000122,PRD-1238,2,130.00,260.00
SALE-000122,PRD-1230,2,165.00,330.00
SALE-000122,PRD-1251,3,25.00,75.00
SALE-000123,PRD-1235,1,25.00,25.00
SALE-000123,PRD-1247,1,38.00,38.00
SALE-000124,PRD-0024,2,25.00,50.00
SALE-000124,PRD-0021,3,35.00,105.00
SALE-000124,PRD-0008,1,25.00,25.00
SALE-000125,PRD-0029,2,195.00,390.00
SALE-000125,PRD-0024,1,25.00,25.00
SALE-000126,PRD-0008,1,25.00,25.00
SALE-000126,PRD-0024,3,25.00,75.00
SALE-000126,PRD-0016,1,32.00,32.00
SALE-000126,PRD-0004,1,135.00,135.00
SALE-000127,PRD-0052,1,130.00,130.00
SALE-000128,PRD-0035,1,105.00,105.00
SALE-000128,PRD-0038,3,1200.00,3600.00
SALE-000128,PRD-0036,2,780.00,1560.00
SALE-000129,PRD-0056,1,50.00,50.00
SALE-000129,PRD-0055,1,280.00,280.00
SALE-000130,PRD-0063,1,130.00,130.00
SALE-000131,PRD-0128,3,100.00,300.00
SALE-000132,PRD-0130,2,46.00,92.00
SALE-000132,PRD-0131,1,25.00,25.00
SALE-000132,PRD-0125,1,120.00,120.00
SALE-000132,PRD-0128,3,100.00,300.00
SALE-000133,PRD-0140,1,40.00,40.00
SALE-000134,PRD-0185,3,65.00,195.00
SALE-000134,PRD-0192,1,99.00,99.00
SALE-000134,PRD-0176,2,210.00,420.00
SALE-000135,PRD-0214,3,10.00,30.00
SALE-000135,PRD-0220,2,30.00,60.00
SALE-000136,PRD-0260,3,25.00,75.00
SALE-000137,PRD-0249,2,165.00,330.00
SALE-000137,PRD-0253,2,46.00,92.00
SALE-000137,PRD-0261,1,15.00,15.00
SALE-000137,PRD-0259,1,30.00,30.00
SALE-000138,PRD-0284,2,40.00,80.00
SALE-000138,PRD-0280,2,60.00,120.00
SALE-000138,PRD-0286,2,35.00,70.00
SALE-000139,PRD-0325,1,20.00,20.00
SALE-000139,PRD-0312,2,15.00,30.00
SALE-000139,PRD-0313,1,32.00,32.00
SALE-000140,PRD-0327,1,410.00,410.00
SALE-000140,PRD-0332,1,105.00,105.00
SALE-000141,PRD-0328,3,210.00,630.00
SALE-000141,PRD-0327,1,410.00,410.00
SALE-000141,PRD-0330,2,95.00,190.00
SALE-000142,PRD-0372,1,30.00,30.00
SALE-000143,PRD-0380,2,599.00,1198.00
SALE-000144,PRD-0386,2,149.00,298.00
SALE-000144,PRD-0383,1,299.00,299.00
SALE-000145,PRD-0426,2,20.00,40.00
SALE-000145,PRD-0409,1,130.00,130.00
SALE-000146,PRD-0412,1,25.00,25.00
SALE-000147,PRD-0401,2,165.00,330.00
SALE-000147,PRD-0415,2,40.00,80.00
SALE-000148,PRD-0469,2,40.00,80.00
SALE-000148,PRD-0451,3,210.00,630.00
SALE-000149,PRD-0498,2,25.00,50.00
SALE-000149,PRD-0482,2,25.00,50.00
SALE-000149,PRD-0503,3,195.00,585.00
SALE-000149,PRD-0475,1,1300.00,1300.00
SALE-000150,PRD-0486,2,165.00,330.00
SALE-000151,PRD-0507,3,70.00,210.00
SALE-000151,PRD-0514,2,25.00,50.00
SALE-000151,PRD-0510,1,5.00,5.00
SALE-000152,PRD-0557,2,46.00,92.00
SALE-000152,PRD-0553,2,165.00,330.00
SALE-000153,PRD-0561,2,130.00,260.00
SALE-000153,PRD-0551,1,1300.00,1300.00
SALE-000154,PRD-0561,1,130.00,130.00
SALE-000154,PRD-0575,2,95.00,190.00
SALE-000154,PRD-0559,3,150.00,450.00
SALE-000155,PRD-0586,1,15.00,15.00
SALE-000155,PRD-0580,3,28.00,84.00
SALE-000155,PRD-0591,3,60.00,180.00
SALE-000156,PRD-0623,3,190.00,570.00
SALE-000157,PRD-0633,2,46.00,92.00
SALE-000157,PRD-0644,1,18.00,18.00
SALE-000157,PRD-0641,2,15.00,30.00
SALE-000158,PRD-0630,1,135.00,135.00
SALE-000158,PRD-0629,3,165.00,495.00
SALE-000158,PRD-0653,1,35.00,35.00
SALE-000158,PRD-0638,1,165.00,165.00
SALE-000159,PRD-0641,1,15.00,15.00
SALE-000160,PRD-0641,1,15.00,15.00
SALE-000160,PRD-0628,3,120.00,360.00
SALE-000160,PRD-0631,2,100.00,200.00
SALE-000161,PRD-0673,2,18.00,36.00
SALE-000161,PRD-0658,1,60.00,60.00
SALE-000162,PRD-0689,3,40.00,120.00
SALE-000162,PRD-0681,3,28.00,84.00
SALE-000162,PRD-0682,3,35.00,105.00
SALE-000163,PRD-0718,3,99.00,297.00
SALE-000163,PRD-0716,2,599.00,1198.00
SALE-000163,PRD-0710,1,1299.00,1299.00
SALE-000164,PRD-0750,3,90.00,270.00
SALE-000164,PRD-0731,1,46.00,46.00
SALE-000165,PRD-0751,1,35.00,35.00
SALE-000165,PRD-0737,2,30.00,60.00
SALE-000165,PRD-0734,3,190.00,570.00
SALE-000166,PRD-0826,2,45.00,90.00
SALE-000166,PRD-0808,2,28.00,56.00
SALE-000166,PRD-0816,3,40.00,120.00
SALE-000166,PRD-0823,1,25.00,25.00
SALE-000167,PRD-0855,2,199.00,398.00
SALE-000168,PRD-0897,1,35.00,35.00
SALE-000169,PRD-0932,1,35.00,35.00
SALE-000169,PRD-0938,1,145.00,145.00
SALE-000169,PRD-0949,1,45.00,45.00
SALE-000170,PRD-0959,2,46.00,92.00
SALE-000170,PRD-0954,3,120.00,360.00
SALE-000170,PRD-0963,1,130.00,130.00
SALE-000170,PRD-0960,1,25.00,25.00
SALE-000171,PRD-0959,2,46.00,92.00
SALE-000172,PRD-0963,1,130.00,130.00
SALE-000173,PRD-0995,1,45.00,45.00
SALE-000173,PRD-0989,1,6.00,6.00
SALE-000174,PRD-1003,2,20.00,40.00
SALE-000175,PRD-1005,3,80.00,240.00
SALE-000176,PRD-1064,2,130.00,260.00
SALE-000176,PRD-1059,1,440.00,440.00
SALE-000177,PRD-1079,1,90.00,90.00
SALE-000178,PRD-1102,3,30.00,90.00
SALE-000178,PRD-1097,3,20.00,60.00
SALE-000178,PRD-1098,1,25.00,25.00
SALE-000178,PRD-1092,2,50.00,100.00
SALE-000179,PRD-1084,3,35.00,105.00
SALE-000179,PRD-1088,1,340.00,340.00
SALE-000180,PRD-1104,2,120.00,240.00
SALE-000181,PRD-1105,1,1300.00,1300.00
SALE-000181,PRD-1112,1,25.00,25.00
SALE-000181,PRD-1120,2,32.00,64.00
SALE-000182,PRD-1119,2,15.00,30.00
SALE-000182,PRD-1118,1,25.00,25.00
SALE-000183,PRD-1162,1,599.00,599.00
SALE-000184,PRD-1186,3,105.00,315.00
SALE-000184,PRD-1192,1,160.00,160.00
SALE-000184,PRD-1184,1,95.00,95.00
SALE-000185,PRD-1206,2,28.00,56.00
SALE-000185,PRD-1207,1,35.00,35.00
SALE-000186,PRD-1236,3,150.00,450.00
SALE-000186,PRD-1237,1,190.00,190.00
SALE-000187,PRD-0063,2,130.00,260.00
SALE-000187,PRD-0060,1,50.00,50.00
SALE-000187,PRD-0069,2,10.00,20.00
SALE-000187,PRD-0073,2,250.00,500.00
SALE-000188,PRD-0082,1,38.00,38.00
SALE-000188,PRD-0083,3,95.00,285.00
SALE-000189,PRD-0110,1,999.00,999.00
SALE-000189,PRD-0105,2,599.00,1198.00
SALE-000189,PRD-0114,1,349.00,349.00
SALE-000189,PRD-0116,2,449.00,898.00
SALE-000190,PRD-0107,2,899.00,1798.00
SALE-000190,PRD-0102,2,199.00,398.00
SALE-000191,PRD-0167,1,20.00,20.00
SALE-000191,PRD-0153,2,28.00,56.00
SALE-000192,PRD-0171,2,45.00,90.00
SALE-000192,PRD-0157,3,60.00,180.00
SALE-000193,PRD-0163,1,35.00,35.00
SALE-000193,PRD-0174,1,120.00,120.00
SALE-000194,PRD-0176,2,210.00,420.00
SALE-000194,PRD-0177,1,20.00,20.00
SALE-000194,PRD-0192,1,99.00,99.00
SALE-000194,PRD-0196,1,190.00,190.00
SALE-000195,PRD-0187,1,12.00,12.00
SALE-000195,PRD-0197,1,130.00,130.00
SALE-000195,PRD-0175,2,410.00,820.00
SALE-000195,PRD-0179,2,120.00,240.00
SALE-000196,PRD-0217,3,18.00,54.00
SALE-000197,PRD-0227,2,149.00,298.00
SALE-000197,PRD-0229,2,349.00,698.00
SALE-000198,PRD-0269,1,105.00,105.00
SALE-000198,PRD-0266,2,38.00,76.00
SALE-000198,PRD-0247,2,1300.00,2600.00
SALE-000199,PRD-0266,2,38.00,76.00
SALE-000199,PRD-0259,1,30.00,30.00
SALE-000200,PRD-0366,1,10.00,10.00
SALE-000200,PRD-0364,2,60.00,120.00
SALE-000200,PRD-0353,1,50.00,50.00
SALE-000200,PRD-0365,3,45.00,135.00
SALE-000201,PRD-0415,1,40.00,40.00
SALE-000202,PRD-0413,1,15.00,15.00
SALE-000203,PRD-0434,1,15.00,15.00
SALE-000204,PRD-0470,3,280.00,840.00
SALE-000205,PRD-0485,2,130.00,260.00
SALE-000205,PRD-0481,1,46.00,46.00
SALE-000206,PRD-0522,2,250.00,500.00
SALE-000206,PRD-0523,2,25.00,50.00
SALE-000207,PRD-0560,1,190.00,190.00
SALE-000207,PRD-0576,2,90.00,180.00
SALE-000208,PRD-0561,1,130.00,130.00
SALE-000208,PRD-0556,2,440.00,880.00
SALE-000209,PRD-0619,3,99.00,297.00
SALE-000209,PRD-0613,1,160.00,160.00
SALE-000210,PRD-0633,1,46.00,46.00
SALE-000211,PRD-0628,1,120.00,120.00
SALE-000212,PRD-0628,1,120.00,120.00
SALE-000212,PRD-0633,1,46.00,46.00
SALE-000213,PRD-0648,2,38.00,76.00
SALE-000214,PRD-0662,1,5.00,5.00
SALE-000214,PRD-0656,1,280.00,280.00
SALE-000214,PRD-0674,3,250.00,750.00
SALE-000214,PRD-0666,2,25.00,50.00
SALE-000215,PRD-0664,1,130.00,130.00
SALE-000215,PRD-0656,2,280.00,560.00
SALE-000216,PRD-0684,2,95.00,190.00
SALE-000216,PRD-0693,1,90.00,90.00
SALE-000216,PRD-0689,2,40.00,80.00
SALE-000217,PRD-0715,2,349.00,698.00
SALE-000217,PRD-0710,2,1299.00,2598.00
SALE-000218,PRD-0712,1,149.00,149.00
SALE-000219,PRD-0743,2,45.00,90.00
SALE-000219,PRD-0738,1,25.00,25.00
SALE-000219,PRD-0731,2,46.00,92.00
SALE-000220,PRD-0734,2,190.00,380.00
SALE-000220,PRD-0725,2,1300.00,2600.00
SALE-000220,PRD-0741,2,40.00,80.00
SALE-000221,PRD-0809,1,35.00,35.00
SALE-000222,PRD-0831,3,50.00,150.00
SALE-000222,PRD-0854,3,35.00,105.00
SALE-000223,PRD-0858,1,599.00,599.00
SALE-000223,PRD-0864,3,149.00,447.00
SALE-000223,PRD-0865,3,199.00,597.00
SALE-000223,PRD-0862,1,1299.00,1299.00
SALE-000224,PRD-0894,1,18.00,18.00
SALE-000224,PRD-0882,2,440.00,880.00
SALE-000225,PRD-0901,1,95.00,95.00
SALE-000225,PRD-0885,1,150.00,150.00
SALE-000225,PRD-0877,1,1300.00,1300.00
SALE-000226,PRD-0908,1,20.00,20.00
SALE-000226,PRD-0918,2,12.00,24.00
SALE-000226,PRD-0907,2,210.00,420.00
SALE-000226,PRD-0917,3,160.00,480.00
SALE-000227,PRD-0933,1,38.00,38.00
SALE-000227,PRD-0931,1,28.00,28.00
SALE-000228,PRD-0949,1,45.00,45.00
SALE-000228,PRD-0935,1,60.00,60.00
SALE-000229,PRD-0986,2,12.00,24.00
SALE-000229,PRD-0990,1,130.00,130.00
SALE-000230,PRD-0996,2,10.00,20.00
SALE-000230,PRD-1000,2,250.00,500.00
SALE-000231,PRD-1045,2,20.00,40.00
SALE-000231,PRD-1031,1,20.00,20.00
SALE-000232,PRD-1061,1,25.00,25.00
SALE-000232,PRD-1056,2,165.00,330.00
SALE-000232,PRD-1062,1,150.00,150.00
SALE-000233,PRD-1098,2,25.00,50.00
SALE-000233,PRD-1101,3,45.00,135.00
SALE-000233,PRD-1102,2,30.00,60.00
SALE-000234,PRD-1135,1,50.00,50.00
SALE-000235,PRD-1169,3,199.00,597.00
SALE-000236,PRD-1178,3,999.00,2997.00
SALE-000236,PRD-1168,1,149.00,149.00
SALE-000236,PRD-1165,1,299.00,299.00
SALE-000236,PRD-1174,1,99.00,99.00
SALE-000237,PRD-1208,1,38.00,38.00
SALE-000237,PRD-1210,2,60.00,120.00
SALE-000238,PRD-1206,1,28.00,28.00
SALE-000239,PRD-1242,2,15.00,30.00
SALE-000240,PRD-1254,2,35.00,70.00
SALE-000240,PRD-1251,3,25.00,75.00
SALE-000240,PRD-1247,1,38.00,38.00
SALE-000240,PRD-1235,1,25.00,25.00
SALE-000241,PRD-0059,2,12.00,24.00
SALE-000242,PRD-0099,2,30.00,60.00
SALE-000243,PRD-0107,1,899.00,899.00
SALE-000244,PRD-0160,2,145.00,290.00
SALE-000245,PRD-0180,1,105.00,105.00
SALE-000245,PRD-0190,2,240.00,480.00
SALE-000245,PRD-0179,1,120.00,120.00
SALE-000246,PRD-0223,2,80.00,160.00
SALE-000246,PRD-0222,1,45.00,45.00
SALE-000246,PRD-0202,1,60.00,60.00
SALE-000247,PRD-0252,1,440.00,440.00
SALE-000248,PRD-0249,3,165.00,495.00
SALE-000248,PRD-0253,2,46.00,92.00
SALE-000249,PRD-0287,3,60.00,180.00
SALE-000249,PRD-0292,1,650.00,650.00
SALE-000250,PRD-0321,3,25.00,75.00
SALE-000250,PRD-0312,3,15.00,45.00
SALE-000250,PRD-0310,2,30.00,60.00
SALE-000250,PRD-0306,1,150.00,150.00
SALE-000251,PRD-0306,1,150.00,150.00
SALE-000251,PRD-0310,2,30.00,60.00
SALE-000252,PRD-0387,1,199.00,199.00
SALE-000252,PRD-0385,2,999.00,1998.00
SALE-000253,PRD-0420,1,38.00,38.00
SALE-000253,PRD-0399,1,1300.00,1300.00
SALE-000254,PRD-0434,1,15.00,15.00
SALE-000254,PRD-0442,2,20.00,40.00
SALE-000255,PRD-0432,2,60.00,120.00
SALE-000255,PRD-0436,2,40.00,80.00
SALE-000255,PRD-0433,2,340.00,680.00
SALE-000255,PRD-0442,3,20.00,60.00
SALE-000256,PRD-0451,2,210.00,420.00
SALE-000257,PRD-0457,1,1750.00,1750.00
SALE-000257,PRD-0465,2,240.00,480.00
SALE-000258,PRD-0476,1,120.00,120.00
SALE-000258,PRD-0494,1,38.00,38.00
SALE-000258,PRD-0481,3,46.00,138.00
SALE-000258,PRD-0477,1,165.00,165.00
SALE-000259,PRD-0521,1,18.00,18.00
SALE-000259,PRD-0513,1,15.00,15.00
SALE-000259,PRD-0504,2,280.00,560.00
SALE-000259,PRD-0508,3,12.00,36.00
SALE-000260,PRD-0575,1,95.00,95.00
SALE-000260,PRD-0573,2,105.00,210.00
SALE-000260,PRD-0561,1,130.00,130.00
SALE-000260,PRD-0553,1,165.00,165.00
SALE-000261,PRD-0559,2,150.00,300.00
SALE-000262,PRD-0586,1,15.00,15.00
SALE-000262,PRD-0581,2,35.00,70.00
SALE-000262,PRD-0583,1,95.00,95.00
SALE-000263,PRD-0644,2,18.00,36.00
SALE-000263,PRD-0649,2,105.00,210.00
SALE-000263,PRD-0641,2,15.00,30.00
SALE-000263,PRD-0635,1,150.00,150.00
SALE-000264,PRD-0638,3,165.00,495.00
SALE-000265,PRD-0667,2,30.00,60.00
SALE-000266,PRD-0692,2,60.00,120.00
SALE-000266,PRD-0681,2,28.00,56.00
SALE-000267,PRD-0695,1,20.00,20.00
SALE-000268,PRD-0703,1,199.00,199.00
SALE-000269,PRD-0735,2,130.00,260.00
SALE-000270,PRD-0752,2,20.00,40.00
SALE-000270,PRD-0745,1,35.00,35.00
SALE-000270,PRD-0732,2,25.00,50.00
SALE-000270,PRD-0737,2,30.00,60.00
SALE-000271,PRD-0771,3,99.00,297.00
SALE-000271,PRD-0768,6,290.00,1740.00
SALE-000272,PRD-0792,2,25.00,50.00
SALE-000272,PRD-0788,1,190.00,190.00
SALE-000272,PRD-0779,1,1300.00,1300.00
SALE-000273,PRD-0788,2,190.00,380.00
SALE-000273,PRD-0791,1,30.00,30.00
SALE-000273,PRD-0784,3,440.00,1320.00
SALE-000273,PRD-0804,1,90.00,90.00
SALE-000274,PRD-0792,2,25.00,50.00
SALE-000275,PRD-0878,1,120.00,120.00
SALE-000275,PRD-0887,3,130.00,390.00
SALE-000276,PRD-0877,2,1300.00,2600.00
SALE-000276,PRD-0888,3,165.00,495.00
SALE-000276,PRD-0895,1,45.00,45.00
SALE-000276,PRD-0883,1,46.00,46.00
SALE-000277,PRD-0880,1,135.00,135.00
SALE-000278,PRD-0908,3,20.00,60.00
SALE-000278,PRD-0906,3,410.00,1230.00
SALE-000279,PRD-0933,2,38.00,76.00
SALE-000279,PRD-0934,1,95.00,95.00
SALE-000279,PRD-0931,1,28.00,28.00
SALE-000279,PRD-0932,1,35.00,35.00
SALE-000280,PRD-0970,1,18.00,18.00
SALE-000280,PRD-0969,3,40.00,120.00
SALE-000281,PRD-0992,1,25.00,25.00
SALE-000282,PRD-0987,1,50.00,50.00
SALE-000282,PRD-0993,3,30.00,90.00
SALE-000282,PRD-0984,1,60.00,60.00
SALE-000283,PRD-1009,1,149.00,149.00
SALE-000283,PRD-1024,3,149.00,447.00
SALE-000284,PRD-1076,1,105.00,105.00
SALE-000284,PRD-1075,1,38.00,38.00
SALE-000284,PRD-1066,3,30.00,90.00
SALE-000284,PRD-1059,1,440.00,440.00
SALE-000285,PRD-1066,2,30.00,60.00
SALE-000285,PRD-1056,1,165.00,165.00
SALE-000285,PRD-1075,1,38.00,38.00
SALE-000285,PRD-1064,1,130.00,130.00
SALE-000286,PRD-1092,1,50.00,50.00
SALE-000286,PRD-1083,3,28.00,84.00
SALE-000287,PRD-1116,1,165.00,165.00
SALE-000287,PRD-1117,1,30.00,30.00
SALE-000288,PRD-1136,2,60.00,120.00
SALE-000288,PRD-1141,2,6.00,12.00
SALE-000288,PRD-1143,1,15.00,15.00
SALE-000289,PRD-1162,2,599.00,1198.00
SALE-000290,PRD-1178,2,999.00,1998.00
SALE-000290,PRD-1163,1,349.00,349.00
SALE-000291,PRD-1206,2,28.00,56.00
SALE-000292,PRD-1207,1,35.00,35.00
SALE-000293,PRD-1206,2,28.00,56.00
SALE-000293,PRD-1209,1,95.00,95.00
SALE-000294,PRD-1255,3,20.00,60.00
SALE-000294,PRD-1256,2,205.00,410.00
SALE-000295,PRD-1254,1,35.00,35.00
SALE-000295,PRD-1250,1,105.00,105.00
SALE-000296,PRD-0008,2,25.00,50.00
SALE-000297,PRD-0013,1,30.00,30.00
SALE-000297,PRD-0024,1,25.00,25.00
SALE-000297,PRD-0003,1,165.00,165.00
SALE-000298,PRD-0039,1,390.00,390.00
SALE-000298,PRD-0034,1,120.00,120.00
SALE-000298,PRD-0043,3,60.00,180.00
SALE-000298,PRD-0036,1,780.00,780.00
SALE-000299,PRD-0090,2,35.00,70.00
SALE-000300,PRD-0094,1,20.00,20.00
SALE-000300,PRD-0082,3,38.00,114.00
SALE-000300,PRD-0088,1,40.00,40.00
SALE-000301,PRD-0113,1,1199.00,1199.00
SALE-000301,PRD-0105,2,599.00,1198.00
SALE-000302,PRD-0127,3,135.00,405.00
SALE-000303,PRD-0125,2,120.00,240.00
SALE-000303,PRD-0152,2,195.00,390.00
SALE-000303,PRD-0132,1,150.00,150.00
SALE-000304,PRD-0138,2,15.00,30.00
SALE-000304,PRD-0143,1,38.00,38.00
SALE-000305,PRD-0183,3,1200.00,3600.00
SALE-000305,PRD-0178,1,95.00,95.00
SALE-000305,PRD-0195,1,280.00,280.00
SALE-000305,PRD-0191,1,20.00,20.00
SALE-000306,PRD-0225,1,199.00,199.00
SALE-000307,PRD-0267,2,35.00,70.00
SALE-000308,PRD-0252,1,440.00,440.00
SALE-000309,PRD-0270,3,25.00,75.00
SALE-000309,PRD-0272,1,90.00,90.00
SALE-000310,PRD-0267,1,35.00,35.00
SALE-000311,PRD-0278,2,38.00,76.00
SALE-000311,PRD-0276,2,28.00,56.00
SALE-000311,PRD-0283,1,145.00,145.00
SALE-000311,PRD-0277,1,35.00,35.00
SALE-000312,PRD-0312,1,15.00,15.00
SALE-000312,PRD-0317,2,38.00,76.00
SALE-000312,PRD-0305,1,25.00,25.00
SALE-000312,PRD-0303,2,440.00,880.00
SALE-000313,PRD-0387,2,199.00,398.00
SALE-000314,PRD-0412,1,25.00,25.00
SALE-000315,PRD-0434,1,15.00,15.00
SALE-000316,PRD-0467,1,99.00,99.00
SALE-000317,PRD-0483,2,150.00,300.00
SALE-000318,PRD-0493,1,45.00,45.00
SALE-000318,PRD-0479,1,100.00,100.00
SALE-000318,PRD-0477,1,165.00,165.00
SALE-000319,PRD-0504,1,280.00,280.00
SALE-000319,PRD-0511,3,6.00,18.00
SALE-000319,PRD-0524,2,30.00,60.00
SALE-000319,PRD-0507,1,70.00,70.00
SALE-000320,PRD-0522,1,250.00,250.00
SALE-000320,PRD-0513,1,15.00,15.00
SALE-000320,PRD-0505,3,50.00,150.00
SALE-000320,PRD-0512,1,130.00,130.00
SALE-000321,PRD-0563,1,30.00,30.00
SALE-000321,PRD-0579,1,195.00,195.00
SALE-000321,PRD-0557,2,46.00,92.00
SALE-000322,PRD-0570,2,38.00,76.00
SALE-000323,PRD-0588,2,40.00,80.00
SALE-000323,PRD-0597,2,90.00,180.00
SALE-000323,PRD-0581,2,35.00,70.00
SALE-000324,PRD-0626,1,150.00,150.00
SALE-000324,PRD-0604,2,20.00,40.00
SALE-000325,PRD-0605,1,95.00,95.00
SALE-000325,PRD-0619,2,99.00,198.00
SALE-000325,PRD-0610,1,1200.00,1200.00
SALE-000326,PRD-0655,2,195.00,390.00
SALE-000326,PRD-0629,1,165.00,165.00
SALE-000326,PRD-0650,2,25.00,50.00
SALE-000327,PRD-0647,1,35.00,35.00
SALE-000328,PRD-0682,2,35.00,70.00
SALE-000328,PRD-0693,1,90.00,90.00
SALE-000328,PRD-0691,3,35.00,105.00
SALE-000329,PRD-0723,1,249.00,249.00
SALE-000329,PRD-0720,3,149.00,447.00
SALE-000329,PRD-0711,1,999.00,999.00
SALE-000330,PRD-0789,1,130.00,130.00
SALE-000330,PRD-0793,1,15.00,15.00
SALE-000330,PRD-0785,1,46.00,46.00
SALE-000330,PRD-0787,2,150.00,300.00
SALE-000331,PRD-0818,2,35.00,70.00
SALE-000332,PRD-0844,3,10.00,30.00
SALE-000332,PRD-0836,1,5.00,5.00
SALE-000332,PRD-0831,1,50.00,50.00
SALE-000333,PRD-0865,1,199.00,199.00
SALE-000333,PRD-0868,1,599.00,599.00
SALE-000333,PRD-0867,3,349.00,1047.00
SALE-000333,PRD-0858,2,599.00,1198.00
SALE-000334,PRD-0855,1,199.00,199.00
SALE-000334,PRD-0856,3,299.00,897.00
SALE-000335,PRD-0877,3,1300.00,3900.00
SALE-000336,PRD-0879,3,165.00,495.00
SALE-000336,PRD-0898,2,38.00,76.00
SALE-000337,PRD-0929,1,25.00,25.00
SALE-000337,PRD-0918,2,12.00,24.00
SALE-000337,PRD-0907,3,210.00,630.00
SALE-000337,PRD-0923,3,99.00,297.00
SALE-000338,PRD-0920,2,290.00,580.00
SALE-000338,PRD-0914,2,1200.00,2400.00
SALE-000339,PRD-0921,2,240.00,480.00
SALE-000339,PRD-0906,1,410.00,410.00
SALE-000340,PRD-0935,1,60.00,60.00
SALE-000340,PRD-0943,1,90.00,90.00
SALE-000341,PRD-0958,2,440.00,880.00
SALE-000342,PRD-0975,1,105.00,105.00
SALE-000343,PRD-1003,1,20.00,20.00
SALE-000344,PRD-1013,1,299.00,299.00
SALE-000344,PRD-1021,1,462.00,462.00
SALE-000345,PRD-1031,1,20.00,20.00
SALE-000345,PRD-1042,1,60.00,60.00
SALE-000345,PRD-1029,3,410.00,1230.00
SALE-000346,PRD-1034,3,105.00,315.00
SALE-000346,PRD-1030,1,210.00,210.00
SALE-000346,PRD-1035,2,780.00,1560.00
SALE-000347,PRD-1082,1,195.00,195.00
SALE-000347,PRD-1060,1,46.00,46.00
SALE-000347,PRD-1059,1,440.00,440.00
SALE-000347,PRD-1069,1,32.00,32.00
SALE-000348,PRD-1089,2,15.00,30.00
SALE-000348,PRD-1092,3,50.00,150.00
SALE-000348,PRD-1101,1,45.00,45.00
SALE-000349,PRD-1132,1,20.00,20.00
SALE-000350,PRD-1164,3,899.00,2697.00
SALE-000350,PRD-1173,1,449.00,449.00
SALE-000350,PRD-1168,3,149.00,447.00
SALE-000351,PRD-1166,2,1299.00,2598.00
SALE-000352,PRD-1226,1,30.00,30.00
SALE-000353,PRD-1243,1,32.00,32.00
SALE-000354,PRD-1254,3,35.00,105.00
SALE-000354,PRD-1231,2,135.00,270.00
SALE-000354,PRD-1240,1,30.00,30.00
SALE-000355,PRD-0036,1,780.00,780.00
SALE-000355,PRD-0039,1,390.00,390.00
SALE-000356,PRD-0059,3,12.00,36.00
SALE-000357,PRD-0092,1,90.00,90.00
SALE-000358,PRD-0080,2,28.00,56.00
SALE-000358,PRD-0098,1,45.00,45.00
SALE-000359,PRD-0082,1,38.00,38.00
SALE-000359,PRD-0084,2,60.00,120.00
SALE-000359,PRD-0098,1,45.00,45.00
SALE-000360,PRD-0118,1,149.00,149.00
SALE-000360,PRD-0115,1,599.00,599.00
SALE-000360,PRD-0103,1,299.00,299.00
SALE-000361,PRD-0150,2,35.00,70.00
SALE-000361,PRD-0149,2,90.00,180.00
SALE-000362,PRD-0127,2,135.00,270.00
SALE-000362,PRD-0151,1,20.00,20.00
SALE-000363,PRD-0141,3,18.00,54.00
SALE-000363,PRD-0146,3,105.00,315.00
SALE-000363,PRD-0126,1,165.00,165.00
SALE-000363,PRD-0136,2,30.00,60.00
SALE-000364,PRD-0156,3,95.00,285.00
SALE-000365,PRD-0184,1,390.00,390.00
SALE-000365,PRD-0192,3,99.00,297.00
SALE-000366,PRD-0185,2,65.00,130.00
SALE-000366,PRD-0189,1,290.00,290.00
SALE-000366,PRD-0191,1,20.00,20.00
SALE-000367,PRD-0193,3,1650.00,4950.00
SALE-000368,PRD-0214,1,10.00,10.00
SALE-000369,PRD-0271,3,95.00,285.00
SALE-000370,PRD-0276,1,28.00,28.00
SALE-000370,PRD-0277,2,35.00,70.00
SALE-000371,PRD-0323,2,90.00,180.00
SALE-000371,PRD-0307,1,190.00,190.00
SALE-000371,PRD-0298,1,1300.00,1300.00
SALE-000371,PRD-0320,2,105.00,210.00
SALE-000372,PRD-0313,1,32.00,32.00
SALE-000373,PRD-0373,2,20.00,40.00
SALE-000373,PRD-0357,1,50.00,50.00
SALE-000373,PRD-0360,1,130.00,130.00
SALE-000373,PRD-0355,1,70.00,70.00
SALE-000374,PRD-0421,1,105.00,105.00
SALE-000375,PRD-0418,1,38.00,38.00
SALE-000375,PRD-0409,3,130.00,390.00
SALE-000376,PRD-0412,1,25.00,25.00
SALE-000377,PRD-0463,1,60.00,60.00
SALE-000378,PRD-0479,1,100.00,100.00
SALE-000378,PRD-0488,3,25.00,75.00
SALE-000378,PRD-0482,1,25.00,25.00
SALE-000379,PRD-0483,1,150.00,150.00
SALE-000379,PRD-0478,3,135.00,405.00
SALE-000380,PRD-0560,2,190.00,380.00
SALE-000380,PRD-0567,2,40.00,80.00
SALE-000380,PRD-0576,1,90.00,90.00
SALE-000380,PRD-0557,1,46.00,46.00
SALE-000381,PRD-0554,3,135.00,405.00
SALE-000382,PRD-0629,1,165.00,165.00
SALE-000382,PRD-0641,2,15.00,30.00
SALE-000383,PRD-0654,1,20.00,20.00
SALE-000383,PRD-0638,1,165.00,165.00
SALE-000384,PRD-0644,2,18.00,36.00
SALE-000385,PRD-0651,2,95.00,190.00
SALE-000385,PRD-0640,1,25.00,25.00
SALE-000386,PRD-0656,2,280.00,560.00
SALE-000386,PRD-0658,1,60.00,60.00
SALE-000387,PRD-0683,3,38.00,114.00
SALE-000388,PRD-0732,2,25.00,50.00
SALE-000388,PRD-0751,2,35.00,70.00
SALE-000389,PRD-0784,1,440.00,440.00
SALE-000389,PRD-0782,1,135.00,135.00
SALE-000390,PRD-0790,1,165.00,165.00
SALE-000390,PRD-0796,1,18.00,18.00
SALE-000391,PRD-0809,2,35.00,70.00
SALE-000391,PRD-0817,3,50.00,150.00
SALE-000392,PRD-0827,2,30.00,60.00
SALE-000392,PRD-0826,1,45.00,45.00
SALE-000392,PRD-0808,1,28.00,28.00
SALE-000392,PRD-0816,2,40.00,80.00
SALE-000393,PRD-0871,1,149.00,149.00
SALE-000394,PRD-0876,3,99.00,297.00
SALE-000395,PRD-0864,1,149.00,149.00
SALE-000395,PRD-0868,2,599.00,1198.00
SALE-000396,PRD-0931,3,28.00,84.00
SALE-000396,PRD-0945,2,20.00,40.00
SALE-000397,PRD-0994,2,60.00,120.00
SALE-000397,PRD-0995,2,45.00,90.00
SALE-000397,PRD-0986,3,12.00,36.00
SALE-000397,PRD-0999,1,18.00,18.00
SALE-000398,PRD-0985,2,70.00,140.00
SALE-000398,PRD-0983,3,50.00,150.00
SALE-000399,PRD-1132,3,20.00,60.00
SALE-000399,PRD-1133,1,195.00,195.00
SALE-000399,PRD-1119,2,15.00,30.00
SALE-000399,PRD-1113,1,150.00,150.00
SALE-000400,PRD-1109,3,100.00,300.00
SALE-000401,PRD-1110,3,440.00,1320.00
SALE-000402,PRD-1137,1,70.00,70.00
SALE-000402,PRD-1146,2,60.00,120.00
SALE-000403,PRD-1242,1,15.00,15.00
SALE-000403,PRD-1233,3,440.00,1320.00
SALE-000403,PRD-1234,1,46.00,46.00
SALE-000404,PRD-1229,2,120.00,240.00
SALE-000405,PRD-1238,1,130.00,130.00
SALE-000405,PRD-1256,3,205.00,615.00
SALE-000405,PRD-1244,3,40.00,120.00
SALE-000405,PRD-1235,2,25.00,50.00
SALE-000406,PRD-1236,2,150.00,300.00
SALE-000406,PRD-1235,1,25.00,25.00
SALE-000407,PRD-0022,1,38.00,38.00
SALE-000407,PRD-0016,1,32.00,32.00
SALE-000408,PRD-0058,2,70.00,140.00
SALE-000408,PRD-0057,2,60.00,120.00
SALE-000408,PRD-0065,2,25.00,50.00
SALE-000409,PRD-0115,1,599.00,599.00
SALE-000409,PRD-0109,1,1299.00,1299.00
SALE-000410,PRD-0142,1,45.00,45.00
SALE-000410,PRD-0145,1,38.00,38.00
SALE-000411,PRD-0150,3,35.00,105.00
SALE-000412,PRD-0145,2,38.00,76.00
SALE-000412,PRD-0137,1,25.00,25.00
SALE-000413,PRD-0155,2,38.00,76.00
SALE-000413,PRD-0168,1,25.00,25.00
SALE-000413,PRD-0161,1,40.00,40.00
SALE-000414,PRD-0216,1,120.00,120.00
SALE-000415,PRD-0274,1,20.00,20.00
SALE-000415,PRD-0258,2,165.00,330.00
SALE-000416,PRD-0261,1,15.00,15.00
SALE-000416,PRD-0254,2,25.00,50.00
SALE-000416,PRD-0248,2,120.00,240.00
SALE-000417,PRD-0254,1,25.00,25.00
SALE-000418,PRD-0283,2,145.00,290.00
SALE-000419,PRD-0312,1,15.00,15.00
SALE-000419,PRD-0304,1,46.00,46.00
SALE-000419,PRD-0311,1,25.00,25.00
SALE-000419,PRD-0305,1,25.00,25.00
SALE-000420,PRD-0308,1,130.00,130.00
SALE-000420,PRD-0305,3,25.00,75.00
SALE-000420,PRD-0302,1,100.00,100.00
SALE-000420,PRD-0312,1,15.00,15.00
SALE-000421,PRD-0328,8,210.00,1680.00
SALE-000422,PRD-0387,1,199.00,199.00
SALE-000422,PRD-0386,1,149.00,149.00
SALE-000423,PRD-0387,1,199.00,199.00
SALE-000423,PRD-0377,1,199.00,199.00
SALE-000423,PRD-0385,2,999.00,1998.00
SALE-000423,PRD-0389,1,349.00,349.00
SALE-000424,PRD-0413,1,15.00,15.00
SALE-000425,PRD-0411,2,30.00,60.00
SALE-000425,PRD-0421,1,105.00,105.00
SALE-000426,PRD-0407,2,150.00,300.00
SALE-000426,PRD-0408,1,190.00,190.00
SALE-000426,PRD-0421,1,105.00,105.00
SALE-000427,PRD-0429,2,35.00,70.00
SALE-000427,PRD-0428,1,28.00,28.00
SALE-000428,PRD-0442,1,20.00,20.00
SALE-000428,PRD-0444,1,650.00,650.00
SALE-000428,PRD-0439,2,60.00,120.00
SALE-000428,PRD-0446,1,45.00,45.00
SALE-000429,PRD-0452,2,20.00,40.00
SALE-000429,PRD-0472,3,130.00,390.00
SALE-000430,PRD-0498,1,25.00,25.00
SALE-000430,PRD-0481,2,46.00,92.00
SALE-000430,PRD-0489,1,15.00,15.00
SALE-000430,PRD-0499,1,95.00,95.00
SALE-000431,PRD-0477,1,165.00,165.00
SALE-000432,PRD-0481,3,46.00,138.00
SALE-000433,PRD-0525,3,20.00,60.00
SALE-000434,PRD-0557,2,46.00,92.00
SALE-000434,PRD-0568,1,18.00,18.00
SALE-000435,PRD-0552,2,120.00,240.00
SALE-000435,PRD-0563,2,30.00,60.00
SALE-000436,PRD-0568,1,18.00,18.00
SALE-000436,PRD-0569,1,45.00,45.00
SALE-000437,PRD-0618,3,20.00,60.00
SALE-000438,PRD-0645,1,45.00,45.00
SALE-000438,PRD-0639,3,30.00,90.00
SALE-000439,PRD-0630,2,135.00,270.00
SALE-000439,PRD-0643,3,40.00,120.00
SALE-000440,PRD-0663,1,6.00,6.00
SALE-000440,PRD-0671,1,35.00,35.00
SALE-000440,PRD-0675,2,25.00,50.00
SALE-000440,PRD-0658,3,60.00,180.00
SALE-000441,PRD-0687,2,15.00,30.00
SALE-000441,PRD-0696,1,25.00,25.00
SALE-000441,PRD-0699,2,45.00,90.00
SALE-000441,PRD-0702,1,120.00,120.00
SALE-000442,PRD-0683,3,38.00,114.00
SALE-000442,PRD-0694,1,150.00,150.00
SALE-000442,PRD-0685,2,60.00,120.00
SALE-000442,PRD-0681,2,28.00,56.00
SALE-000443,PRD-0693,1,90.00,90.00
SALE-000443,PRD-0702,3,120.00,360.00
SALE-000444,PRD-0694,2,150.00,300.00
SALE-000445,PRD-0717,1,449.00,449.00
SALE-000445,PRD-0712,1,149.00,149.00
SALE-000446,PRD-0761,1,1750.00,1750.00
SALE-000446,PRD-0770,1,20.00,20.00
SALE-000446,PRD-0758,2,120.00,240.00
SALE-000446,PRD-0760,2,780.00,1560.00
SALE-000447,PRD-0822,2,20.00,40.00
SALE-000447,PRD-0814,2,15.00,30.00
SALE-000448,PRD-0837,2,6.00,12.00
SALE-000449,PRD-0884,2,25.00,50.00
SALE-000450,PRD-0915,3,390.00,1170.00
SALE-000451,PRD-0916,1,65.00,65.00
SALE-000451,PRD-0908,1,20.00,20.00
SALE-000451,PRD-0914,2,1200.00,2400.00
SALE-000451,PRD-0925,1,40.00,40.00
SALE-000452,PRD-0912,3,780.00,2340.00
SALE-000453,PRD-0948,3,90.00,270.00
SALE-000453,PRD-0933,1,38.00,38.00
SALE-000453,PRD-0938,1,145.00,145.00
SALE-000454,PRD-0987,2,50.00,100.00
SALE-000454,PRD-0991,2,15.00,30.00
SALE-000454,PRD-0988,3,5.00,15.00
SALE-000454,PRD-0982,2,280.00,560.00
SALE-000455,PRD-1003,1,20.00,20.00
SALE-000456,PRD-1007,1,199.00,199.00
SALE-000456,PRD-1020,2,599.00,1198.00
SALE-000457,PRD-1046,2,99.00,198.00
SALE-000457,PRD-1030,6,210.00,1260.00
SALE-000457,PRD-1043,4,290.00,1160.00
SALE-000458,PRD-1068,1,15.00,15.00
SALE-000458,PRD-1066,3,30.00,90.00
SALE-000458,PRD-1075,1,38.00,38.00
SALE-000459,PRD-1131,2,35.00,70.00
SALE-000459,PRD-1127,1,105.00,105.00
SALE-000460,PRD-1110,3,440.00,1320.00
SALE-000461,PRD-1154,1,30.00,30.00
SALE-000461,PRD-1146,1,60.00,60.00
SALE-000461,PRD-1149,2,35.00,70.00
SALE-000462,PRD-1135,1,50.00,50.00
SALE-000462,PRD-1154,3,30.00,90.00
SALE-000463,PRD-1164,2,899.00,1798.00
SALE-000463,PRD-1178,1,999.00,999.00
SALE-000463,PRD-1168,2,149.00,298.00
SALE-000464,PRD-1204,2,25.00,50.00
SALE-000464,PRD-1191,3,65.00,195.00
SALE-000465,PRD-1224,1,45.00,45.00
SALE-000465,PRD-1215,1,50.00,50.00
SALE-000466,PRD-1217,2,60.00,120.00
SALE-000466,PRD-1207,1,35.00,35.00
SALE-000467,PRD-1214,1,40.00,40.00
SALE-000467,PRD-1210,1,60.00,60.00
SALE-000467,PRD-1221,3,25.00,75.00
SALE-000467,PRD-1215,3,50.00,150.00
SALE-000468,PRD-1246,2,45.00,90.00
SALE-000468,PRD-1254,2,35.00,70.00
SALE-000469,PRD-1256,1,205.00,205.00
SALE-000469,PRD-1228,2,1300.00,2600.00
SALE-000469,PRD-1233,2,440.00,880.00
SALE-000470,PRD-1256,1,205.00,205.00
SALE-000471,PRD-0001,2,1300.00,2600.00
SALE-000472,PRD-0028,1,20.00,20.00
SALE-000473,PRD-0003,2,165.00,330.00
SALE-000474,PRD-0061,1,5.00,5.00
SALE-000474,PRD-0058,2,70.00,140.00
SALE-000475,PRD-0073,1,250.00,250.00
SALE-000475,PRD-0069,2,10.00,20.00
SALE-000476,PRD-0088,2,40.00,80.00
SALE-000476,PRD-0086,2,15.00,30.00
SALE-000477,PRD-0085,2,340.00,680.00
SALE-000477,PRD-0095,1,25.00,25.00
SALE-000477,PRD-0081,1,35.00,35.00
SALE-000477,PRD-0083,3,95.00,285.00
SALE-000478,PRD-0099,1,30.00,30.00
SALE-000478,PRD-0082,2,38.00,76.00
SALE-000478,PRD-0092,2,90.00,180.00
SALE-000478,PRD-0087,1,145.00,145.00
SALE-000479,PRD-0105,1,599.00,599.00
SALE-000479,PRD-0108,2,299.00,598.00
SALE-000480,PRD-0132,1,150.00,150.00
SALE-000480,PRD-0144,3,35.00,105.00
SALE-000481,PRD-0195,2,280.00,560.00
SALE-000481,PRD-0177,1,20.00,20.00
SALE-000482,PRD-0220,1,30.00,30.00
SALE-000482,PRD-0203,2,70.00,140.00
SALE-000483,PRD-0237,1,349.00,349.00
SALE-000483,PRD-0235,1,199.00,199.00
SALE-000483,PRD-0226,1,315.00,315.00
SALE-000484,PRD-0258,1,165.00,165.00
SALE-000485,PRD-0278,2,38.00,76.00
SALE-000485,PRD-0287,1,60.00,60.00
SALE-000485,PRD-0290,1,20.00,20.00
SALE-000485,PRD-0276,1,28.00,28.00
SALE-000486,PRD-0306,3,150.00,450.00
SALE-000486,PRD-0312,2,15.00,30.00
SALE-000486,PRD-0316,1,45.00,45.00
SALE-000487,PRD-0299,1,120.00,120.00
SALE-000488,PRD-0306,1,150.00,150.00
SALE-000488,PRD-0305,1,25.00,25.00
SALE-000489,PRD-0328,2,210.00,420.00
SALE-000489,PRD-0344,1,99.00,99.00
SALE-000489,PRD-0334,2,1750.00,3500.00
SALE-000489,PRD-0347,2,280.00,560.00
SALE-000490,PRD-0349,3,130.00,390.00
SALE-000491,PRD-0369,1,18.00,18.00
SALE-000491,PRD-0361,2,15.00,30.00
SALE-000492,PRD-0404,2,440.00,880.00
SALE-000492,PRD-0411,1,30.00,30.00
SALE-000492,PRD-0399,2,1300.00,2600.00
SALE-000493,PRD-0419,2,35.00,70.00
SALE-000493,PRD-0409,1,130.00,130.00
SALE-000494,PRD-0407,3,150.00,450.00
SALE-000494,PRD-0417,3,45.00,135.00
SALE-000495,PRD-0404,1,440.00,440.00
SALE-000495,PRD-0400,1,120.00,120.00
SALE-000496,PRD-0445,1,90.00,90.00
SALE-000497,PRD-0502,2,20.00,40.00
SALE-000497,PRD-0481,2,46.00,92.00
SALE-000498,PRD-0478,2,135.00,270.00
SALE-000498,PRD-0491,3,40.00,120.00
SALE-000498,PRD-0493,1,45.00,45.00
SALE-000499,PRD-0511,2,6.00,12.00
SALE-000499,PRD-0518,1,10.00,10.00
SALE-000500,PRD-0568,2,18.00,36.00
SALE-000501,PRD-0580,2,28.00,56.00
SALE-000501,PRD-0583,1,95.00,95.00
SALE-000501,PRD-0598,2,45.00,90.00
SALE-000501,PRD-0586,2,15.00,30.00
SALE-000502,PRD-0614,1,12.00,12.00
SALE-000502,PRD-0609,1,1750.00,1750.00
SALE-000503,PRD-0627,3,1300.00,3900.00
SALE-000503,PRD-0639,3,30.00,90.00
SALE-000503,PRD-0629,1,165.00,165.00
SALE-000503,PRD-0655,1,195.00,195.00
SALE-000504,PRD-0660,2,12.00,24.00
SALE-000504,PRD-0656,1,280.00,280.00
SALE-000505,PRD-0672,2,120.00,240.00
SALE-000506,PRD-0682,1,35.00,35.00
SALE-000506,PRD-0689,1,40.00,40.00
SALE-000507,PRD-0681,3,28.00,84.00
SALE-000507,PRD-0698,1,90.00,90.00
SALE-000508,PRD-0684,2,95.00,190.00
SALE-000508,PRD-0694,2,150.00,300.00
SALE-000509,PRD-0683,1,38.00,38.00
SALE-000510,PRD-0707,1,349.00,349.00
SALE-000511,PRD-0776,2,130.00,260.00
SALE-000511,PRD-0756,3,20.00,60.00
SALE-000512,PRD-0819,3,60.00,180.00
SALE-000512,PRD-0814,1,15.00,15.00
SALE-000513,PRD-0819,2,60.00,120.00
SALE-000513,PRD-0828,3,30.00,90.00
SALE-000514,PRD-0831,1,50.00,50.00
SALE-000514,PRD-0850,2,30.00,60.00
SALE-000515,PRD-0888,2,165.00,330.00
SALE-000516,PRD-0889,2,30.00,60.00
SALE-000516,PRD-0901,1,95.00,95.00
SALE-000516,PRD-0905,2,195.00,390.00
SALE-000516,PRD-0891,3,15.00,45.00
SALE-000517,PRD-0878,2,120.00,240.00
SALE-000517,PRD-0885,2,150.00,300.00
SALE-000518,PRD-0909,1,95.00,95.00
SALE-000518,PRD-0926,3,280.00,840.00
SALE-000518,PRD-0925,2,40.00,80.00
SALE-000519,PRD-0931,2,28.00,56.00
SALE-000519,PRD-0946,2,25.00,50.00
SALE-000520,PRD-0954,1,120.00,120.00
SALE-000520,PRD-0981,1,195.00,195.00
SALE-000520,PRD-0958,1,440.00,440.00
SALE-000520,PRD-0968,2,32.00,64.00
SALE-000521,PRD-0955,2,165.00,330.00
SALE-000521,PRD-0968,1,32.00,32.00
SALE-000522,PRD-0996,1,10.00,10.00
SALE-000523,PRD-0991,1,15.00,15.00
SALE-000523,PRD-0983,1,50.00,50.00
SALE-000523,PRD-1006,1,35.00,35.00
SALE-000523,PRD-1001,1,25.00,25.00
SALE-000524,PRD-1017,1,199.00,199.00
SALE-000524,PRD-1011,1,349.00,349.00
SALE-000525,PRD-1091,3,40.00,120.00
SALE-000526,PRD-1124,1,38.00,38.00
SALE-000526,PRD-1106,3,120.00,360.00
SALE-000526,PRD-1133,2,195.00,390.00
SALE-000527,PRD-1173,1,449.00,449.00
SALE-000527,PRD-1179,2,249.00,498.00
SALE-000527,PRD-1174,2,99.00,198.00
SALE-000527,PRD-1159,2,199.00,398.00
SALE-000528,PRD-1209,1,95.00,95.00
SALE-000528,PRD-1223,1,90.00,90.00
SALE-000529,PRD-1256,1,205.00,205.00
SALE-000530,PRD-1256,1,205.00,205.00
SALE-000531,PRD-0025,1,95.00,95.00
SALE-000532,PRD-0020,1,38.00,38.00
SALE-000532,PRD-0004,2,135.00,270.00
SALE-000533,PRD-0013,2,30.00,60.00
SALE-000533,PRD-0007,2,46.00,92.00
SALE-000534,PRD-0043,1,60.00,60.00
SALE-000535,PRD-0054,1,150.00,150.00
SALE-000536,PRD-0065,2,25.00,50.00
SALE-000537,PRD-0060,2,50.00,100.00
SALE-000537,PRD-0064,1,15.00,15.00
SALE-000537,PRD-0058,3,70.00,210.00
SALE-000538,PRD-0081,3,35.00,105.00
SALE-000538,PRD-0091,1,60.00,60.00
SALE-000538,PRD-0080,3,28.00,84.00
SALE-000538,PRD-0101,1,120.00,120.00
SALE-000539,PRD-0080,2,28.00,56.00
SALE-000539,PRD-0082,1,38.00,38.00
SALE-000539,PRD-0092,1,90.00,90.00
SALE-000540,PRD-0112,1,199.00,199.00
SALE-000540,PRD-0109,3,1299.00,3897.00
SALE-000541,PRD-0125,2,120.00,240.00
SALE-000541,PRD-0124,1,1300.00,1300.00
SALE-000542,PRD-0127,2,135.00,270.00
SALE-000542,PRD-0130,1,46.00,46.00
SALE-000543,PRD-0173,2,30.00,60.00
SALE-000543,PRD-0155,1,38.00,38.00
SALE-000544,PRD-0189,1,290.00,290.00
SALE-000544,PRD-0176,2,210.00,420.00
SALE-000544,PRD-0178,1,95.00,95.00
SALE-000545,PRD-0175,1,410.00,410.00
SALE-000546,PRD-0216,2,120.00,240.00
SALE-000546,PRD-0208,2,130.00,260.00
SALE-000546,PRD-0202,1,60.00,60.00
SALE-000547,PRD-0207,1,6.00,6.00
SALE-000548,PRD-0255,2,150.00,300.00
SALE-000549,PRD-0258,1,165.00,165.00
SALE-000549,PRD-0253,2,46.00,92.00
SALE-000550,PRD-0253,1,46.00,46.00
SALE-000551,PRD-0265,1,45.00,45.00
SALE-000551,PRD-0252,1,440.00,440.00
SALE-000552,PRD-0294,1,50.00,50.00
SALE-000552,PRD-0276,2,28.00,56.00
SALE-000553,PRD-0310,3,30.00,90.00
SALE-000553,PRD-0313,3,32.00,96.00
SALE-000554,PRD-0327,1,410.00,410.00
SALE-000554,PRD-0343,2,20.00,40.00
SALE-000555,PRD-0327,1,410.00,410.00
SALE-000555,PRD-0330,1,95.00,95.00
SALE-000555,PRD-0329,3,20.00,60.00
SALE-000556,PRD-0353,3,50.00,150.00
SALE-000557,PRD-0411,3,30.00,90.00
SALE-000558,PRD-0401,1,165.00,165.00
SALE-000558,PRD-0404,1,440.00,440.00
SALE-000559,PRD-0427,2,195.00,390.00
SALE-000559,PRD-0423,2,100.00,200.00
SALE-000559,PRD-0402,3,135.00,405.00
SALE-000560,PRD-0447,1,30.00,30.00
SALE-000561,PRD-0470,1,280.00,280.00
SALE-000562,PRD-0466,7,20.00,140.00
SALE-000562,PRD-0468,1,1650.00,1650.00
SALE-000562,PRD-0450,4,410.00,1640.00
SALE-000563,PRD-0460,1,65.00,65.00
SALE-000563,PRD-0450,1,410.00,410.00
SALE-000564,PRD-0492,1,18.00,18.00
SALE-000565,PRD-0488,1,25.00,25.00
SALE-000565,PRD-0494,1,38.00,38.00
SALE-000565,PRD-0482,1,25.00,25.00
SALE-000565,PRD-0479,1,100.00,100.00
SALE-000566,PRD-0537,1,999.00,999.00
SALE-000567,PRD-0558,2,25.00,50.00
SALE-000567,PRD-0567,3,40.00,120.00
SALE-000568,PRD-0567,2,40.00,80.00
SALE-000568,PRD-0563,1,30.00,30.00
SALE-000568,PRD-0557,1,46.00,46.00
SALE-000569,PRD-0559,2,150.00,300.00
SALE-000569,PRD-0552,2,120.00,240.00
SALE-000570,PRD-0593,1,150.00,150.00
SALE-000570,PRD-0583,2,95.00,190.00
SALE-000571,PRD-0616,1,290.00,290.00
SALE-000571,PRD-0608,2,780.00,1560.00
SALE-000572,PRD-0605,2,95.00,190.00
SALE-000573,PRD-0652,2,90.00,180.00
SALE-000574,PRD-0641,3,15.00,45.00
SALE-000574,PRD-0633,1,46.00,46.00
SALE-000575,PRD-0668,3,60.00,180.00
SALE-000575,PRD-0661,1,50.00,50.00
SALE-000575,PRD-0659,1,70.00,70.00
SALE-000576,PRD-0684,1,95.00,95.00
SALE-000576,PRD-0681,1,28.00,28.00
SALE-000576,PRD-0699,3,45.00,135.00
SALE-000576,PRD-0695,3,20.00,60.00
SALE-000577,PRD-0681,2,28.00,56.00
SALE-000577,PRD-0699,1,45.00,45.00
SALE-000578,PRD-0695,1,20.00,20.00
SALE-000578,PRD-0699,1,45.00,45.00
SALE-000579,PRD-0684,3,95.00,285.00
SALE-000580,PRD-0712,3,149.00,447.00
SALE-000580,PRD-0721,1,399.00,399.00
SALE-000580,PRD-0715,1,349.00,349.00
SALE-000581,PRD-0741,1,40.00,40.00
SALE-000581,PRD-0726,1,120.00,120.00
SALE-000581,PRD-0748,1,25.00,25.00
SALE-000581,PRD-0731,1,46.00,46.00
SALE-000582,PRD-0802,1,25.00,25.00
SALE-000582,PRD-0781,2,165.00,330.00
SALE-000582,PRD-0780,1,120.00,120.00
SALE-000582,PRD-0807,3,195.00,585.00
SALE-000583,PRD-0797,1,45.00,45.00
SALE-000584,PRD-0781,2,165.00,330.00
SALE-000584,PRD-0806,2,20.00,40.00
SALE-000585,PRD-0873,2,399.00,798.00
SALE-000585,PRD-0858,3,599.00,1797.00
SALE-000585,PRD-0861,3,299.00,897.00
SALE-000586,PRD-0872,3,149.00,447.00
SALE-000586,PRD-0871,1,149.00,149.00
SALE-000587,PRD-0860,1,899.00,899.00
SALE-000588,PRD-0885,1,150.00,150.00
SALE-000588,PRD-0877,2,1300.00,2600.00
SALE-000589,PRD-0913,1,1750.00,1750.00
SALE-000589,PRD-0906,24,410.00,9840.00
SALE-000590,PRD-0963,1,130.00,130.00
SALE-000590,PRD-0974,2,38.00,76.00
SALE-000591,PRD-0979,1,35.00,35.00
SALE-000592,PRD-0999,1,18.00,18.00
SALE-000593,PRD-0983,1,50.00,50.00
SALE-000594,PRD-1008,2,299.00,598.00
SALE-000594,PRD-1016,3,149.00,447.00
SALE-000594,PRD-1015,1,999.00,999.00
SALE-000595,PRD-1062,1,150.00,150.00
SALE-000596,PRD-1057,1,135.00,135.00
SALE-000596,PRD-1055,2,120.00,240.00
SALE-000596,PRD-1060,3,46.00,138.00
SALE-000597,PRD-1111,1,46.00,46.00
SALE-000597,PRD-1109,3,100.00,300.00
SALE-000598,PRD-1125,2,35.00,70.00
SALE-000598,PRD-1122,3,18.00,54.00
SALE-000599,PRD-1112,3,25.00,75.00
SALE-000599,PRD-1118,2,25.00,50.00
SALE-000599,PRD-1119,1,15.00,15.00
SALE-000599,PRD-1123,2,45.00,90.00
SALE-000600,PRD-1135,1,50.00,50.00
SALE-000600,PRD-1134,2,280.00,560.00
SALE-000600,PRD-1141,2,6.00,12.00
SALE-000601,PRD-1150,2,120.00,240.00
SALE-000601,PRD-1149,2,35.00,70.00
SALE-000602,PRD-1160,2,299.00,598.00
SALE-000602,PRD-1170,1,1199.00,1199.00
SALE-000602,PRD-1179,3,249.00,747.00
SALE-000602,PRD-1159,1,199.00,199.00
SALE-000603,PRD-1169,1,199.00,199.00
SALE-000603,PRD-1168,3,149.00,447.00
SALE-000604,PRD-1226,3,30.00,90.00
SALE-000605,PRD-1216,3,35.00,105.00
SALE-000605,PRD-1210,1,60.00,60.00
SALE-000606,PRD-1253,1,90.00,90.00
SALE-000607,PRD-1252,1,95.00,95.00
SALE-000607,PRD-1248,1,35.00,35.00
SALE-000607,PRD-1249,1,38.00,38.00
SALE-000607,PRD-1235,1,25.00,25.00
SALE-000608,PRD-1251,1,25.00,25.00
SALE-000608,PRD-1234,1,46.00,46.00
SALE-000609,PRD-0013,3,30.00,90.00
SALE-000609,PRD-0024,1,25.00,25.00
SALE-000609,PRD-0028,1,20.00,20.00
SALE-000609,PRD-0015,3,15.00,45.00
SALE-000610,PRD-0011,1,130.00,130.00
SALE-000610,PRD-0007,1,46.00,46.00
SALE-000611,PRD-0031,3,210.00,630.00
SALE-000611,PRD-0030,2,410.00,820.00
SALE-000611,PRD-0047,3,99.00,297.00
SALE-000612,PRD-0060,2,50.00,100.00
SALE-000613,PRD-0057,1,60.00,60.00
SALE-000614,PRD-0088,1,40.00,40.00
SALE-000615,PRD-0107,2,899.00,1798.00
SALE-000615,PRD-0109,1,1299.00,1299.00
SALE-000615,PRD-0111,1,149.00,149.00
SALE-000615,PRD-0122,1,249.00,249.00
SALE-000616,PRD-0125,1,120.00,120.00
SALE-000616,PRD-0147,2,25.00,50.00
SALE-000617,PRD-0159,2,15.00,30.00
SALE-000618,PRD-0175,8,410.00,3280.00
SALE-000619,PRD-0185,1,65.00,65.00
SALE-000619,PRD-0198,2,25.00,50.00
SALE-000620,PRD-0178,1,95.00,95.00
SALE-000620,PRD-0183,2,1200.00,2400.00
SALE-000621,PRD-0233,3,999.00,2997.00
SALE-000622,PRD-0270,2,25.00,50.00
SALE-000622,PRD-0259,2,30.00,60.00
SALE-000623,PRD-0259,1,30.00,30.00
SALE-000623,PRD-0249,1,165.00,165.00
SALE-000624,PRD-0270,2,25.00,50.00
SALE-000624,PRD-0255,1,150.00,150.00
SALE-000624,PRD-0268,3,38.00,114.00
SALE-000624,PRD-0259,1,30.00,30.00
SALE-000625,PRD-0325,3,20.00,60.00
SALE-000625,PRD-0311,1,25.00,25.00
SALE-000625,PRD-0310,1,30.00,30.00
SALE-000626,PRD-0325,1,20.00,20.00
SALE-000627,PRD-0316,2,45.00,90.00
SALE-000627,PRD-0313,3,32.00,96.00
SALE-000627,PRD-0310,3,30.00,90.00
SALE-000627,PRD-0326,1,195.00,195.00
SALE-000628,PRD-0337,1,65.00,65.00
SALE-000628,PRD-0340,1,60.00,60.00
SALE-000628,PRD-0341,2,290.00,580.00
SALE-000629,PRD-0372,2,30.00,60.00
SALE-000630,PRD-0400,2,120.00,240.00
SALE-000630,PRD-0413,2,15.00,30.00
SALE-000630,PRD-0427,2,195.00,390.00
SALE-000631,PRD-0411,2,30.00,60.00
SALE-000631,PRD-0421,2,105.00,210.00
SALE-000631,PRD-0402,1,135.00,135.00
SALE-000632,PRD-0438,1,35.00,35.00
SALE-000632,PRD-0430,2,38.00,76.00
SALE-000632,PRD-0428,2,28.00,56.00
SALE-000632,PRD-0446,3,45.00,135.00
SALE-000633,PRD-0431,2,95.00,190.00
SALE-000634,PRD-0430,2,38.00,76.00
SALE-000634,PRD-0447,2,30.00,60.00
SALE-000635,PRD-0473,2,25.00,50.00
SALE-000635,PRD-0465,1,240.00,240.00
SALE-000635,PRD-0466,1,20.00,20.00
SALE-000635,PRD-0469,2,40.00,80.00
SALE-000636,PRD-0479,3,100.00,300.00
SALE-000636,PRD-0495,2,35.00,70.00
SALE-000637,PRD-0523,1,25.00,25.00
SALE-000638,PRD-0535,3,299.00,897.00
SALE-000638,PRD-0529,2,199.00,398.00
SALE-000639,PRD-0551,1,1300.00,1300.00
SALE-000640,PRD-0565,1,15.00,15.00
SALE-000640,PRD-0555,2,100.00,200.00
SALE-000641,PRD-0584,2,60.00,120.00
SALE-000642,PRD-0637,1,130.00,130.00
SALE-000642,PRD-0634,2,25.00,50.00
SALE-000643,PRD-0633,1,46.00,46.00
SALE-000644,PRD-0654,2,20.00,40.00
SALE-000644,PRD-0629,2,165.00,330.00
SALE-000644,PRD-0641,1,15.00,15.00
SALE-000645,PRD-0633,2,46.00,92.00
SALE-000646,PRD-0656,2,280.00,560.00
SALE-000646,PRD-0660,2,12.00,24.00
SALE-000647,PRD-0685,2,60.00,120.00
SALE-000647,PRD-0695,3,20.00,60.00
SALE-000647,PRD-0692,1,60.00,60.00
SALE-000648,PRD-0723,1,249.00,249.00
SALE-000648,PRD-0720,3,149.00,447.00
SALE-000649,PRD-0740,1,32.00,32.00
SALE-000649,PRD-0731,3,46.00,138.00
SALE-000649,PRD-0752,1,20.00,20.00
SALE-000650,PRD-0786,2,25.00,50.00
SALE-000650,PRD-0802,2,25.00,50.00
SALE-000651,PRD-0829,2,120.00,240.00
SALE-000651,PRD-0810,3,38.00,114.00
SALE-000651,PRD-0815,1,145.00,145.00
SALE-000651,PRD-0818,3,35.00,105.00
SALE-000652,PRD-0820,1,90.00,90.00
SALE-000652,PRD-0827,1,30.00,30.00
SALE-000652,PRD-0811,3,95.00,285.00
SALE-000652,PRD-0808,2,28.00,56.00
SALE-000653,PRD-0866,2,1199.00,2398.00
SALE-000653,PRD-0871,1,149.00,149.00
SALE-000654,PRD-0889,2,30.00,60.00
SALE-000654,PRD-0879,1,165.00,165.00
SALE-000655,PRD-0890,1,25.00,25.00
SALE-000655,PRD-0883,2,46.00,92.00
SALE-000656,PRD-0899,2,105.00,210.00
SALE-000656,PRD-0900,3,25.00,75.00
SALE-000656,PRD-0896,2,38.00,76.00
SALE-000657,PRD-0915,3,390.00,1170.00
SALE-000657,PRD-0906,3,410.00,1230.00
SALE-000657,PRD-0921,1,240.00,240.00
SALE-000657,PRD-0908,2,20.00,40.00
SALE-000658,PRD-0929,2,25.00,50.00
SALE-000658,PRD-0927,1,190.00,190.00
SALE-000658,PRD-0908,8,20.00,160.00
SALE-000659,PRD-0935,1,60.00,60.00
SALE-000660,PRD-0933,3,38.00,114.00
SALE-000660,PRD-0931,3,28.00,84.00
SALE-000661,PRD-0992,1,25.00,25.00
SALE-000661,PRD-0996,2,10.00,20.00
SALE-000662,PRD-0988,1,5.00,5.00
SALE-000663,PRD-1032,1,95.00,95.00
SALE-000663,PRD-1030,1,210.00,210.00
SALE-000663,PRD-1047,1,1650.00,1650.00
SALE-000664,PRD-1101,1,45.00,45.00
SALE-000664,PRD-1091,3,40.00,120.00
SALE-000664,PRD-1092,3,50.00,150.00
SALE-000664,PRD-1087,3,60.00,180.00
SALE-000665,PRD-1093,2,35.00,70.00
SALE-000666,PRD-1085,1,38.00,38.00
SALE-000666,PRD-1089,2,15.00,30.00
SALE-000667,PRD-1105,1,1365.00,1365.00
SALE-000668,PRD-1105,3,1365.00,4095.00
SALE-000668,PRD-1112,2,25.00,50.00
SALE-000668,PRD-1116,1,165.00,165.00
SALE-000668,PRD-1120,1,32.00,32.00
SALE-000669,PRD-1110,2,440.00,880.00
SALE-000670,PRD-1153,3,25.00,75.00
SALE-000671,PRD-1243,2,32.00,64.00
SALE-000671,PRD-1253,1,90.00,90.00
SALE-000672,PRD-0068,1,45.00,45.00
SALE-000673,PRD-0111,2,149.00,298.00
SALE-000673,PRD-0116,1,449.00,449.00
SALE-000673,PRD-0114,1,349.00,349.00
SALE-000673,PRD-0105,1,599.00,599.00
SALE-000674,PRD-0113,1,1199.00,1199.00
SALE-000674,PRD-0103,1,299.00,299.00
SALE-000675,PRD-0156,2,95.00,190.00
SALE-000675,PRD-0154,1,35.00,35.00
SALE-000676,PRD-0204,1,12.00,12.00
SALE-000676,PRD-0222,3,45.00,135.00
SALE-000677,PRD-0274,3,20.00,60.00
SALE-000677,PRD-0260,2,25.00,50.00
SALE-000678,PRD-0263,2,40.00,80.00
SALE-000678,PRD-0275,1,195.00,195.00
SALE-000678,PRD-0255,1,150.00,150.00
SALE-000679,PRD-0248,1,120.00,120.00
SALE-000680,PRD-0268,1,38.00,38.00
SALE-000680,PRD-0260,2,25.00,50.00
SALE-000680,PRD-0249,1,165.00,165.00
SALE-000680,PRD-0256,2,190.00,380.00
SALE-000681,PRD-0276,1,28.00,28.00
SALE-000681,PRD-0280,1,60.00,60.00
SALE-000681,PRD-0284,1,40.00,40.00
SALE-000681,PRD-0282,2,15.00,30.00
SALE-000682,PRD-0302,1,100.00,100.00
SALE-000682,PRD-0315,1,18.00,18.00
SALE-000683,PRD-0308,1,130.00,130.00
SALE-000683,PRD-0304,1,46.00,46.00
SALE-000684,PRD-0372,1,30.00,30.00
SALE-000684,PRD-0358,1,5.00,5.00
SALE-000685,PRD-0383,1,299.00,299.00
SALE-000685,PRD-0384,1,1299.00,1299.00
SALE-000686,PRD-0399,3,1300.00,3900.00
SALE-000687,PRD-0439,3,60.00,180.00
SALE-000688,PRD-0472,2,130.00,260.00
SALE-000688,PRD-0456,2,780.00,1560.00
SALE-000689,PRD-0465,10,240.00,2400.00
SALE-000689,PRD-0468,2,1650.00,3300.00
SALE-000690,PRD-0459,2,390.00,780.00
SALE-000691,PRD-0481,2,46.00,92.00
SALE-000691,PRD-0488,2,25.00,50.00
SALE-000691,PRD-0477,1,165.00,165.00
SALE-000692,PRD-0478,2,135.00,270.00
SALE-000692,PRD-0480,1,440.00,440.00
SALE-000692,PRD-0476,1,120.00,120.00
SALE-000692,PRD-0485,1,130.00,130.00
SALE-000693,PRD-0496,2,38.00,76.00
SALE-000693,PRD-0489,1,15.00,15.00
SALE-000693,PRD-0477,1,165.00,165.00
SALE-000693,PRD-0501,1,35.00,35.00
SALE-000694,PRD-0499,1,95.00,95.00
SALE-000694,PRD-0496,1,38.00,38.00
SALE-000694,PRD-0485,1,130.00,130.00
SALE-000695,PRD-0504,2,280.00,560.00
SALE-000695,PRD-0521,2,18.00,36.00
SALE-000695,PRD-0505,1,50.00,50.00
SALE-000696,PRD-0555,1,100.00,100.00
SALE-000696,PRD-0572,2,38.00,76.00
SALE-000696,PRD-0557,2,46.00,92.00
SALE-000697,PRD-0565,3,15.00,45.00
SALE-000697,PRD-0553,3,165.00,495.00
SALE-000698,PRD-0567,2,40.00,80.00
SALE-000698,PRD-0564,3,25.00,75.00
SALE-000698,PRD-0563,2,30.00,60.00
SALE-000699,PRD-0582,1,38.00,38.00
SALE-000700,PRD-0598,1,45.00,45.00
SALE-000700,PRD-0591,2,62.00,124.00
SALE-000701,PRD-0619,2,99.00,198.00
SALE-000701,PRD-0620,1,1650.00,1650.00
SALE-000701,PRD-0617,1,240.00,240.00
SALE-000702,PRD-0653,1,35.00,35.00
SALE-000702,PRD-0637,2,130.00,260.00
SALE-000703,PRD-0636,1,190.00,190.00
SALE-000704,PRD-0633,1,46.00,46.00
SALE-000704,PRD-0640,2,25.00,50.00
SALE-000705,PRD-0657,2,50.00,100.00
SALE-000705,PRD-0659,1,70.00,70.00
SALE-000706,PRD-0662,2,5.00,10.00
SALE-000707,PRD-0683,1,38.00,38.00
SALE-000707,PRD-0692,3,60.00,180.00
SALE-000707,PRD-0702,2,120.00,240.00
SALE-000707,PRD-0682,1,35.00,35.00
SALE-000708,PRD-0725,1,1300.00,1300.00
SALE-000708,PRD-0729,2,100.00,200.00
SALE-000708,PRD-0749,1,95.00,95.00
SALE-000708,PRD-0731,1,46.00,46.00
SALE-000709,PRD-0726,2,120.00,240.00
SALE-000709,PRD-0738,1,25.00,25.00
SALE-000710,PRD-0793,3,15.00,45.00
SALE-000710,PRD-0792,1,25.00,25.00
SALE-000710,PRD-0806,2,20.00,40.00
SALE-000711,PRD-0791,1,30.00,30.00
SALE-000711,PRD-0807,1,195.00,195.00
SALE-000712,PRD-0823,2,25.00,50.00
SALE-000712,PRD-0810,3,38.00,114.00
SALE-000712,PRD-0828,2,30.00,60.00
SALE-000713,PRD-0812,1,60.00,60.00
SALE-000713,PRD-0810,3,38.00,114.00
SALE-000714,PRD-0843,2,45.00,90.00
SALE-000715,PRD-0858,2,599.00,1198.00
SALE-000716,PRD-0862,3,1299.00,3897.00
SALE-000717,PRD-0916,1,65.00,65.00
SALE-000717,PRD-0918,1,12.00,12.00
SALE-000718,PRD-0925,1,40.00,40.00
SALE-000718,PRD-0919,2,60.00,120.00
SALE-000718,PRD-0914,1,1200.00,1200.00
SALE-000718,PRD-0913,1,1750.00,1750.00
SALE-000719,PRD-0923,1,99.00,99.00
SALE-000719,PRD-0911,12,105.00,1260.00
SALE-000720,PRD-0974,1,38.00,38.00
SALE-000720,PRD-0976,2,25.00,50.00
SALE-000721,PRD-0967,1,15.00,15.00
SALE-000721,PRD-0961,1,150.00,150.00
SALE-000722,PRD-0988,3,5.00,15.00
SALE-000722,PRD-1002,3,30.00,90.00
SALE-000723,PRD-1011,1,349.00,349.00
SALE-000724,PRD-1046,2,99.00,198.00
SALE-000725,PRD-1059,1,440.00,440.00
SALE-000726,PRD-1064,2,130.00,260.00
SALE-000726,PRD-1082,1,195.00,195.00
SALE-000727,PRD-1085,2,38.00,76.00
SALE-000727,PRD-1097,1,20.00,20.00
SALE-000728,PRD-1136,3,60.00,180.00
SALE-000728,PRD-1135,1,50.00,50.00
SALE-000728,PRD-1146,2,60.00,120.00
SALE-000729,PRD-1163,3,349.00,1047.00
SALE-000729,PRD-1167,1,999.00,999.00
SALE-000730,PRD-1198,2,99.00,198.00
SALE-000730,PRD-1197,9,20.00,180.00
SALE-000730,PRD-1190,2,390.00,780.00
SALE-000731,PRD-1224,2,45.00,90.00
SALE-000732,PRD-1240,1,30.00,30.00
SALE-000732,PRD-1249,1,38.00,38.00
SALE-000732,PRD-1229,1,120.00,120.00
SALE-000732,PRD-1255,3,20.00,60.00
SALE-000733,PRD-1235,2,25.00,50.00
SALE-000734,PRD-0017,2,40.00,80.00
SALE-000734,PRD-0012,1,165.00,165.00
SALE-000735,PRD-0031,2,210.00,420.00
SALE-000736,PRD-0064,1,15.00,15.00
SALE-000736,PRD-0078,3,80.00,240.00
SALE-000736,PRD-0063,2,130.00,260.00
SALE-000737,PRD-0081,2,35.00,70.00
SALE-000737,PRD-0085,2,340.00,680.00
SALE-000737,PRD-0080,3,28.00,84.00
SALE-000737,PRD-0094,2,20.00,40.00
SALE-000738,PRD-0088,1,40.00,40.00
SALE-000739,PRD-0121,2,999.00,1998.00
SALE-000740,PRD-0146,1,105.00,105.00
SALE-000741,PRD-0171,2,45.00,90.00
SALE-000742,PRD-0161,1,40.00,40.00
SALE-000742,PRD-0159,2,15.00,30.00
SALE-000742,PRD-0153,1,28.00,28.00
SALE-000742,PRD-0156,1,95.00,95.00
SALE-000743,PRD-0187,1,12.00,12.00
SALE-000744,PRD-0218,1,250.00,250.00
SALE-000744,PRD-0216,1,120.00,120.00
SALE-000745,PRD-0255,3,150.00,450.00
SALE-000746,PRD-0247,3,1300.00,3900.00
SALE-000747,PRD-0275,1,195.00,195.00
SALE-000748,PRD-0253,2,46.00,92.00
SALE-000748,PRD-0261,1,15.00,15.00
SALE-000748,PRD-0248,1,120.00,120.00
SALE-000749,PRD-0289,2,150.00,300.00
SALE-000749,PRD-0285,2,50.00,100.00
SALE-000749,PRD-0282,2,15.00,30.00
SALE-000750,PRD-0313,1,32.00,32.00
SALE-000750,PRD-0309,2,165.00,330.00
SALE-000750,PRD-0312,2,15.00,30.00
SALE-000750,PRD-0306,1,150.00,150.00
SALE-000751,PRD-0300,1,165.00,165.00
SALE-000752,PRD-0311,1,25.00,25.00
SALE-000752,PRD-0320,1,105.00,105.00
SALE-000752,PRD-0302,1,100.00,100.00
SALE-000753,PRD-0350,2,25.00,50.00
SALE-000753,PRD-0328,2,210.00,420.00
SALE-000754,PRD-0353,3,50.00,150.00
SALE-000755,PRD-0380,2,599.00,1198.00
SALE-000755,PRD-0379,2,149.00,298.00
SALE-000756,PRD-0387,1,199.00,199.00
SALE-000756,PRD-0383,1,299.00,299.00
SALE-000757,PRD-0401,1,165.00,165.00
SALE-000757,PRD-0421,2,105.00,210.00
SALE-000757,PRD-0402,1,135.00,135.00
SALE-000758,PRD-0429,1,35.00,35.00
SALE-000758,PRD-0443,2,25.00,50.00
SALE-000759,PRD-0460,2,65.00,130.00
SALE-000759,PRD-0472,1,130.00,130.00
SALE-000760,PRD-0500,2,90.00,180.00
SALE-000760,PRD-0496,1,38.00,38.00
SALE-000760,PRD-0483,1,150.00,150.00
SALE-000761,PRD-0598,2,45.00,90.00
SALE-000761,PRD-0594,1,20.00,20.00
SALE-000761,PRD-0582,2,38.00,76.00
SALE-000761,PRD-0595,1,25.00,25.00
SALE-000762,PRD-0648,1,38.00,38.00
SALE-000762,PRD-0640,1,25.00,25.00
SALE-000762,PRD-0634,3,25.00,75.00
SALE-000763,PRD-0657,2,50.00,100.00
SALE-000763,PRD-0659,1,70.00,70.00
SALE-000764,PRD-0664,2,130.00,260.00
SALE-000764,PRD-0657,1,50.00,50.00
SALE-000764,PRD-0663,1,6.00,6.00
SALE-000764,PRD-0673,3,18.00,54.00
SALE-000765,PRD-0683,2,38.00,76.00
SALE-000765,PRD-0682,1,35.00,35.00
SALE-000766,PRD-0695,1,20.00,20.00
SALE-000766,PRD-0696,2,25.00,50.00
SALE-000766,PRD-0685,2,60.00,120.00
SALE-000767,PRD-0688,1,145.00,145.00
SALE-000767,PRD-0690,3,50.00,150.00
SALE-000768,PRD-0701,1,30.00,30.00
SALE-000768,PRD-0684,2,95.00,190.00
SALE-000769,PRD-0787,2,150.00,300.00
SALE-000770,PRD-0793,2,15.00,30.00
SALE-000771,PRD-0829,1,120.00,120.00
SALE-000771,PRD-0808,2,28.00,56.00
SALE-000771,PRD-0810,2,38.00,76.00
SALE-000771,PRD-0827,2,30.00,60.00
SALE-000772,PRD-0832,1,60.00,60.00
SALE-000773,PRD-0865,1,199.00,199.00
SALE-000774,PRD-0880,2,135.00,270.00
SALE-000775,PRD-0900,1,25.00,25.00
SALE-000776,PRD-0883,1,46.00,46.00
SALE-000776,PRD-0891,1,15.00,15.00
SALE-000776,PRD-0878,2,120.00,240.00
SALE-000777,PRD-0923,3,99.00,297.00
SALE-000777,PRD-0921,3,240.00,720.00
SALE-000777,PRD-0920,6,290.00,1740.00
SALE-000777,PRD-0927,1,190.00,190.00
SALE-000778,PRD-0907,1,210.00,210.00
SALE-000778,PRD-0909,2,95.00,190.00
SALE-000778,PRD-0906,1,410.00,410.00
SALE-000779,PRD-0927,1,190.00,190.00
SALE-000779,PRD-0929,2,25.00,50.00
SALE-000779,PRD-0930,2,150.00,300.00
SALE-000780,PRD-0932,1,35.00,35.00
SALE-000780,PRD-0936,1,340.00,340.00
SALE-000781,PRD-0954,2,120.00,240.00
SALE-000782,PRD-0981,2,195.00,390.00
SALE-000783,PRD-0975,1,105.00,105.00
SALE-000783,PRD-0960,1,25.00,25.00
SALE-000783,PRD-0970,1,18.00,18.00
SALE-000784,PRD-0984,1,60.00,60.00
SALE-000785,PRD-1016,1,149.00,149.00
SALE-000785,PRD-1009,3,149.00,447.00
SALE-000786,PRD-1029,1,410.00,410.00
SALE-000787,PRD-1079,1,90.00,90.00
SALE-000787,PRD-1066,1,30.00,30.00
SALE-000787,PRD-1060,1,46.00,46.00
SALE-000788,PRD-1092,2,50.00,100.00
SALE-000788,PRD-1103,1,30.00,30.00
SALE-000788,PRD-1090,1,145.00,145.00
SALE-000789,PRD-1121,1,40.00,40.00
SALE-000789,PRD-1129,3,95.00,285.00
SALE-000790,PRD-1129,1,95.00,95.00
SALE-000790,PRD-1121,1,40.00,40.00
SALE-000791,PRD-1134,1,280.00,280.00
SALE-000791,PRD-1136,1,60.00,60.00
SALE-000791,PRD-1147,3,45.00,135.00
SALE-000792,PRD-1168,1,149.00,149.00
SALE-000792,PRD-1167,2,999.00,1998.00
SALE-000792,PRD-1159,1,199.00,199.00
SALE-000793,PRD-1168,2,149.00,298.00
SALE-000793,PRD-1159,1,199.00,199.00
SALE-000794,PRD-1242,1,15.00,15.00
SALE-000794,PRD-1233,2,440.00,880.00
SALE-000794,PRD-1241,2,25.00,50.00
SALE-000794,PRD-1236,2,150.00,300.00
SALE-000795,PRD-1231,1,135.00,135.00
SALE-000795,PRD-1246,1,45.00,45.00
SALE-000795,PRD-1239,1,165.00,165.00
SALE-000796,PRD-0019,2,45.00,90.00
SALE-000797,PRD-0074,2,25.00,50.00
SALE-000797,PRD-0060,1,50.00,50.00
SALE-000798,PRD-0098,2,45.00,90.00
SALE-000798,PRD-0080,1,28.00,28.00
SALE-000799,PRD-0086,3,15.00,45.00
SALE-000800,PRD-0130,2,46.00,92.00
SALE-000800,PRD-0151,1,20.00,20.00
SALE-000801,PRD-0161,2,40.00,80.00
SALE-000801,PRD-0158,1,340.00,340.00
SALE-000802,PRD-0204,2,12.00,24.00
SALE-000802,PRD-0201,1,50.00,50.00
SALE-000803,PRD-0230,1,899.00,899.00
SALE-000803,PRD-0237,1,349.00,349.00
SALE-000803,PRD-0235,1,199.00,199.00
SALE-000803,PRD-0234,3,149.00,447.00
SALE-000804,PRD-0252,1,440.00,440.00
SALE-000804,PRD-0256,3,190.00,570.00
SALE-000805,PRD-0294,2,50.00,100.00
SALE-000805,PRD-0276,3,28.00,84.00
SALE-000805,PRD-0290,2,20.00,40.00
SALE-000805,PRD-0295,1,30.00,30.00
SALE-000806,PRD-0294,3,50.00,150.00
SALE-000806,PRD-0289,2,150.00,300.00
SALE-000807,PRD-0324,1,35.00,35.00
SALE-000807,PRD-0326,1,195.00,195.00
SALE-000808,PRD-0385,1,999.00,999.00
SALE-000808,PRD-0377,1,199.00,199.00
SALE-000808,PRD-0397,2,249.00,498.00
SALE-000809,PRD-0420,3,38.00,114.00
SALE-000809,PRD-0405,1,46.00,46.00
SALE-000809,PRD-0419,1,35.00,35.00
SALE-000809,PRD-0423,1,100.00,100.00
SALE-000810,PRD-0408,2,190.00,380.00
SALE-000810,PRD-0425,2,35.00,70.00
SALE-000811,PRD-0401,1,165.00,165.00
SALE-000811,PRD-0403,1,100.00,100.00
SALE-000812,PRD-0436,1,40.00,40.00
SALE-000812,PRD-0443,2,25.00,50.00
SALE-000813,PRD-0445,1,90.00,90.00
SALE-000813,PRD-0429,1,35.00,35.00
SALE-000814,PRD-0430,2,38.00,76.00
SALE-000815,PRD-0468,1,1650.00,1650.00
SALE-000815,PRD-0454,1,120.00,120.00
SALE-000816,PRD-0452,3,20.00,60.00
SALE-000816,PRD-0473,1,25.00,25.00
SALE-000817,PRD-0472,1,130.00,130.00
SALE-000817,PRD-0468,1,1650.00,1650.00
SALE-000818,PRD-0497,3,105.00,315.00
SALE-000818,PRD-0490,1,32.00,32.00
SALE-000819,PRD-0490,3,32.00,96.00
SALE-000819,PRD-0491,1,40.00,40.00
SALE-000819,PRD-0476,3,120.00,360.00
SALE-000819,PRD-0487,3,30.00,90.00
SALE-000820,PRD-0517,1,45.00,45.00
SALE-000820,PRD-0509,2,50.00,100.00
SALE-000821,PRD-0566,1,32.00,32.00
SALE-000821,PRD-0552,1,120.00,120.00
SALE-000822,PRD-0562,1,165.00,165.00
SALE-000822,PRD-0573,1,105.00,105.00
SALE-000823,PRD-0571,1,35.00,35.00
SALE-000824,PRD-0580,2,28.00,56.00
SALE-000825,PRD-0629,2,165.00,330.00
SALE-000825,PRD-0635,1,150.00,150.00
SALE-000826,PRD-0631,3,100.00,300.00
SALE-000827,PRD-0651,2,95.00,190.00
SALE-000828,PRD-0657,2,50.00,100.00
SALE-000829,PRD-0701,2,30.00,60.00
SALE-000829,PRD-0681,2,28.00,56.00
SALE-000829,PRD-0682,1,35.00,35.00
SALE-000830,PRD-0747,3,105.00,315.00
SALE-000830,PRD-0738,1,25.00,25.00
SALE-000830,PRD-0749,2,95.00,190.00
SALE-000830,PRD-0752,3,20.00,60.00
SALE-000831,PRD-0771,1,99.00,99.00
SALE-000831,PRD-0755,1,210.00,210.00
SALE-000832,PRD-0785,3,46.00,138.00
SALE-000832,PRD-0807,3,195.00,585.00
SALE-000832,PRD-0787,2,150.00,300.00
SALE-000833,PRD-0780,2,120.00,240.00
SALE-000833,PRD-0783,1,100.00,100.00
SALE-000834,PRD-0801,3,110.00,330.00
SALE-000835,PRD-0823,3,25.00,75.00
SALE-000835,PRD-0811,1,95.00,95.00
SALE-000835,PRD-0824,1,650.00,650.00
SALE-000835,PRD-0808,2,28.00,56.00
SALE-000836,PRD-0822,1,20.00,20.00
SALE-000837,PRD-0814,2,15.00,30.00
SALE-000837,PRD-0817,1,50.00,50.00
SALE-000837,PRD-0821,1,150.00,150.00
SALE-000837,PRD-0819,3,60.00,180.00
SALE-000838,PRD-0885,1,150.00,150.00
SALE-000838,PRD-0887,2,130.00,260.00
SALE-000838,PRD-0877,3,1300.00,3900.00
SALE-000838,PRD-0903,2,35.00,70.00
SALE-000839,PRD-0878,1,120.00,120.00
SALE-000840,PRD-0963,3,130.00,390.00
SALE-000840,PRD-0979,2,35.00,70.00
SALE-000840,PRD-0962,2,190.00,380.00
SALE-000840,PRD-0965,1,30.00,30.00
SALE-000841,PRD-0983,3,50.00,150.00
SALE-000842,PRD-0992,2,25.00,50.00
SALE-000842,PRD-0990,1,130.00,130.00
SALE-000842,PRD-0993,1,30.00,30.00
SALE-000842,PRD-0994,3,60.00,180.00
SALE-000843,PRD-1052,3,25.00,75.00
SALE-000844,PRD-1055,2,120.00,240.00
SALE-000844,PRD-1076,2,105.00,210.00
SALE-000844,PRD-1074,1,35.00,35.00
SALE-000845,PRD-1117,2,30.00,60.00
SALE-000845,PRD-1112,2,25.00,50.00
SALE-000846,PRD-1129,1,95.00,95.00
SALE-000846,PRD-1115,1,130.00,130.00
SALE-000847,PRD-1148,2,10.00,20.00
SALE-000847,PRD-1157,1,80.00,80.00
SALE-000847,PRD-1143,2,15.00,30.00
SALE-000848,PRD-1169,2,199.00,398.00
SALE-000849,PRD-1183,10,20.00,200.00
SALE-000849,PRD-1185,13,120.00,1560.00
SALE-000849,PRD-1205,2,150.00,300.00
SALE-000849,PRD-1200,2,40.00,80.00
SALE-000850,PRD-1220,1,20.00,20.00
SALE-000850,PRD-1209,1,95.00,95.00
SALE-000851,PRD-1234,1,46.00,46.00
SALE-000851,PRD-1238,2,130.00,260.00
SALE-000852,PRD-1245,2,18.00,36.00
SALE-000852,PRD-1232,2,100.00,200.00
SALE-000852,PRD-1233,1,440.00,440.00
SALE-000852,PRD-1242,2,15.00,30.00
SALE-000853,PRD-1248,1,35.00,35.00
SALE-000853,PRD-1240,1,30.00,30.00
SALE-000853,PRD-1251,1,25.00,25.00
SALE-000853,PRD-1234,1,46.00,46.00
SALE-000854,PRD-1232,1,100.00,100.00
SALE-000854,PRD-1251,2,25.00,50.00
SALE-000854,PRD-1248,1,35.00,35.00
SALE-000854,PRD-1239,1,165.00,165.00
SALE-000855,PRD-0026,2,90.00,180.00
SALE-000856,PRD-0008,1,25.00,25.00
SALE-000856,PRD-0007,1,46.00,46.00
SALE-000856,PRD-0010,1,190.00,190.00
SALE-000857,PRD-0025,2,95.00,190.00
SALE-000857,PRD-0006,1,440.00,440.00
SALE-000858,PRD-0034,3,120.00,360.00
SALE-000859,PRD-0072,3,18.00,54.00
SALE-000859,PRD-0055,1,280.00,280.00
SALE-000859,PRD-0070,3,35.00,105.00
SALE-000860,PRD-0098,3,45.00,135.00
SALE-000861,PRD-0088,1,40.00,40.00
SALE-000862,PRD-0081,2,35.00,70.00
SALE-000863,PRD-0113,1,1199.00,1199.00
SALE-000863,PRD-0112,1,199.00,199.00
SALE-000864,PRD-0129,1,440.00,440.00
SALE-000865,PRD-0140,2,40.00,80.00
SALE-000865,PRD-0134,1,130.00,130.00
SALE-000865,PRD-0150,2,35.00,70.00
SALE-000865,PRD-0124,2,1300.00,2600.00
SALE-000866,PRD-0153,1,28.00,28.00
SALE-000867,PRD-0178,3,95.00,285.00
SALE-000868,PRD-0175,3,410.00,1230.00
SALE-000869,PRD-0235,3,199.00,597.00
SALE-000869,PRD-0234,1,149.00,149.00
SALE-000870,PRD-0273,2,35.00,70.00
SALE-000870,PRD-0251,1,100.00,100.00
SALE-000870,PRD-0253,3,46.00,138.00
SALE-000871,PRD-0261,1,15.00,15.00
SALE-000871,PRD-0255,1,150.00,150.00
SALE-000872,PRD-0268,2,38.00,76.00
SALE-000872,PRD-0255,1,150.00,150.00
SALE-000872,PRD-0256,3,190.00,570.00
SALE-000873,PRD-0291,1,25.00,25.00
SALE-000874,PRD-0342,1,240.00,240.00
SALE-000875,PRD-0349,1,130.00,130.00
SALE-000875,PRD-0339,3,12.00,36.00
SALE-000875,PRD-0332,1,105.00,105.00
SALE-000875,PRD-0340,1,60.00,60.00
SALE-000876,PRD-0379,1,149.00,149.00
SALE-000876,PRD-0377,1,199.00,199.00
SALE-000877,PRD-0422,1,25.00,25.00
SALE-000877,PRD-0404,3,465.00,1395.00
SALE-000878,PRD-0406,1,25.00,25.00
SALE-000878,PRD-0422,1,25.00,25.00
SALE-000879,PRD-0443,1,25.00,25.00
SALE-000880,PRD-0452,2,20.00,40.00
SALE-000880,PRD-0465,1,240.00,240.00
SALE-000881,PRD-0481,2,46.00,92.00
SALE-000881,PRD-0479,2,100.00,200.00
SALE-000882,PRD-0478,1,135.00,135.00
SALE-000882,PRD-0485,2,130.00,260.00
SALE-000882,PRD-0499,1,95.00,95.00
SALE-000883,PRD-0493,1,45.00,45.00
SALE-000883,PRD-0478,1,135.00,135.00
SALE-000883,PRD-0489,1,15.00,15.00
SALE-000884,PRD-0482,2,25.00,50.00
SALE-000884,PRD-0495,1,35.00,35.00
SALE-000884,PRD-0492,2,18.00,36.00
SALE-000885,PRD-0519,3,35.00,105.00
SALE-000885,PRD-0506,1,60.00,60.00
SALE-000885,PRD-0510,2,5.00,10.00
SALE-000885,PRD-0505,2,50.00,100.00
SALE-000886,PRD-0518,1,10.00,10.00
SALE-000887,PRD-0594,1,20.00,20.00
SALE-000887,PRD-0588,3,40.00,120.00
SALE-000888,PRD-0619,1,99.00,99.00
SALE-000889,PRD-0627,2,1300.00,2600.00
SALE-000889,PRD-0648,2,38.00,76.00
SALE-000889,PRD-0631,3,100.00,300.00
SALE-000889,PRD-0652,2,90.00,180.00
SALE-000890,PRD-0641,2,15.00,30.00
SALE-000890,PRD-0633,3,46.00,138.00
SALE-000891,PRD-0666,3,25.00,75.00
SALE-000892,PRD-0684,2,95.00,190.00
SALE-000893,PRD-0719,2,149.00,298.00
SALE-000893,PRD-0703,2,199.00,398.00
SALE-000893,PRD-0710,2,1299.00,2598.00
SALE-000893,PRD-0717,2,449.00,898.00
SALE-000894,PRD-0713,1,199.00,199.00
SALE-000894,PRD-0704,1,299.00,299.00
SALE-000894,PRD-0712,2,149.00,298.00
SALE-000895,PRD-0729,1,100.00,100.00
SALE-000895,PRD-0733,3,150.00,450.00
SALE-000895,PRD-0737,1,30.00,30.00
SALE-000895,PRD-0727,1,165.00,165.00
SALE-000896,PRD-0756,2,20.00,40.00
SALE-000896,PRD-0771,2,99.00,198.00
SALE-000896,PRD-0754,2,410.00,820.00
SALE-000897,PRD-0803,2,95.00,190.00
SALE-000898,PRD-0826,1,45.00,45.00
SALE-000898,PRD-0808,3,28.00,84.00
SALE-000899,PRD-0833,2,70.00,140.00
SALE-000900,PRD-0872,3,149.00,447.00
SALE-000901,PRD-0875,3,249.00,747.00
SALE-000901,PRD-0861,1,299.00,299.00
SALE-000901,PRD-0857,2,149.00,298.00
SALE-000901,PRD-0866,2,1199.00,2398.00
SALE-000902,PRD-0861,2,299.00,598.00
SALE-000902,PRD-0865,3,199.00,597.00
SALE-000903,PRD-0883,1,46.00,46.00
SALE-000903,PRD-0878,2,120.00,240.00
SALE-000904,PRD-0879,3,165.00,495.00
SALE-000904,PRD-0905,1,195.00,195.00
SALE-000904,PRD-0887,2,130.00,260.00
SALE-000904,PRD-0900,3,25.00,75.00
SALE-000905,PRD-0899,2,105.00,210.00
SALE-000905,PRD-0880,2,135.00,270.00
SALE-000905,PRD-0886,2,190.00,380.00
SALE-000905,PRD-0885,1,150.00,150.00
SALE-000906,PRD-0911,1,105.00,105.00
SALE-000907,PRD-0910,1,120.00,120.00
SALE-000907,PRD-0907,3,210.00,630.00
SALE-000907,PRD-0925,2,40.00,80.00
SALE-000907,PRD-0906,1,410.00,410.00
SALE-000908,PRD-0919,2,60.00,120.00
SALE-000908,PRD-0915,2,390.00,780.00
SALE-000908,PRD-0917,2,160.00,320.00
SALE-000909,PRD-0950,1,30.00,30.00
SALE-000910,PRD-0937,1,15.00,15.00
SALE-000911,PRD-0974,2,38.00,76.00
SALE-000911,PRD-0955,2,165.00,330.00
SALE-000911,PRD-0961,1,150.00,150.00
SALE-000912,PRD-0974,1,38.00,38.00
SALE-000912,PRD-0976,1,25.00,25.00
SALE-000912,PRD-0960,1,25.00,25.00
SALE-000913,PRD-1000,1,250.00,250.00
SALE-000914,PRD-0982,2,280.00,560.00
SALE-000915,PRD-0999,1,18.00,18.00
SALE-000915,PRD-0991,3,15.00,45.00
SALE-000915,PRD-0993,1,30.00,30.00
SALE-000915,PRD-0996,2,10.00,20.00
SALE-000916,PRD-1056,2,165.00,330.00
SALE-000916,PRD-1078,1,95.00,95.00
SALE-000917,PRD-1060,2,46.00,92.00
SALE-000917,PRD-1067,3,25.00,75.00
SALE-000917,PRD-1076,1,105.00,105.00
SALE-000918,PRD-1137,1,70.00,70.00
SALE-000919,PRD-1178,2,999.00,1998.00
SALE-000919,PRD-1168,1,149.00,149.00
SALE-000920,PRD-1209,2,95.00,190.00
SALE-000921,PRD-1208,3,38.00,114.00
SALE-000921,PRD-1225,3,30.00,90.00
SALE-000922,PRD-1236,2,150.00,300.00
SALE-000922,PRD-1233,1,440.00,440.00
SALE-000923,PRD-1256,1,205.00,205.00
SALE-000924,PRD-0014,2,25.00,50.00
SALE-000924,PRD-0005,3,100.00,300.00
SALE-000925,PRD-0010,2,190.00,380.00
SALE-000926,PRD-0049,1,40.00,40.00
SALE-000926,PRD-0030,1,410.00,410.00
SALE-000926,PRD-0034,2,120.00,240.00
SALE-000927,PRD-0069,1,10.00,10.00
SALE-000927,PRD-0056,2,50.00,100.00
SALE-000927,PRD-0070,1,35.00,35.00
SALE-000927,PRD-0061,3,5.00,15.00
SALE-000928,PRD-0088,2,40.00,80.00
SALE-000929,PRD-0098,1,45.00,45.00
SALE-000930,PRD-0086,1,15.00,15.00
SALE-000931,PRD-0167,2,20.00,40.00
SALE-000931,PRD-0161,1,40.00,40.00
SALE-000932,PRD-0175,3,410.00,1230.00
SALE-000932,PRD-0184,2,390.00,780.00
SALE-000933,PRD-0220,2,30.00,60.00
SALE-000933,PRD-0211,1,30.00,30.00
SALE-000934,PRD-0252,1,440.00,440.00
SALE-000934,PRD-0247,3,1300.00,3900.00
SALE-000935,PRD-0271,1,95.00,95.00
SALE-000935,PRD-0251,2,100.00,200.00
SALE-000936,PRD-0261,1,15.00,15.00
SALE-000936,PRD-0257,2,130.00,260.00
SALE-000936,PRD-0255,1,150.00,150.00
SALE-000936,PRD-0251,3,100.00,300.00
SALE-000937,PRD-0251,1,100.00,100.00
SALE-000938,PRD-0322,1,95.00,95.00
SALE-000938,PRD-0309,2,165.00,330.00
SALE-000939,PRD-0319,2,38.00,76.00
SALE-000939,PRD-0303,1,440.00,440.00
SALE-000940,PRD-0312,1,15.00,15.00
SALE-000941,PRD-0362,1,25.00,25.00
SALE-000941,PRD-0372,3,30.00,90.00
SALE-000942,PRD-0424,1,90.00,90.00
SALE-000942,PRD-0412,1,25.00,25.00
SALE-000943,PRD-0418,2,38.00,76.00
SALE-000944,PRD-0450,8,410.00,3280.00
SALE-000945,PRD-0458,2,1200.00,2400.00
SALE-000945,PRD-0462,1,12.00,12.00
SALE-000945,PRD-0465,2,240.00,480.00
SALE-000945,PRD-0455,3,105.00,315.00
SALE-000946,PRD-0452,1,20.00,20.00
SALE-000946,PRD-0450,3,410.00,1230.00
SALE-000947,PRD-0493,1,45.00,45.00
SALE-000947,PRD-0484,1,190.00,190.00
SALE-000947,PRD-0481,2,46.00,92.00
SALE-000948,PRD-0477,1,165.00,165.00
SALE-000948,PRD-0489,2,15.00,30.00
SALE-000949,PRD-0506,1,60.00,60.00
SALE-000949,PRD-0508,2,12.00,24.00
SALE-000949,PRD-0524,1,30.00,30.00
SALE-000950,PRD-0537,1,999.00,999.00
SALE-000950,PRD-0536,2,1299.00,2598.00
SALE-000951,PRD-0559,1,150.00,150.00
SALE-000952,PRD-0600,1,30.00,30.00
SALE-000952,PRD-0584,1,60.00,60.00
SALE-000953,PRD-0600,1,30.00,30.00
SALE-000954,PRD-0624,2,130.00,260.00
SALE-000955,PRD-0652,2,90.00,180.00
SALE-000956,PRD-0650,1,25.00,25.00
SALE-000956,PRD-0641,1,15.00,15.00
SALE-000956,PRD-0643,2,40.00,80.00
SALE-000956,PRD-0627,2,1300.00,2600.00
SALE-000957,PRD-0629,1,165.00,165.00
SALE-000957,PRD-0644,2,18.00,36.00
SALE-000958,PRD-0637,1,130.00,130.00
SALE-000959,PRD-0682,1,35.00,35.00
SALE-000960,PRD-0689,3,40.00,120.00
SALE-000960,PRD-0690,1,50.00,50.00
SALE-000960,PRD-0688,2,145.00,290.00
SALE-000961,PRD-0706,1,599.00,599.00
SALE-000962,PRD-0826,2,45.00,90.00
SALE-000963,PRD-0830,3,280.00,840.00
SALE-000964,PRD-0865,2,199.00,398.00
SALE-000964,PRD-0855,1,199.00,199.00
SALE-000964,PRD-0863,1,999.00,999.00
SALE-000965,PRD-0905,2,195.00,390.00
SALE-000965,PRD-0900,2,25.00,50.00
SALE-000966,PRD-0881,1,100.00,100.00
SALE-000967,PRD-0887,1,130.00,130.00
SALE-000968,PRD-0908,1,20.00,20.00
SALE-000968,PRD-0915,2,390.00,780.00
SALE-000969,PRD-0912,2,780.00,1560.00
SALE-000970,PRD-0915,1,390.00,390.00
SALE-000970,PRD-0919,1,60.00,60.00
SALE-000971,PRD-0984,2,60.00,120.00
SALE-000972,PRD-0983,1,50.00,50.00
SALE-000972,PRD-0999,1,18.00,18.00
SALE-000973,PRD-1021,1,462.00,462.00
SALE-000973,PRD-1027,2,249.00,498.00
SALE-000973,PRD-1015,1,999.00,999.00
SALE-000974,PRD-1059,2,440.00,880.00
SALE-000975,PRD-1073,2,38.00,76.00
SALE-000975,PRD-1064,1,130.00,130.00
SALE-000976,PRD-1089,2,15.00,30.00
SALE-000976,PRD-1094,1,60.00,60.00
SALE-000977,PRD-1108,1,135.00,135.00
SALE-000978,PRD-1109,2,100.00,200.00
SALE-000979,PRD-1129,2,95.00,190.00
SALE-000979,PRD-1111,3,46.00,138.00
SALE-000979,PRD-1118,2,25.00,50.00
SALE-000980,PRD-1137,2,70.00,140.00
SALE-000980,PRD-1151,1,18.00,18.00
SALE-000980,PRD-1143,2,15.00,30.00
SALE-000980,PRD-1135,1,50.00,50.00
SALE-000981,PRD-1188,3,1750.00,5250.00
SALE-000982,PRD-1225,1,30.00,30.00
SALE-000982,PRD-1206,1,28.00,28.00
SALE-000983,PRD-1247,2,38.00,76.00
SALE-000984,PRD-0017,2,40.00,80.00
SALE-000984,PRD-0027,3,35.00,105.00
SALE-000984,PRD-0014,3,25.00,75.00
SALE-000985,PRD-0008,1,25.00,25.00
SALE-000985,PRD-0029,2,195.00,390.00
SALE-000986,PRD-0040,1,65.00,65.00
SALE-000986,PRD-0045,1,240.00,240.00
SALE-000986,PRD-0033,3,95.00,285.00
SALE-000987,PRD-0030,15,410.00,6150.00
SALE-000987,PRD-0043,3,60.00,180.00
SALE-000988,PRD-0087,2,145.00,290.00
SALE-000989,PRD-0102,1,199.00,199.00
SALE-000989,PRD-0103,3,299.00,897.00
SALE-000989,PRD-0118,2,149.00,298.00
SALE-000989,PRD-0112,1,199.00,199.00
SALE-000990,PRD-0151,2,20.00,40.00
SALE-000991,PRD-0130,1,46.00,46.00
SALE-000991,PRD-0131,2,25.00,50.00
SALE-000992,PRD-0157,2,60.00,120.00
SALE-000993,PRD-0186,3,160.00,480.00
SALE-000994,PRD-0180,3,105.00,315.00
SALE-000994,PRD-0175,2,410.00,820.00
SALE-000995,PRD-0175,2,410.00,820.00
SALE-000995,PRD-0186,1,160.00,160.00
SALE-000996,PRD-0206,1,5.00,5.00
SALE-000996,PRD-0204,2,12.00,24.00
SALE-000996,PRD-0201,3,50.00,150.00
SALE-000996,PRD-0212,1,60.00,60.00
SALE-000997,PRD-0223,3,80.00,240.00
SALE-000998,PRD-0254,1,25.00,25.00
SALE-000998,PRD-0269,1,105.00,105.00
SALE-000998,PRD-0247,1,1300.00,1300.00
SALE-000998,PRD-0261,1,15.00,15.00
SALE-000999,PRD-0259,1,30.00,30.00
SALE-000999,PRD-0250,1,135.00,135.00
SALE-001000,PRD-0251,3,100.00,300.00
SALE-001000,PRD-0273,3,35.00,105.00
SALE-001000,PRD-0267,1,35.00,35.00
SALE-001001,PRD-0290,1,20.00,20.00
SALE-001001,PRD-0295,2,30.00,60.00
SALE-001001,PRD-0293,2,90.00,180.00
SALE-001001,PRD-0279,2,95.00,190.00
SALE-001002,PRD-0313,2,32.00,64.00
SALE-001003,PRD-0319,1,38.00,38.00
SALE-001004,PRD-0304,1,46.00,46.00
SALE-001005,PRD-0327,3,410.00,1230.00
SALE-001006,PRD-0377,3,199.00,597.00
SALE-001007,PRD-0405,3,46.00,138.00
SALE-001007,PRD-0404,2,465.00,930.00
SALE-001008,PRD-0411,1,30.00,30.00
SALE-001008,PRD-0412,2,25.00,50.00
SALE-001008,PRD-0409,2,130.00,260.00
SALE-001009,PRD-0454,1,120.00,120.00
SALE-001009,PRD-0464,1,290.00,290.00
SALE-001010,PRD-0502,1,20.00,20.00
SALE-001010,PRD-0485,1,130.00,130.00
SALE-001010,PRD-0497,3,105.00,315.00
SALE-001010,PRD-0481,3,46.00,138.00
SALE-001011,PRD-0477,2,165.00,330.00
SALE-001012,PRD-0476,1,120.00,120.00
SALE-001012,PRD-0475,2,1300.00,2600.00
SALE-001013,PRD-0509,3,50.00,150.00
SALE-001013,PRD-0520,2,120.00,240.00
SALE-001013,PRD-0505,1,50.00,50.00
SALE-001014,PRD-0573,1,105.00,105.00
SALE-001014,PRD-0558,1,25.00,25.00
SALE-001015,PRD-0568,1,18.00,18.00
SALE-001016,PRD-0563,1,30.00,30.00
SALE-001016,PRD-0551,2,1300.00,2600.00
SALE-001017,PRD-0622,3,280.00,840.00
SALE-001018,PRD-0604,12,20.00,240.00
SALE-001018,PRD-0607,6,105.00,630.00
SALE-001018,PRD-0605,4,95.00,380.00
SALE-001019,PRD-0633,1,46.00,46.00
SALE-001019,PRD-0650,2,25.00,50.00
SALE-001019,PRD-0632,1,440.00,440.00
SALE-001019,PRD-0647,1,35.00,35.00
SALE-001020,PRD-0640,1,25.00,25.00
SALE-001020,PRD-0649,2,105.00,210.00
SALE-001021,PRD-0628,1,120.00,120.00
SALE-001021,PRD-0641,1,15.00,15.00
SALE-001022,PRD-0629,1,165.00,165.00
SALE-001023,PRD-0689,1,40.00,40.00
SALE-001023,PRD-0683,3,38.00,114.00
SALE-001023,PRD-0695,3,20.00,60.00
SALE-001023,PRD-0684,3,95.00,285.00
SALE-001024,PRD-0703,1,199.00,199.00
SALE-001025,PRD-0750,3,90.00,270.00
SALE-001025,PRD-0733,1,150.00,150.00
SALE-001026,PRD-0786,1,25.00,25.00
SALE-001027,PRD-0804,1,90.00,90.00
SALE-001027,PRD-0789,2,130.00,260.00
SALE-001028,PRD-0786,1,25.00,25.00
SALE-001029,PRD-0826,1,45.00,45.00
SALE-001029,PRD-0812,1,60.00,60.00
SALE-001030,PRD-0830,3,280.00,840.00
SALE-001030,PRD-0842,2,60.00,120.00
SALE-001030,PRD-0840,1,25.00,25.00
SALE-001030,PRD-0832,1,60.00,60.00
SALE-001031,PRD-0855,1,199.00,199.00
SALE-001031,PRD-0862,2,1299.00,2598.00
SALE-001032,PRD-0882,2,440.00,880.00
SALE-001033,PRD-0932,2,35.00,70.00
SALE-001033,PRD-0931,3,28.00,84.00
SALE-001033,PRD-0940,2,50.00,100.00
SALE-001033,PRD-0935,2,60.00,120.00
SALE-001034,PRD-0995,1,45.00,45.00
SALE-001034,PRD-0983,3,50.00,150.00
SALE-001035,PRD-1013,1,299.00,299.00
SALE-001036,PRD-1039,2,65.00,130.00
SALE-001036,PRD-1051,2,130.00,260.00
SALE-001037,PRD-1032,1,95.00,95.00
SALE-001038,PRD-1073,1,38.00,38.00
SALE-001038,PRD-1081,2,20.00,40.00
SALE-001039,PRD-1091,1,40.00,40.00
SALE-001039,PRD-1093,2,35.00,70.00
SALE-001039,PRD-1096,1,150.00,150.00
SALE-001039,PRD-1087,2,60.00,120.00
SALE-001040,PRD-1115,1,130.00,130.00
SALE-001041,PRD-1116,1,165.00,165.00
SALE-001042,PRD-1182,2,210.00,420.00
SALE-001042,PRD-1184,2,95.00,190.00
SALE-001043,PRD-1207,1,35.00,35.00
SALE-001044,PRD-1218,1,90.00,90.00
SALE-001045,PRD-1214,1,40.00,40.00
SALE-001045,PRD-1224,1,45.00,45.00
SALE-001046,PRD-1228,2,1300.00,2600.00
SALE-001046,PRD-1229,2,120.00,240.00
SALE-001046,PRD-1241,1,25.00,25.00
SALE-001046,PRD-1233,1,440.00,440.00
SALE-001047,PRD-0025,1,95.00,95.00
SALE-001048,PRD-0029,2,195.00,390.00
SALE-001048,PRD-0014,1,25.00,25.00
SALE-001049,PRD-0049,1,40.00,40.00
SALE-001049,PRD-0041,1,160.00,160.00
SALE-001050,PRD-0055,2,280.00,560.00
SALE-001050,PRD-0073,3,250.00,750.00
SALE-001050,PRD-0061,2,5.00,10.00
SALE-001050,PRD-0071,1,120.00,120.00
SALE-001051,PRD-0064,1,15.00,15.00
SALE-001052,PRD-0090,1,35.00,35.00
SALE-001053,PRD-0132,1,150.00,150.00
SALE-001054,PRD-0195,2,280.00,560.00
SALE-001054,PRD-0178,2,95.00,190.00
SALE-001054,PRD-0182,1,1750.00,1750.00
SALE-001054,PRD-0185,3,65.00,195.00
SALE-001055,PRD-0206,1,5.00,5.00
SALE-001055,PRD-0200,2,280.00,560.00
SALE-001055,PRD-0208,3,130.00,390.00
SALE-001056,PRD-0266,2,38.00,76.00
SALE-001056,PRD-0256,2,190.00,380.00
SALE-001057,PRD-0252,1,465.00,465.00
SALE-001057,PRD-0258,2,165.00,330.00
SALE-001058,PRD-0261,2,15.00,30.00
SALE-001058,PRD-0260,1,25.00,25.00
SALE-001059,PRD-0264,1,18.00,18.00
SALE-001060,PRD-0293,1,90.00,90.00
SALE-001060,PRD-0286,3,35.00,105.00
SALE-001060,PRD-0282,1,15.00,15.00
SALE-001060,PRD-0281,2,340.00,680.00
SALE-001061,PRD-0321,1,25.00,25.00
SALE-001061,PRD-0304,1,46.00,46.00
SALE-001062,PRD-0306,1,150.00,150.00
SALE-001062,PRD-0305,1,25.00,25.00
SALE-001063,PRD-0304,2,46.00,92.00
SALE-001063,PRD-0320,2,105.00,210.00
SALE-001064,PRD-0386,3,149.00,447.00
SALE-001064,PRD-0387,2,199.00,398.00
SALE-001065,PRD-0385,3,999.00,2997.00
SALE-001065,PRD-0384,2,1299.00,2598.00
SALE-001066,PRD-0422,1,25.00,25.00
SALE-001066,PRD-0425,1,35.00,35.00
SALE-001067,PRD-0407,3,150.00,450.00
SALE-001067,PRD-0411,2,30.00,60.00
SALE-001067,PRD-0420,2,38.00,76.00
SALE-001068,PRD-0420,2,38.00,76.00
SALE-001068,PRD-0402,2,135.00,270.00
SALE-001068,PRD-0399,1,1300.00,1300.00
SALE-001068,PRD-0411,3,30.00,90.00
SALE-001069,PRD-0422,1,25.00,25.00
SALE-001069,PRD-0418,2,38.00,76.00
SALE-001069,PRD-0401,1,165.00,165.00
SALE-001069,PRD-0412,1,25.00,25.00
SALE-001070,PRD-0447,2,30.00,60.00
SALE-001070,PRD-0434,1,15.00,15.00
SALE-001070,PRD-0442,2,20.00,40.00
SALE-001070,PRD-0449,2,120.00,240.00
SALE-001071,PRD-0481,2,46.00,92.00
SALE-001072,PRD-0484,2,190.00,380.00
SALE-001072,PRD-0497,1,105.00,105.00
SALE-001073,PRD-0527,1,80.00,80.00
SALE-001074,PRD-0581,2,35.00,70.00
SALE-001075,PRD-0636,3,190.00,570.00
SALE-001075,PRD-0652,2,90.00,180.00
SALE-001076,PRD-0644,1,18.00,18.00
SALE-001076,PRD-0635,1,150.00,150.00
SALE-001076,PRD-0627,2,1300.00,2600.00
SALE-001077,PRD-0629,1,165.00,165.00
SALE-001077,PRD-0655,1,195.00,195.00
SALE-001077,PRD-0651,3,95.00,285.00
SALE-001077,PRD-0648,2,38.00,76.00
SALE-001078,PRD-0689,2,40.00,80.00
SALE-001079,PRD-0687,3,15.00,45.00
SALE-001080,PRD-0708,2,899.00,1798.00
SALE-001080,PRD-0712,1,149.00,149.00
SALE-001081,PRD-0749,1,95.00,95.00
SALE-001082,PRD-0762,1,1200.00,1200.00
SALE-001082,PRD-0759,12,105.00,1260.00
SALE-001083,PRD-0801,2,110.00,220.00
SALE-001083,PRD-0782,2,135.00,270.00
SALE-001084,PRD-0785,1,46.00,46.00
SALE-001084,PRD-0794,1,32.00,32.00
SALE-001084,PRD-0807,2,195.00,390.00
SALE-001084,PRD-0779,1,1300.00,1300.00
SALE-001085,PRD-0785,2,46.00,92.00
SALE-001085,PRD-0800,1,38.00,38.00
SALE-001086,PRD-0818,2,35.00,70.00
SALE-001086,PRD-0822,1,20.00,20.00
SALE-001086,PRD-0811,1,95.00,95.00
SALE-001086,PRD-0815,1,145.00,145.00
SALE-001087,PRD-0825,1,90.00,90.00
SALE-001087,PRD-0828,2,30.00,60.00
SALE-001088,PRD-0914,3,1200.00,3600.00
SALE-001089,PRD-0914,1,1200.00,1200.00
SALE-001089,PRD-0925,1,40.00,40.00
SALE-001089,PRD-0917,2,160.00,320.00
SALE-001089,PRD-0906,2,410.00,820.00
SALE-001090,PRD-0918,1,12.00,12.00
SALE-001090,PRD-0909,12,95.00,1140.00
SALE-001091,PRD-0945,2,20.00,40.00
SALE-001092,PRD-0941,2,35.00,70.00
SALE-001093,PRD-0962,1,190.00,190.00
SALE-001094,PRD-0970,3,18.00,54.00
SALE-001095,PRD-0986,1,12.00,12.00
SALE-001095,PRD-0982,3,280.00,840.00
SALE-001095,PRD-0994,2,60.00,120.00
SALE-001095,PRD-0983,1,50.00,50.00
SALE-001096,PRD-1001,2,25.00,50.00
SALE-001096,PRD-0995,2,45.00,90.00
SALE-001096,PRD-0988,1,5.00,5.00
SALE-001097,PRD-1029,1,410.00,410.00
SALE-001097,PRD-1053,2,150.00,300.00
SALE-001097,PRD-1047,1,1650.00,1650.00
SALE-001098,PRD-1038,2,390.00,780.00
SALE-001099,PRD-1057,3,135.00,405.00
SALE-001099,PRD-1059,2,440.00,880.00
SALE-001100,PRD-1083,2,28.00,56.00
SALE-001100,PRD-1086,2,95.00,190.00
SALE-001100,PRD-1097,1,20.00,20.00
SALE-001100,PRD-1093,2,35.00,70.00
SALE-001101,PRD-1125,1,35.00,35.00
SALE-001101,PRD-1120,3,32.00,96.00
SALE-001101,PRD-1111,3,46.00,138.00
SALE-001101,PRD-1106,3,120.00,360.00
SALE-001102,PRD-1111,2,46.00,92.00
SALE-001102,PRD-1110,2,440.00,880.00
SALE-001102,PRD-1107,1,165.00,165.00
SALE-001102,PRD-1129,1,95.00,95.00
SALE-001103,PRD-1156,1,45.00,45.00
SALE-001104,PRD-1145,1,30.00,30.00
SALE-001104,PRD-1134,1,280.00,280.00
SALE-001105,PRD-1183,7,20.00,140.00
SALE-001105,PRD-1201,1,280.00,280.00
SALE-001105,PRD-1186,8,105.00,840.00
SALE-001106,PRD-1209,2,95.00,190.00
SALE-001106,PRD-1206,3,28.00,84.00
SALE-001106,PRD-1214,1,40.00,40.00
SALE-001106,PRD-1212,3,15.00,45.00
SALE-001107,PRD-1231,2,135.00,270.00
SALE-001107,PRD-1228,1,1300.00,1300.00
SALE-001107,PRD-1242,3,15.00,45.00
SALE-001108,PRD-1234,2,46.00,92.00
SALE-001108,PRD-1233,2,440.00,880.00
SALE-001109,PRD-0004,1,135.00,135.00
SALE-001110,PRD-0006,1,440.00,440.00
SALE-001110,PRD-0021,2,35.00,70.00
SALE-001111,PRD-0063,2,130.00,260.00
SALE-001111,PRD-0056,2,50.00,100.00
SALE-001111,PRD-0074,2,25.00,50.00
SALE-001112,PRD-0082,1,38.00,38.00
SALE-001113,PRD-0103,2,299.00,598.00
SALE-001114,PRD-0104,1,149.00,149.00
SALE-001114,PRD-0111,1,149.00,149.00
SALE-001115,PRD-0137,2,25.00,50.00
SALE-001115,PRD-0128,2,100.00,200.00
SALE-001115,PRD-0148,2,95.00,190.00
SALE-001116,PRD-0145,1,38.00,38.00
SALE-001116,PRD-0143,2,38.00,76.00
SALE-001116,PRD-0130,3,46.00,138.00
SALE-001117,PRD-0156,1,95.00,95.00
SALE-001118,PRD-0153,1,28.00,28.00
SALE-001119,PRD-0153,1,28.00,28.00
SALE-001119,PRD-0174,1,120.00,120.00
SALE-001119,PRD-0159,1,15.00,15.00
SALE-001120,PRD-0192,1,99.00,99.00
SALE-001120,PRD-0175,21,410.00,8610.00
SALE-001120,PRD-0189,4,290.00,1160.00
SALE-001120,PRD-0194,1,40.00,40.00
SALE-001121,PRD-0184,2,390.00,780.00
SALE-001121,PRD-0175,3,410.00,1230.00
SALE-001121,PRD-0188,1,60.00,60.00
SALE-001122,PRD-0260,2,25.00,50.00
SALE-001123,PRD-0261,1,15.00,15.00
SALE-001124,PRD-0287,1,60.00,60.00
SALE-001125,PRD-0278,2,38.00,76.00
SALE-001125,PRD-0295,2,30.00,60.00
SALE-001126,PRD-0323,1,90.00,90.00
SALE-001126,PRD-0312,1,15.00,15.00
SALE-001126,PRD-0318,1,35.00,35.00
SALE-001126,PRD-0320,1,105.00,105.00
SALE-001127,PRD-0352,2,280.00,560.00
SALE-001128,PRD-0426,1,20.00,20.00
SALE-001129,PRD-0417,1,45.00,45.00
SALE-001129,PRD-0413,1,15.00,15.00
SALE-001129,PRD-0411,2,30.00,60.00
SALE-001130,PRD-0405,2,46.00,92.00
SALE-001130,PRD-0409,2,130.00,260.00
SALE-001131,PRD-0422,1,25.00,25.00
SALE-001131,PRD-0419,1,35.00,35.00
SALE-001132,PRD-0428,1,28.00,28.00
SALE-001132,PRD-0447,1,30.00,30.00
SALE-001132,PRD-0437,2,50.00,100.00
SALE-001132,PRD-0442,3,20.00,60.00
SALE-001133,PRD-0433,1,340.00,340.00
SALE-001133,PRD-0448,2,30.00,60.00
SALE-001134,PRD-0442,2,20.00,40.00
SALE-001134,PRD-0443,1,25.00,25.00
SALE-001134,PRD-0432,1,60.00,60.00
SALE-001135,PRD-0450,1,410.00,410.00
SALE-001136,PRD-0470,1,280.00,280.00
SALE-001136,PRD-0451,1,210.00,210.00
SALE-001137,PRD-0475,1,1300.00,1300.00
SALE-001137,PRD-0480,3,440.00,1320.00
SALE-001137,PRD-0483,3,150.00,450.00
SALE-001138,PRD-0503,1,195.00,195.00
SALE-001138,PRD-0494,1,38.00,38.00
SALE-001138,PRD-0490,2,32.00,64.00
SALE-001138,PRD-0487,1,30.00,30.00
SALE-001139,PRD-0507,1,70.00,70.00
SALE-001139,PRD-0518,2,10.00,20.00
SALE-001139,PRD-0505,2,50.00,100.00
SALE-001139,PRD-0504,1,280.00,280.00
SALE-001140,PRD-0519,2,35.00,70.00
SALE-001141,PRD-0590,1,35.00,35.00
SALE-001141,PRD-0600,3,30.00,90.00
SALE-001141,PRD-0598,1,45.00,45.00
SALE-001141,PRD-0580,2,28.00,56.00
SALE-001142,PRD-0589,2,50.00,100.00
SALE-001142,PRD-0584,1,60.00,60.00
SALE-001143,PRD-0617,2,240.00,480.00
SALE-001143,PRD-0603,3,210.00,630.00
SALE-001143,PRD-0602,1,410.00,410.00
SALE-001143,PRD-0605,2,95.00,190.00
SALE-001144,PRD-0651,1,95.00,95.00
SALE-001144,PRD-0647,1,35.00,35.00
SALE-001144,PRD-0652,2,90.00,180.00
SALE-001144,PRD-0629,3,165.00,495.00
SALE-001145,PRD-0657,1,50.00,50.00
SALE-001145,PRD-0661,1,50.00,50.00
SALE-001146,PRD-0695,1,20.00,20.00
SALE-001147,PRD-0731,1,46.00,46.00
SALE-001147,PRD-0734,2,190.00,380.00
SALE-001148,PRD-0739,1,15.00,15.00
SALE-001148,PRD-0731,1,46.00,46.00
SALE-001148,PRD-0725,1,1300.00,1300.00
SALE-001148,PRD-0737,2,30.00,60.00
SALE-001149,PRD-0799,3,35.00,105.00
SALE-001149,PRD-0792,2,25.00,50.00
SALE-001150,PRD-0780,2,120.00,240.00
SALE-001150,PRD-0793,2,15.00,30.00
SALE-001151,PRD-0823,2,26.00,52.00
SALE-001151,PRD-0828,1,30.00,30.00
SALE-001152,PRD-0838,1,130.00,130.00
SALE-001153,PRD-0858,1,599.00,599.00
SALE-001153,PRD-0871,2,149.00,298.00
SALE-001153,PRD-0870,2,99.00,198.00
SALE-001154,PRD-0864,3,149.00,447.00
SALE-001154,PRD-0855,2,199.00,398.00
SALE-001155,PRD-0887,1,130.00,130.00
SALE-001156,PRD-0916,1,65.00,65.00
SALE-001156,PRD-0906,8,410.00,3280.00
SALE-001157,PRD-0938,1,145.00,145.00
SALE-001157,PRD-0931,1,28.00,28.00
SALE-001157,PRD-0932,1,35.00,35.00
SALE-001158,PRD-0972,2,38.00,76.00
SALE-001158,PRD-0958,2,440.00,880.00
SALE-001158,PRD-0969,1,40.00,40.00
SALE-001158,PRD-0960,1,25.00,25.00
SALE-001159,PRD-0966,3,25.00,75.00
SALE-001159,PRD-0962,2,190.00,380.00
SALE-001159,PRD-0980,2,20.00,40.00
SALE-001159,PRD-0979,1,35.00,35.00
SALE-001160,PRD-0991,1,15.00,15.00
SALE-001160,PRD-0987,1,50.00,50.00
SALE-001160,PRD-1004,3,45.00,135.00
SALE-001160,PRD-0989,3,6.00,18.00
SALE-001161,PRD-1001,3,25.00,75.00
SALE-001162,PRD-0989,1,6.00,6.00
SALE-001162,PRD-0984,3,60.00,180.00
SALE-001163,PRD-1023,1,149.00,149.00
SALE-001164,PRD-1031,1,20.00,20.00
SALE-001164,PRD-1038,1,390.00,390.00
SALE-001164,PRD-1032,3,95.00,285.00
SALE-001164,PRD-1051,2,130.00,260.00
SALE-001165,PRD-1091,1,40.00,40.00
SALE-001166,PRD-1126,2,38.00,76.00
SALE-001167,PRD-1113,1,150.00,150.00
SALE-001167,PRD-1129,2,95.00,190.00
SALE-001167,PRD-1106,2,120.00,240.00
SALE-001167,PRD-1130,3,90.00,270.00
SALE-001168,PRD-1126,1,38.00,38.00
SALE-001168,PRD-1133,3,205.00,615.00
SALE-001169,PRD-1136,1,60.00,60.00
SALE-001170,PRD-1167,1,999.00,999.00
SALE-001170,PRD-1177,1,399.00,399.00
SALE-001170,PRD-1166,1,1299.00,1299.00
SALE-001170,PRD-1162,2,599.00,1198.00
SALE-001171,PRD-1252,1,95.00,95.00
SALE-001172,PRD-1240,2,30.00,60.00
SALE-001172,PRD-1238,1,130.00,130.00
SALE-001173,PRD-0015,1,15.00,15.00
SALE-001173,PRD-0008,1,25.00,25.00
SALE-001173,PRD-0024,2,25.00,50.00
SALE-001173,PRD-0022,2,38.00,76.00
SALE-001174,PRD-0025,1,95.00,95.00
SALE-001174,PRD-0003,1,165.00,165.00
SALE-001175,PRD-0022,1,38.00,38.00
SALE-001175,PRD-0002,1,120.00,120.00
SALE-001175,PRD-0024,2,25.00,50.00
SALE-001176,PRD-0051,2,190.00,380.00
SALE-001177,PRD-0062,1,6.00,6.00
SALE-001177,PRD-0073,1,250.00,250.00
SALE-001177,PRD-0070,2,35.00,70.00
SALE-001177,PRD-0063,2,130.00,260.00
SALE-001178,PRD-0081,1,35.00,35.00
SALE-001178,PRD-0093,2,150.00,300.00
SALE-001178,PRD-0089,3,50.00,150.00
SALE-001178,PRD-0085,2,340.00,680.00
SALE-001179,PRD-0086,2,15.00,30.00
SALE-001179,PRD-0087,1,145.00,145.00
SALE-001179,PRD-0082,3,38.00,114.00
SALE-001180,PRD-0126,1,165.00,165.00
SALE-001180,PRD-0133,1,190.00,190.00
SALE-001181,PRD-0151,3,20.00,60.00
SALE-001181,PRD-0132,2,150.00,300.00
SALE-001182,PRD-0126,1,165.00,165.00
SALE-001182,PRD-0151,2,20.00,40.00
SALE-001183,PRD-0170,1,90.00,90.00
SALE-001183,PRD-0156,2,95.00,190.00
SALE-001183,PRD-0153,2,28.00,56.00
SALE-001184,PRD-0188,1,60.00,60.00
SALE-001184,PRD-0197,1,130.00,130.00
SALE-001184,PRD-0175,2,410.00,820.00
SALE-001185,PRD-0214,2,10.00,20.00
SALE-001186,PRD-0251,3,100.00,300.00
SALE-001187,PRD-0268,1,38.00,38.00
SALE-001187,PRD-0253,3,46.00,138.00
SALE-001187,PRD-0248,2,120.00,240.00
SALE-001188,PRD-0294,1,50.00,50.00
SALE-001188,PRD-0277,2,35.00,70.00
SALE-001188,PRD-0278,1,38.00,38.00
SALE-001189,PRD-0303,2,440.00,880.00
SALE-001189,PRD-0317,3,38.00,114.00
SALE-001190,PRD-0325,2,20.00,40.00
SALE-001190,PRD-0311,3,25.00,75.00
SALE-001190,PRD-0314,2,40.00,80.00
SALE-001190,PRD-0322,1,95.00,95.00
SALE-001191,PRD-0397,2,249.00,498.00
SALE-001191,PRD-0378,1,299.00,299.00
SALE-001191,PRD-0386,2,149.00,298.00
SALE-001192,PRD-0409,1,130.00,130.00
SALE-001192,PRD-0413,3,15.00,45.00
SALE-001193,PRD-0411,2,30.00,60.00
SALE-001193,PRD-0402,1,135.00,135.00
SALE-001193,PRD-0399,3,1300.00,3900.00
SALE-001193,PRD-0417,2,45.00,90.00
SALE-001194,PRD-0405,1,46.00,46.00
SALE-001195,PRD-0429,2,35.00,70.00
SALE-001195,PRD-0434,1,15.00,15.00
SALE-001196,PRD-0434,1,15.00,15.00
SALE-001196,PRD-0445,3,90.00,270.00
SALE-001197,PRD-0436,2,40.00,80.00
SALE-001198,PRD-0461,1,160.00,160.00
SALE-001198,PRD-0469,1,40.00,40.00
SALE-001198,PRD-0472,1,130.00,130.00
SALE-001199,PRD-0480,3,440.00,1320.00
SALE-001200,PRD-0487,1,30.00,30.00
SALE-001200,PRD-0489,2,15.00,30.00
SALE-001200,PRD-0476,2,120.00,240.00
SALE-001200,PRD-0499,2,95.00,190.00
SALE-001201,PRD-0480,2,440.00,880.00
SALE-001201,PRD-0487,2,30.00,60.00
SALE-001202,PRD-0488,2,25.00,50.00
SALE-001202,PRD-0482,1,25.00,25.00
SALE-001203,PRD-0511,2,6.00,12.00
SALE-001204,PRD-0553,1,165.00,165.00
SALE-001204,PRD-0565,3,15.00,45.00
SALE-001204,PRD-0567,1,40.00,40.00
SALE-001204,PRD-0551,2,1300.00,2600.00
SALE-001205,PRD-0588,1,40.00,40.00
SALE-001206,PRD-0610,1,1200.00,1200.00
SALE-001207,PRD-0605,3,95.00,285.00
SALE-001208,PRD-0637,1,130.00,130.00
SALE-001209,PRD-0673,2,18.00,36.00
SALE-001210,PRD-0691,1,35.00,35.00
SALE-001210,PRD-0693,2,90.00,180.00
SALE-001211,PRD-0753,1,195.00,195.00
SALE-001211,PRD-0737,1,30.00,30.00
SALE-001212,PRD-0788,2,190.00,380.00
SALE-001213,PRD-0793,2,15.00,30.00
SALE-001213,PRD-0798,2,38.00,76.00
SALE-001213,PRD-0792,2,25.00,50.00
SALE-001214,PRD-0810,2,38.00,76.00
SALE-001214,PRD-0828,1,30.00,30.00
SALE-001215,PRD-0836,1,5.00,5.00
SALE-001216,PRD-0864,2,149.00,298.00
SALE-001216,PRD-0863,3,999.00,2997.00
SALE-001217,PRD-0917,1,160.00,160.00
SALE-001218,PRD-0936,3,340.00,1020.00
SALE-001219,PRD-0960,2,25.00,50.00
SALE-001220,PRD-0972,2,38.00,76.00
SALE-001220,PRD-0966,1,25.00,25.00
SALE-001221,PRD-0982,1,280.00,280.00
SALE-001221,PRD-0984,1,60.00,60.00
SALE-001222,PRD-0985,1,70.00,70.00
SALE-001223,PRD-0992,2,25.00,50.00
SALE-001223,PRD-0999,1,18.00,18.00
SALE-001223,PRD-0984,1,60.00,60.00
SALE-001223,PRD-0989,3,6.00,18.00
SALE-001224,PRD-1055,1,120.00,120.00
SALE-001224,PRD-1072,1,45.00,45.00
SALE-001224,PRD-1067,2,25.00,50.00
SALE-001224,PRD-1071,1,18.00,18.00
SALE-001225,PRD-1084,1,35.00,35.00
SALE-001226,PRD-1098,1,25.00,25.00
SALE-001227,PRD-1137,3,70.00,210.00
SALE-001227,PRD-1140,1,5.00,5.00
SALE-001227,PRD-1138,1,12.00,12.00
SALE-001228,PRD-1163,1,349.00,349.00
SALE-001229,PRD-1189,2,1260.00,2520.00
SALE-001229,PRD-1185,3,120.00,360.00
SALE-001230,PRD-1211,1,340.00,340.00
SALE-001230,PRD-1216,3,35.00,105.00
SALE-001230,PRD-1210,1,60.00,60.00
SALE-001230,PRD-1215,2,50.00,100.00
SALE-001231,PRD-1249,1,38.00,38.00
SALE-001231,PRD-1236,1,150.00,150.00
SALE-001231,PRD-1246,3,45.00,135.00
SALE-001231,PRD-1256,1,205.00,205.00
SALE-001232,PRD-1247,1,38.00,38.00
SALE-001232,PRD-1255,1,20.00,20.00
SALE-001233,PRD-1230,1,165.00,165.00
SALE-001233,PRD-1244,1,40.00,40.00
SALE-001233,PRD-1234,1,46.00,46.00
SALE-001233,PRD-1250,1,105.00,105.00
SALE-001234,PRD-1242,1,15.00,15.00
SALE-001234,PRD-1235,1,25.00,25.00
SALE-001235,PRD-0009,2,150.00,300.00
SALE-001236,PRD-0024,2,25.00,50.00
SALE-001237,PRD-0018,1,18.00,18.00
SALE-001238,PRD-0046,1,20.00,20.00
SALE-001238,PRD-0035,1,105.00,105.00
SALE-001238,PRD-0045,1,240.00,240.00
SALE-001238,PRD-0051,3,190.00,570.00
SALE-001239,PRD-0100,2,30.00,60.00
SALE-001240,PRD-0083,1,95.00,95.00
SALE-001241,PRD-0085,1,340.00,340.00
SALE-001242,PRD-0126,1,165.00,165.00
SALE-001242,PRD-0129,2,440.00,880.00
SALE-001242,PRD-0128,2,100.00,200.00
SALE-001243,PRD-0140,1,40.00,40.00
SALE-001243,PRD-0132,1,150.00,150.00
SALE-001244,PRD-0128,2,100.00,200.00
SALE-001245,PRD-0160,2,145.00,290.00
SALE-001246,PRD-0156,2,95.00,190.00
SALE-001247,PRD-0157,1,60.00,60.00
SALE-001248,PRD-0216,2,120.00,240.00
SALE-001248,PRD-0219,1,25.00,25.00
SALE-001249,PRD-0253,2,46.00,92.00
SALE-001250,PRD-0253,2,46.00,92.00
SALE-001250,PRD-0252,1,465.00,465.00
SALE-001250,PRD-0260,3,25.00,75.00
SALE-001250,PRD-0263,2,40.00,80.00
SALE-001251,PRD-0266,1,38.00,38.00
SALE-001251,PRD-0256,1,190.00,190.00
SALE-001251,PRD-0272,2,90.00,180.00
SALE-001251,PRD-0250,1,135.00,135.00
SALE-001252,PRD-0266,2,38.00,76.00
SALE-001253,PRD-0282,2,15.00,30.00
SALE-001253,PRD-0287,3,60.00,180.00
SALE-001253,PRD-0276,2,28.00,56.00
SALE-001253,PRD-0290,1,20.00,20.00
SALE-001254,PRD-0307,1,190.00,190.00
SALE-001255,PRD-0313,1,32.00,32.00
SALE-001255,PRD-0314,1,40.00,40.00
SALE-001255,PRD-0300,2,165.00,330.00
SALE-001256,PRD-0324,1,35.00,35.00
SALE-001257,PRD-0350,1,25.00,25.00
SALE-001258,PRD-0355,1,70.00,70.00
SALE-001258,PRD-0353,2,50.00,100.00
SALE-001258,PRD-0362,3,25.00,75.00
SALE-001258,PRD-0370,1,250.00,250.00
SALE-001259,PRD-0413,2,15.00,30.00
SALE-001259,PRD-0406,1,25.00,25.00
SALE-001259,PRD-0404,2,465.00,930.00
SALE-001260,PRD-0417,1,45.00,45.00
SALE-001260,PRD-0412,2,25.00,50.00
SALE-001261,PRD-0404,1,465.00,465.00
SALE-001261,PRD-0406,1,25.00,25.00
SALE-001261,PRD-0413,2,15.00,30.00
SALE-001262,PRD-0405,1,46.00,46.00
SALE-001262,PRD-0413,1,15.00,15.00
SALE-001262,PRD-0418,1,38.00,38.00
SALE-001262,PRD-0400,1,120.00,120.00
SALE-001263,PRD-0436,1,40.00,40.00
SALE-001263,PRD-0428,2,28.00,56.00
SALE-001264,PRD-0474,2,150.00,300.00
SALE-001265,PRD-0464,1,290.00,290.00
SALE-001265,PRD-0462,1,12.00,12.00
SALE-001265,PRD-0467,3,99.00,297.00
SALE-001266,PRD-0484,2,190.00,380.00
SALE-001267,PRD-0476,1,120.00,120.00
SALE-001267,PRD-0481,1,46.00,46.00
SALE-001267,PRD-0477,2,165.00,330.00
SALE-001268,PRD-0503,1,195.00,195.00
SALE-001269,PRD-0529,2,199.00,398.00
SALE-001269,PRD-0534,1,899.00,899.00
SALE-001270,PRD-0604,2,20.00,40.00
SALE-001271,PRD-0634,3,25.00,75.00
SALE-001271,PRD-0651,1,95.00,95.00
SALE-001272,PRD-0639,2,30.00,60.00
SALE-001272,PRD-0634,1,25.00,25.00
SALE-001273,PRD-0628,3,120.00,360.00
SALE-001274,PRD-0629,1,165.00,165.00
SALE-001274,PRD-0640,1,25.00,25.00
SALE-001275,PRD-0691,3,35.00,105.00
SALE-001275,PRD-0687,1,15.00,15.00
SALE-001276,PRD-0695,2,20.00,40.00
SALE-001277,PRD-0737,1,30.00,30.00
SALE-001277,PRD-0750,2,90.00,180.00
SALE-001278,PRD-0753,1,195.00,195.00
SALE-001279,PRD-0756,2,20.00,40.00
SALE-001279,PRD-0760,1,780.00,780.00
SALE-001280,PRD-0787,3,150.00,450.00
SALE-001280,PRD-0785,1,46.00,46.00
SALE-001280,PRD-0802,1,25.00,25.00
SALE-001280,PRD-0790,1,165.00,165.00
SALE-001281,PRD-0808,2,28.00,56.00
SALE-001281,PRD-0820,1,90.00,90.00
SALE-001282,PRD-0814,3,15.00,45.00
SALE-001282,PRD-0818,1,35.00,35.00
SALE-001283,PRD-0861,3,299.00,897.00
SALE-001284,PRD-0859,2,349.00,698.00
SALE-001285,PRD-0864,1,149.00,149.00
SALE-001285,PRD-0855,3,199.00,597.00
SALE-001285,PRD-0859,2,349.00,698.00
SALE-001286,PRD-0882,2,440.00,880.00
SALE-001286,PRD-0904,1,20.00,20.00
SALE-001287,PRD-0898,2,38.00,76.00
SALE-001288,PRD-0923,2,99.00,198.00
SALE-001288,PRD-0916,1,65.00,65.00
SALE-001288,PRD-0906,1,410.00,410.00
SALE-001289,PRD-0928,1,130.00,130.00
SALE-001289,PRD-0909,2,95.00,190.00
SALE-001289,PRD-0906,1,410.00,410.00
SALE-001289,PRD-0911,3,105.00,315.00
SALE-001290,PRD-0942,3,60.00,180.00
SALE-001291,PRD-0981,1,195.00,195.00
SALE-001291,PRD-0964,1,165.00,165.00
SALE-001291,PRD-0966,1,25.00,25.00
SALE-001291,PRD-0955,3,165.00,495.00
SALE-001292,PRD-0975,2,105.00,210.00
SALE-001293,PRD-0960,1,25.00,25.00
SALE-001293,PRD-0961,2,150.00,300.00
SALE-001293,PRD-0965,2,30.00,60.00
SALE-001294,PRD-1000,2,250.00,500.00
SALE-001295,PRD-1002,2,30.00,60.00
SALE-001295,PRD-0990,2,130.00,260.00
SALE-001296,PRD-0988,1,5.00,5.00
SALE-001296,PRD-0985,1,70.00,70.00
SALE-001297,PRD-1017,2,199.00,398.00
SALE-001297,PRD-1007,2,199.00,398.00
SALE-001298,PRD-1042,2,60.00,120.00
SALE-001298,PRD-1036,1,1750.00,1750.00
SALE-001298,PRD-1032,3,95.00,285.00
SALE-001298,PRD-1037,2,1200.00,2400.00
SALE-001299,PRD-1085,2,38.00,76.00
SALE-001299,PRD-1101,1,45.00,45.00
SALE-001300,PRD-1109,2,100.00,200.00
SALE-001300,PRD-1117,1,30.00,30.00
SALE-001301,PRD-1110,1,440.00,440.00
SALE-001302,PRD-1112,2,25.00,50.00
SALE-001303,PRD-1154,3,30.00,90.00
SALE-001304,PRD-1224,1,45.00,45.00
SALE-001305,PRD-1216,1,35.00,35.00
SALE-001305,PRD-1214,2,40.00,80.00
SALE-001306,PRD-1206,1,28.00,28.00
SALE-001307,PRD-1238,3,130.00,390.00
SALE-001308,PRD-1236,1,150.00,150.00
SALE-001309,PRD-0028,3,20.00,60.00
SALE-001310,PRD-0038,3,1200.00,3600.00
SALE-001311,PRD-0086,2,15.00,30.00
SALE-001311,PRD-0080,1,28.00,28.00
SALE-001311,PRD-0081,1,35.00,35.00
SALE-001311,PRD-0088,1,40.00,40.00
SALE-001312,PRD-0088,1,40.00,40.00
SALE-001312,PRD-0086,3,15.00,45.00
SALE-001313,PRD-0102,2,199.00,398.00
SALE-001313,PRD-0111,3,149.00,447.00
SALE-001314,PRD-0111,2,149.00,298.00
SALE-001315,PRD-0129,1,440.00,440.00
SALE-001315,PRD-0136,1,30.00,30.00
SALE-001316,PRD-0150,1,35.00,35.00
SALE-001317,PRD-0165,3,90.00,270.00
SALE-001317,PRD-0154,3,35.00,105.00
SALE-001317,PRD-0155,2,38.00,76.00
SALE-001317,PRD-0157,2,60.00,120.00
SALE-001318,PRD-0182,1,1750.00,1750.00
SALE-001318,PRD-0187,1,12.00,12.00
SALE-001319,PRD-0177,1,20.00,20.00
SALE-001319,PRD-0183,1,1200.00,1200.00
SALE-001320,PRD-0177,4,20.00,80.00
SALE-001320,PRD-0179,6,120.00,720.00
SALE-001321,PRD-0210,1,25.00,25.00
SALE-001321,PRD-0202,2,60.00,120.00
SALE-001322,PRD-0254,1,25.00,25.00
SALE-001322,PRD-0259,1,30.00,30.00
SALE-001323,PRD-0264,1,18.00,18.00
SALE-001323,PRD-0251,3,100.00,300.00
SALE-001324,PRD-0253,1,46.00,46.00
SALE-001325,PRD-0255,2,150.00,300.00
SALE-001325,PRD-0247,2,1300.00,2600.00
SALE-001325,PRD-0250,2,135.00,270.00
SALE-001325,PRD-0252,3,465.00,1395.00
SALE-001326,PRD-0281,2,340.00,680.00
SALE-001327,PRD-0276,2,28.00,56.00
SALE-001328,PRD-0305,2,25.00,50.00
SALE-001328,PRD-0316,2,45.00,90.00
SALE-001329,PRD-0312,2,15.00,30.00
SALE-001329,PRD-0314,2,40.00,80.00
SALE-001330,PRD-0314,1,40.00,40.00
SALE-001330,PRD-0304,2,46.00,92.00
SALE-001330,PRD-0323,1,90.00,90.00
SALE-001330,PRD-0300,1,165.00,165.00
SALE-001331,PRD-0334,3,1750.00,5250.00
SALE-001331,PRD-0343,1,20.00,20.00
SALE-001331,PRD-0341,2,290.00,580.00
SALE-001332,PRD-0347,1,280.00,280.00
SALE-001332,PRD-0340,2,60.00,120.00
SALE-001333,PRD-0401,1,165.00,165.00
SALE-001334,PRD-0417,2,45.00,90.00
SALE-001334,PRD-0423,1,100.00,100.00
SALE-001334,PRD-0413,1,15.00,15.00
SALE-001335,PRD-0431,1,98.00,98.00
SALE-001336,PRD-0481,3,46.00,138.00
SALE-001337,PRD-0480,2,440.00,880.00
SALE-001338,PRD-0513,2,15.00,30.00
SALE-001338,PRD-0504,1,280.00,280.00
SALE-001339,PRD-0539,1,199.00,199.00
SALE-001339,PRD-0537,2,999.00,1998.00
SALE-001339,PRD-0530,2,299.00,598.00
SALE-001339,PRD-0529,2,199.00,398.00
SALE-001340,PRD-0568,1,18.00,18.00
SALE-001340,PRD-0556,3,440.00,1320.00
SALE-001340,PRD-0560,1,190.00,190.00
SALE-001340,PRD-0562,1,165.00,165.00
SALE-001341,PRD-0563,1,30.00,30.00
SALE-001341,PRD-0565,1,15.00,15.00
SALE-001341,PRD-0561,1,130.00,130.00
SALE-001341,PRD-0554,1,135.00,135.00
SALE-001342,PRD-0588,3,40.00,120.00
SALE-001343,PRD-0621,1,40.00,40.00
SALE-001343,PRD-0602,1,410.00,410.00
SALE-001343,PRD-0622,1,280.00,280.00
SALE-001344,PRD-0633,1,46.00,46.00
SALE-001345,PRD-0635,1,150.00,150.00
SALE-001345,PRD-0634,1,25.00,25.00
SALE-001345,PRD-0629,2,165.00,330.00
SALE-001346,PRD-0629,1,165.00,165.00
SALE-001346,PRD-0645,3,45.00,135.00
SALE-001347,PRD-0654,2,20.00,40.00
SALE-001348,PRD-0670,2,10.00,20.00
SALE-001348,PRD-0668,1,60.00,60.00
SALE-001348,PRD-0677,1,20.00,20.00
SALE-001348,PRD-0658,2,60.00,120.00
SALE-001349,PRD-0684,3,95.00,285.00
SALE-001349,PRD-0683,3,38.00,114.00
SALE-001349,PRD-0693,2,90.00,180.00
SALE-001349,PRD-0681,3,28.00,84.00
SALE-001350,PRD-0693,2,90.00,180.00
SALE-001351,PRD-0715,1,349.00,349.00
SALE-001351,PRD-0709,2,299.00,598.00
SALE-001352,PRD-0784,1,440.00,440.00
SALE-001352,PRD-0789,3,130.00,390.00
SALE-001353,PRD-0807,3,195.00,585.00
SALE-001354,PRD-0830,1,280.00,280.00
SALE-001354,PRD-0843,1,45.00,45.00
SALE-001355,PRD-0858,2,599.00,1198.00
SALE-001355,PRD-0863,1,999.00,999.00
SALE-001355,PRD-0860,1,899.00,899.00
SALE-001355,PRD-0862,1,1299.00,1299.00
SALE-001356,PRD-0888,1,165.00,165.00
SALE-001356,PRD-0879,2,165.00,330.00
SALE-001357,PRD-0925,2,40.00,80.00
SALE-001357,PRD-0924,3,1650.00,4950.00
SALE-001357,PRD-0906,1,410.00,410.00
SALE-001357,PRD-0908,3,20.00,60.00
SALE-001358,PRD-0911,8,105.00,840.00
SALE-001358,PRD-0925,2,40.00,80.00
SALE-001358,PRD-0918,3,12.00,36.00
SALE-001359,PRD-0934,3,95.00,285.00
SALE-001360,PRD-0945,2,20.00,40.00
SALE-001360,PRD-0934,1,95.00,95.00
SALE-001360,PRD-0946,2,25.00,50.00
SALE-001361,PRD-0961,3,150.00,450.00
SALE-001362,PRD-0971,2,45.00,90.00
SALE-001363,PRD-1062,2,150.00,300.00
SALE-001364,PRD-1090,3,145.00,435.00
SALE-001364,PRD-1089,1,15.00,15.00
SALE-001364,PRD-1085,2,38.00,76.00
SALE-001364,PRD-1084,1,35.00,35.00
SALE-001365,PRD-1128,3,25.00,75.00
SALE-001366,PRD-1118,2,25.00,50.00
SALE-001366,PRD-1110,2,440.00,880.00
SALE-001366,PRD-1126,2,38.00,76.00
SALE-001366,PRD-1111,1,46.00,46.00
SALE-001367,PRD-1170,1,1199.00,1199.00
SALE-001367,PRD-1165,3,299.00,897.00
SALE-001368,PRD-1195,2,290.00,580.00
SALE-001369,PRD-1207,3,35.00,105.00
SALE-001369,PRD-1225,2,30.00,60.00
SALE-001369,PRD-1212,1,15.00,15.00
SALE-001369,PRD-1214,2,40.00,80.00
SALE-001370,PRD-1244,1,40.00,40.00
SALE-001370,PRD-1246,2,45.00,90.00
SALE-001370,PRD-1255,1,20.00,20.00
SALE-001371,PRD-1235,2,25.00,50.00
SALE-001372,PRD-1236,1,150.00,150.00
SALE-001372,PRD-1228,2,1300.00,2600.00
SALE-001373,PRD-1254,2,35.00,70.00
SALE-001373,PRD-1234,1,46.00,46.00
SALE-001373,PRD-1248,2,35.00,70.00
SALE-001373,PRD-1230,2,165.00,330.00
SALE-001374,PRD-0033,6,95.00,570.00
SALE-001375,PRD-0071,1,120.00,120.00
SALE-001376,PRD-0099,1,30.00,30.00
SALE-001376,PRD-0094,1,20.00,20.00
SALE-001377,PRD-0086,2,15.00,30.00
SALE-001377,PRD-0091,1,60.00,60.00
SALE-001378,PRD-0098,1,45.00,45.00
SALE-001378,PRD-0095,1,25.00,25.00
SALE-001378,PRD-0085,1,340.00,340.00
SALE-001379,PRD-0116,3,449.00,1347.00
SALE-001379,PRD-0108,1,315.00,315.00
SALE-001379,PRD-0117,2,99.00,198.00
SALE-001379,PRD-0105,1,599.00,599.00
SALE-001380,PRD-0112,3,199.00,597.00
SALE-001380,PRD-0121,1,999.00,999.00
SALE-001381,PRD-0147,2,25.00,50.00
SALE-001382,PRD-0130,3,46.00,138.00
SALE-001382,PRD-0144,2,38.00,76.00
SALE-001383,PRD-0131,3,25.00,75.00
SALE-001383,PRD-0147,2,25.00,50.00
SALE-001384,PRD-0199,1,150.00,150.00
SALE-001384,PRD-0175,2,410.00,820.00
SALE-001385,PRD-0215,2,35.00,70.00
SALE-001385,PRD-0209,1,15.00,15.00
SALE-001385,PRD-0213,3,45.00,135.00
SALE-001386,PRD-0248,1,120.00,120.00
SALE-001387,PRD-0303,2,440.00,880.00
SALE-001387,PRD-0299,2,120.00,240.00
SALE-001388,PRD-0321,3,25.00,75.00
SALE-001388,PRD-0318,3,35.00,105.00
SALE-001388,PRD-0302,1,100.00,100.00
SALE-001389,PRD-0326,1,195.00,195.00
SALE-001389,PRD-0302,1,100.00,100.00
SALE-001390,PRD-0383,2,299.00,598.00
SALE-001390,PRD-0381,1,349.00,349.00
SALE-001390,PRD-0396,2,999.00,1998.00
SALE-001390,PRD-0380,3,599.00,1797.00
SALE-001391,PRD-0383,1,299.00,299.00
SALE-001391,PRD-0388,3,1199.00,3597.00
SALE-001392,PRD-0405,1,46.00,46.00
SALE-001392,PRD-0401,1,165.00,165.00
SALE-001393,PRD-0403,2,100.00,200.00
SALE-001393,PRD-0409,1,130.00,130.00
SALE-001393,PRD-0423,2,100.00,200.00
SALE-001393,PRD-0411,3,30.00,90.00
SALE-001394,PRD-0412,2,25.00,50.00
SALE-001394,PRD-0401,1,165.00,165.00
SALE-001395,PRD-0431,1,98.00,98.00
SALE-001396,PRD-0429,3,35.00,105.00
SALE-001396,PRD-0443,3,25.00,75.00
SALE-001396,PRD-0447,2,30.00,60.00
SALE-001397,PRD-0471,2,190.00,380.00
SALE-001397,PRD-0460,1,65.00,65.00
SALE-001397,PRD-0450,1,410.00,410.00
SALE-001398,PRD-0478,1,135.00,135.00
SALE-001398,PRD-0479,1,100.00,100.00
SALE-001398,PRD-0493,2,45.00,90.00
SALE-001398,PRD-0477,1,165.00,165.00
SALE-001399,PRD-0493,1,45.00,45.00
SALE-001400,PRD-0498,2,25.00,50.00
SALE-001400,PRD-0480,1,440.00,440.00
SALE-001400,PRD-0482,1,25.00,25.00
SALE-001401,PRD-0515,1,30.00,30.00
SALE-001401,PRD-0508,3,12.00,36.00
SALE-001401,PRD-0509,2,50.00,100.00
SALE-001401,PRD-0517,2,45.00,90.00
SALE-001402,PRD-0506,2,60.00,120.00
SALE-001402,PRD-0505,1,50.00,50.00
SALE-001403,PRD-0587,2,145.00,290.00
SALE-001403,PRD-0592,2,90.00,180.00
SALE-001404,PRD-0587,2,145.00,290.00
SALE-001404,PRD-0580,3,28.00,84.00
SALE-001404,PRD-0591,2,62.00,124.00
SALE-001404,PRD-0584,3,60.00,180.00
SALE-001405,PRD-0641,1,15.00,15.00
SALE-001405,PRD-0651,3,95.00,285.00
SALE-001405,PRD-0646,1,38.00,38.00
SALE-001406,PRD-0628,1,120.00,120.00
SALE-001406,PRD-0642,1,32.00,32.00
SALE-001407,PRD-0637,3,130.00,390.00
SALE-001407,PRD-0635,1,150.00,150.00
SALE-001407,PRD-0641,1,15.00,15.00
SALE-001407,PRD-0639,2,30.00,60.00
SALE-001408,PRD-0628,1,120.00,120.00
SALE-001409,PRD-0659,3,70.00,210.00
SALE-001410,PRD-0699,3,45.00,135.00
SALE-001411,PRD-0712,3,149.00,447.00
SALE-001412,PRD-0725,1,1300.00,1300.00
SALE-001412,PRD-0744,3,38.00,114.00
SALE-001412,PRD-0739,2,15.00,30.00
SALE-001413,PRD-0819,2,60.00,120.00
SALE-001413,PRD-0825,1,90.00,90.00
SALE-001413,PRD-0812,2,60.00,120.00
SALE-001413,PRD-0809,1,35.00,35.00
SALE-001414,PRD-0836,2,5.00,10.00
SALE-001414,PRD-0837,2,6.00,12.00
SALE-001415,PRD-0866,3,1199.00,3597.00
SALE-001415,PRD-0869,3,449.00,1347.00
SALE-001416,PRD-0856,2,299.00,598.00
SALE-001416,PRD-0866,2,1199.00,2398.00
SALE-001417,PRD-0896,1,38.00,38.00
SALE-001417,PRD-0899,1,105.00,105.00
SALE-001418,PRD-0910,2,120.00,240.00
SALE-001418,PRD-0912,1,780.00,780.00
SALE-001419,PRD-0906,2,410.00,820.00
SALE-001420,PRD-0937,2,15.00,30.00
SALE-001420,PRD-0939,1,40.00,40.00
SALE-001420,PRD-0949,2,45.00,90.00
SALE-001421,PRD-0958,2,440.00,880.00
SALE-001422,PRD-0969,1,40.00,40.00
SALE-001422,PRD-0978,2,90.00,180.00
SALE-001423,PRD-0981,3,195.00,585.00
SALE-001423,PRD-0972,2,38.00,76.00
SALE-001423,PRD-0956,1,135.00,135.00
SALE-001424,PRD-1008,2,299.00,598.00
SALE-001424,PRD-1007,1,199.00,199.00
SALE-001424,PRD-1016,1,149.00,149.00
SALE-001424,PRD-1009,2,149.00,298.00
SALE-001425,PRD-1034,2,105.00,210.00
SALE-001425,PRD-1037,3,1200.00,3600.00
SALE-001426,PRD-1068,1,15.00,15.00
SALE-001426,PRD-1061,1,25.00,25.00
SALE-001426,PRD-1079,2,90.00,180.00
SALE-001427,PRD-1093,1,35.00,35.00
SALE-001427,PRD-1094,2,60.00,120.00
SALE-001427,PRD-1104,1,120.00,120.00
SALE-001428,PRD-1104,1,120.00,120.00
SALE-001429,PRD-1128,2,25.00,50.00
SALE-001429,PRD-1114,1,190.00,190.00
SALE-001429,PRD-1115,2,130.00,260.00
SALE-001429,PRD-1112,2,25.00,50.00
SALE-001430,PRD-1118,1,25.00,25.00
SALE-001430,PRD-1114,1,190.00,190.00
SALE-001430,PRD-1133,1,205.00,205.00
SALE-001430,PRD-1109,3,100.00,300.00
SALE-001431,PRD-1136,2,60.00,120.00
SALE-001431,PRD-1155,2,20.00,40.00
SALE-001431,PRD-1151,2,18.00,36.00
SALE-001431,PRD-1137,1,70.00,70.00
SALE-001432,PRD-1212,2,15.00,30.00
SALE-001432,PRD-1226,2,30.00,60.00
SALE-001432,PRD-1224,1,45.00,45.00
SALE-001432,PRD-1218,1,90.00,90.00
SALE-001433,PRD-1230,1,165.00,165.00
SALE-001433,PRD-1249,2,38.00,76.00
SALE-001434,PRD-1242,1,15.00,15.00
SALE-001435,PRD-0014,3,25.00,75.00
SALE-001436,PRD-0109,1,1299.00,1299.00
SALE-001436,PRD-0110,1,999.00,999.00
SALE-001437,PRD-0106,3,349.00,1047.00
SALE-001438,PRD-0133,1,190.00,190.00
SALE-001439,PRD-0192,1,99.00,99.00
SALE-001439,PRD-0186,1,160.00,160.00
SALE-001440,PRD-0206,1,5.00,5.00
SALE-001440,PRD-0204,1,12.00,12.00
SALE-001441,PRD-0234,2,149.00,298.00
SALE-001442,PRD-0258,1,165.00,165.00
SALE-001443,PRD-0263,2,40.00,80.00
SALE-001444,PRD-0271,2,95.00,190.00
SALE-001444,PRD-0268,1,38.00,38.00
SALE-001444,PRD-0247,2,1300.00,2600.00
SALE-001444,PRD-0252,1,465.00,465.00
SALE-001445,PRD-0258,3,165.00,495.00
SALE-001446,PRD-0276,1,28.00,28.00
SALE-001446,PRD-0278,3,38.00,114.00
SALE-001447,PRD-0321,2,25.00,50.00
SALE-001447,PRD-0305,3,25.00,75.00
SALE-001447,PRD-0306,1,150.00,150.00
SALE-001447,PRD-0314,1,40.00,40.00
SALE-001448,PRD-0325,1,20.00,20.00
SALE-001449,PRD-0343,1,20.00,20.00
SALE-001449,PRD-0337,1,65.00,65.00
SALE-001450,PRD-0356,1,12.00,12.00
SALE-001450,PRD-0352,1,280.00,280.00
SALE-001450,PRD-0355,2,70.00,140.00
SALE-001451,PRD-0381,3,349.00,1047.00
SALE-001451,PRD-0398,1,99.00,99.00
SALE-001451,PRD-0385,1,999.00,999.00
SALE-001452,PRD-0386,2,149.00,298.00
SALE-001452,PRD-0392,2,99.00,198.00
SALE-001453,PRD-0420,2,38.00,76.00
SALE-001453,PRD-0407,2,150.00,300.00
SALE-001453,PRD-0402,1,135.00,135.00
SALE-001454,PRD-0426,2,20.00,40.00
SALE-001454,PRD-0409,2,130.00,260.00
SALE-001454,PRD-0413,1,15.00,15.00
SALE-001455,PRD-0463,1,60.00,60.00
SALE-001455,PRD-0471,1,190.00,190.00
SALE-001456,PRD-0472,1,130.00,130.00
SALE-001456,PRD-0458,2,1200.00,2400.00
SALE-001456,PRD-0455,2,105.00,210.00
SALE-001456,PRD-0459,3,390.00,1170.00
SALE-001457,PRD-0487,2,30.00,60.00
SALE-001457,PRD-0481,3,46.00,138.00
SALE-001458,PRD-0512,1,130.00,130.00
SALE-001458,PRD-0504,1,280.00,280.00
SALE-001458,PRD-0527,1,80.00,80.00
SALE-001459,PRD-0575,3,95.00,285.00
SALE-001459,PRD-0572,2,38.00,76.00
SALE-001459,PRD-0561,2,130.00,260.00
SALE-001459,PRD-0562,1,165.00,165.00
SALE-001460,PRD-0597,2,90.00,180.00
SALE-001460,PRD-0588,3,40.00,120.00
SALE-001460,PRD-0598,1,45.00,45.00
SALE-001460,PRD-0601,2,120.00,240.00
SALE-001461,PRD-0650,1,25.00,25.00
SALE-001461,PRD-0643,1,40.00,40.00
SALE-001462,PRD-0627,1,1300.00,1300.00
SALE-001463,PRD-0667,1,30.00,30.00
SALE-001463,PRD-0663,1,6.00,6.00
SALE-001464,PRD-0671,1,35.00,35.00
SALE-001464,PRD-0656,2,280.00,560.00
SALE-001465,PRD-0687,2,15.00,30.00
SALE-001465,PRD-0695,3,20.00,60.00
SALE-001466,PRD-0683,2,38.00,76.00
SALE-001467,PRD-0736,3,175.00,525.00
SALE-001467,PRD-0735,2,130.00,260.00
SALE-001468,PRD-0775,1,190.00,190.00
SALE-001468,PRD-0767,2,60.00,120.00
SALE-001468,PRD-0772,1,1650.00,1650.00
SALE-001469,PRD-0789,2,130.00,260.00
SALE-001470,PRD-0792,1,25.00,25.00
SALE-001470,PRD-0785,1,46.00,46.00
SALE-001471,PRD-0808,2,28.00,56.00
SALE-001472,PRD-0819,1,60.00,60.00
SALE-001473,PRD-0844,2,10.00,20.00
SALE-001473,PRD-0834,1,12.00,12.00
SALE-001474,PRD-0874,2,999.00,1998.00
SALE-001475,PRD-0879,3,165.00,495.00
SALE-001475,PRD-0878,1,120.00,120.00
SALE-001475,PRD-0883,2,46.00,92.00
SALE-001475,PRD-0884,1,25.00,25.00
SALE-001476,PRD-0899,1,105.00,105.00
SALE-001476,PRD-0905,2,195.00,390.00
SALE-001477,PRD-0922,6,20.00,120.00
SALE-001477,PRD-0915,2,390.00,780.00
SALE-001478,PRD-0948,2,90.00,180.00
SALE-001478,PRD-0947,1,650.00,650.00
SALE-001478,PRD-0939,3,40.00,120.00
SALE-001478,PRD-0932,1,35.00,35.00
SALE-001479,PRD-0942,3,60.00,180.00
SALE-001479,PRD-0931,1,28.00,28.00
SALE-001479,PRD-0944,3,150.00,450.00
SALE-001480,PRD-0959,1,46.00,46.00
SALE-001480,PRD-0965,1,30.00,30.00
SALE-001480,PRD-0957,1,100.00,100.00
SALE-001480,PRD-0956,1,135.00,135.00
SALE-001481,PRD-0964,1,165.00,165.00
SALE-001481,PRD-0963,1,130.00,130.00
SALE-001482,PRD-0999,1,18.00,18.00
SALE-001482,PRD-0982,2,280.00,560.00
SALE-001483,PRD-1028,3,99.00,297.00
SALE-001483,PRD-1016,3,149.00,447.00
SALE-001484,PRD-1052,1,25.00,25.00
SALE-001485,PRD-1074,1,35.00,35.00
SALE-001485,PRD-1066,1,30.00,30.00
SALE-001486,PRD-1092,2,50.00,100.00
SALE-001486,PRD-1087,2,60.00,120.00
SALE-001487,PRD-1138,1,12.00,12.00
SALE-001487,PRD-1142,2,130.00,260.00
SALE-001488,PRD-1156,1,45.00,45.00
SALE-001489,PRD-1170,1,1199.00,1199.00
SALE-001490,PRD-1180,1,99.00,99.00
SALE-001490,PRD-1161,3,149.00,447.00
SALE-001490,PRD-1176,2,149.00,298.00
SALE-001491,PRD-1183,2,20.00,40.00
SALE-001492,PRD-1207,1,35.00,35.00
SALE-001493,PRD-1229,1,120.00,120.00
SALE-001494,PRD-0045,1,240.00,240.00
SALE-001494,PRD-0030,3,410.00,1230.00
SALE-001495,PRD-0092,3,90.00,270.00
SALE-001496,PRD-0089,2,50.00,100.00
SALE-001496,PRD-0085,1,340.00,340.00
SALE-001496,PRD-0081,3,35.00,105.00
SALE-001497,PRD-0082,3,38.00,114.00
SALE-001497,PRD-0091,1,60.00,60.00
SALE-001497,PRD-0090,2,35.00,70.00
SALE-001498,PRD-0143,1,38.00,38.00
SALE-001498,PRD-0130,2,46.00,92.00
SALE-001499,PRD-0148,1,95.00,95.00
SALE-001500,PRD-0156,1,95.00,95.00
SALE-001501,PRD-0171,2,45.00,90.00
SALE-001501,PRD-0155,3,38.00,114.00
SALE-001502,PRD-0163,3,35.00,105.00
SALE-001503,PRD-0188,1,60.00,60.00
SALE-001503,PRD-0180,1,105.00,105.00
SALE-001504,PRD-0217,1,18.00,18.00
SALE-001504,PRD-0201,2,50.00,100.00
SALE-001504,PRD-0205,3,54.00,162.00
SALE-001505,PRD-0258,3,165.00,495.00
SALE-001505,PRD-0261,2,15.00,30.00
SALE-001506,PRD-0255,3,150.00,450.00
SALE-001507,PRD-0265,3,45.00,135.00
SALE-001507,PRD-0260,2,25.00,50.00
SALE-001508,PRD-0253,2,46.00,92.00
SALE-001509,PRD-0296,2,30.00,60.00
SALE-001510,PRD-0321,2,25.00,50.00
SALE-001510,PRD-0318,3,35.00,105.00
SALE-001511,PRD-0312,1,15.00,15.00
SALE-001512,PRD-0360,1,130.00,130.00
SALE-001513,PRD-0387,2,199.00,398.00
SALE-001513,PRD-0392,2,99.00,198.00
SALE-001514,PRD-0405,1,46.00,46.00
SALE-001514,PRD-0406,1,25.00,25.00
SALE-001514,PRD-0412,1,25.00,25.00
SALE-001514,PRD-0407,3,150.00,450.00
SALE-001515,PRD-0407,2,150.00,300.00
SALE-001515,PRD-0413,1,15.00,15.00
SALE-001515,PRD-0424,2,90.00,180.00
SALE-001515,PRD-0416,3,18.00,54.00
SALE-001516,PRD-0435,3,145.00,435.00
SALE-001516,PRD-0442,3,20.00,60.00
SALE-001517,PRD-0438,1,35.00,35.00
SALE-001517,PRD-0432,1,60.00,60.00
SALE-001518,PRD-0434,1,15.00,15.00
SALE-001518,PRD-0436,1,40.00,40.00
SALE-001518,PRD-0447,2,30.00,60.00
SALE-001519,PRD-0488,1,25.00,25.00
SALE-001519,PRD-0490,1,32.00,32.00
SALE-001520,PRD-0511,2,6.00,12.00
SALE-001521,PRD-0551,1,1300.00,1300.00
SALE-001521,PRD-0556,2,440.00,880.00
SALE-001522,PRD-0572,2,38.00,76.00
SALE-001522,PRD-0563,3,30.00,90.00
SALE-001523,PRD-0557,2,46.00,92.00
SALE-001523,PRD-0554,1,135.00,135.00
SALE-001524,PRD-0584,1,60.00,60.00
SALE-001524,PRD-0581,2,35.00,70.00
SALE-001524,PRD-0599,2,30.00,60.00
SALE-001524,PRD-0597,1,90.00,90.00
SALE-001525,PRD-0603,1,210.00,210.00
SALE-001525,PRD-0612,1,65.00,65.00
SALE-001525,PRD-0618,1,20.00,20.00
SALE-001525,PRD-0604,3,20.00,60.00
SALE-001526,PRD-0639,1,30.00,30.00
SALE-001526,PRD-0635,2,150.00,300.00
SALE-001526,PRD-0634,1,25.00,25.00
SALE-001526,PRD-0630,2,135.00,270.00
SALE-001527,PRD-0633,2,46.00,92.00
SALE-001527,PRD-0636,2,190.00,380.00
SALE-001528,PRD-0666,1,25.00,25.00
SALE-001529,PRD-0669,1,45.00,45.00
SALE-001529,PRD-0660,1,12.00,12.00
SALE-001529,PRD-0672,1,120.00,120.00
SALE-001529,PRD-0666,3,25.00,75.00
SALE-001530,PRD-0692,2,60.00,120.00
SALE-001530,PRD-0689,2,40.00,80.00
SALE-001531,PRD-0706,1,599.00,599.00
SALE-001531,PRD-0716,2,599.00,1198.00
SALE-001531,PRD-0718,2,99.00,198.00
SALE-001532,PRD-0731,2,46.00,92.00
SALE-001532,PRD-0739,2,15.00,30.00
SALE-001532,PRD-0749,3,95.00,285.00
SALE-001533,PRD-0754,2,410.00,820.00
SALE-001533,PRD-0755,1,210.00,210.00
SALE-001533,PRD-0759,1,105.00,105.00
SALE-001533,PRD-0757,2,95.00,190.00
SALE-001534,PRD-0806,1,21.00,21.00
SALE-001534,PRD-0787,1,150.00,150.00
SALE-001535,PRD-0791,1,30.00,30.00
SALE-001535,PRD-0781,2,165.00,330.00
SALE-001535,PRD-0802,3,25.00,75.00
SALE-001535,PRD-0787,1,150.00,150.00
SALE-001536,PRD-0837,2,6.00,12.00
SALE-001536,PRD-0840,1,25.00,25.00
SALE-001537,PRD-0864,1,149.00,149.00
SALE-001537,PRD-0856,2,299.00,598.00
SALE-001538,PRD-0859,2,349.00,698.00
SALE-001538,PRD-0855,3,199.00,597.00
SALE-001538,PRD-0861,3,299.00,897.00
SALE-001538,PRD-0864,1,149.00,149.00
SALE-001539,PRD-0856,1,299.00,299.00
SALE-001539,PRD-0861,2,299.00,598.00
SALE-001540,PRD-0906,2,410.00,820.00
SALE-001541,PRD-0923,2,99.00,198.00
SALE-001541,PRD-0928,2,130.00,260.00
SALE-001542,PRD-0922,10,20.00,200.00
SALE-001542,PRD-0908,8,20.00,160.00
SALE-001543,PRD-0937,2,15.00,30.00
SALE-001543,PRD-0933,2,38.00,76.00
SALE-001543,PRD-0952,1,120.00,120.00
SALE-001544,PRD-0997,1,35.00,35.00
SALE-001544,PRD-1005,1,80.00,80.00
SALE-001545,PRD-1032,5,95.00,475.00
SALE-001545,PRD-1036,2,1750.00,3500.00
SALE-001545,PRD-1044,15,240.00,3600.00
SALE-001546,PRD-1054,1,1300.00,1300.00
SALE-001546,PRD-1055,3,120.00,360.00
SALE-001546,PRD-1064,2,130.00,260.00
SALE-001546,PRD-1072,1,45.00,45.00
SALE-001547,PRD-1089,1,15.00,15.00
SALE-001547,PRD-1101,3,45.00,135.00
SALE-001547,PRD-1091,1,40.00,40.00
SALE-001547,PRD-1093,1,35.00,35.00
SALE-001548,PRD-1135,3,50.00,150.00
SALE-001549,PRD-1199,2,1650.00,3300.00
SALE-001549,PRD-1200,1,40.00,40.00
SALE-001550,PRD-1209,2,95.00,190.00
SALE-001550,PRD-1206,1,28.00,28.00
SALE-001551,PRD-1236,2,150.00,300.00
SALE-001551,PRD-1229,1,120.00,120.00
SALE-001551,PRD-1241,3,25.00,75.00
SALE-001551,PRD-1243,2,32.00,64.00
SALE-001552,PRD-1249,1,38.00,38.00
SALE-001552,PRD-1234,1,46.00,46.00
SALE-001552,PRD-1240,2,30.00,60.00
SALE-001553,PRD-1243,1,32.00,32.00
SALE-001553,PRD-1234,1,46.00,46.00
SALE-001554,PRD-0008,1,25.00,25.00
SALE-001554,PRD-0013,3,30.00,90.00
SALE-001554,PRD-0022,1,38.00,38.00
SALE-001554,PRD-0006,2,440.00,880.00
SALE-001555,PRD-0008,1,25.00,25.00
SALE-001555,PRD-0015,2,15.00,30.00
SALE-001556,PRD-0017,2,40.00,80.00
SALE-001556,PRD-0010,1,190.00,190.00
SALE-001556,PRD-0026,2,90.00,180.00
SALE-001557,PRD-0123,2,99.00,198.00
SALE-001557,PRD-0103,2,299.00,598.00
SALE-001558,PRD-0102,1,199.00,199.00
SALE-001559,PRD-0128,2,100.00,200.00
SALE-001560,PRD-0153,1,28.00,28.00
SALE-001560,PRD-0171,1,45.00,45.00
SALE-001560,PRD-0172,1,30.00,30.00
SALE-001561,PRD-0181,1,780.00,780.00
SALE-001561,PRD-0178,6,95.00,570.00
SALE-001562,PRD-0175,1,410.00,410.00
SALE-001563,PRD-0176,2,210.00,420.00
SALE-001564,PRD-0210,2,25.00,50.00
SALE-001564,PRD-0221,2,21.00,42.00
SALE-001564,PRD-0204,1,12.00,12.00
SALE-001565,PRD-0200,1,280.00,280.00
SALE-001565,PRD-0205,1,54.00,54.00
SALE-001565,PRD-0206,1,5.00,5.00
SALE-001565,PRD-0209,3,15.00,45.00
SALE-001566,PRD-0256,2,190.00,380.00
SALE-001566,PRD-0253,2,46.00,92.00
SALE-001567,PRD-0270,1,25.00,25.00
SALE-001567,PRD-0247,1,1300.00,1300.00
SALE-001568,PRD-0257,1,130.00,130.00
SALE-001568,PRD-0261,1,15.00,15.00
SALE-001568,PRD-0269,1,105.00,105.00
SALE-001568,PRD-0258,1,165.00,165.00
SALE-001569,PRD-0265,1,45.00,45.00
SALE-001569,PRD-0255,1,150.00,150.00
SALE-001569,PRD-0266,1,38.00,38.00
SALE-001569,PRD-0259,1,30.00,30.00
SALE-001570,PRD-0293,2,90.00,180.00
SALE-001571,PRD-0345,1,1650.00,1650.00
SALE-001571,PRD-0343,2,20.00,40.00
SALE-001572,PRD-0336,1,390.00,390.00
SALE-001572,PRD-0331,3,120.00,360.00
SALE-001572,PRD-0335,3,1200.00,3600.00
SALE-001573,PRD-0377,2,199.00,398.00
SALE-001573,PRD-0380,2,599.00,1198.00
SALE-001573,PRD-0386,1,149.00,149.00
SALE-001573,PRD-0397,3,249.00,747.00
SALE-001574,PRD-0425,2,35.00,70.00
SALE-001575,PRD-0413,3,15.00,45.00
SALE-001575,PRD-0410,1,165.00,165.00
SALE-001576,PRD-0413,2,15.00,30.00
SALE-001576,PRD-0422,1,25.00,25.00
SALE-001577,PRD-0439,1,60.00,60.00
SALE-001578,PRD-0429,1,35.00,35.00
SALE-001579,PRD-0431,2,98.00,196.00
SALE-001579,PRD-0428,3,28.00,84.00
SALE-001580,PRD-0457,1,1750.00,1750.00
SALE-001581,PRD-0487,1,30.00,30.00
SALE-001582,PRD-0481,2,46.00,92.00
SALE-001582,PRD-0499,1,95.00,95.00
SALE-001583,PRD-0507,1,70.00,70.00
SALE-001584,PRD-0507,1,70.00,70.00
SALE-001584,PRD-0510,1,5.00,5.00
SALE-001585,PRD-0538,1,149.00,149.00
SALE-001585,PRD-0529,1,199.00,199.00
SALE-001586,PRD-0625,2,25.00,50.00
SALE-001587,PRD-0628,1,120.00,120.00
SALE-001587,PRD-0648,2,38.00,76.00
SALE-001587,PRD-0640,3,25.00,75.00
SALE-001587,PRD-0631,2,100.00,200.00
SALE-001588,PRD-0639,2,30.00,60.00
SALE-001589,PRD-0639,1,30.00,30.00
SALE-001590,PRD-0643,3,40.00,120.00
SALE-001591,PRD-0661,2,50.00,100.00
SALE-001592,PRD-0684,1,95.00,95.00
SALE-001592,PRD-0695,1,20.00,20.00
SALE-001593,PRD-0683,3,38.00,114.00
SALE-001594,PRD-0706,2,599.00,1198.00
SALE-001595,PRD-0712,1,149.00,149.00
SALE-001595,PRD-0709,1,299.00,299.00
SALE-001595,PRD-0713,1,199.00,199.00
SALE-001595,PRD-0703,1,199.00,199.00
SALE-001596,PRD-0739,3,15.00,45.00
SALE-001596,PRD-0725,1,1300.00,1300.00
SALE-001596,PRD-0733,2,150.00,300.00
SALE-001597,PRD-0733,2,150.00,300.00
SALE-001598,PRD-0801,1,110.00,110.00
SALE-001598,PRD-0792,2,25.00,50.00
SALE-001599,PRD-0826,1,45.00,45.00
SALE-001599,PRD-0827,2,30.00,60.00
SALE-001599,PRD-0823,3,26.00,78.00
SALE-001599,PRD-0808,2,28.00,56.00
SALE-001600,PRD-0812,1,60.00,60.00
SALE-001600,PRD-0827,3,30.00,90.00
SALE-001601,PRD-0817,1,50.00,50.00
SALE-001601,PRD-0816,2,40.00,80.00
SALE-001602,PRD-0834,2,12.00,24.00
SALE-001603,PRD-0863,1,999.00,999.00
SALE-001603,PRD-0871,1,160.00,160.00
SALE-001604,PRD-0872,2,160.00,320.00
SALE-001604,PRD-0864,1,149.00,149.00
SALE-001604,PRD-0857,2,149.00,298.00
SALE-001605,PRD-0878,1,120.00,120.00
SALE-001605,PRD-0880,2,135.00,270.00
SALE-001605,PRD-0902,3,90.00,270.00
SALE-001605,PRD-0898,1,38.00,38.00
SALE-001606,PRD-0878,1,120.00,120.00
SALE-001606,PRD-0883,2,46.00,92.00
SALE-001606,PRD-0891,1,15.00,15.00
SALE-001606,PRD-0887,2,130.00,260.00
SALE-001607,PRD-0899,1,105.00,105.00
SALE-001607,PRD-0879,1,165.00,165.00
SALE-001607,PRD-0883,2,46.00,92.00
SALE-001607,PRD-0880,2,135.00,270.00
SALE-001608,PRD-0907,1,210.00,210.00
SALE-001608,PRD-0914,1,1200.00,1200.00
SALE-001608,PRD-0924,2,1650.00,3300.00
SALE-001608,PRD-0913,1,1750.00,1750.00
SALE-001609,PRD-0933,1,38.00,38.00
SALE-001610,PRD-0975,3,105.00,315.00
SALE-001611,PRD-1006,1,35.00,35.00
SALE-001612,PRD-0996,2,10.00,20.00
SALE-001613,PRD-1033,8,120.00,960.00
SALE-001613,PRD-1037,1,1200.00,1200.00
SALE-001614,PRD-1051,1,130.00,130.00
SALE-001614,PRD-1045,2,20.00,40.00
SALE-001614,PRD-1032,2,95.00,190.00
SALE-001614,PRD-1042,2,60.00,120.00
SALE-001615,PRD-1080,1,35.00,35.00
SALE-001615,PRD-1059,1,440.00,440.00
SALE-001616,PRD-1087,2,60.00,120.00
SALE-001616,PRD-1091,1,40.00,40.00
SALE-001616,PRD-1092,1,50.00,50.00
SALE-001616,PRD-1085,2,38.00,76.00
SALE-001617,PRD-1086,1,95.00,95.00
SALE-001618,PRD-1086,1,95.00,95.00
SALE-001618,PRD-1100,1,90.00,90.00
SALE-001619,PRD-1108,1,135.00,135.00
SALE-001619,PRD-1111,1,46.00,46.00
SALE-001620,PRD-1147,1,45.00,45.00
SALE-001620,PRD-1139,1,50.00,50.00
SALE-001621,PRD-1163,1,349.00,349.00
SALE-001622,PRD-1207,1,35.00,35.00
SALE-001623,PRD-1256,1,205.00,205.00
SALE-001623,PRD-1236,3,150.00,450.00
SALE-001623,PRD-1228,3,1300.00,3900.00
SALE-001623,PRD-1246,1,45.00,45.00
SALE-001624,PRD-0026,2,90.00,180.00
SALE-001625,PRD-0023,2,105.00,210.00
SALE-001625,PRD-0013,1,30.00,30.00
SALE-001626,PRD-0003,2,165.00,330.00
SALE-001626,PRD-0027,3,35.00,105.00
SALE-001626,PRD-0014,2,25.00,50.00
SALE-001626,PRD-0028,3,20.00,60.00
SALE-001627,PRD-0069,1,10.00,10.00
SALE-001627,PRD-0060,1,50.00,50.00
SALE-001627,PRD-0057,2,60.00,120.00
SALE-001628,PRD-0082,1,38.00,38.00
SALE-001628,PRD-0086,2,15.00,30.00
SALE-001629,PRD-0100,1,30.00,30.00
SALE-001630,PRD-0102,1,199.00,199.00
SALE-001630,PRD-0105,2,599.00,1198.00
SALE-001631,PRD-0121,2,999.00,1998.00
SALE-001632,PRD-0168,1,25.00,25.00
SALE-001632,PRD-0154,1,35.00,35.00
SALE-001633,PRD-0162,1,50.00,50.00
SALE-001634,PRD-0178,16,95.00,1520.00
SALE-001635,PRD-0233,1,999.00,999.00
SALE-001635,PRD-0227,1,149.00,149.00
SALE-001635,PRD-0240,3,99.00,297.00
SALE-001636,PRD-0275,2,195.00,390.00
SALE-001636,PRD-0265,2,45.00,90.00
SALE-001636,PRD-0262,1,32.00,32.00
SALE-001637,PRD-0250,2,135.00,270.00
SALE-001637,PRD-0255,1,150.00,150.00
SALE-001638,PRD-0324,3,35.00,105.00
SALE-001638,PRD-0326,1,195.00,195.00
SALE-001638,PRD-0310,1,30.00,30.00
SALE-001639,PRD-0305,2,25.00,50.00
SALE-001639,PRD-0304,1,46.00,46.00
SALE-001640,PRD-0328,1,210.00,210.00
SALE-001641,PRD-0328,1,210.00,210.00
SALE-001642,PRD-0354,1,60.00,60.00
SALE-001643,PRD-0423,2,100.00,200.00
SALE-001643,PRD-0399,2,1300.00,2600.00
SALE-001643,PRD-0400,1,120.00,120.00
SALE-001644,PRD-0412,2,25.00,50.00
SALE-001644,PRD-0419,1,35.00,35.00
SALE-001644,PRD-0410,2,165.00,330.00
SALE-001645,PRD-0431,1,98.00,98.00
SALE-001645,PRD-0429,1,35.00,35.00
SALE-001646,PRD-0429,2,35.00,70.00
SALE-001646,PRD-0428,1,28.00,28.00
SALE-001647,PRD-0446,1,45.00,45.00
SALE-001648,PRD-0488,1,25.00,25.00
SALE-001648,PRD-0475,2,1300.00,2600.00
SALE-001648,PRD-0477,2,165.00,330.00
SALE-001648,PRD-0481,3,46.00,138.00
SALE-001649,PRD-0502,1,20.00,20.00
SALE-001649,PRD-0491,1,40.00,40.00
SALE-001650,PRD-0481,1,46.00,46.00
SALE-001651,PRD-0487,1,30.00,30.00
SALE-001652,PRD-0523,1,25.00,25.00
SALE-001652,PRD-0516,1,60.00,60.00
SALE-001653,PRD-0573,1,105.00,105.00
SALE-001653,PRD-0561,1,130.00,130.00
SALE-001653,PRD-0556,1,440.00,440.00
SALE-001653,PRD-0551,2,1300.00,2600.00
SALE-001654,PRD-0557,1,46.00,46.00
SALE-001654,PRD-0552,1,120.00,120.00
SALE-001654,PRD-0569,1,45.00,45.00
SALE-001655,PRD-0587,2,145.00,290.00
SALE-001655,PRD-0590,1,35.00,35.00
SALE-001655,PRD-0582,3,38.00,114.00
SALE-001656,PRD-0586,1,16.00,16.00
SALE-001656,PRD-0583,1,95.00,95.00
SALE-001656,PRD-0580,2,28.00,56.00
SALE-001656,PRD-0585,2,340.00,680.00
SALE-001657,PRD-0602,2,410.00,820.00
SALE-001658,PRD-0627,1,1300.00,1300.00
SALE-001658,PRD-0633,2,46.00,92.00
SALE-001659,PRD-0641,3,15.00,45.00
SALE-001659,PRD-0639,1,30.00,30.00
SALE-001659,PRD-0638,2,165.00,330.00
SALE-001660,PRD-0668,1,60.00,60.00
SALE-001661,PRD-0700,1,32.00,32.00
SALE-001662,PRD-0794,2,32.00,64.00
SALE-001663,PRD-0805,1,35.00,35.00
SALE-001663,PRD-0784,2,440.00,880.00
SALE-001664,PRD-0835,2,50.00,100.00
SALE-001664,PRD-0834,2,12.00,24.00
SALE-001664,PRD-0844,3,10.00,30.00
SALE-001664,PRD-0853,2,80.00,160.00
SALE-001665,PRD-0865,2,199.00,398.00
SALE-001665,PRD-0873,1,399.00,399.00
SALE-001665,PRD-0858,2,599.00,1198.00
SALE-001665,PRD-0866,2,1199.00,2398.00
SALE-001666,PRD-0883,1,46.00,46.00
SALE-001667,PRD-0902,1,90.00,90.00
SALE-001667,PRD-0886,2,190.00,380.00
SALE-001668,PRD-0926,1,280.00,280.00
SALE-001669,PRD-0945,2,20.00,40.00
SALE-001669,PRD-0937,1,15.00,15.00
SALE-001670,PRD-0971,3,45.00,135.00
SALE-001670,PRD-0959,1,46.00,46.00
SALE-001670,PRD-0956,3,135.00,405.00
SALE-001671,PRD-0960,3,25.00,75.00
SALE-001671,PRD-0967,1,15.00,15.00
SALE-001672,PRD-1059,1,440.00,440.00
SALE-001672,PRD-1060,3,46.00,138.00
SALE-001673,PRD-1055,3,120.00,360.00
SALE-001674,PRD-1099,3,650.00,1950.00
SALE-001674,PRD-1093,3,35.00,105.00
SALE-001675,PRD-1111,2,46.00,92.00
SALE-001675,PRD-1107,3,165.00,495.00
SALE-001675,PRD-1121,1,40.00,40.00
SALE-001675,PRD-1131,3,35.00,105.00
SALE-001676,PRD-1143,1,15.00,15.00
SALE-001676,PRD-1154,1,30.00,30.00
SALE-001676,PRD-1134,2,280.00,560.00
SALE-001677,PRD-1194,2,60.00,120.00
SALE-001677,PRD-1188,2,1750.00,3500.00
SALE-001677,PRD-1183,6,20.00,120.00
SALE-001677,PRD-1202,2,190.00,380.00
SALE-001678,PRD-1207,1,35.00,35.00
SALE-001678,PRD-1224,3,45.00,135.00
SALE-001679,PRD-1242,1,15.00,15.00
SALE-001679,PRD-1235,1,25.00,25.00
SALE-001680,PRD-1234,3,46.00,138.00
SALE-001680,PRD-1255,3,20.00,60.00
SALE-001680,PRD-1249,2,38.00,76.00
SALE-001681,PRD-1229,1,120.00,120.00
SALE-001682,PRD-1228,1,1300.00,1300.00
SALE-001682,PRD-1241,1,25.00,25.00
SALE-001682,PRD-1239,3,165.00,495.00
SALE-001683,PRD-0013,1,30.00,30.00
SALE-001684,PRD-0056,1,50.00,50.00
SALE-001684,PRD-0061,1,5.00,5.00
SALE-001684,PRD-0077,1,45.00,45.00
SALE-001685,PRD-0086,1,15.00,15.00
SALE-001685,PRD-0084,1,60.00,60.00
SALE-001685,PRD-0099,1,30.00,30.00
SALE-001685,PRD-0088,2,40.00,80.00
SALE-001686,PRD-0109,3,1299.00,3897.00
SALE-001687,PRD-0132,3,150.00,450.00
SALE-001687,PRD-0126,1,165.00,165.00
SALE-001688,PRD-0159,1,15.00,15.00
SALE-001689,PRD-0189,8,290.00,2320.00
SALE-001689,PRD-0178,4,95.00,380.00
SALE-001689,PRD-0191,4,20.00,80.00
SALE-001689,PRD-0177,10,20.00,200.00
SALE-001690,PRD-0226,2,315.00,630.00
SALE-001691,PRD-0248,1,120.00,120.00
SALE-001691,PRD-0247,2,1300.00,2600.00
SALE-001692,PRD-0253,2,46.00,92.00
SALE-001692,PRD-0266,1,38.00,38.00
SALE-001693,PRD-0277,1,35.00,35.00
SALE-001693,PRD-0276,3,28.00,84.00
SALE-001693,PRD-0280,2,60.00,120.00
SALE-001693,PRD-0279,2,95.00,190.00
SALE-001694,PRD-0329,1,20.00,20.00
SALE-001694,PRD-0341,2,290.00,580.00
SALE-001694,PRD-0350,2,25.00,50.00
SALE-001694,PRD-0349,1,130.00,130.00
SALE-001695,PRD-0396,3,999.00,2997.00
SALE-001696,PRD-0406,1,25.00,25.00
SALE-001696,PRD-0415,2,40.00,80.00
SALE-001697,PRD-0404,2,465.00,930.00
SALE-001698,PRD-0428,2,28.00,56.00
SALE-001698,PRD-0442,2,20.00,40.00
SALE-001698,PRD-0436,1,40.00,40.00
SALE-001699,PRD-0448,3,30.00,90.00
SALE-001699,PRD-0432,1,60.00,60.00
SALE-001700,PRD-0434,2,15.00,30.00
SALE-001700,PRD-0432,1,60.00,60.00
SALE-001700,PRD-0436,1,40.00,40.00
SALE-001701,PRD-0467,1,99.00,99.00
SALE-001701,PRD-0465,2,240.00,480.00
SALE-001702,PRD-0498,3,25.00,75.00
SALE-001703,PRD-0519,1,35.00,35.00
SALE-001703,PRD-0505,1,50.00,50.00
SALE-001703,PRD-0525,2,20.00,40.00
SALE-001704,PRD-0538,2,149.00,298.00
SALE-001704,PRD-0532,1,599.00,599.00
SALE-001704,PRD-0539,2,199.00,398.00
SALE-001705,PRD-0562,3,165.00,495.00
SALE-001706,PRD-0556,3,440.00,1320.00
SALE-001707,PRD-0597,1,90.00,90.00
SALE-001707,PRD-0588,1,40.00,40.00
SALE-001707,PRD-0580,2,28.00,56.00
SALE-001708,PRD-0580,2,28.00,56.00
SALE-001708,PRD-0582,2,38.00,76.00
SALE-001708,PRD-0589,2,50.00,100.00
SALE-001709,PRD-0605,1,95.00,95.00
SALE-001709,PRD-0621,2,40.00,80.00
SALE-001710,PRD-0647,2,35.00,70.00
SALE-001710,PRD-0649,1,105.00,105.00
SALE-001711,PRD-0642,2,32.00,64.00
SALE-001711,PRD-0639,1,30.00,30.00
SALE-001711,PRD-0652,3,90.00,270.00
SALE-001712,PRD-0663,2,6.00,12.00
SALE-001712,PRD-0660,1,12.00,12.00
SALE-001713,PRD-0661,2,50.00,100.00
SALE-001714,PRD-0692,2,60.00,120.00
SALE-001714,PRD-0696,1,25.00,25.00
SALE-001714,PRD-0698,3,90.00,270.00
SALE-001714,PRD-0689,3,40.00,120.00
SALE-001715,PRD-0713,2,199.00,398.00
SALE-001716,PRD-0712,2,149.00,298.00
SALE-001716,PRD-0704,1,299.00,299.00
SALE-001717,PRD-0731,3,46.00,138.00
SALE-001717,PRD-0741,1,40.00,40.00
SALE-001718,PRD-0728,1,135.00,135.00
SALE-001719,PRD-0807,1,195.00,195.00
SALE-001719,PRD-0780,1,120.00,120.00
SALE-001720,PRD-0805,2,35.00,70.00
SALE-001720,PRD-0800,1,38.00,38.00
SALE-001721,PRD-0828,1,30.00,30.00
SALE-001722,PRD-0808,1,28.00,28.00
SALE-001722,PRD-0822,1,20.00,20.00
SALE-001723,PRD-0814,2,15.00,30.00
SALE-001723,PRD-0811,3,95.00,285.00
SALE-001724,PRD-0853,1,80.00,80.00
SALE-001725,PRD-0858,1,599.00,599.00
SALE-001726,PRD-0855,1,199.00,199.00
SALE-001727,PRD-0871,1,160.00,160.00
SALE-001727,PRD-0864,3,149.00,447.00
SALE-001728,PRD-0887,2,130.00,260.00
SALE-001729,PRD-0879,1,165.00,165.00
SALE-001729,PRD-0878,1,120.00,120.00
SALE-001729,PRD-0882,2,440.00,880.00
SALE-001729,PRD-0899,1,105.00,105.00
SALE-001730,PRD-0923,1,99.00,99.00
SALE-001731,PRD-0918,2,12.00,24.00
SALE-001732,PRD-0906,4,410.00,1640.00
SALE-001733,PRD-0938,1,145.00,145.00
SALE-001734,PRD-0977,1,95.00,95.00
SALE-001735,PRD-0975,1,105.00,105.00
SALE-001735,PRD-0972,1,40.00,40.00
SALE-001735,PRD-0953,2,1300.00,2600.00
SALE-001736,PRD-0965,3,30.00,90.00
SALE-001736,PRD-0960,1,25.00,25.00
SALE-001737,PRD-1031,2,20.00,40.00
SALE-001737,PRD-1037,2,1200.00,2400.00
SALE-001738,PRD-1064,2,130.00,260.00
SALE-001738,PRD-1065,1,165.00,165.00
SALE-001739,PRD-1066,2,30.00,60.00
SALE-001739,PRD-1064,1,130.00,130.00
SALE-001739,PRD-1079,1,90.00,90.00
SALE-001740,PRD-1096,1,150.00,150.00
SALE-001740,PRD-1097,1,20.00,20.00
SALE-001740,PRD-1085,1,38.00,38.00
SALE-001740,PRD-1090,2,145.00,290.00
SALE-001741,PRD-1121,3,40.00,120.00
SALE-001742,PRD-1106,1,130.00,130.00
SALE-001742,PRD-1116,1,165.00,165.00
SALE-001742,PRD-1117,1,30.00,30.00
SALE-001742,PRD-1129,2,95.00,190.00
SALE-001743,PRD-1127,1,105.00,105.00
SALE-001744,PRD-1134,2,280.00,560.00
SALE-001744,PRD-1147,1,45.00,45.00
SALE-001745,PRD-1167,1,999.00,999.00
SALE-001746,PRD-1195,1,290.00,290.00
SALE-001747,PRD-1250,2,105.00,210.00
SALE-001748,PRD-0024,2,25.00,50.00
SALE-001748,PRD-0003,2,165.00,330.00
SALE-001748,PRD-0025,1,95.00,95.00
SALE-001748,PRD-0005,2,100.00,200.00
SALE-001749,PRD-0047,2,99.00,198.00
SALE-001750,PRD-0048,2,1650.00,3300.00
SALE-001751,PRD-0065,1,25.00,25.00
SALE-001751,PRD-0062,2,6.00,12.00
SALE-001751,PRD-0057,2,60.00,120.00
SALE-001752,PRD-0058,2,70.00,140.00
SALE-001752,PRD-0059,2,12.00,24.00
SALE-001753,PRD-0090,3,35.00,105.00
SALE-001753,PRD-0080,1,28.00,28.00
SALE-001753,PRD-0092,2,90.00,180.00
SALE-001753,PRD-0085,1,340.00,340.00
SALE-001754,PRD-0126,1,165.00,165.00
SALE-001754,PRD-0139,3,35.00,105.00
SALE-001755,PRD-0150,1,35.00,35.00
SALE-001755,PRD-0136,1,30.00,30.00
SALE-001755,PRD-0147,3,25.00,75.00
SALE-001755,PRD-0125,2,120.00,240.00
SALE-001756,PRD-0161,2,40.00,80.00
SALE-001756,PRD-0154,2,35.00,70.00
SALE-001757,PRD-0184,2,390.00,780.00
SALE-001757,PRD-0191,3,20.00,60.00
SALE-001758,PRD-0214,3,10.00,30.00
SALE-001758,PRD-0221,2,21.00,42.00
SALE-001759,PRD-0269,2,105.00,210.00
SALE-001759,PRD-0251,2,100.00,200.00
SALE-001759,PRD-0257,2,130.00,260.00
SALE-001760,PRD-0253,1,46.00,46.00
SALE-001760,PRD-0255,2,150.00,300.00
SALE-001761,PRD-0282,1,15.00,15.00
SALE-001762,PRD-0287,3,60.00,180.00
SALE-001762,PRD-0276,2,28.00,56.00
SALE-001763,PRD-0304,2,46.00,92.00
SALE-001763,PRD-0305,3,25.00,75.00
SALE-001763,PRD-0312,3,15.00,45.00
SALE-001764,PRD-0311,3,25.00,75.00
SALE-001764,PRD-0307,1,190.00,190.00
SALE-001765,PRD-0375,1,80.00,80.00
SALE-001765,PRD-0353,1,50.00,50.00
SALE-001766,PRD-0417,3,45.00,135.00
SALE-001766,PRD-0423,1,100.00,100.00
SALE-001766,PRD-0400,1,120.00,120.00
SALE-001766,PRD-0408,1,190.00,190.00
SALE-001767,PRD-0402,1,135.00,135.00
SALE-001768,PRD-0442,1,20.00,20.00
SALE-001768,PRD-0428,1,28.00,28.00
SALE-001768,PRD-0434,3,15.00,45.00
SALE-001769,PRD-0436,1,40.00,40.00
SALE-001769,PRD-0433,2,340.00,680.00
SALE-001770,PRD-0438,2,35.00,70.00
SALE-001771,PRD-0471,1,190.00,190.00
SALE-001772,PRD-0460,3,65.00,195.00
SALE-001772,PRD-0454,2,130.00,260.00
SALE-001772,PRD-0470,1,280.00,280.00
SALE-001773,PRD-0452,1,20.00,20.00
SALE-001773,PRD-0463,3,60.00,180.00
SALE-001773,PRD-0461,1,160.00,160.00
SALE-001773,PRD-0471,1,190.00,190.00
SALE-001774,PRD-0486,3,165.00,495.00
SALE-001774,PRD-0484,1,190.00,190.00
SALE-001774,PRD-0485,1,130.00,130.00
SALE-001774,PRD-0487,2,30.00,60.00
SALE-001775,PRD-0503,1,195.00,195.00
SALE-001775,PRD-0486,2,165.00,330.00
SALE-001775,PRD-0488,1,25.00,25.00
SALE-001776,PRD-0517,1,45.00,45.00
SALE-001776,PRD-0511,3,6.00,18.00
SALE-001776,PRD-0508,1,12.00,12.00
SALE-001776,PRD-0510,2,5.00,10.00
SALE-001777,PRD-0556,1,440.00,440.00
SALE-001777,PRD-0565,1,15.00,15.00
SALE-001778,PRD-0558,1,25.00,25.00
SALE-001779,PRD-0590,2,35.00,70.00
SALE-001779,PRD-0595,2,25.00,50.00
SALE-001779,PRD-0592,2,90.00,180.00
SALE-001780,PRD-0633,1,46.00,46.00
SALE-001780,PRD-0636,2,190.00,380.00
SALE-001781,PRD-0646,3,38.00,114.00
SALE-001781,PRD-0637,1,130.00,130.00
SALE-001782,PRD-0660,3,12.00,36.00
SALE-001782,PRD-0663,2,6.00,12.00
SALE-001783,PRD-0698,1,90.00,90.00
SALE-001783,PRD-0693,2,90.00,180.00
SALE-001783,PRD-0684,1,95.00,95.00
SALE-001784,PRD-0681,3,28.00,84.00
SALE-001785,PRD-0683,2,38.00,76.00
SALE-001786,PRD-0685,2,60.00,120.00
SALE-001787,PRD-0727,3,165.00,495.00
SALE-001788,PRD-0767,1,60.00,60.00
SALE-001788,PRD-0762,1,1200.00,1200.00
SALE-001788,PRD-0775,2,190.00,380.00
SALE-001788,PRD-0769,7,240.00,1680.00
SALE-001789,PRD-0781,1,165.00,165.00
SALE-001789,PRD-0791,1,30.00,30.00
SALE-001789,PRD-0802,2,25.00,50.00
SALE-001789,PRD-0806,1,21.00,21.00
SALE-001790,PRD-0782,2,135.00,270.00
SALE-001790,PRD-0805,3,35.00,105.00
SALE-001791,PRD-0818,1,35.00,35.00
SALE-001791,PRD-0809,2,35.00,70.00
SALE-001791,PRD-0811,1,95.00,95.00
SALE-001792,PRD-0858,2,599.00,1198.00
SALE-001792,PRD-0864,1,149.00,149.00
SALE-001793,PRD-0865,1,199.00,199.00
SALE-001794,PRD-0855,2,199.00,398.00
SALE-001794,PRD-0865,1,199.00,199.00
SALE-001795,PRD-0879,3,165.00,495.00
SALE-001795,PRD-0890,1,25.00,25.00
SALE-001795,PRD-0878,1,120.00,120.00
SALE-001795,PRD-0895,2,45.00,90.00
SALE-001796,PRD-0880,3,135.00,405.00
SALE-001797,PRD-0879,3,165.00,495.00
SALE-001797,PRD-0904,3,20.00,60.00
SALE-001797,PRD-0898,1,38.00,38.00
SALE-001798,PRD-0914,1,1200.00,1200.00
SALE-001798,PRD-0913,2,1750.00,3500.00
SALE-001799,PRD-0906,1,410.00,410.00
SALE-001799,PRD-0922,1,20.00,20.00
SALE-001799,PRD-0908,1,20.00,20.00
SALE-001800,PRD-0916,3,65.00,195.00
SALE-001800,PRD-0919,2,60.00,120.00
SALE-001800,PRD-0917,3,160.00,480.00
SALE-001801,PRD-0931,1,28.00,28.00
SALE-001801,PRD-0932,1,35.00,35.00
SALE-001801,PRD-0942,2,60.00,120.00
SALE-001802,PRD-0945,3,20.00,60.00
SALE-001803,PRD-0969,2,40.00,80.00
SALE-001804,PRD-0955,3,165.00,495.00
SALE-001805,PRD-0992,2,25.00,50.00
SALE-001805,PRD-0988,1,5.00,5.00
SALE-001806,PRD-0982,2,280.00,560.00
SALE-001806,PRD-0996,1,10.00,10.00
SALE-001807,PRD-1008,1,299.00,299.00
SALE-001808,PRD-1102,2,30.00,60.00
SALE-001809,PRD-1083,2,28.00,56.00
SALE-001809,PRD-1087,1,60.00,60.00
SALE-001810,PRD-1110,2,440.00,880.00
SALE-001811,PRD-1185,1,120.00,120.00
SALE-001812,PRD-1214,1,40.00,40.00
SALE-001812,PRD-1207,2,35.00,70.00
SALE-001812,PRD-1224,2,45.00,90.00
SALE-001812,PRD-1216,1,35.00,35.00
SALE-001813,PRD-1234,1,46.00,46.00
SALE-001813,PRD-1235,2,25.00,50.00
SALE-001813,PRD-1251,2,25.00,50.00
SALE-001813,PRD-1233,1,440.00,440.00
SALE-001814,PRD-1252,2,100.00,200.00
SALE-001814,PRD-1241,2,25.00,50.00
SALE-001814,PRD-1240,3,30.00,90.00
SALE-001815,PRD-0005,1,100.00,100.00
SALE-001815,PRD-0010,2,190.00,380.00
SALE-001816,PRD-0022,3,38.00,114.00
SALE-001816,PRD-0006,1,440.00,440.00
SALE-001817,PRD-0049,1,40.00,40.00
SALE-001818,PRD-0071,1,120.00,120.00
SALE-001818,PRD-0061,3,5.00,15.00
SALE-001819,PRD-0086,2,15.00,30.00
SALE-001820,PRD-0099,1,30.00,30.00
SALE-001821,PRD-0119,2,149.00,298.00
SALE-001821,PRD-0108,3,315.00,945.00
SALE-001821,PRD-0111,1,149.00,149.00
SALE-001821,PRD-0102,1,199.00,199.00
SALE-001822,PRD-0122,1,249.00,249.00
SALE-001822,PRD-0115,2,599.00,1198.00
SALE-001822,PRD-0102,2,199.00,398.00
SALE-001822,PRD-0112,1,199.00,199.00
SALE-001823,PRD-0133,3,190.00,570.00
SALE-001823,PRD-0137,3,25.00,75.00
SALE-001823,PRD-0130,2,46.00,92.00
SALE-001823,PRD-0146,3,105.00,315.00
SALE-001824,PRD-0126,3,165.00,495.00
SALE-001825,PRD-0167,1,20.00,20.00
SALE-001825,PRD-0165,3,90.00,270.00
SALE-001825,PRD-0156,1,95.00,95.00
SALE-001825,PRD-0154,2,35.00,70.00
SALE-001826,PRD-0191,3,20.00,60.00
SALE-001827,PRD-0198,2,27.00,54.00
SALE-001827,PRD-0175,8,410.00,3280.00
SALE-001827,PRD-0191,15,20.00,300.00
SALE-001828,PRD-0180,1,105.00,105.00
SALE-001828,PRD-0179,1,120.00,120.00
SALE-001828,PRD-0191,3,20.00,60.00
SALE-001829,PRD-0202,1,60.00,60.00
SALE-001829,PRD-0208,2,130.00,260.00
SALE-001829,PRD-0207,3,6.00,18.00
SALE-001830,PRD-0249,1,165.00,165.00
SALE-001830,PRD-0259,3,30.00,90.00
SALE-001831,PRD-0274,2,20.00,40.00
SALE-001831,PRD-0263,2,40.00,80.00
SALE-001832,PRD-0304,1,46.00,46.00
SALE-001832,PRD-0315,1,18.00,18.00
SALE-001833,PRD-0306,3,150.00,450.00
SALE-001833,PRD-0305,1,25.00,25.00
SALE-001834,PRD-0330,3,95.00,285.00
SALE-001835,PRD-0361,3,15.00,45.00
SALE-001835,PRD-0372,1,30.00,30.00
SALE-001836,PRD-0397,2,249.00,498.00
SALE-001836,PRD-0388,2,1199.00,2398.00
SALE-001836,PRD-0383,1,299.00,299.00
SALE-001837,PRD-0383,1,299.00,299.00
SALE-001837,PRD-0387,2,199.00,398.00
SALE-001838,PRD-0411,1,30.00,30.00
SALE-001838,PRD-0427,1,195.00,195.00
SALE-001838,PRD-0419,3,35.00,105.00
SALE-001838,PRD-0399,3,1300.00,3900.00
SALE-001839,PRD-0409,1,130.00,130.00
SALE-001840,PRD-0409,2,130.00,260.00
SALE-001840,PRD-0417,1,45.00,45.00
SALE-001840,PRD-0419,1,35.00,35.00
SALE-001840,PRD-0418,1,38.00,38.00
SALE-001841,PRD-0438,3,35.00,105.00
SALE-001841,PRD-0439,2,60.00,120.00
SALE-001842,PRD-0429,1,35.00,35.00
SALE-001842,PRD-0434,3,15.00,45.00
SALE-001842,PRD-0428,1,28.00,28.00
SALE-001842,PRD-0436,1,40.00,40.00
SALE-001843,PRD-0440,2,90.00,180.00
SALE-001843,PRD-0428,2,28.00,56.00
SALE-001844,PRD-0494,1,38.00,38.00
SALE-001845,PRD-0480,3,440.00,1320.00
SALE-001846,PRD-0570,1,38.00,38.00
SALE-001847,PRD-0557,2,46.00,92.00
SALE-001848,PRD-0593,1,150.00,150.00
SALE-001849,PRD-0590,1,35.00,35.00
SALE-001849,PRD-0582,2,38.00,76.00
SALE-001850,PRD-0639,1,30.00,30.00
SALE-001851,PRD-0645,3,45.00,135.00
SALE-001852,PRD-0678,3,45.00,135.00
SALE-001852,PRD-0656,2,280.00,560.00
SALE-001853,PRD-0683,1,38.00,38.00
SALE-001853,PRD-0684,1,95.00,95.00
SALE-001853,PRD-0687,1,15.00,15.00
SALE-001854,PRD-0689,2,40.00,80.00
SALE-001854,PRD-0688,2,145.00,290.00
SALE-001855,PRD-0681,1,28.00,28.00
SALE-001855,PRD-0700,3,32.00,96.00
SALE-001855,PRD-0690,3,50.00,150.00
SALE-001855,PRD-0686,2,340.00,680.00
SALE-001856,PRD-0681,2,28.00,56.00
SALE-001857,PRD-0713,3,199.00,597.00
SALE-001858,PRD-0753,1,195.00,195.00
SALE-001858,PRD-0730,1,440.00,440.00
SALE-001858,PRD-0746,2,40.00,80.00
SALE-001859,PRD-0787,1,150.00,150.00
SALE-001859,PRD-0792,1,25.00,25.00
SALE-001859,PRD-0795,1,40.00,40.00
SALE-001860,PRD-0819,1,60.00,60.00
SALE-001860,PRD-0810,2,38.00,76.00
SALE-001861,PRD-0810,1,38.00,38.00
SALE-001861,PRD-0817,3,50.00,150.00
SALE-001862,PRD-0809,1,35.00,35.00
SALE-001862,PRD-0816,1,40.00,40.00
SALE-001863,PRD-0841,1,30.00,30.00
SALE-001863,PRD-0851,1,20.00,20.00
SALE-001864,PRD-0864,1,149.00,149.00
SALE-001865,PRD-0893,1,40.00,40.00
SALE-001866,PRD-0910,2,120.00,240.00
SALE-001867,PRD-0931,2,28.00,56.00
SALE-001867,PRD-0941,2,35.00,70.00
SALE-001867,PRD-0934,2,95.00,190.00
SALE-001868,PRD-0977,2,95.00,190.00
SALE-001868,PRD-0967,2,15.00,30.00
SALE-001868,PRD-0958,1,440.00,440.00
SALE-001869,PRD-0974,2,38.00,76.00
SALE-001870,PRD-0994,1,60.00,60.00
SALE-001870,PRD-0987,1,50.00,50.00
SALE-001870,PRD-1004,2,45.00,90.00
SALE-001870,PRD-0983,1,50.00,50.00
SALE-001871,PRD-0985,1,70.00,70.00
SALE-001871,PRD-0989,3,6.00,18.00
SALE-001872,PRD-1043,2,290.00,580.00
SALE-001873,PRD-1079,2,90.00,180.00
SALE-001873,PRD-1066,1,30.00,30.00
SALE-001873,PRD-1060,1,46.00,46.00
SALE-001874,PRD-1061,1,25.00,25.00
SALE-001874,PRD-1059,3,440.00,1320.00
SALE-001874,PRD-1055,1,120.00,120.00
SALE-001875,PRD-1084,1,35.00,35.00
SALE-001875,PRD-1102,1,30.00,30.00
SALE-001875,PRD-1086,2,95.00,190.00
SALE-001875,PRD-1101,2,45.00,90.00
SALE-001876,PRD-1115,1,130.00,130.00
SALE-001876,PRD-1105,1,1365.00,1365.00
SALE-001876,PRD-1118,1,25.00,25.00
SALE-001877,PRD-1116,1,165.00,165.00
SALE-001878,PRD-1215,2,50.00,100.00
SALE-001878,PRD-1212,3,15.00,45.00
SALE-001879,PRD-1221,1,25.00,25.00
SALE-001880,PRD-1240,1,30.00,30.00
SALE-001881,PRD-1233,1,440.00,440.00
SALE-001881,PRD-1240,1,30.00,30.00
SALE-001882,PRD-1255,1,20.00,20.00
SALE-001883,PRD-0014,1,25.00,25.00
SALE-001884,PRD-0027,2,35.00,70.00
SALE-001885,PRD-0013,1,30.00,30.00
SALE-001885,PRD-0010,1,190.00,190.00
SALE-001886,PRD-0061,2,5.00,10.00
SALE-001887,PRD-0146,1,105.00,105.00
SALE-001887,PRD-0149,1,90.00,90.00
SALE-001887,PRD-0129,1,440.00,440.00
SALE-001888,PRD-0213,2,45.00,90.00
SALE-001888,PRD-0224,3,35.00,105.00
SALE-001888,PRD-0217,2,18.00,36.00
SALE-001888,PRD-0219,3,25.00,75.00
SALE-001889,PRD-0269,2,105.00,210.00
SALE-001890,PRD-0278,2,38.00,76.00
SALE-001890,PRD-0291,1,25.00,25.00
SALE-001891,PRD-0294,2,50.00,100.00
SALE-001891,PRD-0278,1,38.00,38.00
SALE-001892,PRD-0306,1,150.00,150.00
SALE-001892,PRD-0322,3,95.00,285.00
SALE-001892,PRD-0310,2,30.00,60.00
SALE-001892,PRD-0307,1,190.00,190.00
SALE-001893,PRD-0313,1,32.00,32.00
SALE-001893,PRD-0310,1,30.00,30.00
SALE-001893,PRD-0301,1,135.00,135.00
SALE-001894,PRD-0332,1,105.00,105.00
SALE-001895,PRD-0369,1,18.00,18.00
SALE-001895,PRD-0354,2,60.00,120.00
SALE-001895,PRD-0353,1,50.00,50.00
SALE-001896,PRD-0386,3,149.00,447.00
SALE-001896,PRD-0377,2,199.00,398.00
SALE-001897,PRD-0408,2,190.00,380.00
SALE-001897,PRD-0399,2,1300.00,2600.00
SALE-001897,PRD-0404,1,465.00,465.00
SALE-001898,PRD-0408,1,190.00,190.00
SALE-001898,PRD-0414,2,32.00,64.00
SALE-001898,PRD-0401,3,165.00,495.00
SALE-001898,PRD-0407,2,150.00,300.00
SALE-001899,PRD-0428,1,28.00,28.00
SALE-001900,PRD-0429,2,35.00,70.00
SALE-001900,PRD-0444,1,650.00,650.00
SALE-001901,PRD-0489,3,15.00,45.00
SALE-001902,PRD-0508,2,12.00,24.00
SALE-001903,PRD-0556,3,440.00,1320.00
SALE-001903,PRD-0553,1,165.00,165.00
SALE-001903,PRD-0572,1,38.00,38.00
SALE-001903,PRD-0575,1,95.00,95.00
SALE-001904,PRD-0575,2,95.00,190.00
SALE-001904,PRD-0574,2,25.00,50.00
SALE-001904,PRD-0567,2,40.00,80.00
SALE-001904,PRD-0565,1,15.00,15.00
SALE-001905,PRD-0576,2,90.00,180.00
SALE-001906,PRD-0588,2,40.00,80.00
SALE-001906,PRD-0591,2,62.00,124.00
SALE-001906,PRD-0600,1,30.00,30.00
SALE-001906,PRD-0595,1,25.00,25.00
SALE-001907,PRD-0594,1,20.00,20.00
SALE-001907,PRD-0586,1,16.00,16.00
SALE-001907,PRD-0582,2,38.00,76.00
SALE-001908,PRD-0604,16,20.00,320.00
SALE-001909,PRD-0655,1,195.00,195.00
SALE-001909,PRD-0643,2,40.00,80.00
SALE-001910,PRD-0646,1,38.00,38.00
SALE-001910,PRD-0631,1,100.00,100.00
SALE-001910,PRD-0654,1,20.00,20.00
SALE-001911,PRD-0697,2,650.00,1300.00
SALE-001911,PRD-0688,2,145.00,290.00
SALE-001911,PRD-0694,1,150.00,150.00
SALE-001911,PRD-0682,1,35.00,35.00
SALE-001912,PRD-0685,3,60.00,180.00
SALE-001912,PRD-0682,1,35.00,35.00
SALE-001912,PRD-0686,2,340.00,680.00
SALE-001913,PRD-0699,1,45.00,45.00
SALE-001913,PRD-0681,3,28.00,84.00
SALE-001913,PRD-0695,1,20.00,20.00
SALE-001913,PRD-0683,1,38.00,38.00
SALE-001914,PRD-0709,1,299.00,299.00
SALE-001914,PRD-0708,1,899.00,899.00
SALE-001914,PRD-0713,1,199.00,199.00
SALE-001915,PRD-0718,2,99.00,198.00
SALE-001915,PRD-0706,2,599.00,1198.00
SALE-001915,PRD-0717,1,449.00,449.00
SALE-001915,PRD-0719,2,149.00,298.00
SALE-001916,PRD-0730,2,440.00,880.00
SALE-001916,PRD-0732,2,25.00,50.00
SALE-001917,PRD-0813,2,340.00,680.00
SALE-001918,PRD-0817,1,50.00,50.00
SALE-001918,PRD-0808,1,28.00,28.00
SALE-001919,PRD-0866,2,1199.00,2398.00
SALE-001919,PRD-0871,1,160.00,160.00
SALE-001920,PRD-0886,2,190.00,380.00
SALE-001921,PRD-0885,1,150.00,150.00
SALE-001921,PRD-0895,2,45.00,90.00
SALE-001922,PRD-0925,2,40.00,80.00
SALE-001923,PRD-0907,7,210.00,1470.00
SALE-001923,PRD-0909,4,95.00,380.00
SALE-001924,PRD-0908,2,20.00,40.00
SALE-001924,PRD-0923,3,99.00,297.00
SALE-001924,PRD-0926,2,280.00,560.00
SALE-001925,PRD-0946,2,25.00,50.00
SALE-001925,PRD-0934,1,95.00,95.00
SALE-001925,PRD-0949,1,45.00,45.00
SALE-001926,PRD-0972,3,40.00,120.00
SALE-001926,PRD-0964,1,165.00,165.00
SALE-001927,PRD-0979,1,35.00,35.00
SALE-001927,PRD-0974,1,38.00,38.00
SALE-001927,PRD-0959,3,46.00,138.00
SALE-001927,PRD-0980,2,20.00,40.00
SALE-001928,PRD-0983,1,50.00,50.00
SALE-001929,PRD-0997,2,35.00,70.00
SALE-001930,PRD-1015,2,999.00,1998.00
SALE-001930,PRD-1016,2,149.00,298.00
SALE-001930,PRD-1013,1,299.00,299.00
SALE-001931,PRD-1052,3,25.00,75.00
SALE-001932,PRD-1031,14,20.00,280.00
SALE-001933,PRD-1145,1,30.00,30.00
SALE-001933,PRD-1149,2,35.00,70.00
SALE-001934,PRD-1173,1,449.00,449.00
SALE-001934,PRD-1169,1,199.00,199.00
SALE-001935,PRD-1187,2,780.00,1560.00
SALE-001936,PRD-1238,2,130.00,260.00
SALE-001937,PRD-0026,2,90.00,180.00
SALE-001938,PRD-0009,2,150.00,300.00
SALE-001938,PRD-0028,1,20.00,20.00
SALE-001938,PRD-0024,1,25.00,25.00
SALE-001939,PRD-0005,1,100.00,100.00
SALE-001940,PRD-0035,1,105.00,105.00
SALE-001940,PRD-0038,2,1200.00,2400.00
SALE-001940,PRD-0047,3,99.00,297.00
SALE-001940,PRD-0036,1,780.00,780.00
SALE-001941,PRD-0074,3,25.00,75.00
SALE-001941,PRD-0066,3,30.00,90.00
SALE-001942,PRD-0111,1,149.00,149.00
SALE-001943,PRD-0106,1,349.00,349.00
SALE-001943,PRD-0117,2,99.00,198.00
SALE-001944,PRD-0138,1,15.00,15.00
SALE-001944,PRD-0130,3,46.00,138.00
SALE-001944,PRD-0131,1,25.00,25.00
SALE-001944,PRD-0143,1,38.00,38.00
SALE-001945,PRD-0147,1,25.00,25.00
SALE-001945,PRD-0129,1,440.00,440.00
SALE-001945,PRD-0145,1,38.00,38.00
SALE-001945,PRD-0141,1,18.00,18.00
SALE-001946,PRD-0154,1,35.00,35.00
SALE-001947,PRD-0167,1,20.00,20.00
SALE-001947,PRD-0155,2,38.00,76.00
SALE-001948,PRD-0198,1,27.00,27.00
SALE-001948,PRD-0187,1,12.00,12.00
SALE-001948,PRD-0193,1,1650.00,1650.00
SALE-001948,PRD-0175,18,410.00,7380.00
SALE-001949,PRD-0209,2,15.00,30.00
SALE-001949,PRD-0207,1,6.00,6.00
SALE-001950,PRD-0220,2,31.00,62.00
SALE-001951,PRD-0244,1,1049.00,1049.00
SALE-001952,PRD-0258,3,165.00,495.00
SALE-001952,PRD-0257,2,130.00,260.00
SALE-001952,PRD-0261,3,15.00,45.00
SALE-001953,PRD-0260,1,25.00,25.00
SALE-001954,PRD-0259,3,30.00,90.00
SALE-001954,PRD-0254,3,25.00,75.00
SALE-001954,PRD-0263,1,40.00,40.00
SALE-001955,PRD-0355,2,70.00,140.00
SALE-001955,PRD-0359,2,6.00,12.00
SALE-001956,PRD-0380,2,599.00,1198.00
SALE-001957,PRD-0422,1,25.00,25.00
SALE-001958,PRD-0404,2,465.00,930.00
SALE-001959,PRD-0436,2,40.00,80.00
SALE-001959,PRD-0442,1,20.00,20.00
SALE-001960,PRD-0452,1,20.00,20.00
SALE-001960,PRD-0463,2,60.00,120.00
SALE-001960,PRD-0458,1,1200.00,1200.00
SALE-001961,PRD-0480,3,440.00,1320.00
SALE-001962,PRD-0552,2,120.00,240.00
SALE-001963,PRD-0572,3,38.00,114.00
SALE-001964,PRD-0600,1,30.00,30.00
SALE-001964,PRD-0584,1,60.00,60.00
SALE-001964,PRD-0580,1,28.00,28.00
SALE-001965,PRD-0597,1,90.00,90.00
SALE-001965,PRD-0599,2,30.00,60.00
SALE-001965,PRD-0580,1,28.00,28.00
SALE-001965,PRD-0598,3,45.00,135.00
SALE-001966,PRD-0623,1,190.00,190.00
SALE-001967,PRD-0620,3,1650.00,4950.00
SALE-001967,PRD-0624,1,130.00,130.00
SALE-001967,PRD-0603,3,210.00,630.00
SALE-001968,PRD-0647,1,37.00,37.00
SALE-001969,PRD-0635,2,150.00,300.00
SALE-001969,PRD-0650,2,25.00,50.00
SALE-001969,PRD-0638,2,165.00,330.00
SALE-001970,PRD-0629,2,165.00,330.00
SALE-001970,PRD-0637,1,130.00,130.00
SALE-001970,PRD-0645,1,45.00,45.00
SALE-001971,PRD-0675,1,25.00,25.00
SALE-001971,PRD-0670,1,10.00,10.00
SALE-001971,PRD-0664,2,130.00,260.00
SALE-001971,PRD-0657,3,50.00,150.00
SALE-001972,PRD-0695,1,20.00,20.00
SALE-001972,PRD-0691,1,35.00,35.00
SALE-001973,PRD-0692,2,60.00,120.00
SALE-001974,PRD-0689,1,40.00,40.00
SALE-001974,PRD-0686,2,340.00,680.00
SALE-001974,PRD-0699,2,45.00,90.00
SALE-001974,PRD-0681,1,28.00,28.00
SALE-001975,PRD-0753,3,195.00,585.00
SALE-001975,PRD-0738,3,25.00,75.00
SALE-001975,PRD-0732,2,25.00,50.00
SALE-001976,PRD-0773,1,40.00,40.00
SALE-001976,PRD-0755,4,210.00,840.00
SALE-001976,PRD-0759,12,105.00,1260.00
SALE-001976,PRD-0766,2,12.00,24.00
SALE-001977,PRD-0787,1,150.00,150.00
SALE-001977,PRD-0800,1,38.00,38.00
SALE-001978,PRD-0780,1,120.00,120.00
SALE-001979,PRD-0827,1,30.00,30.00
SALE-001979,PRD-0823,2,26.00,52.00
SALE-001980,PRD-0847,1,18.00,18.00
SALE-001980,PRD-0840,3,25.00,75.00
SALE-001980,PRD-0845,2,35.00,70.00
SALE-001981,PRD-0872,2,160.00,320.00
SALE-001981,PRD-0865,1,199.00,199.00
SALE-001982,PRD-0893,3,40.00,120.00
SALE-001982,PRD-0883,2,46.00,92.00
SALE-001982,PRD-0878,1,120.00,120.00
SALE-001983,PRD-0877,2,1300.00,2600.00
SALE-001983,PRD-0879,1,165.00,165.00
SALE-001983,PRD-0885,2,150.00,300.00
SALE-001983,PRD-0898,1,38.00,38.00
SALE-001984,PRD-0921,1,240.00,240.00
SALE-001984,PRD-0909,2,95.00,190.00
SALE-001984,PRD-0908,2,20.00,40.00
SALE-001984,PRD-0918,1,12.00,12.00
SALE-001985,PRD-0917,2,160.00,320.00
SALE-001986,PRD-0918,2,12.00,24.00
SALE-001987,PRD-0977,2,95.00,190.00
SALE-001987,PRD-0976,1,26.00,26.00
SALE-001987,PRD-0974,1,38.00,38.00
SALE-001987,PRD-0972,2,40.00,80.00
SALE-001988,PRD-0963,1,130.00,130.00
SALE-001988,PRD-0964,3,165.00,495.00
SALE-001989,PRD-0999,3,18.00,54.00
SALE-001989,PRD-0987,1,50.00,50.00
SALE-001989,PRD-0988,2,5.00,10.00
SALE-001990,PRD-1029,1,410.00,410.00
SALE-001990,PRD-1051,2,130.00,260.00
SALE-001990,PRD-1032,2,95.00,190.00
SALE-001990,PRD-1047,3,1650.00,4950.00
SALE-001991,PRD-1068,2,15.00,30.00
SALE-001992,PRD-1104,2,120.00,240.00
SALE-001992,PRD-1091,1,40.00,40.00
SALE-001992,PRD-1103,1,30.00,30.00
SALE-001992,PRD-1083,2,28.00,56.00
SALE-001993,PRD-1093,2,35.00,70.00
SALE-001993,PRD-1101,1,45.00,45.00
SALE-001993,PRD-1084,1,35.00,35.00
SALE-001993,PRD-1088,1,340.00,340.00
SALE-001994,PRD-1083,3,28.00,84.00
SALE-001994,PRD-1089,1,15.00,15.00
SALE-001995,PRD-1130,1,90.00,90.00
SALE-001996,PRD-1120,1,32.00,32.00
SALE-001996,PRD-1126,2,38.00,76.00
SALE-001997,PRD-1148,1,10.00,10.00
SALE-001997,PRD-1146,2,60.00,120.00
SALE-001997,PRD-1137,1,70.00,70.00
SALE-001997,PRD-1144,1,25.00,25.00
SALE-001998,PRD-1161,1,149.00,149.00
SALE-001998,PRD-1159,1,199.00,199.00
SALE-001999,PRD-1215,2,50.00,100.00
SALE-002000,PRD-1235,1,25.00,25.00
SALE-002000,PRD-1240,1,30.00,30.00
SALE-002000,PRD-1242,1,15.00,15.00
SALE-002001,PRD-0023,1,105.00,105.00
SALE-002002,PRD-0002,1,120.00,120.00
SALE-002003,PRD-0057,2,60.00,120.00
SALE-002004,PRD-0084,1,60.00,60.00
SALE-002004,PRD-0086,1,15.00,15.00
SALE-002005,PRD-0162,1,50.00,50.00
SALE-002005,PRD-0156,1,95.00,95.00
SALE-002006,PRD-0171,1,45.00,45.00
SALE-002006,PRD-0163,1,35.00,35.00
SALE-002007,PRD-0185,3,65.00,195.00
SALE-002007,PRD-0191,3,20.00,60.00
SALE-002008,PRD-0208,1,130.00,130.00
SALE-002008,PRD-0200,2,280.00,560.00
SALE-002008,PRD-0203,3,70.00,210.00
SALE-002008,PRD-0205,2,54.00,108.00
SALE-002009,PRD-0259,2,30.00,60.00
SALE-002009,PRD-0268,1,38.00,38.00
SALE-002009,PRD-0249,1,165.00,165.00
SALE-002010,PRD-0290,2,20.00,40.00
SALE-002010,PRD-0288,2,90.00,180.00
SALE-002010,PRD-0277,1,35.00,35.00
SALE-002010,PRD-0276,1,28.00,28.00
SALE-002011,PRD-0320,3,105.00,315.00
SALE-002012,PRD-0348,3,190.00,570.00
SALE-002013,PRD-0333,2,780.00,1560.00
SALE-002013,PRD-0328,2,210.00,420.00
SALE-002014,PRD-0353,1,50.00,50.00
SALE-002014,PRD-0352,2,280.00,560.00
SALE-002014,PRD-0356,2,12.00,24.00
SALE-002014,PRD-0369,2,18.00,36.00
SALE-002015,PRD-0386,3,149.00,447.00
SALE-002016,PRD-0421,1,105.00,105.00
SALE-002016,PRD-0427,2,195.00,390.00
SALE-002017,PRD-0422,1,25.00,25.00
SALE-002017,PRD-0399,2,1300.00,2600.00
SALE-002018,PRD-0443,3,25.00,75.00
SALE-002018,PRD-0434,3,15.00,45.00
SALE-002018,PRD-0442,2,20.00,40.00
SALE-002018,PRD-0448,3,30.00,90.00
SALE-002019,PRD-0490,1,32.00,32.00
SALE-002019,PRD-0489,2,15.00,30.00
SALE-002019,PRD-0497,1,105.00,105.00
SALE-002020,PRD-0487,2,30.00,60.00
SALE-002021,PRD-0520,3,120.00,360.00
SALE-002021,PRD-0505,2,50.00,100.00
SALE-002022,PRD-0513,2,15.00,30.00
SALE-002023,PRD-0532,2,599.00,1198.00
SALE-002023,PRD-0534,1,899.00,899.00
SALE-002024,PRD-0559,1,150.00,150.00
SALE-002025,PRD-0581,1,35.00,35.00
SALE-002025,PRD-0580,2,28.00,56.00
SALE-002025,PRD-0588,2,40.00,80.00
SALE-002026,PRD-0581,2,35.00,70.00
SALE-002026,PRD-0588,1,40.00,40.00
SALE-002027,PRD-0608,2,780.00,1560.00
SALE-002028,PRD-0641,1,15.00,15.00
SALE-002028,PRD-0646,1,38.00,38.00
SALE-002028,PRD-0631,1,100.00,100.00
SALE-002029,PRD-0630,2,135.00,270.00
SALE-002030,PRD-0667,1,30.00,30.00
SALE-002031,PRD-0694,1,150.00,150.00
SALE-002031,PRD-0689,1,40.00,40.00
SALE-002031,PRD-0683,2,38.00,76.00
SALE-002031,PRD-0685,3,60.00,180.00
SALE-002032,PRD-0701,1,30.00,30.00
SALE-002032,PRD-0683,1,38.00,38.00
SALE-002032,PRD-0689,2,40.00,80.00
SALE-002033,PRD-0686,1,340.00,340.00
SALE-002033,PRD-0688,1,145.00,145.00
SALE-002033,PRD-0690,2,50.00,100.00
SALE-002033,PRD-0682,1,35.00,35.00
SALE-002034,PRD-0709,3,299.00,897.00
SALE-002034,PRD-0715,1,349.00,349.00
SALE-002035,PRD-0726,1,120.00,120.00
SALE-002036,PRD-0750,2,90.00,180.00
SALE-002036,PRD-0726,1,120.00,120.00
SALE-002036,PRD-0741,1,40.00,40.00
SALE-002037,PRD-0789,2,130.00,260.00
SALE-002037,PRD-0787,1,150.00,150.00
SALE-002038,PRD-0791,2,30.00,60.00
SALE-002038,PRD-0803,1,95.00,95.00
SALE-002039,PRD-0784,3,440.00,1320.00
SALE-002039,PRD-0804,1,90.00,90.00
SALE-002040,PRD-0812,2,60.00,120.00
SALE-002041,PRD-0816,3,40.00,120.00
SALE-002042,PRD-0822,3,20.00,60.00
SALE-002043,PRD-0862,3,1299.00,3897.00
SALE-002043,PRD-0861,1,314.00,314.00
SALE-002044,PRD-0870,1,99.00,99.00
SALE-002044,PRD-0860,1,899.00,899.00
SALE-002045,PRD-0894,2,18.00,36.00
SALE-002045,PRD-0881,1,100.00,100.00
SALE-002045,PRD-0892,1,32.00,32.00
SALE-002046,PRD-0883,2,46.00,92.00
SALE-002047,PRD-0920,2,290.00,580.00
SALE-002047,PRD-0913,2,1750.00,3500.00
SALE-002047,PRD-0923,1,99.00,99.00
SALE-002047,PRD-0909,1,95.00,95.00
SALE-002048,PRD-0965,2,30.00,60.00
SALE-002049,PRD-1087,2,60.00,120.00
SALE-002050,PRD-1094,3,60.00,180.00
SALE-002051,PRD-1084,1,35.00,35.00
SALE-002051,PRD-1083,3,28.00,84.00
SALE-002051,PRD-1092,3,50.00,150.00
SALE-002052,PRD-1176,2,149.00,298.00
SALE-002052,PRD-1168,1,149.00,149.00
SALE-002053,PRD-1255,1,20.00,20.00
SALE-002053,PRD-1237,2,190.00,380.00
SALE-002053,PRD-1236,1,150.00,150.00
SALE-002054,PRD-1238,2,130.00,260.00
SALE-002054,PRD-1244,1,42.00,42.00
SALE-002055,PRD-0015,2,15.00,30.00
SALE-002055,PRD-0026,3,90.00,270.00
SALE-002056,PRD-0024,3,25.00,75.00
SALE-002056,PRD-0013,1,30.00,30.00
SALE-002056,PRD-0004,1,135.00,135.00
SALE-002056,PRD-0002,1,120.00,120.00
SALE-002057,PRD-0024,3,25.00,75.00
SALE-002057,PRD-0001,2,1300.00,2600.00
SALE-002058,PRD-0069,2,10.00,20.00
SALE-002058,PRD-0067,2,60.00,120.00
SALE-002059,PRD-0081,2,35.00,70.00
SALE-002059,PRD-0089,2,50.00,100.00
SALE-002059,PRD-0080,1,28.00,28.00
SALE-002059,PRD-0095,2,25.00,50.00
SALE-002060,PRD-0119,2,149.00,298.00
SALE-002060,PRD-0106,3,349.00,1047.00
SALE-002060,PRD-0112,1,199.00,199.00
SALE-002060,PRD-0105,1,599.00,599.00
SALE-002061,PRD-0109,1,1299.00,1299.00
SALE-002061,PRD-0111,1,149.00,149.00
SALE-002061,PRD-0104,1,149.00,149.00
SALE-002061,PRD-0102,1,199.00,199.00
SALE-002062,PRD-0156,2,95.00,190.00
SALE-002062,PRD-0162,1,50.00,50.00
SALE-002062,PRD-0163,1,35.00,35.00
SALE-002063,PRD-0161,1,40.00,40.00
SALE-002064,PRD-0156,1,95.00,95.00
SALE-002064,PRD-0157,1,60.00,60.00
SALE-002064,PRD-0167,2,20.00,40.00
SALE-002065,PRD-0202,1,60.00,60.00
SALE-002065,PRD-0213,3,45.00,135.00
SALE-002066,PRD-0266,1,38.00,38.00
SALE-002066,PRD-0247,3,1300.00,3900.00
SALE-002067,PRD-0270,2,25.00,50.00
SALE-002067,PRD-0259,2,30.00,60.00
SALE-002068,PRD-0251,1,100.00,100.00
SALE-002068,PRD-0261,2,15.00,30.00
SALE-002068,PRD-0259,1,30.00,30.00
SALE-002068,PRD-0250,2,135.00,270.00
SALE-002069,PRD-0280,1,60.00,60.00
SALE-002069,PRD-0277,2,35.00,70.00
SALE-002069,PRD-0291,3,25.00,75.00
SALE-002069,PRD-0276,1,28.00,28.00
SALE-002070,PRD-0320,1,105.00,105.00
SALE-002070,PRD-0303,1,440.00,440.00
SALE-002070,PRD-0326,2,195.00,390.00
SALE-002071,PRD-0347,1,280.00,280.00
SALE-002071,PRD-0342,2,240.00,480.00
SALE-002071,PRD-0327,1,410.00,410.00
SALE-002072,PRD-0411,2,30.00,60.00
SALE-002073,PRD-0443,2,25.00,50.00
SALE-002073,PRD-0429,2,35.00,70.00
SALE-002073,PRD-0442,2,20.00,40.00
SALE-002073,PRD-0431,1,98.00,98.00
SALE-002074,PRD-0436,1,40.00,40.00
SALE-002074,PRD-0430,1,38.00,38.00
SALE-002074,PRD-0429,2,35.00,70.00
SALE-002074,PRD-0431,1,98.00,98.00
SALE-002075,PRD-0428,3,28.00,84.00
SALE-002076,PRD-0466,1,20.00,20.00
SALE-002077,PRD-0467,2,99.00,198.00
SALE-002077,PRD-0474,1,150.00,150.00
SALE-002078,PRD-0499,2,95.00,190.00
SALE-002078,PRD-0488,2,25.00,50.00
SALE-002078,PRD-0487,2,30.00,60.00
SALE-002079,PRD-0480,2,440.00,880.00
SALE-002080,PRD-0489,3,15.00,45.00
SALE-002081,PRD-0483,1,150.00,150.00
SALE-002081,PRD-0488,1,25.00,25.00
SALE-002082,PRD-0524,2,30.00,60.00
SALE-002082,PRD-0504,3,280.00,840.00
SALE-002082,PRD-0527,2,80.00,160.00
SALE-002083,PRD-0553,1,165.00,165.00
SALE-002083,PRD-0579,3,195.00,585.00
SALE-002083,PRD-0565,2,15.00,30.00
SALE-002084,PRD-0555,1,100.00,100.00
SALE-002084,PRD-0553,1,165.00,165.00
SALE-002084,PRD-0564,2,25.00,50.00
SALE-002085,PRD-0562,2,165.00,330.00
SALE-002085,PRD-0565,3,15.00,45.00
SALE-002085,PRD-0571,1,35.00,35.00
SALE-002085,PRD-0556,1,440.00,440.00
SALE-002086,PRD-0583,1,95.00,95.00
SALE-002086,PRD-0594,2,20.00,40.00
SALE-002087,PRD-0622,1,280.00,280.00
SALE-002087,PRD-0612,3,65.00,195.00
SALE-002087,PRD-0620,3,1650.00,4950.00
SALE-002088,PRD-0652,1,90.00,90.00
SALE-002089,PRD-0648,1,38.00,38.00
SALE-002090,PRD-0680,2,35.00,70.00
SALE-002090,PRD-0665,1,15.00,15.00
SALE-002090,PRD-0661,1,50.00,50.00
SALE-002090,PRD-0657,1,50.00,50.00
SALE-002091,PRD-0690,1,50.00,50.00
SALE-002091,PRD-0689,1,40.00,40.00
SALE-002091,PRD-0681,2,28.00,56.00
SALE-002092,PRD-0689,1,40.00,40.00
SALE-002092,PRD-0681,3,28.00,84.00
SALE-002093,PRD-0698,2,90.00,180.00
SALE-002093,PRD-0692,2,60.00,120.00
SALE-002094,PRD-0762,3,1200.00,3600.00
SALE-002094,PRD-0766,2,12.00,24.00
SALE-002095,PRD-0781,3,165.00,495.00
SALE-002096,PRD-0782,1,135.00,135.00
SALE-002097,PRD-0816,2,40.00,80.00
SALE-002098,PRD-0826,2,45.00,90.00
SALE-002099,PRD-0816,3,40.00,120.00
SALE-002099,PRD-0808,1,28.00,28.00
SALE-002099,PRD-0823,1,26.00,26.00
SALE-002099,PRD-0828,2,30.00,60.00
SALE-002100,PRD-0840,1,25.00,25.00
SALE-002101,PRD-0871,3,160.00,480.00
SALE-002101,PRD-0857,1,149.00,149.00
SALE-002102,PRD-0866,1,1199.00,1199.00
SALE-002103,PRD-0856,2,299.00,598.00
SALE-002104,PRD-0898,1,38.00,38.00
SALE-002104,PRD-0879,1,165.00,165.00
SALE-002105,PRD-0889,2,30.00,60.00
SALE-002105,PRD-0895,1,45.00,45.00
SALE-002106,PRD-0923,1,99.00,99.00
SALE-002107,PRD-0945,2,20.00,40.00
SALE-002107,PRD-0941,1,35.00,35.00
SALE-002107,PRD-0949,1,45.00,45.00
SALE-002107,PRD-0932,1,35.00,35.00
SALE-002108,PRD-0931,2,28.00,56.00
SALE-002108,PRD-0943,1,90.00,90.00
SALE-002108,PRD-0949,1,45.00,45.00
SALE-002109,PRD-0965,1,30.00,30.00
SALE-002109,PRD-0964,1,165.00,165.00
SALE-002110,PRD-0959,2,46.00,92.00
SALE-002110,PRD-0954,1,120.00,120.00
SALE-002111,PRD-0988,2,5.00,10.00
SALE-002111,PRD-0999,1,18.00,18.00
SALE-002111,PRD-0989,3,6.00,18.00
SALE-002111,PRD-0992,1,25.00,25.00
SALE-002112,PRD-0982,1,280.00,280.00
SALE-002113,PRD-0996,1,10.00,10.00
SALE-002113,PRD-0992,1,25.00,25.00
SALE-002114,PRD-1030,1,210.00,210.00
SALE-002114,PRD-1052,3,25.00,75.00
SALE-002114,PRD-1035,2,780.00,1560.00
SALE-002115,PRD-1075,2,38.00,76.00
SALE-002115,PRD-1061,1,25.00,25.00
SALE-002115,PRD-1070,1,40.00,40.00
SALE-002115,PRD-1068,1,15.00,15.00
SALE-002116,PRD-1101,1,45.00,45.00
SALE-002116,PRD-1092,1,50.00,50.00
SALE-002116,PRD-1097,2,20.00,40.00
SALE-002117,PRD-1091,1,40.00,40.00
SALE-002117,PRD-1083,2,28.00,56.00
SALE-002117,PRD-1090,3,145.00,435.00
SALE-002117,PRD-1084,1,35.00,35.00
SALE-002118,PRD-1110,1,440.00,440.00
SALE-002119,PRD-1114,3,190.00,570.00
SALE-002119,PRD-1127,1,105.00,105.00
SALE-002120,PRD-1139,1,50.00,50.00
SALE-002120,PRD-1141,1,6.00,6.00
SALE-002120,PRD-1157,1,80.00,80.00
SALE-002121,PRD-1213,2,145.00,290.00
SALE-002122,PRD-1209,1,95.00,95.00
SALE-002123,PRD-1213,2,145.00,290.00
SALE-002123,PRD-1226,1,30.00,30.00
SALE-002123,PRD-1216,1,35.00,35.00
SALE-002123,PRD-1220,1,20.00,20.00
SALE-002124,PRD-1242,2,15.00,30.00
SALE-002124,PRD-1255,3,20.00,60.00
SALE-002124,PRD-1245,2,19.00,38.00
SALE-002124,PRD-1237,1,190.00,190.00
SALE-002125,PRD-1236,1,150.00,150.00
SALE-002126,PRD-0004,1,135.00,135.00
SALE-002127,PRD-0003,2,165.00,330.00
SALE-002127,PRD-0009,1,150.00,150.00
SALE-002128,PRD-0141,2,18.00,36.00
SALE-002128,PRD-0135,1,165.00,165.00
SALE-002128,PRD-0132,1,150.00,150.00
SALE-002129,PRD-0138,1,15.00,15.00
SALE-002129,PRD-0148,1,95.00,95.00
SALE-002130,PRD-0161,1,40.00,40.00
SALE-002131,PRD-0198,2,27.00,54.00
SALE-002131,PRD-0178,1,95.00,95.00
SALE-002131,PRD-0182,3,1750.00,5250.00
SALE-002131,PRD-0176,1,210.00,210.00
SALE-002132,PRD-0209,3,15.00,45.00
SALE-002132,PRD-0212,3,60.00,180.00
SALE-002133,PRD-0248,3,120.00,360.00
SALE-002134,PRD-0274,2,20.00,40.00
SALE-002134,PRD-0259,1,30.00,30.00
SALE-002135,PRD-0257,1,130.00,130.00
SALE-002136,PRD-0257,1,130.00,130.00
SALE-002137,PRD-0284,1,40.00,40.00
SALE-002137,PRD-0278,1,38.00,38.00
SALE-002138,PRD-0326,3,195.00,585.00
SALE-002139,PRD-0319,1,38.00,38.00
SALE-002139,PRD-0300,2,165.00,330.00
SALE-002140,PRD-0344,1,99.00,99.00
SALE-002140,PRD-0328,1,210.00,210.00
SALE-002141,PRD-0327,3,410.00,1230.00
SALE-002141,PRD-0339,1,12.00,12.00
SALE-002142,PRD-0407,2,150.00,300.00
SALE-002142,PRD-0404,2,465.00,930.00
SALE-002143,PRD-0427,2,195.00,390.00
SALE-002143,PRD-0409,1,130.00,130.00
SALE-002143,PRD-0417,3,45.00,135.00
SALE-002144,PRD-0446,1,45.00,45.00
SALE-002145,PRD-0452,1,20.00,20.00
SALE-002145,PRD-0461,3,160.00,480.00
SALE-002146,PRD-0458,1,1200.00,1200.00
SALE-002146,PRD-0470,2,280.00,560.00
SALE-002147,PRD-0478,1,135.00,135.00
SALE-002147,PRD-0495,1,35.00,35.00
SALE-002147,PRD-0493,1,45.00,45.00
SALE-002148,PRD-0494,3,38.00,114.00
SALE-002148,PRD-0487,1,30.00,30.00
SALE-002148,PRD-0486,3,165.00,495.00
SALE-002148,PRD-0485,2,130.00,260.00
SALE-002149,PRD-0499,1,95.00,95.00
SALE-002149,PRD-0497,2,105.00,210.00
SALE-002149,PRD-0478,1,135.00,135.00
SALE-002150,PRD-0492,1,18.00,18.00
SALE-002150,PRD-0481,2,46.00,92.00
SALE-002150,PRD-0487,2,30.00,60.00
SALE-002150,PRD-0500,2,90.00,180.00
SALE-002151,PRD-0510,1,5.00,5.00
SALE-002151,PRD-0514,2,25.00,50.00
SALE-002152,PRD-0577,3,35.00,105.00
SALE-002152,PRD-0573,2,105.00,210.00
SALE-002153,PRD-0564,1,25.00,25.00
SALE-002154,PRD-0598,1,45.00,45.00
SALE-002154,PRD-0599,2,30.00,60.00
SALE-002155,PRD-0610,1,1200.00,1200.00
SALE-002156,PRD-0622,2,280.00,560.00
SALE-002156,PRD-0604,2,20.00,40.00
SALE-002157,PRD-0634,2,25.00,50.00
SALE-002158,PRD-0683,1,38.00,38.00
SALE-002159,PRD-0683,2,38.00,76.00
SALE-002159,PRD-0681,2,28.00,56.00
SALE-002159,PRD-0685,1,60.00,60.00
SALE-002160,PRD-0685,1,60.00,60.00
SALE-002160,PRD-0690,1,50.00,50.00
SALE-002161,PRD-0688,1,145.00,145.00
SALE-002161,PRD-0700,1,32.00,32.00
SALE-002162,PRD-0713,1,199.00,199.00
SALE-002163,PRD-0713,1,199.00,199.00
SALE-002164,PRD-0736,2,175.00,350.00
SALE-002165,PRD-0727,3,165.00,495.00
SALE-002165,PRD-0739,2,15.00,30.00
SALE-002165,PRD-0738,1,25.00,25.00
SALE-002165,PRD-0747,1,105.00,105.00
SALE-002166,PRD-0802,2,25.00,50.00
SALE-002166,PRD-0801,2,110.00,220.00
SALE-002166,PRD-0790,1,165.00,165.00
SALE-002167,PRD-0781,1,165.00,165.00
SALE-002168,PRD-0800,1,38.00,38.00
SALE-002168,PRD-0793,1,15.00,15.00
SALE-002168,PRD-0802,1,25.00,25.00
SALE-002168,PRD-0798,2,38.00,76.00
SALE-002169,PRD-0818,1,35.00,35.00
SALE-002170,PRD-0841,1,30.00,30.00
SALE-002171,PRD-0865,1,199.00,199.00
SALE-002172,PRD-0878,1,120.00,120.00
SALE-002172,PRD-0883,1,46.00,46.00
SALE-002173,PRD-0878,1,120.00,120.00
SALE-002173,PRD-0883,3,46.00,138.00
SALE-002174,PRD-0878,2,120.00,240.00
SALE-002174,PRD-0890,2,25.00,50.00
SALE-002174,PRD-0903,2,35.00,70.00
SALE-002175,PRD-0921,4,240.00,960.00
SALE-002176,PRD-0915,1,390.00,390.00
SALE-002177,PRD-0911,5,105.00,525.00
SALE-002177,PRD-0928,1,130.00,130.00
SALE-002178,PRD-0972,2,40.00,80.00
SALE-002178,PRD-0955,3,165.00,495.00
SALE-002178,PRD-0959,1,46.00,46.00
SALE-002179,PRD-0958,1,440.00,440.00
SALE-002180,PRD-0956,3,135.00,405.00
SALE-002180,PRD-0967,2,15.00,30.00
SALE-002181,PRD-1002,2,30.00,60.00
SALE-002181,PRD-0991,1,15.00,15.00
SALE-002181,PRD-1000,1,250.00,250.00
SALE-002181,PRD-0992,2,25.00,50.00
SALE-002182,PRD-0992,1,25.00,25.00
SALE-002182,PRD-0991,1,15.00,15.00
SALE-002183,PRD-1070,1,40.00,40.00
SALE-002183,PRD-1068,1,15.00,15.00
SALE-002183,PRD-1055,2,120.00,240.00
SALE-002183,PRD-1072,1,45.00,45.00
SALE-002184,PRD-1073,2,38.00,76.00
SALE-002185,PRD-1123,1,45.00,45.00
SALE-002185,PRD-1111,2,46.00,92.00
SALE-002186,PRD-1134,1,280.00,280.00
SALE-002187,PRD-1144,1,25.00,25.00
SALE-002188,PRD-1175,1,149.00,149.00
SALE-002188,PRD-1163,2,349.00,698.00
SALE-002189,PRD-1219,2,150.00,300.00
SALE-002190,PRD-1225,1,30.00,30.00
SALE-002190,PRD-1220,1,20.00,20.00
SALE-002191,PRD-1250,2,105.00,210.00
SALE-002192,PRD-1237,1,190.00,190.00
SALE-002192,PRD-1244,3,42.00,126.00
SALE-002193,PRD-0011,1,130.00,130.00
SALE-002193,PRD-0015,2,15.00,30.00
SALE-002194,PRD-0015,1,15.00,15.00
SALE-002194,PRD-0017,2,40.00,80.00
SALE-002195,PRD-0030,7,410.00,2870.00
SALE-002195,PRD-0035,8,105.00,840.00
SALE-002195,PRD-0042,2,12.00,24.00
SALE-002195,PRD-0043,2,60.00,120.00
SALE-002196,PRD-0072,3,18.00,54.00
SALE-002196,PRD-0060,1,50.00,50.00
SALE-002196,PRD-0063,2,130.00,260.00
SALE-002196,PRD-0068,1,45.00,45.00
SALE-002197,PRD-0086,1,15.00,15.00
SALE-002197,PRD-0080,1,28.00,28.00
SALE-002198,PRD-0104,2,149.00,298.00
SALE-002198,PRD-0115,3,599.00,1797.00
SALE-002199,PRD-0143,3,38.00,114.00
SALE-002200,PRD-0138,1,15.00,15.00
SALE-002200,PRD-0131,1,25.00,25.00
SALE-002201,PRD-0217,3,18.00,54.00
SALE-002202,PRD-0250,1,135.00,135.00
SALE-002203,PRD-0304,2,46.00,92.00
SALE-002204,PRD-0311,1,25.00,25.00
SALE-002204,PRD-0300,1,165.00,165.00
SALE-002204,PRD-0309,1,165.00,165.00
SALE-002205,PRD-0327,2,410.00,820.00
SALE-002206,PRD-0343,3,20.00,60.00
SALE-002207,PRD-0369,1,18.00,18.00
SALE-002208,PRD-0378,1,299.00,299.00
SALE-002208,PRD-0394,1,149.00,149.00
SALE-002209,PRD-0397,3,249.00,747.00
SALE-002209,PRD-0377,3,199.00,597.00
SALE-002210,PRD-0414,3,32.00,96.00
SALE-002211,PRD-0405,3,46.00,138.00
SALE-002212,PRD-0428,2,28.00,56.00
SALE-002213,PRD-0430,1,38.00,38.00
SALE-002213,PRD-0440,3,90.00,270.00
SALE-002213,PRD-0442,2,20.00,40.00
SALE-002214,PRD-0458,2,1200.00,2400.00
SALE-002215,PRD-0484,2,190.00,380.00
SALE-002216,PRD-0504,1,280.00,280.00
SALE-002216,PRD-0508,1,12.00,12.00
SALE-002216,PRD-0511,2,6.00,12.00
SALE-002217,PRD-0513,1,15.00,15.00
SALE-002217,PRD-0505,1,50.00,50.00
SALE-002217,PRD-0517,3,45.00,135.00
SALE-002218,PRD-0551,1,1300.00,1300.00
SALE-002218,PRD-0557,1,46.00,46.00
SALE-002219,PRD-0557,3,46.00,138.00
SALE-002219,PRD-0561,1,130.00,130.00
SALE-002219,PRD-0563,2,30.00,60.00
SALE-002220,PRD-0599,1,30.00,30.00
SALE-002220,PRD-0582,3,38.00,114.00
SALE-002221,PRD-0624,1,130.00,130.00
SALE-002222,PRD-0628,1,120.00,120.00
SALE-002223,PRD-0658,1,60.00,60.00
SALE-002224,PRD-0670,3,10.00,30.00
SALE-002224,PRD-0659,1,70.00,70.00
SALE-002224,PRD-0678,2,45.00,90.00
SALE-002224,PRD-0673,1,18.00,18.00
SALE-002225,PRD-0687,1,15.00,15.00
SALE-002225,PRD-0682,1,35.00,35.00
SALE-002225,PRD-0692,1,60.00,60.00
SALE-002226,PRD-0689,1,40.00,40.00
SALE-002226,PRD-0681,2,28.00,56.00
SALE-002227,PRD-0702,1,120.00,120.00
SALE-002228,PRD-0712,1,149.00,149.00
SALE-002229,PRD-0776,2,130.00,260.00
SALE-002230,PRD-0807,1,195.00,195.00
SALE-002230,PRD-0806,2,21.00,42.00
SALE-002230,PRD-0786,2,25.00,50.00
SALE-002230,PRD-0791,3,30.00,90.00
SALE-002231,PRD-0810,1,38.00,38.00
SALE-002231,PRD-0817,1,50.00,50.00
SALE-002231,PRD-0816,3,40.00,120.00
SALE-002232,PRD-0855,2,199.00,398.00
SALE-002232,PRD-0865,1,199.00,199.00
SALE-002232,PRD-0858,2,599.00,1198.00
SALE-002232,PRD-0872,2,160.00,320.00
SALE-002233,PRD-0867,1,349.00,349.00
SALE-002233,PRD-0859,1,349.00,349.00
SALE-002234,PRD-0880,1,135.00,135.00
SALE-002234,PRD-0883,2,46.00,92.00
SALE-002235,PRD-0888,1,165.00,165.00
SALE-002236,PRD-0913,1,1750.00,1750.00
SALE-002236,PRD-0909,1,95.00,95.00
SALE-002237,PRD-0933,2,38.00,76.00
SALE-002237,PRD-0932,2,35.00,70.00
SALE-002238,PRD-0955,1,165.00,165.00
SALE-002238,PRD-0977,1,95.00,95.00
SALE-002238,PRD-0968,1,32.00,32.00
SALE-002238,PRD-0960,1,25.00,25.00
SALE-002239,PRD-0964,1,165.00,165.00
SALE-002239,PRD-0959,3,46.00,138.00
SALE-002240,PRD-1002,1,30.00,30.00
SALE-002241,PRD-0992,2,25.00,50.00
SALE-002241,PRD-1002,2,30.00,60.00
SALE-002241,PRD-0994,2,60.00,120.00
SALE-002241,PRD-0985,2,70.00,140.00
SALE-002242,PRD-1019,1,349.00,349.00
SALE-002242,PRD-1016,1,149.00,149.00
SALE-002243,PRD-1079,1,90.00,90.00
SALE-002244,PRD-1096,1,150.00,150.00
SALE-002245,PRD-1131,3,35.00,105.00
SALE-002245,PRD-1112,1,25.00,25.00
SALE-002246,PRD-1124,1,38.00,38.00
SALE-002246,PRD-1119,3,15.00,45.00
SALE-002247,PRD-1135,1,50.00,50.00
SALE-002247,PRD-1151,2,18.00,36.00
SALE-002247,PRD-1150,2,120.00,240.00
SALE-002248,PRD-1166,1,1299.00,1299.00
SALE-002248,PRD-1165,1,299.00,299.00
SALE-002249,PRD-1214,2,40.00,80.00
SALE-002249,PRD-1221,1,25.00,25.00
SALE-002249,PRD-1226,3,30.00,90.00
SALE-002250,PRD-1220,1,20.00,20.00
SALE-002250,PRD-1216,1,35.00,35.00
SALE-002251,PRD-1216,1,35.00,35.00
SALE-002251,PRD-1226,1,30.00,30.00
SALE-002251,PRD-1214,1,40.00,40.00
SALE-002252,PRD-1232,2,100.00,200.00
SALE-002252,PRD-1245,2,19.00,38.00
SALE-002253,PRD-0019,2,45.00,90.00
SALE-002253,PRD-0024,1,25.00,25.00
SALE-002254,PRD-0023,1,105.00,105.00
SALE-002254,PRD-0022,1,38.00,38.00
SALE-002255,PRD-0009,3,150.00,450.00
SALE-002256,PRD-0043,1,60.00,60.00
SALE-002256,PRD-0035,5,105.00,525.00
SALE-002256,PRD-0036,3,780.00,2340.00
SALE-002257,PRD-0070,1,35.00,35.00
SALE-002257,PRD-0059,2,12.00,24.00
SALE-002258,PRD-0081,2,35.00,70.00
SALE-002258,PRD-0080,1,28.00,28.00
SALE-002258,PRD-0084,2,60.00,120.00
SALE-002258,PRD-0095,2,25.00,50.00
SALE-002259,PRD-0144,2,38.00,76.00
SALE-002259,PRD-0152,2,195.00,390.00
SALE-002259,PRD-0131,2,25.00,50.00
SALE-002259,PRD-0128,1,100.00,100.00
SALE-002260,PRD-0153,1,28.00,28.00
SALE-002260,PRD-0162,1,50.00,50.00
SALE-002261,PRD-0157,1,60.00,60.00
SALE-002261,PRD-0171,1,45.00,45.00
SALE-002261,PRD-0155,3,38.00,114.00
SALE-002261,PRD-0165,1,90.00,90.00
SALE-002262,PRD-0154,1,35.00,35.00
SALE-002262,PRD-0156,1,95.00,95.00
SALE-002263,PRD-0178,2,95.00,190.00
SALE-002264,PRD-0224,1,35.00,35.00
SALE-002264,PRD-0220,3,31.00,93.00
SALE-002265,PRD-0207,2,6.00,12.00
SALE-002266,PRD-0254,3,25.00,75.00
SALE-002266,PRD-0257,1,130.00,130.00
SALE-002266,PRD-0268,3,38.00,114.00
SALE-002266,PRD-0262,2,32.00,64.00
SALE-002267,PRD-0263,1,40.00,40.00
SALE-002268,PRD-0283,1,145.00,145.00
SALE-002268,PRD-0293,2,90.00,180.00
SALE-002269,PRD-0300,1,165.00,165.00
SALE-002269,PRD-0306,1,150.00,150.00
SALE-002269,PRD-0321,1,25.00,25.00
SALE-002270,PRD-0306,1,150.00,150.00
SALE-002271,PRD-0410,1,165.00,165.00
SALE-002272,PRD-0417,1,45.00,45.00
SALE-002272,PRD-0406,3,25.00,75.00
SALE-002273,PRD-0448,1,30.00,30.00
SALE-002273,PRD-0442,2,20.00,40.00
SALE-002273,PRD-0430,3,38.00,114.00
SALE-002274,PRD-0431,2,98.00,196.00
SALE-002274,PRD-0435,1,145.00,145.00
SALE-002274,PRD-0432,1,60.00,60.00
SALE-002275,PRD-0467,2,99.00,198.00
SALE-002275,PRD-0452,7,20.00,140.00
SALE-002276,PRD-0465,1,240.00,240.00
SALE-002276,PRD-0469,2,40.00,80.00
SALE-002276,PRD-0462,1,12.00,12.00
SALE-002277,PRD-0462,1,12.00,12.00
SALE-002277,PRD-0467,1,99.00,99.00
SALE-002277,PRD-0466,2,20.00,40.00
SALE-002278,PRD-0476,1,120.00,120.00
SALE-002279,PRD-0483,1,150.00,150.00
SALE-002279,PRD-0481,2,46.00,92.00
SALE-002279,PRD-0499,2,95.00,190.00
SALE-002280,PRD-0525,3,20.00,60.00
SALE-002280,PRD-0516,1,60.00,60.00
SALE-002280,PRD-0507,1,70.00,70.00
SALE-002280,PRD-0511,3,6.00,18.00
SALE-002281,PRD-0580,2,28.00,56.00
SALE-002281,PRD-0582,1,38.00,38.00
SALE-002282,PRD-0638,2,165.00,330.00
SALE-002282,PRD-0649,1,105.00,105.00
SALE-002283,PRD-0650,2,25.00,50.00
SALE-002283,PRD-0647,1,37.00,37.00
SALE-002283,PRD-0646,1,38.00,38.00
SALE-002283,PRD-0639,1,30.00,30.00
SALE-002284,PRD-0635,3,150.00,450.00
SALE-002285,PRD-0665,1,15.00,15.00
SALE-002285,PRD-0666,1,25.00,25.00
SALE-002286,PRD-0681,1,28.00,28.00
SALE-002286,PRD-0687,1,15.00,15.00
SALE-002287,PRD-0712,1,149.00,149.00
SALE-002288,PRD-0737,2,30.00,60.00
SALE-002288,PRD-0732,3,25.00,75.00
SALE-002288,PRD-0736,2,175.00,350.00
SALE-002289,PRD-0792,1,25.00,25.00
SALE-002289,PRD-0801,1,110.00,110.00
SALE-002290,PRD-0785,1,46.00,46.00
SALE-002291,PRD-0849,3,25.00,75.00
SALE-002291,PRD-0833,1,70.00,70.00
SALE-002291,PRD-0854,2,35.00,70.00
SALE-002292,PRD-0862,3,1299.00,3897.00
SALE-002292,PRD-0858,1,599.00,599.00
SALE-002293,PRD-0898,1,38.00,38.00
SALE-002294,PRD-0888,1,165.00,165.00
SALE-002295,PRD-0900,1,25.00,25.00
SALE-002295,PRD-0905,3,195.00,585.00
SALE-002296,PRD-0906,1,410.00,410.00
SALE-002297,PRD-0922,1,20.00,20.00
SALE-002297,PRD-0918,3,12.00,36.00
SALE-002297,PRD-0916,1,65.00,65.00
SALE-002297,PRD-0930,2,150.00,300.00
SALE-002298,PRD-0907,2,210.00,420.00
SALE-002298,PRD-0920,2,290.00,580.00
SALE-002298,PRD-0908,2,20.00,40.00
SALE-002298,PRD-0923,1,99.00,99.00
SALE-002299,PRD-0931,1,28.00,28.00
SALE-002299,PRD-0933,2,38.00,76.00
SALE-002299,PRD-0937,2,15.00,30.00
SALE-002300,PRD-0932,1,35.00,35.00
SALE-002300,PRD-0942,2,60.00,120.00
SALE-002300,PRD-0934,1,95.00,95.00
SALE-002300,PRD-0952,1,120.00,120.00
SALE-002301,PRD-0961,2,150.00,300.00
SALE-002301,PRD-0975,2,105.00,210.00
SALE-002301,PRD-0963,1,130.00,130.00
SALE-002301,PRD-0969,2,40.00,80.00
SALE-002302,PRD-0998,2,120.00,240.00
SALE-002302,PRD-0983,1,50.00,50.00
SALE-002303,PRD-0983,2,50.00,100.00
SALE-002303,PRD-0986,2,12.00,24.00
SALE-002303,PRD-0998,1,120.00,120.00
SALE-002304,PRD-0986,1,12.00,12.00
SALE-002305,PRD-1039,1,65.00,65.00
SALE-002306,PRD-1079,1,90.00,90.00
SALE-002306,PRD-1069,2,32.00,64.00
SALE-002306,PRD-1054,1,1300.00,1300.00
SALE-002306,PRD-1077,2,25.00,50.00
SALE-002307,PRD-1091,2,40.00,80.00
SALE-002307,PRD-1099,2,650.00,1300.00
SALE-002308,PRD-1122,2,18.00,36.00
SALE-002309,PRD-1115,3,130.00,390.00
SALE-002309,PRD-1109,3,100.00,300.00
SALE-002309,PRD-1131,1,35.00,35.00
SALE-002309,PRD-1118,2,25.00,50.00
SALE-002310,PRD-1139,1,50.00,50.00
SALE-002310,PRD-1143,3,15.00,45.00
SALE-002311,PRD-1159,1,199.00,199.00
SALE-002312,PRD-1212,1,15.00,15.00
SALE-002312,PRD-1208,1,38.00,38.00
SALE-002313,PRD-1212,3,15.00,45.00
SALE-002313,PRD-1206,1,28.00,28.00
SALE-002314,PRD-1214,1,40.00,40.00
SALE-002314,PRD-1209,2,95.00,190.00
SALE-002315,PRD-1237,3,190.00,570.00
SALE-002316,PRD-1243,3,32.00,96.00
SALE-002316,PRD-1240,3,30.00,90.00
SALE-002316,PRD-1255,1,20.00,20.00
SALE-002317,PRD-1251,1,25.00,25.00
SALE-002318,PRD-0005,2,100.00,200.00
SALE-002318,PRD-0015,3,15.00,45.00
SALE-002318,PRD-0003,1,165.00,165.00
SALE-002318,PRD-0028,1,20.00,20.00
SALE-002319,PRD-0014,1,25.00,25.00
SALE-002320,PRD-0046,4,20.00,80.00
SALE-002321,PRD-0072,2,18.00,36.00
SALE-002322,PRD-0090,2,35.00,70.00
SALE-002322,PRD-0100,2,30.00,60.00
SALE-002322,PRD-0089,1,50.00,50.00
SALE-002323,PRD-0112,2,199.00,398.00
SALE-002323,PRD-0111,3,149.00,447.00
SALE-002323,PRD-0117,1,99.00,99.00
SALE-002324,PRD-0126,1,165.00,165.00
SALE-002324,PRD-0129,1,465.00,465.00
SALE-002325,PRD-0125,3,120.00,360.00
SALE-002325,PRD-0127,3,135.00,405.00
SALE-002326,PRD-0168,1,25.00,25.00
SALE-002326,PRD-0155,2,38.00,76.00
SALE-002327,PRD-0176,1,210.00,210.00
SALE-002327,PRD-0195,1,280.00,280.00
SALE-002328,PRD-0180,2,105.00,210.00
SALE-002328,PRD-0192,1,99.00,99.00
SALE-002329,PRD-0213,1,45.00,45.00
SALE-002330,PRD-0250,2,135.00,270.00
SALE-002330,PRD-0257,2,130.00,260.00
SALE-002331,PRD-0269,1,105.00,105.00
SALE-002332,PRD-0270,1,25.00,25.00
SALE-002332,PRD-0248,3,120.00,360.00
SALE-002332,PRD-0257,2,130.00,260.00
SALE-002333,PRD-0247,3,1300.00,3900.00
SALE-002333,PRD-0261,1,15.00,15.00
SALE-002333,PRD-0252,1,465.00,465.00
SALE-002334,PRD-0278,3,38.00,114.00
SALE-002335,PRD-0293,2,90.00,180.00
SALE-002336,PRD-0299,1,120.00,120.00
SALE-002336,PRD-0300,3,165.00,495.00
SALE-002337,PRD-0389,3,349.00,1047.00
SALE-002337,PRD-0387,2,199.00,398.00
SALE-002338,PRD-0391,1,449.00,449.00
SALE-002338,PRD-0396,1,999.00,999.00
SALE-002338,PRD-0398,3,99.00,297.00
SALE-002338,PRD-0387,2,199.00,398.00
SALE-002339,PRD-0427,2,195.00,390.00
SALE-002339,PRD-0404,1,465.00,465.00
SALE-002339,PRD-0401,1,165.00,165.00
SALE-002340,PRD-0399,1,1300.00,1300.00
SALE-002340,PRD-0425,1,35.00,35.00
SALE-002340,PRD-0427,3,195.00,585.00
SALE-002340,PRD-0408,2,190.00,380.00
SALE-002341,PRD-0446,1,45.00,45.00
SALE-002341,PRD-0447,1,30.00,30.00
SALE-002341,PRD-0428,1,28.00,28.00
SALE-002342,PRD-0429,1,35.00,35.00
SALE-002342,PRD-0436,2,40.00,80.00
SALE-002342,PRD-0432,1,60.00,60.00
SALE-002343,PRD-0435,2,145.00,290.00
SALE-002343,PRD-0434,2,15.00,30.00
SALE-002344,PRD-0484,1,190.00,190.00
SALE-002344,PRD-0502,1,20.00,20.00
SALE-002345,PRD-0479,2,100.00,200.00
SALE-002345,PRD-0475,1,1300.00,1300.00
SALE-002345,PRD-0483,2,150.00,300.00
SALE-002346,PRD-0480,1,440.00,440.00
SALE-002346,PRD-0484,2,190.00,380.00
SALE-002346,PRD-0481,1,46.00,46.00
SALE-002346,PRD-0498,1,25.00,25.00
SALE-002347,PRD-0501,3,35.00,105.00
SALE-002348,PRD-0511,1,6.00,6.00
SALE-002348,PRD-0513,1,15.00,15.00
SALE-002348,PRD-0515,3,30.00,90.00
SALE-002348,PRD-0510,3,5.00,15.00
SALE-002349,PRD-0563,1,30.00,30.00
SALE-002350,PRD-0565,2,15.00,30.00
SALE-002350,PRD-0576,1,90.00,90.00
SALE-002351,PRD-0594,1,20.00,20.00
SALE-002351,PRD-0595,2,25.00,50.00
SALE-002352,PRD-0590,2,35.00,70.00
SALE-002352,PRD-0584,3,60.00,180.00
SALE-002353,PRD-0608,2,780.00,1560.00
SALE-002353,PRD-0611,1,390.00,390.00
SALE-002354,PRD-0633,1,46.00,46.00
SALE-002354,PRD-0651,1,95.00,95.00
SALE-002354,PRD-0647,3,37.00,111.00
SALE-002354,PRD-0640,1,25.00,25.00
SALE-002355,PRD-0683,3,38.00,114.00
SALE-002356,PRD-0698,2,90.00,180.00
SALE-002357,PRD-0682,2,35.00,70.00
SALE-002357,PRD-0681,1,28.00,28.00
SALE-002357,PRD-0695,1,20.00,20.00
SALE-002357,PRD-0683,1,38.00,38.00
SALE-002358,PRD-0695,1,20.00,20.00
SALE-002358,PRD-0690,1,50.00,50.00
SALE-002359,PRD-0789,2,130.00,260.00
SALE-002360,PRD-0782,2,135.00,270.00
SALE-002360,PRD-0798,1,38.00,38.00
SALE-002360,PRD-0793,1,15.00,15.00
SALE-002360,PRD-0785,1,46.00,46.00
SALE-002361,PRD-0823,1,26.00,26.00
SALE-002361,PRD-0810,2,38.00,76.00
SALE-002362,PRD-0858,1,599.00,599.00
SALE-002362,PRD-0870,3,99.00,297.00
SALE-002362,PRD-0864,2,149.00,298.00
SALE-002363,PRD-0920,1,290.00,290.00
SALE-002363,PRD-0916,1,65.00,65.00
SALE-002363,PRD-0924,1,1650.00,1650.00
SALE-002364,PRD-0939,1,40.00,40.00
SALE-002365,PRD-0955,3,165.00,495.00
SALE-002365,PRD-0979,1,35.00,35.00
SALE-002366,PRD-0959,2,46.00,92.00
SALE-002366,PRD-0980,1,20.00,20.00
SALE-002366,PRD-0962,2,190.00,380.00
SALE-002366,PRD-0969,1,40.00,40.00
SALE-002367,PRD-0956,3,135.00,405.00
SALE-002367,PRD-0962,1,190.00,190.00
SALE-002368,PRD-0988,2,5.00,10.00
SALE-002369,PRD-1004,1,45.00,45.00
SALE-002369,PRD-0993,1,30.00,30.00
SALE-002369,PRD-0982,1,280.00,280.00
SALE-002369,PRD-0984,2,60.00,120.00
SALE-002370,PRD-0989,1,6.00,6.00
SALE-002370,PRD-0988,3,5.00,15.00
SALE-002371,PRD-1029,21,410.00,8610.00
SALE-002371,PRD-1034,4,105.00,420.00
SALE-002371,PRD-1032,4,95.00,380.00
SALE-002372,PRD-1060,3,46.00,138.00
SALE-002372,PRD-1062,3,150.00,450.00
SALE-002373,PRD-1101,1,45.00,45.00
SALE-002373,PRD-1086,1,95.00,95.00
SALE-002374,PRD-1121,3,40.00,120.00
SALE-002375,PRD-1106,1,130.00,130.00
SALE-002375,PRD-1133,2,205.00,410.00
SALE-002375,PRD-1115,1,130.00,130.00
SALE-002376,PRD-1136,2,60.00,120.00
SALE-002376,PRD-1147,2,45.00,90.00
SALE-002376,PRD-1134,3,280.00,840.00
SALE-002376,PRD-1141,2,6.00,12.00
SALE-002377,PRD-1146,1,60.00,60.00
SALE-002377,PRD-1157,1,80.00,80.00
SALE-002377,PRD-1138,1,12.00,12.00
SALE-002377,PRD-1145,2,30.00,60.00
SALE-002378,PRD-1169,2,199.00,398.00
SALE-002379,PRD-1166,1,1299.00,1299.00
SALE-002379,PRD-1162,1,599.00,599.00
SALE-002379,PRD-1171,1,349.00,349.00
SALE-002380,PRD-1222,2,650.00,1300.00
SALE-002380,PRD-1215,1,50.00,50.00
SALE-002380,PRD-1207,1,35.00,35.00
SALE-002381,PRD-1211,3,340.00,1020.00
SALE-002381,PRD-1217,2,60.00,120.00
SALE-002381,PRD-1208,1,38.00,38.00
SALE-002382,PRD-1239,1,165.00,165.00
SALE-002383,PRD-1233,1,440.00,440.00
SALE-002383,PRD-1240,2,30.00,60.00
SALE-002384,PRD-0034,1,130.00,130.00
SALE-002384,PRD-0033,1,95.00,95.00
SALE-002385,PRD-0067,2,60.00,120.00
SALE-002385,PRD-0072,1,18.00,18.00
SALE-002386,PRD-0087,1,145.00,145.00
SALE-002387,PRD-0089,2,50.00,100.00
SALE-002388,PRD-0117,2,99.00,198.00
SALE-002389,PRD-0125,1,120.00,120.00
SALE-002389,PRD-0136,2,30.00,60.00
SALE-002389,PRD-0152,1,195.00,195.00
SALE-002390,PRD-0127,2,135.00,270.00
SALE-002390,PRD-0139,2,35.00,70.00
SALE-002390,PRD-0140,1,40.00,40.00
SALE-002391,PRD-0203,1,70.00,70.00
SALE-002391,PRD-0219,3,25.00,75.00
SALE-002392,PRD-0223,1,80.00,80.00
SALE-002392,PRD-0203,1,70.00,70.00
SALE-002393,PRD-0228,2,599.00,1198.00
SALE-002393,PRD-0227,3,149.00,447.00
SALE-002394,PRD-0248,1,120.00,120.00
SALE-002394,PRD-0255,1,150.00,150.00
SALE-002394,PRD-0252,2,465.00,930.00
SALE-002395,PRD-0255,1,150.00,150.00
SALE-002395,PRD-0256,1,190.00,190.00
SALE-002396,PRD-0311,2,25.00,50.00
SALE-002397,PRD-0306,3,150.00,450.00
SALE-002398,PRD-0324,1,35.00,35.00
SALE-002399,PRD-0332,2,105.00,210.00
SALE-002399,PRD-0333,2,780.00,1560.00
SALE-002399,PRD-0336,3,390.00,1170.00
SALE-002399,PRD-0344,1,99.00,99.00
SALE-002400,PRD-0400,1,120.00,120.00
SALE-002400,PRD-0427,1,195.00,195.00
SALE-002400,PRD-0409,2,130.00,260.00
SALE-002400,PRD-0402,1,135.00,135.00
SALE-002401,PRD-0402,1,135.00,135.00
SALE-002402,PRD-0476,1,120.00,120.00
SALE-002402,PRD-0488,1,25.00,25.00
SALE-002403,PRD-0524,2,30.00,60.00
SALE-002404,PRD-0538,2,149.00,298.00
SALE-002404,PRD-0543,1,449.00,449.00
SALE-002405,PRD-0559,1,150.00,150.00
SALE-002406,PRD-0584,3,60.00,180.00
SALE-002407,PRD-0636,2,190.00,380.00
SALE-002408,PRD-0628,2,120.00,240.00
SALE-002408,PRD-0652,2,90.00,180.00
SALE-002408,PRD-0650,1,25.00,25.00
SALE-002408,PRD-0651,1,95.00,95.00
SALE-002409,PRD-0662,1,5.00,5.00
SALE-002410,PRD-0681,1,28.00,28.00
SALE-002410,PRD-0690,1,50.00,50.00
SALE-002411,PRD-0687,2,15.00,30.00
SALE-002411,PRD-0693,3,90.00,270.00
SALE-002412,PRD-0707,2,349.00,698.00
SALE-002413,PRD-0713,1,199.00,199.00
SALE-002413,PRD-0709,3,299.00,897.00
SALE-002413,PRD-0712,3,149.00,447.00
SALE-002414,PRD-0785,2,46.00,92.00
SALE-002414,PRD-0804,1,90.00,90.00
SALE-002415,PRD-0791,2,30.00,60.00
SALE-002415,PRD-0786,1,25.00,25.00
SALE-002416,PRD-0792,1,25.00,25.00
SALE-002417,PRD-0818,2,35.00,70.00
SALE-002417,PRD-0816,2,40.00,80.00
SALE-002417,PRD-0812,1,60.00,60.00
SALE-002417,PRD-0808,2,28.00,56.00
SALE-002418,PRD-0858,1,599.00,599.00
SALE-002418,PRD-0869,1,449.00,449.00
SALE-002418,PRD-0863,1,999.00,999.00
SALE-002419,PRD-0899,1,105.00,105.00
SALE-002419,PRD-0898,2,38.00,76.00
SALE-002419,PRD-0878,1,120.00,120.00
SALE-002420,PRD-0880,1,135.00,135.00
SALE-002420,PRD-0884,1,25.00,25.00
SALE-002421,PRD-0906,3,410.00,1230.00
SALE-002421,PRD-0926,1,280.00,280.00
SALE-002422,PRD-0967,2,15.00,30.00
SALE-002422,PRD-0977,3,95.00,285.00
SALE-002422,PRD-0963,1,130.00,130.00
SALE-002423,PRD-0978,2,90.00,180.00
SALE-002423,PRD-0955,1,165.00,165.00
SALE-002423,PRD-0976,2,26.00,52.00
SALE-002423,PRD-0960,1,25.00,25.00
SALE-002424,PRD-0998,3,120.00,360.00
SALE-002424,PRD-0997,1,35.00,35.00
SALE-002425,PRD-0992,2,25.00,50.00
SALE-002426,PRD-0989,2,6.00,12.00
SALE-002426,PRD-0997,2,35.00,70.00
SALE-002427,PRD-1039,1,65.00,65.00
SALE-002427,PRD-1037,1,1200.00,1200.00
SALE-002428,PRD-1058,3,100.00,300.00
SALE-002428,PRD-1075,3,38.00,114.00
SALE-002429,PRD-1074,2,35.00,70.00
SALE-002429,PRD-1060,1,46.00,46.00
SALE-002429,PRD-1069,2,32.00,64.00
SALE-002430,PRD-1091,1,40.00,40.00
SALE-002431,PRD-1120,2,32.00,64.00
SALE-002431,PRD-1119,3,15.00,45.00
SALE-002431,PRD-1111,2,46.00,92.00
SALE-002431,PRD-1124,2,38.00,76.00
SALE-002432,PRD-1117,3,30.00,90.00
SALE-002432,PRD-1115,1,130.00,130.00
SALE-002432,PRD-1123,1,45.00,45.00
SALE-002433,PRD-1135,3,50.00,150.00
SALE-002433,PRD-1157,2,80.00,160.00
SALE-002433,PRD-1143,1,15.00,15.00
SALE-002434,PRD-1167,2,999.00,1998.00
SALE-002434,PRD-1166,3,1299.00,3897.00
SALE-002435,PRD-1163,2,349.00,698.00
SALE-002435,PRD-1179,2,249.00,498.00
SALE-002436,PRD-1238,2,130.00,260.00
SALE-002436,PRD-1229,1,120.00,120.00
SALE-002436,PRD-1232,2,100.00,200.00
SALE-002436,PRD-1230,1,165.00,165.00
SALE-002437,PRD-1230,3,165.00,495.00
SALE-002437,PRD-1245,1,19.00,19.00
SALE-002438,PRD-0022,1,38.00,38.00
SALE-002438,PRD-0020,2,38.00,76.00
SALE-002438,PRD-0006,2,440.00,880.00
SALE-002438,PRD-0009,1,150.00,150.00
SALE-002439,PRD-0013,1,30.00,30.00
SALE-002439,PRD-0008,2,25.00,50.00
SALE-002440,PRD-0058,3,70.00,210.00
SALE-002440,PRD-0069,3,10.00,30.00
SALE-002441,PRD-0066,2,30.00,60.00
SALE-002441,PRD-0065,2,25.00,50.00
SALE-002441,PRD-0067,1,60.00,60.00
SALE-002441,PRD-0058,2,70.00,140.00
SALE-002442,PRD-0118,1,149.00,149.00
SALE-002442,PRD-0108,1,315.00,315.00
SALE-002443,PRD-0115,1,599.00,599.00
SALE-002444,PRD-0164,3,60.00,180.00
SALE-002444,PRD-0167,3,21.00,63.00
SALE-002444,PRD-0171,2,45.00,90.00
SALE-002444,PRD-0154,3,35.00,105.00
SALE-002445,PRD-0172,3,30.00,90.00
SALE-002445,PRD-0161,1,40.00,40.00
SALE-002446,PRD-0161,1,40.00,40.00
SALE-002446,PRD-0153,1,28.00,28.00
SALE-002447,PRD-0181,1,780.00,780.00
SALE-002447,PRD-0192,1,99.00,99.00
SALE-002447,PRD-0197,3,130.00,390.00
SALE-002448,PRD-0224,2,35.00,70.00
SALE-002449,PRD-0248,1,120.00,120.00
SALE-002449,PRD-0259,3,30.00,90.00
SALE-002450,PRD-0261,1,15.00,15.00
SALE-002450,PRD-0255,2,150.00,300.00
SALE-002450,PRD-0265,2,45.00,90.00
SALE-002450,PRD-0256,3,190.00,570.00
SALE-002451,PRD-0271,1,95.00,95.00
SALE-002451,PRD-0263,2,40.00,80.00
SALE-002452,PRD-0250,1,135.00,135.00
SALE-002452,PRD-0268,1,38.00,38.00
SALE-002452,PRD-0265,1,45.00,45.00
SALE-002452,PRD-0261,1,15.00,15.00
SALE-002453,PRD-0287,2,60.00,120.00
SALE-002453,PRD-0279,2,95.00,190.00
SALE-002453,PRD-0295,3,30.00,90.00
SALE-002454,PRD-0300,1,165.00,165.00
SALE-002455,PRD-0356,2,12.00,24.00
SALE-002455,PRD-0374,1,45.00,45.00
SALE-002455,PRD-0352,3,280.00,840.00
SALE-002455,PRD-0364,1,60.00,60.00
SALE-002456,PRD-0380,2,599.00,1198.00
SALE-002456,PRD-0384,1,1299.00,1299.00
SALE-002457,PRD-0408,1,190.00,190.00
SALE-002457,PRD-0407,1,150.00,150.00
SALE-002458,PRD-0427,2,195.00,390.00
SALE-002458,PRD-0404,2,465.00,930.00
SALE-002459,PRD-0411,2,30.00,60.00
SALE-002460,PRD-0431,1,98.00,98.00
SALE-002461,PRD-0461,2,160.00,320.00
SALE-002461,PRD-0452,12,20.00,240.00
SALE-002461,PRD-0450,6,410.00,2460.00
SALE-002461,PRD-0455,6,105.00,630.00
SALE-002462,PRD-0467,3,99.00,297.00
SALE-002462,PRD-0459,1,390.00,390.00
SALE-002463,PRD-0491,1,40.00,40.00
SALE-002463,PRD-0499,1,95.00,95.00
SALE-002463,PRD-0498,3,25.00,75.00
SALE-002463,PRD-0485,2,130.00,260.00
SALE-002464,PRD-0500,1,90.00,90.00
SALE-002465,PRD-0505,2,50.00,100.00
SALE-002466,PRD-0590,1,35.00,35.00
SALE-002466,PRD-0591,1,62.00,62.00
SALE-002467,PRD-0584,1,60.00,60.00
SALE-002468,PRD-0633,1,46.00,46.00
SALE-002469,PRD-0641,1,15.00,15.00
SALE-002470,PRD-0650,3,25.00,75.00
SALE-002470,PRD-0632,1,440.00,440.00
SALE-002471,PRD-0655,1,195.00,195.00
SALE-002471,PRD-0630,3,135.00,405.00
SALE-002472,PRD-0675,1,25.00,25.00
SALE-002472,PRD-0657,2,50.00,100.00
SALE-002472,PRD-0669,2,45.00,90.00
SALE-002472,PRD-0663,1,6.00,6.00
SALE-002473,PRD-0698,2,90.00,180.00
SALE-002473,PRD-0687,2,15.00,30.00
SALE-002474,PRD-0701,1,30.00,30.00
SALE-002474,PRD-0696,3,25.00,75.00
SALE-002475,PRD-0693,1,90.00,90.00
SALE-002475,PRD-0691,2,35.00,70.00
SALE-002476,PRD-0700,2,32.00,64.00
SALE-002477,PRD-0811,3,95.00,285.00
SALE-002478,PRD-0842,3,60.00,180.00
SALE-002478,PRD-0834,1,12.00,12.00
SALE-002478,PRD-0837,1,6.00,6.00
SALE-002479,PRD-0862,1,1299.00,1299.00
SALE-002480,PRD-0886,2,190.00,380.00
SALE-002481,PRD-0890,1,25.00,25.00
SALE-002481,PRD-0898,2,38.00,76.00
SALE-002482,PRD-0910,3,120.00,360.00
SALE-002483,PRD-0909,2,95.00,190.00
SALE-002483,PRD-0926,3,280.00,840.00
SALE-002484,PRD-0909,2,95.00,190.00
SALE-002484,PRD-0927,2,190.00,380.00
SALE-002484,PRD-0908,1,20.00,20.00
SALE-002485,PRD-0966,1,25.00,25.00
SALE-002485,PRD-0963,3,130.00,390.00
SALE-002486,PRD-0979,3,35.00,105.00
SALE-002486,PRD-0973,2,35.00,70.00
SALE-002487,PRD-0990,3,130.00,390.00
SALE-002487,PRD-0992,2,25.00,50.00
SALE-002487,PRD-0989,1,6.00,6.00
SALE-002487,PRD-0983,1,50.00,50.00
SALE-002488,PRD-0997,3,35.00,105.00
SALE-002488,PRD-0998,1,120.00,120.00
SALE-002489,PRD-1016,2,149.00,298.00
SALE-002489,PRD-1008,1,299.00,299.00
SALE-002490,PRD-1032,1,95.00,95.00
SALE-002491,PRD-1092,2,50.00,100.00
SALE-002491,PRD-1084,2,35.00,70.00
SALE-002491,PRD-1093,3,35.00,105.00
SALE-002491,PRD-1083,1,28.00,28.00
SALE-002492,PRD-1127,3,105.00,315.00
SALE-002492,PRD-1131,2,35.00,70.00
SALE-002492,PRD-1130,1,90.00,90.00
SALE-002492,PRD-1110,2,440.00,880.00
SALE-002493,PRD-1130,3,90.00,270.00
SALE-002493,PRD-1107,1,165.00,165.00
SALE-002493,PRD-1106,1,130.00,130.00
SALE-002494,PRD-1151,1,18.00,18.00
SALE-002494,PRD-1139,1,50.00,50.00
SALE-002494,PRD-1147,3,45.00,135.00
SALE-002494,PRD-1146,1,60.00,60.00
SALE-002495,PRD-1198,1,99.00,99.00
SALE-002495,PRD-1188,1,1750.00,1750.00
SALE-002495,PRD-1194,1,60.00,60.00
SALE-002496,PRD-1206,1,28.00,28.00
SALE-002497,PRD-1226,1,30.00,30.00
SALE-002497,PRD-1224,1,45.00,45.00
SALE-002498,PRD-1206,1,28.00,28.00
SALE-002498,PRD-1207,1,35.00,35.00
SALE-002498,PRD-1211,2,340.00,680.00
SALE-002499,PRD-1240,1,30.00,30.00
SALE-002499,PRD-1237,2,190.00,380.00
SALE-002499,PRD-1248,1,35.00,35.00
SALE-002500,PRD-0020,1,38.00,38.00
SALE-002500,PRD-0008,2,25.00,50.00
SALE-002501,PRD-0008,1,25.00,25.00
SALE-002502,PRD-0035,2,105.00,210.00
SALE-002502,PRD-0036,1,780.00,780.00
SALE-002503,PRD-0059,1,12.00,12.00
SALE-002503,PRD-0056,1,50.00,50.00
SALE-002503,PRD-0055,3,280.00,840.00
SALE-002503,PRD-0067,1,60.00,60.00
SALE-002504,PRD-0091,1,60.00,60.00
SALE-002504,PRD-0088,3,40.00,120.00
SALE-002505,PRD-0080,3,28.00,84.00
SALE-002505,PRD-0091,2,60.00,120.00
SALE-002506,PRD-0081,2,35.00,70.00
SALE-002507,PRD-0107,3,899.00,2697.00
SALE-002507,PRD-0110,1,999.00,999.00
SALE-002507,PRD-0103,2,299.00,598.00
SALE-002508,PRD-0130,1,46.00,46.00
SALE-002508,PRD-0138,1,15.00,15.00
SALE-002509,PRD-0168,1,25.00,25.00
SALE-002509,PRD-0173,2,30.00,60.00
SALE-002509,PRD-0153,3,28.00,84.00
SALE-002509,PRD-0165,2,90.00,180.00
SALE-002510,PRD-0154,2,35.00,70.00
SALE-002511,PRD-0175,3,410.00,1230.00
SALE-002511,PRD-0177,2,20.00,40.00
SALE-002512,PRD-0175,1,410.00,410.00
SALE-002512,PRD-0182,1,1750.00,1750.00
SALE-002512,PRD-0179,2,120.00,240.00
SALE-002512,PRD-0193,1,1650.00,1650.00
SALE-002513,PRD-0196,1,190.00,190.00
SALE-002513,PRD-0189,1,290.00,290.00
SALE-002513,PRD-0181,1,780.00,780.00
SALE-002513,PRD-0177,3,20.00,60.00
SALE-002514,PRD-0253,2,46.00,92.00
SALE-002515,PRD-0268,1,38.00,38.00
SALE-002516,PRD-0273,1,35.00,35.00
SALE-002517,PRD-0295,1,30.00,30.00
SALE-002518,PRD-0322,2,95.00,190.00
SALE-002518,PRD-0310,1,30.00,30.00
SALE-002518,PRD-0313,3,32.00,96.00
SALE-002519,PRD-0312,2,15.00,30.00
SALE-002519,PRD-0302,2,100.00,200.00
SALE-002520,PRD-0349,1,130.00,130.00
SALE-002520,PRD-0342,6,240.00,1440.00
SALE-002520,PRD-0329,6,20.00,120.00
SALE-002521,PRD-0339,1,12.00,12.00
SALE-002522,PRD-0359,3,6.00,18.00
SALE-002523,PRD-0386,2,149.00,298.00
SALE-002523,PRD-0387,2,199.00,398.00
SALE-002524,PRD-0403,2,100.00,200.00
SALE-002525,PRD-0413,1,15.00,15.00
SALE-002525,PRD-0422,2,25.00,50.00
SALE-002526,PRD-0434,2,15.00,30.00
SALE-002526,PRD-0431,2,98.00,196.00
SALE-002526,PRD-0438,1,35.00,35.00
SALE-002527,PRD-0453,3,95.00,285.00
SALE-002527,PRD-0469,3,40.00,120.00
SALE-002527,PRD-0456,1,780.00,780.00
SALE-002528,PRD-0450,16,410.00,6560.00
SALE-002528,PRD-0470,2,280.00,560.00
SALE-002529,PRD-0503,1,195.00,195.00
SALE-002529,PRD-0492,1,18.00,18.00
SALE-002530,PRD-0505,1,50.00,50.00
SALE-002531,PRD-0552,1,120.00,120.00
SALE-002531,PRD-0564,2,25.00,50.00
SALE-002532,PRD-0580,1,28.00,28.00
SALE-002532,PRD-0589,1,50.00,50.00
SALE-002533,PRD-0605,2,95.00,190.00
SALE-002533,PRD-0607,1,105.00,105.00
SALE-002533,PRD-0603,1,210.00,210.00
SALE-002533,PRD-0616,2,290.00,580.00
SALE-002534,PRD-0616,1,290.00,290.00
SALE-002535,PRD-0629,1,165.00,165.00
SALE-002535,PRD-0642,1,32.00,32.00
SALE-002536,PRD-0638,2,165.00,330.00
SALE-002536,PRD-0629,2,165.00,330.00
SALE-002537,PRD-0651,1,95.00,95.00
SALE-002537,PRD-0637,1,130.00,130.00
SALE-002538,PRD-0667,1,30.00,30.00
SALE-002538,PRD-0674,1,250.00,250.00
SALE-002538,PRD-0669,2,45.00,90.00
SALE-002538,PRD-0668,1,60.00,60.00
SALE-002539,PRD-0687,3,15.00,45.00
SALE-002540,PRD-0699,1,45.00,45.00
SALE-002540,PRD-0681,1,28.00,28.00
SALE-002541,PRD-0684,1,95.00,95.00
SALE-002541,PRD-0686,1,340.00,340.00
SALE-002541,PRD-0687,3,15.00,45.00
SALE-002542,PRD-0699,2,45.00,90.00
SALE-002542,PRD-0683,1,38.00,38.00
SALE-002543,PRD-0709,1,299.00,299.00
SALE-002543,PRD-0714,1,1199.00,1199.00
SALE-002543,PRD-0703,1,199.00,199.00
SALE-002544,PRD-0794,2,32.00,64.00
SALE-002545,PRD-0790,2,165.00,330.00
SALE-002545,PRD-0787,1,150.00,150.00
SALE-002546,PRD-0821,2,150.00,300.00
SALE-002546,PRD-0826,1,45.00,45.00
SALE-002547,PRD-0861,1,314.00,314.00
SALE-002547,PRD-0862,1,1299.00,1299.00
SALE-002547,PRD-0859,1,349.00,349.00
SALE-002547,PRD-0866,1,1199.00,1199.00
SALE-002548,PRD-0873,1,399.00,399.00
SALE-002548,PRD-0858,1,599.00,599.00
SALE-002549,PRD-0886,2,190.00,380.00
SALE-002549,PRD-0880,1,135.00,135.00
SALE-002550,PRD-0914,1,1200.00,1200.00
SALE-002551,PRD-0941,3,35.00,105.00
SALE-002552,PRD-0972,2,40.00,80.00
SALE-002552,PRD-0963,1,130.00,130.00
SALE-002552,PRD-0961,1,150.00,150.00
SALE-002552,PRD-0955,1,165.00,165.00
SALE-002553,PRD-0975,1,105.00,105.00
SALE-002553,PRD-0959,3,46.00,138.00
SALE-002554,PRD-0982,2,280.00,560.00
SALE-002554,PRD-0994,1,60.00,60.00
SALE-002555,PRD-0989,2,6.00,12.00
SALE-002555,PRD-1001,1,25.00,25.00
SALE-002555,PRD-0982,2,280.00,560.00
SALE-002555,PRD-1006,1,35.00,35.00
SALE-002556,PRD-1016,3,149.00,447.00
SALE-002556,PRD-1009,1,149.00,149.00
SALE-002556,PRD-1007,1,199.00,199.00
SALE-002556,PRD-1017,2,199.00,398.00
SALE-002557,PRD-1077,2,25.00,50.00
SALE-002557,PRD-1068,3,15.00,45.00
SALE-002557,PRD-1078,1,95.00,95.00
SALE-002557,PRD-1060,1,46.00,46.00
SALE-002558,PRD-1072,1,45.00,45.00
SALE-002558,PRD-1078,3,95.00,285.00
SALE-002558,PRD-1076,2,108.00,216.00
SALE-002558,PRD-1075,2,38.00,76.00
SALE-002559,PRD-1172,1,599.00,599.00
SALE-002560,PRD-1165,3,299.00,897.00
SALE-002561,PRD-1181,1,410.00,410.00
SALE-002561,PRD-1185,2,120.00,240.00
SALE-002562,PRD-1224,1,45.00,45.00
SALE-002563,PRD-1207,1,35.00,35.00
SALE-002563,PRD-1213,2,145.00,290.00
SALE-002564,PRD-1236,1,150.00,150.00
SALE-002564,PRD-1241,1,25.00,25.00
SALE-002564,PRD-1243,3,32.00,96.00
SALE-002564,PRD-1250,1,105.00,105.00
SALE-002565,PRD-0003,2,165.00,330.00
SALE-002565,PRD-0007,2,46.00,92.00
SALE-002566,PRD-0013,1,30.00,30.00
SALE-002567,PRD-0013,1,30.00,30.00
SALE-002568,PRD-0034,6,130.00,780.00
SALE-002568,PRD-0030,5,410.00,2050.00
SALE-002569,PRD-0056,2,50.00,100.00
SALE-002569,PRD-0062,3,6.00,18.00
SALE-002569,PRD-0067,3,60.00,180.00
SALE-002569,PRD-0071,1,120.00,120.00
SALE-002570,PRD-0100,2,30.00,60.00
SALE-002571,PRD-0094,1,20.00,20.00
SALE-002571,PRD-0080,1,28.00,28.00
SALE-002572,PRD-0112,2,199.00,398.00
SALE-002572,PRD-0105,1,599.00,599.00
SALE-002572,PRD-0118,3,149.00,447.00
SALE-002572,PRD-0102,2,199.00,398.00
SALE-002573,PRD-0126,1,165.00,165.00
SALE-002573,PRD-0129,2,465.00,930.00
SALE-002573,PRD-0140,1,40.00,40.00
SALE-002573,PRD-0136,1,30.00,30.00
SALE-002574,PRD-0127,1,135.00,135.00
SALE-002574,PRD-0125,2,120.00,240.00
SALE-002574,PRD-0124,1,1300.00,1300.00
SALE-002575,PRD-0152,1,195.00,195.00
SALE-002575,PRD-0131,2,25.00,50.00
SALE-002576,PRD-0169,2,650.00,1300.00
SALE-002576,PRD-0162,1,50.00,50.00
SALE-002577,PRD-0191,2,20.00,40.00
SALE-002577,PRD-0188,1,60.00,60.00
SALE-002577,PRD-0184,1,390.00,390.00
SALE-002577,PRD-0193,1,1650.00,1650.00
SALE-002578,PRD-0185,3,65.00,195.00
SALE-002578,PRD-0192,1,99.00,99.00
SALE-002579,PRD-0206,1,5.00,5.00
SALE-002579,PRD-0203,1,70.00,70.00
SALE-002579,PRD-0202,3,60.00,180.00
SALE-002579,PRD-0223,1,80.00,80.00
SALE-002580,PRD-0207,1,6.00,6.00
SALE-002580,PRD-0224,2,35.00,70.00
SALE-002581,PRD-0252,1,465.00,465.00
SALE-002582,PRD-0248,1,120.00,120.00
SALE-002582,PRD-0261,1,15.00,15.00
SALE-002582,PRD-0247,1,1300.00,1300.00
SALE-002583,PRD-0282,2,15.00,30.00
SALE-002583,PRD-0293,1,90.00,90.00
SALE-002583,PRD-0278,1,38.00,38.00
SALE-002583,PRD-0284,3,40.00,120.00
SALE-002584,PRD-0308,1,130.00,130.00
SALE-002584,PRD-0299,2,120.00,240.00
SALE-002585,PRD-0326,1,195.00,195.00
SALE-002586,PRD-0338,1,160.00,160.00
SALE-002586,PRD-0340,1,60.00,60.00
SALE-002587,PRD-0396,3,999.00,2997.00
SALE-002587,PRD-0385,3,999.00,2997.00
SALE-002588,PRD-0416,1,18.00,18.00
SALE-002589,PRD-0426,2,20.00,40.00
SALE-002589,PRD-0401,1,165.00,165.00
SALE-002590,PRD-0440,3,90.00,270.00
SALE-002590,PRD-0428,2,28.00,56.00
SALE-002591,PRD-0446,3,45.00,135.00
SALE-002592,PRD-0447,3,30.00,90.00
SALE-002592,PRD-0438,1,35.00,35.00
SALE-002593,PRD-0503,2,195.00,390.00
SALE-002593,PRD-0475,1,1300.00,1300.00
SALE-002593,PRD-0490,2,32.00,64.00
SALE-002594,PRD-0488,2,25.00,50.00
SALE-002594,PRD-0497,2,105.00,210.00
SALE-002595,PRD-0511,1,6.00,6.00
SALE-002595,PRD-0506,1,60.00,60.00
SALE-002595,PRD-0512,1,130.00,130.00
SALE-002596,PRD-0536,2,1299.00,2598.00
SALE-002596,PRD-0543,1,449.00,449.00
SALE-002596,PRD-0539,3,199.00,597.00
SALE-002597,PRD-0566,2,32.00,64.00
SALE-002597,PRD-0556,1,440.00,440.00
SALE-002597,PRD-0561,2,130.00,260.00
SALE-002597,PRD-0574,1,25.00,25.00
SALE-002598,PRD-0573,1,105.00,105.00
SALE-002598,PRD-0561,3,130.00,390.00
SALE-002599,PRD-0600,1,30.00,30.00
SALE-002599,PRD-0599,1,30.00,30.00
SALE-002600,PRD-0635,2,150.00,300.00
SALE-002600,PRD-0633,1,46.00,46.00
SALE-002601,PRD-0661,3,50.00,150.00
SALE-002602,PRD-0692,1,60.00,60.00
SALE-002602,PRD-0689,3,40.00,120.00
SALE-002602,PRD-0700,1,32.00,32.00
SALE-002602,PRD-0683,1,38.00,38.00
SALE-002603,PRD-0700,3,32.00,96.00
SALE-002603,PRD-0695,2,20.00,40.00
SALE-002604,PRD-0711,1,999.00,999.00
SALE-002604,PRD-0722,1,999.00,999.00
SALE-002604,PRD-0712,3,149.00,447.00
SALE-002605,PRD-0735,1,130.00,130.00
SALE-002605,PRD-0748,2,25.00,50.00
SALE-002606,PRD-0726,2,120.00,240.00
SALE-002607,PRD-0755,2,210.00,420.00
SALE-002607,PRD-0763,1,410.00,410.00
SALE-002608,PRD-0800,1,38.00,38.00
SALE-002608,PRD-0787,1,150.00,150.00
SALE-002609,PRD-0780,1,120.00,120.00
SALE-002609,PRD-0793,2,15.00,30.00
SALE-002609,PRD-0782,3,135.00,405.00
SALE-002610,PRD-0845,1,35.00,35.00
SALE-002611,PRD-0856,1,299.00,299.00
SALE-002611,PRD-0865,2,199.00,398.00
SALE-002611,PRD-0857,1,149.00,149.00
SALE-002612,PRD-0907,5,210.00,1050.00
SALE-002612,PRD-0924,2,1650.00,3300.00
SALE-002612,PRD-0917,2,160.00,320.00
SALE-002612,PRD-0927,2,190.00,380.00
SALE-002613,PRD-0924,1,1650.00,1650.00
SALE-002613,PRD-0917,3,160.00,480.00
SALE-002614,PRD-0926,1,280.00,280.00
SALE-002614,PRD-0916,2,65.00,130.00
SALE-002615,PRD-0946,3,25.00,75.00
SALE-002616,PRD-0956,1,135.00,135.00
SALE-002616,PRD-0954,1,120.00,120.00
SALE-002617,PRD-0976,1,26.00,26.00
SALE-002617,PRD-0968,3,32.00,96.00
SALE-002618,PRD-0992,2,26.00,52.00
SALE-002618,PRD-0985,3,70.00,210.00
SALE-002619,PRD-1005,2,80.00,160.00
SALE-002619,PRD-0988,1,5.00,5.00
SALE-002619,PRD-0989,2,6.00,12.00
SALE-002620,PRD-1013,1,299.00,299.00
SALE-002620,PRD-1016,1,149.00,149.00
SALE-002620,PRD-1020,3,599.00,1797.00
SALE-002621,PRD-1113,1,150.00,150.00
SALE-002621,PRD-1117,1,30.00,30.00
SALE-002622,PRD-1135,1,50.00,50.00
SALE-002622,PRD-1154,2,30.00,60.00
SALE-002622,PRD-1148,2,10.00,20.00
SALE-002622,PRD-1142,1,130.00,130.00
SALE-002623,PRD-1227,1,120.00,120.00
SALE-002623,PRD-1206,3,28.00,84.00
SALE-002624,PRD-1214,1,40.00,40.00
SALE-002624,PRD-1216,1,35.00,35.00
SALE-002624,PRD-1206,3,28.00,84.00
SALE-002625,PRD-1252,1,100.00,100.00
SALE-002625,PRD-1228,1,1300.00,1300.00
SALE-002625,PRD-1230,3,165.00,495.00
SALE-002625,PRD-1240,2,30.00,60.00
SALE-002626,PRD-1234,1,46.00,46.00
SALE-002626,PRD-1240,1,30.00,30.00
SALE-002627,PRD-0007,3,46.00,138.00
SALE-002628,PRD-0029,2,195.00,390.00
SALE-002628,PRD-0007,2,46.00,92.00
SALE-002628,PRD-0004,3,135.00,405.00
SALE-002629,PRD-0008,1,25.00,25.00
SALE-002630,PRD-0055,1,280.00,280.00
SALE-002630,PRD-0056,2,50.00,100.00
SALE-002631,PRD-0061,2,5.00,10.00
SALE-002632,PRD-0086,2,15.00,30.00
SALE-002633,PRD-0086,3,15.00,45.00
SALE-002633,PRD-0094,1,20.00,20.00
SALE-002634,PRD-0080,2,28.00,56.00
SALE-002634,PRD-0095,1,25.00,25.00
SALE-002635,PRD-0118,2,149.00,298.00
SALE-002636,PRD-0109,3,1299.00,3897.00
SALE-002636,PRD-0102,2,199.00,398.00
SALE-002637,PRD-0162,1,50.00,50.00
SALE-002637,PRD-0153,1,28.00,28.00
SALE-002638,PRD-0177,2,20.00,40.00
SALE-002639,PRD-0270,2,25.00,50.00
SALE-002639,PRD-0256,1,190.00,190.00
SALE-002639,PRD-0266,1,38.00,38.00
SALE-002639,PRD-0259,1,30.00,30.00
SALE-002640,PRD-0248,1,120.00,120.00
SALE-002641,PRD-0276,3,28.00,84.00
SALE-002641,PRD-0282,3,15.00,45.00
SALE-002641,PRD-0287,2,60.00,120.00
SALE-002641,PRD-0289,3,150.00,450.00
SALE-002642,PRD-0343,2,20.00,40.00
SALE-002642,PRD-0328,2,210.00,420.00
SALE-002643,PRD-0420,2,38.00,76.00
SALE-002644,PRD-0408,1,190.00,190.00
SALE-002645,PRD-0422,1,25.00,25.00
SALE-002645,PRD-0411,3,30.00,90.00
SALE-002645,PRD-0401,1,165.00,165.00
SALE-002645,PRD-0421,1,105.00,105.00
SALE-002646,PRD-0442,1,20.00,20.00
SALE-002646,PRD-0443,1,25.00,25.00
SALE-002646,PRD-0430,2,38.00,76.00
SALE-002646,PRD-0428,1,28.00,28.00
SALE-002647,PRD-0440,1,90.00,90.00
SALE-002647,PRD-0447,2,30.00,60.00
SALE-002647,PRD-0436,1,40.00,40.00
SALE-002648,PRD-0431,1,98.00,98.00
SALE-002648,PRD-0446,3,45.00,135.00
SALE-002649,PRD-0457,1,1840.00,1840.00
SALE-002649,PRD-0456,1,780.00,780.00
SALE-002650,PRD-0470,2,280.00,560.00
SALE-002651,PRD-0460,2,65.00,130.00
SALE-002651,PRD-0450,1,410.00,410.00
SALE-002651,PRD-0454,1,130.00,130.00
SALE-002652,PRD-0483,1,150.00,150.00
SALE-002653,PRD-0479,1,100.00,100.00
SALE-002654,PRD-0504,1,280.00,280.00
SALE-002654,PRD-0508,2,12.00,24.00
SALE-002655,PRD-0577,1,35.00,35.00
SALE-002655,PRD-0551,3,1300.00,3900.00
SALE-002655,PRD-0557,1,46.00,46.00
SALE-002655,PRD-0576,1,90.00,90.00
SALE-002656,PRD-0562,3,165.00,495.00
SALE-002657,PRD-0588,1,40.00,40.00
SALE-002657,PRD-0590,3,35.00,105.00
SALE-002657,PRD-0580,1,28.00,28.00
SALE-002658,PRD-0586,1,16.00,16.00
SALE-002658,PRD-0580,1,28.00,28.00
SALE-002659,PRD-0606,2,120.00,240.00
SALE-002659,PRD-0626,2,150.00,300.00
SALE-002659,PRD-0602,2,410.00,820.00
SALE-002659,PRD-0604,1,20.00,20.00
SALE-002660,PRD-0643,1,40.00,40.00
SALE-002660,PRD-0641,1,15.00,15.00
SALE-002661,PRD-0640,2,25.00,50.00
SALE-002661,PRD-0655,3,195.00,585.00
SALE-002661,PRD-0652,1,90.00,90.00
SALE-002662,PRD-0658,1,60.00,60.00
SALE-002663,PRD-0692,2,60.00,120.00
SALE-002664,PRD-0682,2,35.00,70.00
SALE-002664,PRD-0681,2,28.00,56.00
SALE-002664,PRD-0695,2,20.00,40.00
SALE-002664,PRD-0683,2,38.00,76.00
SALE-002665,PRD-0682,2,35.00,70.00
SALE-002665,PRD-0681,2,28.00,56.00
SALE-002665,PRD-0684,2,95.00,190.00
SALE-002665,PRD-0695,1,20.00,20.00
SALE-002666,PRD-0689,2,40.00,80.00
SALE-002667,PRD-0726,1,120.00,120.00
SALE-002667,PRD-0741,1,40.00,40.00
SALE-002668,PRD-0739,1,15.00,15.00
SALE-002668,PRD-0746,2,40.00,80.00
SALE-002668,PRD-0747,2,105.00,210.00
SALE-002668,PRD-0734,2,190.00,380.00
SALE-002669,PRD-0754,2,410.00,820.00
SALE-002669,PRD-0760,2,780.00,1560.00
SALE-002670,PRD-0785,1,46.00,46.00
SALE-002670,PRD-0786,3,25.00,75.00
SALE-002670,PRD-0804,2,90.00,180.00
SALE-002670,PRD-0789,2,130.00,260.00
SALE-002671,PRD-0808,1,28.00,28.00
SALE-002672,PRD-0810,1,38.00,38.00
SALE-002672,PRD-0826,1,45.00,45.00
SALE-002672,PRD-0829,2,120.00,240.00
SALE-002672,PRD-0817,1,50.00,50.00
SALE-002673,PRD-0818,3,35.00,105.00
SALE-002673,PRD-0814,2,15.00,30.00
SALE-002673,PRD-0809,3,35.00,105.00
SALE-002673,PRD-0810,1,38.00,38.00
SALE-002674,PRD-0850,1,30.00,30.00
SALE-002674,PRD-0837,3,6.00,18.00
SALE-002674,PRD-0843,1,45.00,45.00
SALE-002675,PRD-0867,1,349.00,349.00
SALE-002675,PRD-0865,2,199.00,398.00
SALE-002675,PRD-0870,3,99.00,297.00
SALE-002675,PRD-0862,2,1299.00,2598.00
SALE-002676,PRD-0924,1,1650.00,1650.00
SALE-002676,PRD-0929,2,25.00,50.00
SALE-002677,PRD-0939,2,40.00,80.00
SALE-002678,PRD-0954,1,120.00,120.00
SALE-002679,PRD-0977,1,95.00,95.00
SALE-002679,PRD-0973,2,35.00,70.00
SALE-002680,PRD-0970,2,18.00,36.00
SALE-002680,PRD-0965,1,30.00,30.00
SALE-002680,PRD-0960,3,25.00,75.00
SALE-002681,PRD-0984,1,60.00,60.00
SALE-002681,PRD-0992,1,26.00,26.00
SALE-002681,PRD-1006,3,35.00,105.00
SALE-002682,PRD-0983,1,50.00,50.00
SALE-002683,PRD-1030,2,210.00,420.00
SALE-002683,PRD-1031,2,20.00,40.00
SALE-002683,PRD-1039,2,65.00,130.00
SALE-002684,PRD-1040,2,160.00,320.00
SALE-002685,PRD-1079,1,90.00,90.00
SALE-002685,PRD-1059,3,440.00,1320.00
SALE-002685,PRD-1069,1,32.00,32.00
SALE-002686,PRD-1119,2,15.00,30.00
SALE-002686,PRD-1106,1,130.00,130.00
SALE-002687,PRD-1106,1,130.00,130.00
SALE-002688,PRD-1134,1,280.00,280.00
SALE-002689,PRD-1169,3,199.00,597.00
SALE-002689,PRD-1173,1,449.00,449.00
SALE-002689,PRD-1159,1,199.00,199.00
SALE-002689,PRD-1161,3,149.00,447.00
SALE-002690,PRD-1182,2,210.00,420.00
SALE-002691,PRD-1217,1,60.00,60.00
SALE-002691,PRD-1220,3,20.00,60.00
SALE-002691,PRD-1206,1,28.00,28.00
SALE-002691,PRD-1214,1,40.00,40.00
SALE-002692,PRD-1227,1,120.00,120.00
SALE-002692,PRD-1224,1,45.00,45.00
SALE-002693,PRD-1244,1,42.00,42.00
SALE-002693,PRD-1236,2,150.00,300.00
SALE-002693,PRD-1250,2,105.00,210.00
SALE-002693,PRD-1256,3,205.00,615.00
SALE-002694,PRD-1251,2,25.00,50.00
SALE-002694,PRD-1233,2,440.00,880.00
SALE-002694,PRD-1250,3,105.00,315.00
SALE-002695,PRD-0029,1,195.00,195.00
SALE-002695,PRD-0002,1,120.00,120.00
SALE-002696,PRD-0014,2,25.00,50.00
SALE-002696,PRD-0009,3,150.00,450.00
SALE-002697,PRD-0031,1,210.00,210.00
SALE-002697,PRD-0047,1,99.00,99.00
SALE-002697,PRD-0034,3,130.00,390.00
SALE-002697,PRD-0051,2,190.00,380.00
SALE-002698,PRD-0058,3,70.00,210.00
SALE-002698,PRD-0059,1,12.00,12.00
SALE-002698,PRD-0061,1,5.00,5.00
SALE-002698,PRD-0069,2,10.00,20.00
SALE-002699,PRD-0126,2,165.00,330.00
SALE-002699,PRD-0130,2,46.00,92.00
SALE-002699,PRD-0144,2,38.00,76.00
SALE-002700,PRD-0206,1,5.00,5.00
SALE-002701,PRD-0261,3,15.00,45.00
SALE-002701,PRD-0248,2,120.00,240.00
SALE-002702,PRD-0257,2,130.00,260.00
SALE-002703,PRD-0292,2,650.00,1300.00
SALE-002703,PRD-0277,1,35.00,35.00
SALE-002704,PRD-0308,2,130.00,260.00
SALE-002704,PRD-0316,1,45.00,45.00
SALE-002705,PRD-0358,3,5.00,15.00
SALE-002705,PRD-0369,2,18.00,36.00
SALE-002706,PRD-0400,3,120.00,360.00
SALE-002707,PRD-0413,2,15.00,30.00
SALE-002708,PRD-0420,1,38.00,38.00
SALE-002709,PRD-0407,2,150.00,300.00
SALE-002709,PRD-0421,1,105.00,105.00
SALE-002709,PRD-0411,1,30.00,30.00
SALE-002710,PRD-0455,1,105.00,105.00
SALE-002711,PRD-0479,2,100.00,200.00
SALE-002711,PRD-0498,1,25.00,25.00
SALE-002711,PRD-0502,1,20.00,20.00
SALE-002711,PRD-0481,2,46.00,92.00
SALE-002712,PRD-0476,1,120.00,120.00
SALE-002713,PRD-0475,1,1300.00,1300.00
SALE-002713,PRD-0482,3,25.00,75.00
SALE-002713,PRD-0489,1,15.00,15.00
SALE-002713,PRD-0494,1,38.00,38.00
SALE-002714,PRD-0509,1,50.00,50.00
SALE-002714,PRD-0515,2,30.00,60.00
SALE-002714,PRD-0516,3,60.00,180.00
SALE-002714,PRD-0513,1,15.00,15.00
SALE-002715,PRD-0558,1,25.00,25.00
SALE-002716,PRD-0577,1,35.00,35.00
SALE-002717,PRD-0586,1,16.00,16.00
SALE-002717,PRD-0599,2,30.00,60.00
SALE-002718,PRD-0633,1,46.00,46.00
SALE-002719,PRD-0661,2,50.00,100.00
SALE-002719,PRD-0674,1,250.00,250.00
SALE-002720,PRD-0695,1,20.00,20.00
SALE-002721,PRD-0682,2,35.00,70.00
SALE-002721,PRD-0683,3,38.00,114.00
SALE-002721,PRD-0691,1,35.00,35.00
SALE-002721,PRD-0684,1,95.00,95.00
SALE-002722,PRD-0700,2,32.00,64.00
SALE-002722,PRD-0685,1,60.00,60.00
SALE-002723,PRD-0722,3,999.00,2997.00
SALE-002724,PRD-0727,2,165.00,330.00
SALE-002724,PRD-0748,1,25.00,25.00
SALE-002725,PRD-0726,1,120.00,120.00
SALE-002725,PRD-0735,1,130.00,130.00
SALE-002725,PRD-0748,2,25.00,50.00
SALE-002726,PRD-0756,7,20.00,140.00
SALE-002726,PRD-0766,2,12.00,24.00
SALE-002726,PRD-0777,2,25.00,50.00
SALE-002726,PRD-0761,3,1750.00,5250.00
SALE-002727,PRD-0798,2,38.00,76.00
SALE-002727,PRD-0791,2,30.00,60.00
SALE-002727,PRD-0786,2,25.00,50.00
SALE-002727,PRD-0790,2,165.00,330.00
SALE-002728,PRD-0788,1,190.00,190.00
SALE-002728,PRD-0795,2,40.00,80.00
SALE-002728,PRD-0807,1,195.00,195.00
SALE-002728,PRD-0789,3,130.00,390.00
SALE-002729,PRD-0803,1,95.00,95.00
SALE-002730,PRD-0819,3,60.00,180.00
SALE-002730,PRD-0808,2,28.00,56.00
SALE-002730,PRD-0812,1,60.00,60.00
SALE-002730,PRD-0815,1,145.00,145.00
SALE-002731,PRD-0847,2,18.00,36.00
SALE-002731,PRD-0846,1,120.00,120.00
SALE-002731,PRD-0841,1,30.00,30.00
SALE-002731,PRD-0836,2,5.00,10.00
SALE-002732,PRD-0876,1,99.00,99.00
SALE-002732,PRD-0855,1,199.00,199.00
SALE-002733,PRD-0858,2,599.00,1198.00
SALE-002733,PRD-0869,1,449.00,449.00
SALE-002733,PRD-0855,1,199.00,199.00
SALE-002733,PRD-0872,2,160.00,320.00
SALE-002734,PRD-0855,1,199.00,199.00
SALE-002734,PRD-0867,2,349.00,698.00
SALE-002734,PRD-0864,2,149.00,298.00
SALE-002735,PRD-0891,2,15.00,30.00
SALE-002735,PRD-0877,3,1300.00,3900.00
SALE-002735,PRD-0889,1,30.00,30.00
SALE-002736,PRD-0884,3,25.00,75.00
SALE-002736,PRD-0879,2,165.00,330.00
SALE-002737,PRD-0908,2,20.00,40.00
SALE-002737,PRD-0906,1,410.00,410.00
SALE-002738,PRD-0931,2,28.00,56.00
SALE-002738,PRD-0941,3,35.00,105.00
SALE-002738,PRD-0939,1,40.00,40.00
SALE-002738,PRD-0944,3,150.00,450.00
SALE-002739,PRD-0963,2,130.00,260.00
SALE-002740,PRD-0960,1,25.00,25.00
SALE-002740,PRD-0978,2,90.00,180.00
SALE-002740,PRD-0963,1,130.00,130.00
SALE-002740,PRD-0968,2,32.00,64.00
SALE-002741,PRD-0981,1,195.00,195.00
SALE-002742,PRD-1006,2,35.00,70.00
SALE-002743,PRD-0990,2,130.00,260.00
SALE-002744,PRD-1018,3,1199.00,3597.00
SALE-002744,PRD-1010,1,599.00,599.00
SALE-002745,PRD-1046,1,99.00,99.00
SALE-002745,PRD-1044,1,240.00,240.00
SALE-002746,PRD-1074,2,35.00,70.00
SALE-002746,PRD-1068,1,15.00,15.00
SALE-002746,PRD-1060,1,46.00,46.00
SALE-002747,PRD-1097,2,20.00,40.00
SALE-002748,PRD-1110,2,440.00,880.00
SALE-002748,PRD-1105,3,1365.00,4095.00
SALE-002749,PRD-1109,3,100.00,300.00
SALE-002749,PRD-1129,2,95.00,190.00
SALE-002749,PRD-1106,1,130.00,130.00
SALE-002750,PRD-1149,1,35.00,35.00
SALE-002751,PRD-1136,1,60.00,60.00
SALE-002751,PRD-1134,3,280.00,840.00
SALE-002751,PRD-1135,1,50.00,50.00
SALE-002751,PRD-1138,2,12.00,24.00
SALE-002752,PRD-1159,1,199.00,199.00
SALE-002753,PRD-1214,2,40.00,80.00
SALE-002753,PRD-1210,3,60.00,180.00
SALE-002754,PRD-1242,3,15.00,45.00
SALE-002754,PRD-1239,1,165.00,165.00
SALE-002754,PRD-1240,1,30.00,30.00
SALE-002755,PRD-0013,1,30.00,30.00
SALE-002755,PRD-0015,3,15.00,45.00
SALE-002755,PRD-0017,2,40.00,80.00
SALE-002756,PRD-0031,4,210.00,840.00
SALE-002756,PRD-0042,3,12.00,36.00
SALE-002757,PRD-0044,1,290.00,290.00
SALE-002757,PRD-0034,1,130.00,130.00
SALE-002757,PRD-0047,2,99.00,198.00
SALE-002758,PRD-0057,1,60.00,60.00
SALE-002758,PRD-0064,1,15.00,15.00
SALE-002759,PRD-0082,2,38.00,76.00
SALE-002759,PRD-0094,1,20.00,20.00
SALE-002759,PRD-0100,2,30.00,60.00
SALE-002759,PRD-0089,2,50.00,100.00
SALE-002760,PRD-0126,1,165.00,165.00
SALE-002760,PRD-0151,1,20.00,20.00
SALE-002760,PRD-0148,1,95.00,95.00
SALE-002761,PRD-0125,3,120.00,360.00
SALE-002762,PRD-0186,1,160.00,160.00
SALE-002762,PRD-0175,1,410.00,410.00
SALE-002762,PRD-0180,2,105.00,210.00
SALE-002763,PRD-0209,2,15.00,30.00
SALE-002764,PRD-0267,1,35.00,35.00
SALE-002765,PRD-0248,3,120.00,360.00
SALE-002766,PRD-0271,1,95.00,95.00
SALE-002766,PRD-0249,2,165.00,330.00
SALE-002766,PRD-0261,2,15.00,30.00
SALE-002766,PRD-0247,2,1300.00,2600.00
SALE-002767,PRD-0281,2,340.00,680.00
SALE-002767,PRD-0288,2,90.00,180.00
SALE-002768,PRD-0298,3,1300.00,3900.00
SALE-002768,PRD-0325,1,20.00,20.00
SALE-002769,PRD-0400,2,120.00,240.00
SALE-002770,PRD-0455,4,105.00,420.00
SALE-002770,PRD-0453,8,95.00,760.00
SALE-002771,PRD-0462,2,12.00,24.00
SALE-002772,PRD-0451,1,210.00,210.00
SALE-002772,PRD-0456,1,780.00,780.00
SALE-002773,PRD-0480,1,440.00,440.00
SALE-002774,PRD-0493,1,45.00,45.00
SALE-002774,PRD-0481,2,46.00,92.00
SALE-002774,PRD-0498,1,25.00,25.00
SALE-002774,PRD-0479,3,100.00,300.00
SALE-002775,PRD-0509,1,50.00,50.00
SALE-002776,PRD-0510,1,5.00,5.00
SALE-002777,PRD-0533,1,349.00,349.00
SALE-002778,PRD-0570,3,38.00,114.00
SALE-002779,PRD-0563,1,30.00,30.00
SALE-002779,PRD-0578,2,20.00,40.00
SALE-002779,PRD-0551,2,1300.00,2600.00
SALE-002779,PRD-0575,1,95.00,95.00
SALE-002780,PRD-0570,1,38.00,38.00
SALE-002780,PRD-0553,1,165.00,165.00
SALE-002781,PRD-0584,1,60.00,60.00
SALE-002781,PRD-0580,1,28.00,28.00
SALE-002782,PRD-0580,3,28.00,84.00
SALE-002783,PRD-0623,2,190.00,380.00
SALE-002783,PRD-0605,3,95.00,285.00
SALE-002784,PRD-0633,1,46.00,46.00
SALE-002785,PRD-0628,2,120.00,240.00
SALE-002785,PRD-0649,1,105.00,105.00
SALE-002786,PRD-0631,1,100.00,100.00
SALE-002787,PRD-0631,3,100.00,300.00
SALE-002788,PRD-0661,1,50.00,50.00
SALE-002788,PRD-0668,2,60.00,120.00
SALE-002789,PRD-0665,2,15.00,30.00
SALE-002789,PRD-0662,1,5.00,5.00
SALE-002790,PRD-0682,1,35.00,35.00
SALE-002790,PRD-0690,2,50.00,100.00
SALE-002790,PRD-0692,1,60.00,60.00
SALE-002791,PRD-0717,1,449.00,449.00
SALE-002791,PRD-0709,2,299.00,598.00
SALE-002791,PRD-0708,1,899.00,899.00
SALE-002792,PRD-0738,2,25.00,50.00
SALE-002792,PRD-0733,2,150.00,300.00
SALE-002792,PRD-0749,1,95.00,95.00
SALE-002793,PRD-0779,1,1300.00,1300.00
SALE-002794,PRD-0825,2,90.00,180.00
SALE-002795,PRD-0816,1,40.00,40.00
SALE-002796,PRD-0809,2,35.00,70.00
SALE-002796,PRD-0828,1,30.00,30.00
SALE-002797,PRD-0880,3,135.00,405.00
SALE-002797,PRD-0893,1,40.00,40.00
SALE-002797,PRD-0878,3,120.00,360.00
SALE-002798,PRD-0905,1,195.00,195.00
SALE-002798,PRD-0883,1,46.00,46.00
SALE-002799,PRD-0932,1,35.00,35.00
SALE-002799,PRD-0942,1,60.00,60.00
SALE-002800,PRD-0978,1,90.00,90.00
SALE-002800,PRD-0967,3,15.00,45.00
SALE-002800,PRD-0966,2,25.00,50.00
SALE-002801,PRD-0965,1,30.00,30.00
SALE-002802,PRD-0995,1,45.00,45.00
SALE-002802,PRD-1005,1,80.00,80.00
SALE-002803,PRD-0990,1,130.00,130.00
SALE-002803,PRD-1001,2,25.00,50.00
SALE-002804,PRD-1016,1,158.00,158.00
SALE-002804,PRD-1015,1,999.00,999.00
SALE-002804,PRD-1007,2,199.00,398.00
SALE-002804,PRD-1017,3,199.00,597.00
SALE-002805,PRD-1065,2,165.00,330.00
SALE-002805,PRD-1056,1,165.00,165.00
SALE-002805,PRD-1064,1,130.00,130.00
SALE-002805,PRD-1067,1,25.00,25.00
SALE-002806,PRD-1087,1,60.00,60.00
SALE-002806,PRD-1083,2,28.00,56.00
SALE-002806,PRD-1098,1,25.00,25.00
SALE-002806,PRD-1102,1,30.00,30.00
SALE-002807,PRD-1084,3,35.00,105.00
SALE-002807,PRD-1089,1,15.00,15.00
SALE-002807,PRD-1091,1,40.00,40.00
SALE-002808,PRD-1085,1,38.00,38.00
SALE-002808,PRD-1084,1,35.00,35.00
SALE-002809,PRD-1169,1,199.00,199.00
SALE-002809,PRD-1159,1,199.00,199.00
SALE-002809,PRD-1178,1,999.00,999.00
SALE-002810,PRD-1208,1,38.00,38.00
SALE-002810,PRD-1221,1,25.00,25.00
SALE-002811,PRD-1220,2,20.00,40.00
SALE-002812,PRD-1240,1,30.00,30.00
SALE-002812,PRD-1247,2,38.00,76.00
SALE-002812,PRD-1234,1,46.00,46.00
SALE-002812,PRD-1230,2,165.00,330.00
SALE-002813,PRD-0007,1,46.00,46.00
SALE-002814,PRD-0009,3,150.00,450.00
SALE-002815,PRD-0045,6,240.00,1440.00
SALE-002816,PRD-0058,2,70.00,140.00
SALE-002817,PRD-0069,1,10.00,10.00
SALE-002818,PRD-0091,2,60.00,120.00
SALE-002818,PRD-0089,1,50.00,50.00
SALE-002818,PRD-0092,1,90.00,90.00
SALE-002819,PRD-0108,2,315.00,630.00
SALE-002820,PRD-0133,3,190.00,570.00
SALE-002820,PRD-0141,1,18.00,18.00
SALE-002821,PRD-0130,2,46.00,92.00
SALE-002821,PRD-0129,3,465.00,1395.00
SALE-002821,PRD-0135,2,165.00,330.00
SALE-002822,PRD-0130,2,46.00,92.00
SALE-002822,PRD-0125,3,120.00,360.00
SALE-002822,PRD-0152,1,195.00,195.00
SALE-002823,PRD-0155,1,38.00,38.00
SALE-002823,PRD-0153,2,28.00,56.00
SALE-002824,PRD-0163,2,35.00,70.00
SALE-002825,PRD-0192,2,99.00,198.00
SALE-002826,PRD-0266,1,38.00,38.00
SALE-002826,PRD-0254,2,25.00,50.00
SALE-002826,PRD-0270,2,25.00,50.00
SALE-002827,PRD-0272,2,90.00,180.00
SALE-002827,PRD-0247,3,1300.00,3900.00
SALE-002828,PRD-0250,1,135.00,135.00
SALE-002829,PRD-0254,2,25.00,50.00
SALE-002829,PRD-0255,1,150.00,150.00
SALE-002829,PRD-0248,2,120.00,240.00
SALE-002830,PRD-0294,1,50.00,50.00
SALE-002830,PRD-0284,2,40.00,80.00
SALE-002830,PRD-0290,1,20.00,20.00
SALE-002830,PRD-0276,1,28.00,28.00
SALE-002831,PRD-0298,2,1300.00,2600.00
SALE-002831,PRD-0299,2,120.00,240.00
SALE-002832,PRD-0326,2,195.00,390.00
SALE-002833,PRD-0339,3,12.00,36.00
SALE-002833,PRD-0337,2,65.00,130.00
SALE-002833,PRD-0331,12,120.00,1440.00
SALE-002833,PRD-0330,6,95.00,570.00
SALE-002834,PRD-0413,1,15.00,15.00
SALE-002834,PRD-0407,2,150.00,300.00
SALE-002835,PRD-0411,1,30.00,30.00
SALE-002835,PRD-0400,1,120.00,120.00
SALE-002836,PRD-0450,2,410.00,820.00
SALE-002836,PRD-0452,1,20.00,20.00
SALE-002836,PRD-0464,1,290.00,290.00
SALE-002837,PRD-0503,1,195.00,195.00
SALE-002837,PRD-0492,2,18.00,36.00
SALE-002838,PRD-0479,2,100.00,200.00
SALE-002838,PRD-0484,2,190.00,380.00
SALE-002839,PRD-0510,1,5.00,5.00
SALE-002840,PRD-0565,3,15.00,45.00
SALE-002840,PRD-0572,3,38.00,114.00
SALE-002841,PRD-0557,2,46.00,92.00
SALE-002842,PRD-0600,2,30.00,60.00
SALE-002842,PRD-0595,1,25.00,25.00
SALE-002842,PRD-0580,1,28.00,28.00
SALE-002843,PRD-0613,3,160.00,480.00
SALE-002844,PRD-0639,2,30.00,60.00
SALE-002844,PRD-0647,2,37.00,74.00
SALE-002845,PRD-0680,1,35.00,35.00
SALE-002846,PRD-0670,1,10.00,10.00
SALE-002846,PRD-0667,1,30.00,30.00
SALE-002846,PRD-0666,2,25.00,50.00
SALE-002846,PRD-0669,1,45.00,45.00
SALE-002847,PRD-0690,2,50.00,100.00
SALE-002847,PRD-0681,1,28.00,28.00
SALE-002848,PRD-0688,1,145.00,145.00
SALE-002849,PRD-0730,2,440.00,880.00
SALE-002850,PRD-0738,3,25.00,75.00
SALE-002851,PRD-0766,3,12.00,36.00
SALE-002852,PRD-0795,3,40.00,120.00
SALE-002852,PRD-0786,2,25.00,50.00
SALE-002853,PRD-0791,1,30.00,30.00
SALE-002854,PRD-0822,2,20.00,40.00
SALE-002855,PRD-0822,2,20.00,40.00
SALE-002856,PRD-0847,2,18.00,36.00
SALE-002856,PRD-0833,2,70.00,140.00
SALE-002857,PRD-0865,3,199.00,597.00
SALE-002857,PRD-0859,2,349.00,698.00
SALE-002857,PRD-0856,2,299.00,598.00
SALE-002858,PRD-0881,1,100.00,100.00
SALE-002858,PRD-0877,1,1300.00,1300.00
SALE-002858,PRD-0893,1,40.00,40.00
SALE-002859,PRD-0891,1,15.00,15.00
SALE-002859,PRD-0878,2,120.00,240.00
SALE-002860,PRD-0898,1,38.00,38.00
SALE-002861,PRD-0914,2,1200.00,2400.00
SALE-002862,PRD-0946,1,25.00,25.00
SALE-002863,PRD-0934,1,95.00,95.00
SALE-002863,PRD-0932,1,35.00,35.00
SALE-002863,PRD-0931,1,28.00,28.00
SALE-002864,PRD-0973,2,35.00,70.00
SALE-002864,PRD-0954,1,120.00,120.00
SALE-002864,PRD-0962,1,190.00,190.00
SALE-002864,PRD-0958,3,440.00,1320.00
SALE-002865,PRD-0985,2,70.00,140.00
SALE-002866,PRD-0999,1,18.00,18.00
SALE-002867,PRD-1056,1,165.00,165.00
SALE-002867,PRD-1061,1,25.00,25.00
SALE-002867,PRD-1059,1,440.00,440.00
SALE-002868,PRD-1056,3,165.00,495.00
SALE-002868,PRD-1082,2,195.00,390.00
SALE-002869,PRD-1086,1,95.00,95.00
SALE-002869,PRD-1096,1,150.00,150.00
SALE-002869,PRD-1098,3,25.00,75.00
SALE-002870,PRD-1207,2,35.00,70.00
SALE-002871,PRD-1236,1,150.00,150.00
SALE-002871,PRD-1242,1,15.00,15.00
SALE-002871,PRD-1233,1,440.00,440.00
SALE-002871,PRD-1238,1,130.00,130.00
SALE-002872,PRD-1249,1,38.00,38.00
SALE-002872,PRD-1234,2,46.00,92.00
SALE-002872,PRD-1250,1,105.00,105.00
SALE-002873,PRD-1247,2,38.00,76.00
SALE-002873,PRD-1230,2,165.00,330.00
SALE-002873,PRD-1236,2,150.00,300.00
SALE-002873,PRD-1253,1,90.00,90.00
SALE-002874,PRD-1248,3,35.00,105.00
SALE-002875,PRD-0045,3,240.00,720.00
SALE-002876,PRD-0061,1,5.00,5.00
SALE-002876,PRD-0062,2,6.00,12.00
SALE-002876,PRD-0072,2,18.00,36.00
SALE-002877,PRD-0075,1,30.00,30.00
SALE-002877,PRD-0055,1,280.00,280.00
SALE-002877,PRD-0060,2,50.00,100.00
SALE-002877,PRD-0074,1,25.00,25.00
SALE-002878,PRD-0083,1,95.00,95.00
SALE-002879,PRD-0112,1,199.00,199.00
SALE-002879,PRD-0113,1,1199.00,1199.00
SALE-002879,PRD-0102,1,199.00,199.00
SALE-002880,PRD-0112,2,199.00,398.00
SALE-002881,PRD-0135,2,165.00,330.00
SALE-002881,PRD-0152,3,195.00,585.00
SALE-002882,PRD-0124,1,1300.00,1300.00
SALE-002882,PRD-0130,1,46.00,46.00
SALE-002882,PRD-0151,3,20.00,60.00
SALE-002882,PRD-0148,1,95.00,95.00
SALE-002883,PRD-0170,2,90.00,180.00
SALE-002884,PRD-0165,1,90.00,90.00
SALE-002884,PRD-0155,1,38.00,38.00
SALE-002884,PRD-0153,2,28.00,56.00
SALE-002884,PRD-0158,3,340.00,1020.00
SALE-002885,PRD-0169,1,650.00,650.00
SALE-002885,PRD-0155,2,38.00,76.00
SALE-002886,PRD-0185,1,65.00,65.00
SALE-002886,PRD-0188,2,60.00,120.00
SALE-002886,PRD-0175,1,410.00,410.00
SALE-002887,PRD-0184,2,390.00,780.00
SALE-002887,PRD-0193,3,1650.00,4950.00
SALE-002888,PRD-0211,2,30.00,60.00
SALE-002888,PRD-0206,1,5.00,5.00
SALE-002888,PRD-0204,1,12.00,12.00
SALE-002889,PRD-0275,2,195.00,390.00
SALE-002889,PRD-0269,2,105.00,210.00
SALE-002889,PRD-0247,3,1300.00,3900.00
SALE-002890,PRD-0259,1,30.00,30.00
SALE-002890,PRD-0270,1,25.00,25.00
SALE-002891,PRD-0277,1,35.00,35.00
SALE-002891,PRD-0291,1,25.00,25.00
SALE-002891,PRD-0293,1,90.00,90.00
SALE-002892,PRD-0300,1,165.00,165.00
SALE-002892,PRD-0308,2,130.00,260.00
SALE-002892,PRD-0310,1,30.00,30.00
SALE-002892,PRD-0306,3,150.00,450.00
SALE-002893,PRD-0319,2,38.00,76.00
SALE-002893,PRD-0302,1,100.00,100.00
SALE-002894,PRD-0323,3,90.00,270.00
SALE-002894,PRD-0311,1,25.00,25.00
SALE-002894,PRD-0326,2,195.00,390.00
SALE-002894,PRD-0319,3,38.00,114.00
SALE-002895,PRD-0347,2,280.00,560.00
SALE-002895,PRD-0327,2,410.00,820.00
SALE-002895,PRD-0351,1,150.00,150.00
SALE-002895,PRD-0342,1,240.00,240.00
SALE-002896,PRD-0350,3,25.00,75.00
SALE-002897,PRD-0384,1,1299.00,1299.00
SALE-002897,PRD-0377,2,199.00,398.00
SALE-002897,PRD-0383,3,299.00,897.00
SALE-002897,PRD-0387,1,199.00,199.00
SALE-002898,PRD-0413,1,15.00,15.00
SALE-002899,PRD-0412,1,25.00,25.00
SALE-002899,PRD-0415,3,40.00,120.00
SALE-002899,PRD-0417,2,45.00,90.00
SALE-002900,PRD-0414,3,32.00,96.00
SALE-002900,PRD-0418,1,38.00,38.00
SALE-002900,PRD-0400,2,120.00,240.00
SALE-002900,PRD-0405,1,46.00,46.00
SALE-002901,PRD-0438,3,35.00,105.00
SALE-002901,PRD-0433,1,340.00,340.00
SALE-002901,PRD-0439,1,60.00,60.00
SALE-002902,PRD-0491,1,40.00,40.00
SALE-002902,PRD-0489,1,15.00,15.00
SALE-002903,PRD-0497,2,105.00,210.00
SALE-002903,PRD-0491,1,40.00,40.00
SALE-002903,PRD-0500,2,90.00,180.00
SALE-002903,PRD-0496,3,38.00,114.00
SALE-002904,PRD-0475,2,1300.00,2600.00
SALE-002905,PRD-0497,1,105.00,105.00
SALE-002905,PRD-0480,1,440.00,440.00
SALE-002906,PRD-0524,3,30.00,90.00
SALE-002906,PRD-0507,2,70.00,140.00
SALE-002907,PRD-0565,3,15.00,45.00
SALE-002907,PRD-0554,1,135.00,135.00
SALE-002907,PRD-0563,2,30.00,60.00
SALE-002908,PRD-0561,1,130.00,130.00
SALE-002909,PRD-0598,1,45.00,45.00
SALE-002909,PRD-0582,1,38.00,38.00
SALE-002910,PRD-0605,1,95.00,95.00
SALE-002911,PRD-0634,2,25.00,50.00
SALE-002912,PRD-0636,1,190.00,190.00
SALE-002913,PRD-0643,2,40.00,80.00
SALE-002913,PRD-0630,1,135.00,135.00
SALE-002914,PRD-0673,3,18.00,54.00
SALE-002914,PRD-0662,1,5.00,5.00
SALE-002915,PRD-0689,1,40.00,40.00
SALE-002916,PRD-0682,2,35.00,70.00
SALE-002917,PRD-0700,1,32.00,32.00
SALE-002918,PRD-0742,2,18.00,36.00
SALE-002918,PRD-0733,1,150.00,150.00
SALE-002919,PRD-0803,3,95.00,285.00
SALE-002919,PRD-0793,1,15.00,15.00
SALE-002919,PRD-0801,1,110.00,110.00
SALE-002919,PRD-0791,2,30.00,60.00
SALE-002920,PRD-0820,2,90.00,180.00
SALE-002920,PRD-0827,3,30.00,90.00
SALE-002921,PRD-0808,1,28.00,28.00
SALE-002921,PRD-0818,1,35.00,35.00
SALE-002921,PRD-0820,2,90.00,180.00
SALE-002922,PRD-0839,1,15.00,15.00
SALE-002923,PRD-0857,2,149.00,298.00
SALE-002924,PRD-0877,2,1300.00,2600.00
SALE-002924,PRD-0881,1,100.00,100.00
SALE-002924,PRD-0890,2,25.00,50.00
SALE-002925,PRD-0877,2,1300.00,2600.00
SALE-002925,PRD-0900,1,25.00,25.00
SALE-002925,PRD-0897,1,35.00,35.00
SALE-002926,PRD-0900,3,25.00,75.00
SALE-002926,PRD-0896,1,38.00,38.00
SALE-002927,PRD-0930,2,150.00,300.00
SALE-002928,PRD-0932,1,35.00,35.00
SALE-002928,PRD-0936,1,340.00,340.00
SALE-002929,PRD-0931,2,28.00,56.00
SALE-002929,PRD-0945,3,20.00,60.00
SALE-002929,PRD-0949,1,45.00,45.00
SALE-002930,PRD-0958,1,440.00,440.00
SALE-002930,PRD-0965,1,30.00,30.00
SALE-002931,PRD-0993,1,30.00,30.00
SALE-002931,PRD-0986,1,12.00,12.00
SALE-002932,PRD-0986,1,12.00,12.00
SALE-002932,PRD-0990,2,130.00,260.00
SALE-002933,PRD-0994,1,60.00,60.00
SALE-002933,PRD-0999,2,18.00,36.00
SALE-002934,PRD-1017,1,199.00,199.00
SALE-002935,PRD-1067,1,25.00,25.00
SALE-002935,PRD-1068,3,15.00,45.00
SALE-002936,PRD-1061,2,25.00,50.00
SALE-002936,PRD-1060,1,46.00,46.00
SALE-002937,PRD-1091,1,40.00,40.00
SALE-002937,PRD-1092,1,50.00,50.00
SALE-002938,PRD-1133,2,205.00,410.00
SALE-002939,PRD-1115,2,130.00,260.00
SALE-002939,PRD-1105,2,1365.00,2730.00
SALE-002940,PRD-1149,3,35.00,105.00
SALE-002940,PRD-1153,2,25.00,50.00
SALE-002940,PRD-1140,1,5.00,5.00
SALE-002940,PRD-1134,2,280.00,560.00
SALE-002941,PRD-1135,1,50.00,50.00
SALE-002942,PRD-1159,2,199.00,398.00
SALE-002942,PRD-1160,3,299.00,897.00
SALE-002942,PRD-1176,2,149.00,298.00
SALE-002942,PRD-1169,1,199.00,199.00
SALE-002943,PRD-1200,2,40.00,80.00
SALE-002944,PRD-1242,3,15.00,45.00
SALE-002944,PRD-1254,1,35.00,35.00
SALE-002944,PRD-1230,1,165.00,165.00
SALE-002945,PRD-1248,1,35.00,35.00
SALE-002945,PRD-1230,1,165.00,165.00
SALE-002945,PRD-1228,3,1300.00,3900.00
SALE-002945,PRD-1234,1,46.00,46.00
SALE-002946,PRD-0019,1,45.00,45.00
SALE-002946,PRD-0003,1,165.00,165.00
SALE-002947,PRD-0008,2,25.00,50.00
SALE-002947,PRD-0023,1,113.00,113.00
SALE-002948,PRD-0031,3,210.00,630.00
SALE-002948,PRD-0033,2,95.00,190.00
SALE-002949,PRD-0036,2,780.00,1560.00
SALE-002949,PRD-0052,2,130.00,260.00
SALE-002950,PRD-0059,2,12.00,24.00
SALE-002950,PRD-0069,3,10.00,30.00
SALE-002951,PRD-0087,1,145.00,145.00
SALE-002951,PRD-0089,1,50.00,50.00
SALE-002951,PRD-0080,3,28.00,84.00
SALE-002951,PRD-0095,1,25.00,25.00
SALE-002952,PRD-0123,2,99.00,198.00
SALE-002952,PRD-0111,2,149.00,298.00
SALE-002952,PRD-0119,2,149.00,298.00
SALE-002952,PRD-0122,1,249.00,249.00
SALE-002953,PRD-0134,1,130.00,130.00
SALE-002954,PRD-0177,8,20.00,160.00
SALE-002955,PRD-0261,2,15.00,30.00
SALE-002955,PRD-0259,1,30.00,30.00
SALE-002956,PRD-0253,1,46.00,46.00
SALE-002956,PRD-0271,1,95.00,95.00
SALE-002957,PRD-0277,2,35.00,70.00
SALE-002957,PRD-0279,1,95.00,95.00
SALE-002958,PRD-0307,2,190.00,380.00
SALE-002958,PRD-0302,1,100.00,100.00
SALE-002958,PRD-0319,1,38.00,38.00
SALE-002958,PRD-0313,1,32.00,32.00
SALE-002959,PRD-0303,3,440.00,1320.00
SALE-002959,PRD-0306,1,150.00,150.00
SALE-002959,PRD-0321,3,25.00,75.00
SALE-002959,PRD-0309,2,165.00,330.00
SALE-002960,PRD-0340,1,60.00,60.00
SALE-002961,PRD-0347,1,280.00,280.00
SALE-002962,PRD-0414,1,32.00,32.00
SALE-002962,PRD-0424,2,90.00,180.00
SALE-002963,PRD-0411,3,30.00,90.00
SALE-002963,PRD-0418,1,38.00,38.00
SALE-002963,PRD-0409,1,130.00,130.00
SALE-002964,PRD-0400,1,120.00,120.00
SALE-002964,PRD-0419,2,37.00,74.00
SALE-002964,PRD-0412,2,25.00,50.00
SALE-002965,PRD-0422,3,25.00,75.00
SALE-002966,PRD-0439,1,60.00,60.00
SALE-002966,PRD-0428,1,28.00,28.00
SALE-002966,PRD-0430,1,38.00,38.00
SALE-002967,PRD-0432,2,60.00,120.00
SALE-002967,PRD-0438,3,35.00,105.00
SALE-002968,PRD-0469,3,40.00,120.00
SALE-002968,PRD-0467,1,99.00,99.00
SALE-002969,PRD-0450,2,410.00,820.00
SALE-002970,PRD-0489,1,15.00,15.00
SALE-002970,PRD-0495,1,35.00,35.00
SALE-002971,PRD-0497,1,105.00,105.00
SALE-002972,PRD-0505,2,50.00,100.00
SALE-002972,PRD-0507,1,70.00,70.00
SALE-002973,PRD-0563,3,30.00,90.00
SALE-002974,PRD-0573,1,105.00,105.00
SALE-002974,PRD-0564,1,25.00,25.00
SALE-002974,PRD-0569,1,45.00,45.00
SALE-002975,PRD-0555,3,100.00,300.00
SALE-002975,PRD-0557,3,46.00,138.00
SALE-002976,PRD-0614,2,12.00,24.00
SALE-002976,PRD-0608,1,780.00,780.00
SALE-002977,PRD-0608,1,780.00,780.00
SALE-002978,PRD-0653,1,35.00,35.00
SALE-002978,PRD-0648,1,38.00,38.00
SALE-002978,PRD-0637,2,130.00,260.00
SALE-002978,PRD-0641,3,15.00,45.00
SALE-002979,PRD-0631,1,100.00,100.00
SALE-002979,PRD-0634,2,25.00,50.00
SALE-002979,PRD-0653,1,35.00,35.00
SALE-002979,PRD-0630,2,135.00,270.00
SALE-002980,PRD-0685,1,60.00,60.00
SALE-002981,PRD-0684,3,95.00,285.00
SALE-002981,PRD-0702,1,120.00,120.00
SALE-002981,PRD-0698,1,90.00,90.00
SALE-002981,PRD-0699,1,45.00,45.00
SALE-002982,PRD-0712,3,149.00,447.00
SALE-002983,PRD-0752,1,20.00,20.00
SALE-002983,PRD-0741,1,40.00,40.00
SALE-002983,PRD-0730,1,440.00,440.00
SALE-002983,PRD-0731,2,46.00,92.00
SALE-002984,PRD-0737,1,30.00,30.00
SALE-002984,PRD-0751,2,35.00,70.00
SALE-002985,PRD-0787,1,150.00,150.00
SALE-002985,PRD-0791,2,30.00,60.00
SALE-002985,PRD-0807,1,195.00,195.00
SALE-002986,PRD-0779,1,1300.00,1300.00
SALE-002987,PRD-0820,3,90.00,270.00
SALE-002987,PRD-0811,3,95.00,285.00
SALE-002988,PRD-0813,3,340.00,1020.00
SALE-002988,PRD-0819,2,60.00,120.00
SALE-002988,PRD-0826,2,45.00,90.00
SALE-002988,PRD-0808,1,28.00,28.00
SALE-002989,PRD-0823,1,26.00,26.00
SALE-002989,PRD-0820,3,90.00,270.00
SALE-002990,PRD-0842,1,60.00,60.00
SALE-002991,PRD-0866,2,1199.00,2398.00
SALE-002992,PRD-0870,1,99.00,99.00
SALE-002993,PRD-0870,1,99.00,99.00
SALE-002993,PRD-0866,2,1199.00,2398.00
SALE-002994,PRD-0901,3,98.00,294.00
SALE-002995,PRD-0919,3,60.00,180.00
SALE-002996,PRD-0908,1,20.00,20.00
SALE-002997,PRD-0938,2,145.00,290.00
SALE-002997,PRD-0941,1,35.00,35.00
SALE-002998,PRD-1063,1,190.00,190.00
SALE-002998,PRD-1068,1,15.00,15.00
SALE-002999,PRD-1193,3,12.00,36.00
SALE-002999,PRD-1183,2,20.00,40.00
SALE-003000,PRD-1206,1,28.00,28.00
SALE-003001,PRD-1248,2,35.00,70.00
SALE-003002,PRD-1240,1,30.00,30.00
SALE-003002,PRD-1236,1,150.00,150.00
SALE-003003,PRD-0010,1,190.00,190.00
SALE-003004,PRD-0015,2,15.00,30.00
SALE-003004,PRD-0024,1,25.00,25.00
SALE-003005,PRD-0050,2,280.00,560.00
SALE-003005,PRD-0031,2,210.00,420.00
SALE-003005,PRD-0033,2,95.00,190.00
SALE-003005,PRD-0030,2,410.00,820.00
SALE-003006,PRD-0039,2,390.00,780.00
SALE-003007,PRD-0087,2,145.00,290.00
SALE-003007,PRD-0081,1,35.00,35.00
SALE-003008,PRD-0127,3,135.00,405.00
SALE-003008,PRD-0139,2,35.00,70.00
SALE-003008,PRD-0147,2,25.00,50.00
SALE-003008,PRD-0125,2,120.00,240.00
SALE-003009,PRD-0138,3,15.00,45.00
SALE-003010,PRD-0155,1,38.00,38.00
SALE-003010,PRD-0168,2,25.00,50.00
SALE-003011,PRD-0174,1,120.00,120.00
SALE-003011,PRD-0159,2,15.00,30.00
SALE-003011,PRD-0168,3,25.00,75.00
SALE-003011,PRD-0157,1,60.00,60.00
SALE-003012,PRD-0177,2,20.00,40.00
SALE-003012,PRD-0175,1,410.00,410.00
SALE-003012,PRD-0191,1,20.00,20.00
SALE-003013,PRD-0218,1,250.00,250.00
SALE-003014,PRD-0202,1,60.00,60.00
SALE-003014,PRD-0211,2,30.00,60.00
SALE-003014,PRD-0222,2,45.00,90.00
SALE-003014,PRD-0210,1,25.00,25.00
SALE-003015,PRD-0232,2,1299.00,2598.00
SALE-003016,PRD-0257,1,130.00,130.00
SALE-003016,PRD-0255,3,150.00,450.00
SALE-003017,PRD-0280,2,60.00,120.00
SALE-003018,PRD-0327,2,410.00,820.00
SALE-003018,PRD-0334,2,1750.00,3500.00
SALE-003018,PRD-0331,1,120.00,120.00
SALE-003019,PRD-0330,2,95.00,190.00
SALE-003019,PRD-0341,1,290.00,290.00
SALE-003020,PRD-0352,1,280.00,280.00
SALE-003020,PRD-0359,2,6.00,12.00
SALE-003020,PRD-0353,1,50.00,50.00
SALE-003020,PRD-0363,1,30.00,30.00
SALE-003021,PRD-0386,2,149.00,298.00
SALE-003021,PRD-0390,2,599.00,1198.00
SALE-003021,PRD-0378,1,299.00,299.00
SALE-003022,PRD-0405,2,46.00,92.00
SALE-003022,PRD-0415,3,40.00,120.00
SALE-003022,PRD-0423,1,100.00,100.00
SALE-003023,PRD-0432,3,60.00,180.00
SALE-003024,PRD-0442,1,20.00,20.00
SALE-003025,PRD-0460,2,65.00,130.00
SALE-003025,PRD-0455,2,105.00,210.00
SALE-003025,PRD-0468,1,1650.00,1650.00
SALE-003025,PRD-0471,1,190.00,190.00
SALE-003026,PRD-0488,2,25.00,50.00
SALE-003027,PRD-0524,3,30.00,90.00
SALE-003027,PRD-0509,3,50.00,150.00
SALE-003028,PRD-0540,3,1199.00,3597.00
SALE-003028,PRD-0530,1,299.00,299.00
SALE-003029,PRD-0573,1,105.00,105.00
SALE-003030,PRD-0571,2,35.00,70.00
SALE-003031,PRD-0598,2,45.00,90.00
SALE-003031,PRD-0588,2,40.00,80.00
SALE-003032,PRD-0604,3,20.00,60.00
SALE-003032,PRD-0620,1,1650.00,1650.00
SALE-003032,PRD-0605,3,95.00,285.00
SALE-003033,PRD-0646,2,38.00,76.00
SALE-003034,PRD-0641,1,15.00,15.00
SALE-003034,PRD-0636,1,190.00,190.00
SALE-003035,PRD-0651,1,95.00,95.00
SALE-003035,PRD-0650,2,25.00,50.00
SALE-003035,PRD-0635,1,150.00,150.00
SALE-003035,PRD-0653,2,35.00,70.00
SALE-003036,PRD-0662,2,5.00,10.00
SALE-003036,PRD-0656,3,280.00,840.00
SALE-003036,PRD-0660,3,12.00,36.00
SALE-003037,PRD-0658,2,60.00,120.00
SALE-003038,PRD-0690,3,50.00,150.00
SALE-003038,PRD-0681,2,28.00,56.00
SALE-003039,PRD-0740,1,32.00,32.00
SALE-003040,PRD-0803,2,95.00,190.00
SALE-003040,PRD-0787,1,150.00,150.00
SALE-003040,PRD-0780,1,120.00,120.00
SALE-003040,PRD-0784,2,440.00,880.00
SALE-003041,PRD-0801,3,110.00,330.00
SALE-003042,PRD-0810,1,38.00,38.00
SALE-003042,PRD-0811,3,95.00,285.00
SALE-003042,PRD-0812,2,60.00,120.00
SALE-003042,PRD-0815,3,145.00,435.00
SALE-003043,PRD-0835,1,50.00,50.00
SALE-003043,PRD-0830,3,280.00,840.00
SALE-003043,PRD-0844,2,10.00,20.00
SALE-003044,PRD-0870,1,99.00,99.00
SALE-003044,PRD-0862,3,1299.00,3897.00
SALE-003045,PRD-0856,1,299.00,299.00
SALE-003046,PRD-0862,3,1299.00,3897.00
SALE-003047,PRD-0897,3,35.00,105.00
SALE-003047,PRD-0904,2,20.00,40.00
SALE-003047,PRD-0881,2,100.00,200.00
SALE-003047,PRD-0882,1,440.00,440.00
SALE-003048,PRD-0883,1,46.00,46.00
SALE-003049,PRD-0920,1,290.00,290.00
SALE-003049,PRD-0919,1,60.00,60.00
SALE-003050,PRD-0926,2,280.00,560.00
SALE-003050,PRD-0915,1,390.00,390.00
SALE-003051,PRD-0906,2,410.00,820.00
SALE-003052,PRD-0939,1,40.00,40.00
SALE-003053,PRD-0959,2,46.00,92.00
SALE-003053,PRD-0968,2,32.00,64.00
SALE-003053,PRD-0953,3,1300.00,3900.00
SALE-003054,PRD-0974,1,38.00,38.00
SALE-003055,PRD-1016,3,158.00,474.00
SALE-003055,PRD-1027,2,249.00,498.00
SALE-003055,PRD-1017,2,199.00,398.00
SALE-003055,PRD-1007,1,199.00,199.00
SALE-003056,PRD-1040,2,160.00,320.00
SALE-003056,PRD-1031,1,20.00,20.00
SALE-003057,PRD-1097,3,20.00,60.00
SALE-003058,PRD-1092,1,50.00,50.00
SALE-003059,PRD-1123,2,45.00,90.00
SALE-003059,PRD-1119,1,15.00,15.00
SALE-003059,PRD-1115,3,130.00,390.00
SALE-003060,PRD-1109,2,100.00,200.00
SALE-003060,PRD-1111,2,46.00,92.00
SALE-003060,PRD-1114,2,190.00,380.00
SALE-003060,PRD-1133,1,205.00,205.00
SALE-003061,PRD-1138,2,12.00,24.00
SALE-003062,PRD-1144,1,25.00,25.00
SALE-003063,PRD-1226,1,30.00,30.00
SALE-003064,PRD-1215,2,50.00,100.00
SALE-003065,PRD-1238,3,130.00,390.00
SALE-003065,PRD-1243,2,32.00,64.00
SALE-003066,PRD-1252,1,100.00,100.00
SALE-003066,PRD-1235,2,25.00,50.00
SALE-003067,PRD-1255,1,20.00,20.00
SALE-003068,PRD-0047,1,99.00,99.00
SALE-003068,PRD-0043,1,60.00,60.00
SALE-003068,PRD-0030,2,410.00,820.00
SALE-003068,PRD-0039,2,390.00,780.00
SALE-003069,PRD-0062,2,6.00,12.00
SALE-003069,PRD-0065,1,25.00,25.00
SALE-003069,PRD-0072,1,18.00,18.00
SALE-003070,PRD-0086,1,15.00,15.00
SALE-003071,PRD-0124,1,1300.00,1300.00
SALE-003071,PRD-0145,1,38.00,38.00
SALE-003071,PRD-0144,1,38.00,38.00
SALE-003072,PRD-0143,1,38.00,38.00
SALE-003073,PRD-0161,2,40.00,80.00
SALE-003073,PRD-0167,3,21.00,63.00
SALE-003073,PRD-0153,1,28.00,28.00
SALE-003073,PRD-0158,2,340.00,680.00
SALE-003074,PRD-0153,1,28.00,28.00
SALE-003075,PRD-0171,1,45.00,45.00
SALE-003076,PRD-0175,1,410.00,410.00
SALE-003076,PRD-0181,2,780.00,1560.00
SALE-003077,PRD-0205,3,54.00,162.00
SALE-003077,PRD-0222,1,45.00,45.00
SALE-003077,PRD-0204,1,12.00,12.00
SALE-003078,PRD-0245,1,264.00,264.00
SALE-003078,PRD-0239,2,449.00,898.00
SALE-003078,PRD-0234,2,149.00,298.00
SALE-003078,PRD-0241,1,149.00,149.00
SALE-003079,PRD-0265,1,45.00,45.00
SALE-003080,PRD-0274,1,20.00,20.00
SALE-003080,PRD-0253,1,46.00,46.00
SALE-003080,PRD-0249,1,165.00,165.00
SALE-003080,PRD-0261,2,15.00,30.00
SALE-003081,PRD-0248,2,120.00,240.00
SALE-003081,PRD-0256,2,190.00,380.00
SALE-003081,PRD-0267,3,35.00,105.00
SALE-003082,PRD-0284,1,40.00,40.00
SALE-003082,PRD-0289,3,150.00,450.00
SALE-003083,PRD-0311,2,25.00,50.00
SALE-003083,PRD-0301,3,135.00,405.00
SALE-003083,PRD-0318,1,35.00,35.00
SALE-003084,PRD-0303,1,440.00,440.00
SALE-003085,PRD-0319,1,38.00,38.00
SALE-003085,PRD-0307,2,190.00,380.00
SALE-003085,PRD-0312,1,15.00,15.00
SALE-003086,PRD-0373,1,20.00,20.00
SALE-003087,PRD-0377,1,199.00,199.00
SALE-003088,PRD-0405,1,46.00,46.00
SALE-003088,PRD-0424,3,90.00,270.00
SALE-003088,PRD-0399,1,1300.00,1300.00
SALE-003088,PRD-0417,1,45.00,45.00
SALE-003089,PRD-0409,1,130.00,130.00
SALE-003089,PRD-0405,1,46.00,46.00
SALE-003090,PRD-0453,1,95.00,95.00
SALE-003090,PRD-0459,1,390.00,390.00
SALE-003090,PRD-0458,1,1200.00,1200.00
SALE-003091,PRD-0501,2,35.00,70.00
SALE-003092,PRD-0503,2,195.00,390.00
SALE-003092,PRD-0488,1,25.00,25.00
SALE-003093,PRD-0505,2,50.00,100.00
SALE-003094,PRD-0531,2,149.00,298.00
SALE-003095,PRD-0575,2,95.00,190.00
SALE-003095,PRD-0555,1,100.00,100.00
SALE-003096,PRD-0567,3,40.00,120.00
SALE-003096,PRD-0574,1,25.00,25.00
SALE-003096,PRD-0564,1,25.00,25.00
SALE-003097,PRD-0639,1,30.00,30.00
SALE-003097,PRD-0638,1,165.00,165.00
SALE-003097,PRD-0654,1,20.00,20.00
SALE-003098,PRD-0639,1,30.00,30.00
SALE-003098,PRD-0649,1,105.00,105.00
SALE-003098,PRD-0650,1,25.00,25.00
SALE-003099,PRD-0660,2,12.00,24.00
SALE-003099,PRD-0657,2,50.00,100.00
SALE-003099,PRD-0663,3,6.00,18.00
SALE-003099,PRD-0659,3,70.00,210.00
SALE-003100,PRD-0676,2,30.00,60.00
SALE-003101,PRD-0681,3,28.00,84.00
SALE-003102,PRD-0726,1,120.00,120.00
SALE-003103,PRD-0730,1,440.00,440.00
SALE-003104,PRD-0754,1,410.00,410.00
SALE-003104,PRD-0773,3,40.00,120.00
SALE-003104,PRD-0759,1,105.00,105.00
SALE-003104,PRD-0775,2,190.00,380.00
SALE-003105,PRD-0793,2,15.00,30.00
SALE-003105,PRD-0798,2,38.00,76.00
SALE-003106,PRD-0781,1,165.00,165.00
SALE-003106,PRD-0784,2,440.00,880.00
SALE-003107,PRD-0810,2,38.00,76.00
SALE-003108,PRD-0826,1,45.00,45.00
SALE-003108,PRD-0816,3,40.00,120.00
SALE-003108,PRD-0808,1,28.00,28.00
SALE-003109,PRD-0851,1,20.00,20.00
SALE-003109,PRD-0844,3,10.00,30.00
SALE-003110,PRD-0872,2,160.00,320.00
SALE-003110,PRD-0874,2,999.00,1998.00
SALE-003111,PRD-0879,2,165.00,330.00
SALE-003111,PRD-0891,3,15.00,45.00
SALE-003112,PRD-0901,1,98.00,98.00
SALE-003112,PRD-0879,2,165.00,330.00
SALE-003112,PRD-0890,1,25.00,25.00
SALE-003113,PRD-0925,1,40.00,40.00
SALE-003113,PRD-0911,3,105.00,315.00
SALE-003113,PRD-0916,2,65.00,130.00
SALE-003113,PRD-0922,3,20.00,60.00
SALE-003114,PRD-0911,9,105.00,945.00
SALE-003114,PRD-0906,8,410.00,3280.00
SALE-003115,PRD-0979,1,35.00,35.00
SALE-003115,PRD-0963,2,130.00,260.00
SALE-003116,PRD-0963,2,130.00,260.00
SALE-003116,PRD-0955,1,165.00,165.00
SALE-003116,PRD-0965,3,30.00,90.00
SALE-003116,PRD-0962,2,190.00,380.00
SALE-003117,PRD-0963,1,130.00,130.00
SALE-003117,PRD-0965,1,30.00,30.00
SALE-003118,PRD-1012,1,899.00,899.00
SALE-003118,PRD-1011,1,349.00,349.00
SALE-003119,PRD-1037,3,1200.00,3600.00
SALE-003119,PRD-1046,1,99.00,99.00
SALE-003119,PRD-1029,1,410.00,410.00
SALE-003119,PRD-1049,3,280.00,840.00
SALE-003120,PRD-1081,2,20.00,40.00
SALE-003121,PRD-1087,3,60.00,180.00
SALE-003121,PRD-1094,1,60.00,60.00
SALE-003122,PRD-1112,3,25.00,75.00
SALE-003122,PRD-1108,1,135.00,135.00
SALE-003123,PRD-1137,1,70.00,70.00
SALE-003124,PRD-1160,2,299.00,598.00
SALE-003124,PRD-1163,2,349.00,698.00
SALE-003124,PRD-1166,1,1299.00,1299.00
SALE-003124,PRD-1159,2,199.00,398.00
SALE-003125,PRD-1211,1,340.00,340.00
SALE-003126,PRD-1224,3,45.00,135.00
SALE-003126,PRD-1206,1,28.00,28.00
SALE-003127,PRD-1208,1,38.00,38.00
SALE-003128,PRD-1240,1,30.00,30.00
SALE-003128,PRD-1247,1,38.00,38.00
SALE-003129,PRD-1245,2,19.00,38.00
SALE-003130,PRD-0026,3,90.00,270.00
SALE-003131,PRD-0004,1,135.00,135.00
SALE-003131,PRD-0014,3,25.00,75.00
SALE-003132,PRD-0047,2,99.00,198.00
SALE-003133,PRD-0091,1,60.00,60.00
SALE-003133,PRD-0085,1,340.00,340.00
SALE-003133,PRD-0083,1,95.00,95.00
SALE-003133,PRD-0089,2,50.00,100.00
SALE-003134,PRD-0080,1,28.00,28.00
SALE-003134,PRD-0084,1,60.00,60.00
SALE-003135,PRD-0102,1,199.00,199.00
SALE-003135,PRD-0111,1,149.00,149.00
SALE-003136,PRD-0147,3,25.00,75.00
SALE-003137,PRD-0145,2,38.00,76.00
SALE-003138,PRD-0159,1,15.00,15.00
SALE-003139,PRD-0172,1,30.00,30.00
SALE-003140,PRD-0175,3,410.00,1230.00
SALE-003140,PRD-0182,2,1750.00,3500.00
SALE-003141,PRD-0198,1,27.00,27.00
SALE-003141,PRD-0195,2,280.00,560.00
SALE-003141,PRD-0183,2,1200.00,2400.00
SALE-003142,PRD-0219,3,25.00,75.00
SALE-003142,PRD-0201,2,50.00,100.00
SALE-003143,PRD-0234,1,149.00,149.00
SALE-003143,PRD-0232,1,1299.00,1299.00
SALE-003144,PRD-0261,2,15.00,30.00
SALE-003145,PRD-0283,2,145.00,290.00
SALE-003145,PRD-0277,1,35.00,35.00
SALE-003146,PRD-0304,2,46.00,92.00
SALE-003146,PRD-0310,3,30.00,90.00
SALE-003147,PRD-0317,2,38.00,76.00
SALE-003147,PRD-0321,1,25.00,25.00
SALE-003148,PRD-0319,2,38.00,76.00
SALE-003149,PRD-0337,2,65.00,130.00
SALE-003149,PRD-0339,3,12.00,36.00
SALE-003149,PRD-0344,1,99.00,99.00
SALE-003149,PRD-0340,1,60.00,60.00
SALE-003150,PRD-0385,2,999.00,1998.00
SALE-003151,PRD-0401,1,165.00,165.00
SALE-003152,PRD-0413,1,15.00,15.00
SALE-003152,PRD-0412,2,25.00,50.00
SALE-003153,PRD-0414,1,32.00,32.00
SALE-003153,PRD-0407,2,150.00,300.00
SALE-003153,PRD-0416,1,18.00,18.00
SALE-003153,PRD-0420,2,38.00,76.00
SALE-003154,PRD-0488,1,25.00,25.00
SALE-003154,PRD-0484,3,190.00,570.00
SALE-003154,PRD-0482,1,25.00,25.00
SALE-003154,PRD-0502,2,20.00,40.00
SALE-003155,PRD-0488,1,25.00,25.00
SALE-003156,PRD-0501,3,35.00,105.00
SALE-003156,PRD-0485,3,130.00,390.00
SALE-003157,PRD-0515,2,30.00,60.00
SALE-003157,PRD-0526,1,45.00,45.00
SALE-003158,PRD-0530,2,299.00,598.00
SALE-003159,PRD-0615,1,60.00,60.00
SALE-003159,PRD-0621,2,40.00,80.00
SALE-003160,PRD-0650,3,25.00,75.00
SALE-003161,PRD-0649,3,105.00,315.00
SALE-003161,PRD-0632,3,440.00,1320.00
SALE-003161,PRD-0639,3,30.00,90.00
SALE-003162,PRD-0685,1,60.00,60.00
SALE-003162,PRD-0689,2,40.00,80.00
SALE-003162,PRD-0682,1,35.00,35.00
SALE-003163,PRD-0681,3,28.00,84.00
SALE-003163,PRD-0683,2,38.00,76.00
SALE-003164,PRD-0812,1,60.00,60.00
SALE-003165,PRD-0839,3,15.00,45.00
SALE-003166,PRD-0890,1,25.00,25.00
SALE-003166,PRD-0893,2,40.00,80.00
SALE-003166,PRD-0879,3,165.00,495.00
SALE-003166,PRD-0892,1,32.00,32.00
SALE-003167,PRD-0885,2,150.00,300.00
SALE-003167,PRD-0882,2,440.00,880.00
SALE-003168,PRD-0945,1,20.00,20.00
SALE-003168,PRD-0946,2,25.00,50.00
SALE-003169,PRD-0974,1,38.00,38.00
SALE-003170,PRD-0969,2,40.00,80.00
SALE-003170,PRD-0967,2,15.00,30.00
SALE-003170,PRD-0963,1,130.00,130.00
SALE-003170,PRD-0981,1,195.00,195.00
SALE-003171,PRD-0993,2,30.00,60.00
SALE-003172,PRD-0987,1,52.00,52.00
SALE-003172,PRD-0985,1,70.00,70.00
SALE-003172,PRD-1005,2,80.00,160.00
SALE-003173,PRD-1005,1,80.00,80.00
SALE-003173,PRD-0986,1,12.00,12.00
SALE-003174,PRD-1007,2,199.00,398.00
SALE-003174,PRD-1016,1,158.00,158.00
SALE-003175,PRD-1062,1,150.00,150.00
SALE-003175,PRD-1059,1,440.00,440.00
SALE-003175,PRD-1070,2,40.00,80.00
SALE-003176,PRD-1091,1,40.00,40.00
SALE-003176,PRD-1101,1,45.00,45.00
SALE-003177,PRD-1129,1,95.00,95.00
SALE-003177,PRD-1116,2,165.00,330.00
SALE-003178,PRD-1122,2,18.00,36.00
SALE-003178,PRD-1111,3,46.00,138.00
SALE-003179,PRD-1126,2,38.00,76.00
SALE-003179,PRD-1132,1,20.00,20.00
SALE-003180,PRD-1140,2,5.00,10.00
SALE-003181,PRD-1168,3,149.00,447.00
SALE-003182,PRD-1209,2,95.00,190.00
SALE-003183,PRD-1212,1,15.00,15.00
SALE-003183,PRD-1223,2,90.00,180.00
SALE-003183,PRD-1207,1,35.00,35.00
SALE-003184,PRD-1218,1,90.00,90.00
SALE-003184,PRD-1227,2,124.00,248.00
SALE-003184,PRD-1221,2,25.00,50.00
SALE-003184,PRD-1207,2,35.00,70.00
SALE-003185,PRD-1235,1,25.00,25.00
SALE-003185,PRD-1243,2,32.00,64.00
SALE-003186,PRD-1242,1,15.00,15.00
SALE-003187,PRD-1230,1,165.00,165.00
SALE-003187,PRD-1246,1,45.00,45.00
SALE-003188,PRD-1229,1,120.00,120.00
SALE-003189,PRD-0023,1,113.00,113.00
SALE-003190,PRD-0001,2,1300.00,2600.00
SALE-003190,PRD-0011,2,130.00,260.00
SALE-003190,PRD-0005,2,100.00,200.00
SALE-003190,PRD-0006,3,440.00,1320.00
SALE-003191,PRD-0014,3,25.00,75.00
SALE-003191,PRD-0025,2,95.00,190.00
SALE-003191,PRD-0029,1,195.00,195.00
SALE-003192,PRD-0034,7,130.00,910.00
SALE-003192,PRD-0044,16,290.00,4640.00
SALE-003193,PRD-0059,1,12.00,12.00
SALE-003194,PRD-0056,1,50.00,50.00
SALE-003194,PRD-0058,2,70.00,140.00
SALE-003194,PRD-0062,1,6.00,6.00
SALE-003195,PRD-0081,2,35.00,70.00
SALE-003195,PRD-0098,1,45.00,45.00
SALE-003196,PRD-0116,1,449.00,449.00
SALE-003196,PRD-0121,2,999.00,1998.00
SALE-003197,PRD-0111,2,149.00,298.00
SALE-003197,PRD-0112,1,199.00,199.00
SALE-003197,PRD-0105,2,599.00,1198.00
SALE-003198,PRD-0167,1,21.00,21.00
SALE-003198,PRD-0162,2,50.00,100.00
SALE-003199,PRD-0175,1,410.00,410.00
SALE-003199,PRD-0177,1,20.00,20.00
SALE-003200,PRD-0175,21,410.00,8610.00
SALE-003200,PRD-0180,8,105.00,840.00
SALE-003200,PRD-0178,6,95.00,570.00
SALE-003201,PRD-0189,7,290.00,2030.00
SALE-003202,PRD-0202,1,60.00,60.00
SALE-003203,PRD-0256,2,190.00,380.00
SALE-003203,PRD-0257,2,130.00,260.00
SALE-003204,PRD-0252,1,465.00,465.00
SALE-003205,PRD-0282,1,15.00,15.00
SALE-003205,PRD-0276,2,28.00,56.00
SALE-003206,PRD-0411,2,30.00,60.00
SALE-003206,PRD-0424,2,90.00,180.00
SALE-003207,PRD-0417,2,45.00,90.00
SALE-003207,PRD-0406,2,25.00,50.00
SALE-003208,PRD-0428,3,28.00,84.00
SALE-003208,PRD-0433,1,340.00,340.00
SALE-003209,PRD-0446,2,45.00,90.00
SALE-003209,PRD-0434,2,15.00,30.00
SALE-003210,PRD-0434,1,15.00,15.00
SALE-003210,PRD-0445,2,90.00,180.00
SALE-003210,PRD-0440,3,90.00,270.00
SALE-003210,PRD-0438,1,35.00,35.00
SALE-003211,PRD-0452,4,20.00,80.00
SALE-003211,PRD-0464,7,290.00,2030.00
SALE-003211,PRD-0451,4,210.00,840.00
SALE-003211,PRD-0455,9,105.00,945.00
SALE-003212,PRD-0487,2,30.00,60.00
SALE-003212,PRD-0481,3,46.00,138.00
SALE-003213,PRD-0507,3,70.00,210.00
SALE-003213,PRD-0528,1,35.00,35.00
SALE-003213,PRD-0508,1,12.00,12.00
SALE-003214,PRD-0536,1,1299.00,1299.00
SALE-003215,PRD-0566,1,32.00,32.00
SALE-003215,PRD-0558,1,25.00,25.00
SALE-003216,PRD-0582,1,38.00,38.00
SALE-003216,PRD-0580,1,28.00,28.00
SALE-003217,PRD-0641,1,15.00,15.00
SALE-003217,PRD-0636,2,190.00,380.00
SALE-003218,PRD-0659,3,70.00,210.00
SALE-003219,PRD-0657,3,50.00,150.00
SALE-003220,PRD-0689,2,40.00,80.00
SALE-003221,PRD-0739,2,15.00,30.00
SALE-003222,PRD-0778,3,150.00,450.00
SALE-003222,PRD-0768,2,290.00,580.00
SALE-003222,PRD-0754,1,410.00,410.00
SALE-003223,PRD-0828,2,30.00,60.00
SALE-003223,PRD-0822,1,20.00,20.00
SALE-003224,PRD-0814,1,16.00,16.00
SALE-003224,PRD-0818,2,35.00,70.00
SALE-003224,PRD-0809,2,35.00,70.00
SALE-003224,PRD-0819,3,60.00,180.00
SALE-003225,PRD-0819,1,60.00,60.00
SALE-003225,PRD-0816,1,40.00,40.00
SALE-003225,PRD-0808,3,28.00,84.00
SALE-003226,PRD-0840,2,25.00,50.00
SALE-003226,PRD-0834,1,12.00,12.00
SALE-003227,PRD-0864,2,149.00,298.00
SALE-003227,PRD-0865,3,199.00,597.00
SALE-003228,PRD-0863,1,999.00,999.00
SALE-003228,PRD-0855,3,199.00,597.00
SALE-003228,PRD-0864,3,149.00,447.00
SALE-003229,PRD-0882,1,440.00,440.00
SALE-003230,PRD-0893,1,40.00,40.00
SALE-003231,PRD-0923,1,99.00,99.00
SALE-003231,PRD-0919,2,60.00,120.00
SALE-003232,PRD-0959,3,46.00,138.00
SALE-003232,PRD-0960,1,25.00,25.00
SALE-003233,PRD-0986,1,12.00,12.00
SALE-003233,PRD-0983,1,50.00,50.00
SALE-003233,PRD-0997,3,35.00,105.00
SALE-003234,PRD-0984,2,60.00,120.00
SALE-003234,PRD-0985,1,70.00,70.00
SALE-003234,PRD-0983,3,50.00,150.00
SALE-003234,PRD-0997,1,35.00,35.00
SALE-003235,PRD-1001,1,25.00,25.00
SALE-003236,PRD-1041,3,12.00,36.00
SALE-003236,PRD-1034,1,105.00,105.00
SALE-003237,PRD-1055,3,120.00,360.00
SALE-003238,PRD-1084,2,35.00,70.00
SALE-003238,PRD-1083,1,28.00,28.00
SALE-003239,PRD-1113,2,150.00,300.00
SALE-003239,PRD-1111,1,46.00,46.00
SALE-003239,PRD-1119,2,15.00,30.00
SALE-003239,PRD-1127,1,105.00,105.00
SALE-003240,PRD-1111,1,46.00,46.00
SALE-003241,PRD-1151,1,18.00,18.00
SALE-003242,PRD-1137,3,70.00,210.00
SALE-003242,PRD-1155,2,20.00,40.00
SALE-003242,PRD-1144,2,25.00,50.00
SALE-003243,PRD-1208,1,38.00,38.00
SALE-003243,PRD-1206,2,28.00,56.00
SALE-003244,PRD-1221,1,25.00,25.00
SALE-003244,PRD-1214,3,40.00,120.00
SALE-003244,PRD-1220,2,20.00,40.00
SALE-003244,PRD-1207,2,35.00,70.00
SALE-003245,PRD-1253,1,90.00,90.00
SALE-003245,PRD-1235,1,25.00,25.00
SALE-003246,PRD-0023,1,113.00,113.00
SALE-003246,PRD-0018,1,18.00,18.00
SALE-003247,PRD-0016,2,32.00,64.00
SALE-003248,PRD-0147,2,25.00,50.00
SALE-003249,PRD-0185,1,65.00,65.00
SALE-003249,PRD-0192,1,99.00,99.00
SALE-003249,PRD-0184,2,390.00,780.00
SALE-003249,PRD-0198,2,27.00,54.00
SALE-003250,PRD-0206,1,5.00,5.00
SALE-003250,PRD-0210,1,25.00,25.00
SALE-003250,PRD-0201,1,50.00,50.00
SALE-003251,PRD-0255,1,150.00,150.00
SALE-003251,PRD-0260,1,25.00,25.00
SALE-003252,PRD-0258,2,165.00,330.00
SALE-003252,PRD-0259,2,30.00,60.00
SALE-003252,PRD-0255,1,150.00,150.00
SALE-003253,PRD-0303,2,440.00,880.00
SALE-003254,PRD-0317,1,38.00,38.00
SALE-003254,PRD-0306,1,150.00,150.00
SALE-003255,PRD-0344,2,99.00,198.00
SALE-003256,PRD-0379,2,149.00,298.00
SALE-003256,PRD-0383,1,299.00,299.00
SALE-003256,PRD-0398,1,99.00,99.00
SALE-003257,PRD-0393,2,149.00,298.00
SALE-003257,PRD-0396,1,999.00,999.00
SALE-003257,PRD-0387,1,199.00,199.00
SALE-003257,PRD-0377,2,199.00,398.00
SALE-003258,PRD-0402,2,135.00,270.00
SALE-003258,PRD-0405,1,46.00,46.00
SALE-003258,PRD-0423,3,100.00,300.00
SALE-003259,PRD-0407,1,150.00,150.00
SALE-003259,PRD-0413,1,15.00,15.00
SALE-003260,PRD-0434,3,15.00,45.00
SALE-003260,PRD-0446,1,45.00,45.00
SALE-003261,PRD-0435,1,145.00,145.00
SALE-003261,PRD-0428,1,28.00,28.00
SALE-003261,PRD-0443,1,25.00,25.00
SALE-003261,PRD-0449,1,120.00,120.00
SALE-003262,PRD-0461,1,160.00,160.00
SALE-003262,PRD-0457,2,1840.00,3680.00
SALE-003263,PRD-0489,1,15.00,15.00
SALE-003263,PRD-0500,2,90.00,180.00
SALE-003263,PRD-0480,1,462.00,462.00
SALE-003264,PRD-0489,3,15.00,45.00
SALE-003264,PRD-0479,3,100.00,300.00
SALE-003264,PRD-0477,3,165.00,495.00
SALE-003265,PRD-0538,1,149.00,149.00
SALE-003265,PRD-0544,1,99.00,99.00
SALE-003265,PRD-0529,2,199.00,398.00
SALE-003265,PRD-0543,3,449.00,1347.00
SALE-003266,PRD-0561,3,130.00,390.00
SALE-003266,PRD-0571,2,35.00,70.00
SALE-003266,PRD-0564,1,25.00,25.00
SALE-003267,PRD-0571,2,35.00,70.00
SALE-003267,PRD-0558,1,25.00,25.00
SALE-003267,PRD-0559,2,154.00,308.00
SALE-003267,PRD-0555,2,100.00,200.00
SALE-003268,PRD-0598,1,45.00,45.00
SALE-003268,PRD-0588,1,40.00,40.00
SALE-003269,PRD-0617,1,240.00,240.00
SALE-003269,PRD-0623,1,190.00,190.00
SALE-003269,PRD-0614,1,12.00,12.00
SALE-003270,PRD-0645,1,45.00,45.00
SALE-003270,PRD-0640,1,25.00,25.00
SALE-003270,PRD-0641,2,15.00,30.00
SALE-003270,PRD-0638,1,165.00,165.00
SALE-003271,PRD-0650,1,25.00,25.00
SALE-003271,PRD-0641,1,15.00,15.00
SALE-003272,PRD-0681,1,28.00,28.00
SALE-003272,PRD-0693,1,90.00,90.00
SALE-003273,PRD-0707,2,349.00,698.00
SALE-003273,PRD-0713,1,199.00,199.00
SALE-003273,PRD-0706,2,599.00,1198.00
SALE-003273,PRD-0711,2,999.00,1998.00
SALE-003274,PRD-0712,1,149.00,149.00
SALE-003274,PRD-0703,1,199.00,199.00
SALE-003274,PRD-0723,1,249.00,249.00
SALE-003274,PRD-0710,3,1299.00,3897.00
SALE-003275,PRD-0746,1,40.00,40.00
SALE-003275,PRD-0731,3,46.00,138.00
SALE-003276,PRD-0737,2,30.00,60.00
SALE-003277,PRD-0766,2,12.00,24.00
SALE-003278,PRD-0779,1,1300.00,1300.00
SALE-003278,PRD-0781,1,165.00,165.00
SALE-003278,PRD-0791,2,30.00,60.00
SALE-003279,PRD-0782,1,135.00,135.00
SALE-003280,PRD-0844,2,10.00,20.00
SALE-003280,PRD-0831,2,50.00,100.00
SALE-003281,PRD-0907,10,210.00,2100.00
SALE-003281,PRD-0912,2,780.00,1560.00
SALE-003281,PRD-0923,3,99.00,297.00
SALE-003282,PRD-0924,1,1650.00,1650.00
SALE-003283,PRD-0932,1,35.00,35.00
SALE-003283,PRD-0944,1,150.00,150.00
SALE-003283,PRD-0948,1,90.00,90.00
SALE-003283,PRD-0942,3,60.00,180.00
SALE-003284,PRD-0956,1,135.00,135.00
SALE-003284,PRD-0959,2,46.00,92.00
SALE-003285,PRD-0967,2,15.00,30.00
SALE-003285,PRD-0959,2,46.00,92.00
SALE-003286,PRD-0999,2,18.00,36.00
SALE-003286,PRD-0983,2,50.00,100.00
SALE-003286,PRD-0985,2,70.00,140.00
SALE-003287,PRD-0984,3,60.00,180.00
SALE-003288,PRD-1035,2,780.00,1560.00
SALE-003288,PRD-1037,1,1200.00,1200.00
SALE-003289,PRD-1033,1,120.00,120.00
SALE-003289,PRD-1042,1,60.00,60.00
SALE-003289,PRD-1029,3,410.00,1230.00
SALE-003289,PRD-1052,2,25.00,50.00
SALE-003290,PRD-1061,1,25.00,25.00
SALE-003290,PRD-1063,1,190.00,190.00
SALE-003290,PRD-1065,3,165.00,495.00
SALE-003290,PRD-1072,3,45.00,135.00
SALE-003291,PRD-1084,1,35.00,35.00
SALE-003292,PRD-1125,1,35.00,35.00
SALE-003292,PRD-1111,1,46.00,46.00
SALE-003292,PRD-1115,3,130.00,390.00
SALE-003293,PRD-1123,1,45.00,45.00
SALE-003294,PRD-1158,1,35.00,35.00
SALE-003294,PRD-1136,1,60.00,60.00
SALE-003294,PRD-1157,1,80.00,80.00
SALE-003295,PRD-1140,1,5.00,5.00
SALE-003295,PRD-1151,2,18.00,36.00
SALE-003296,PRD-1160,3,299.00,897.00
SALE-003296,PRD-1159,2,199.00,398.00
SALE-003296,PRD-1172,2,599.00,1198.00
SALE-003296,PRD-1162,1,599.00,599.00
SALE-003297,PRD-1189,1,1260.00,1260.00
SALE-003297,PRD-1204,1,25.00,25.00
SALE-003297,PRD-1182,5,210.00,1050.00
SALE-003297,PRD-1185,14,120.00,1680.00
SALE-003298,PRD-1214,1,40.00,40.00
SALE-003298,PRD-1219,2,150.00,300.00
SALE-003298,PRD-1212,1,15.00,15.00
SALE-003299,PRD-1206,3,28.00,84.00
SALE-003299,PRD-1224,2,45.00,90.00
SALE-003300,PRD-1206,2,28.00,56.00
SALE-003301,PRD-1233,3,440.00,1320.00
SALE-003301,PRD-1247,2,38.00,76.00
SALE-003302,PRD-0085,3,340.00,1020.00
SALE-003302,PRD-0089,1,50.00,50.00
SALE-003303,PRD-0086,1,15.00,15.00
SALE-003303,PRD-0081,1,35.00,35.00
SALE-003303,PRD-0094,3,20.00,60.00
SALE-003303,PRD-0082,1,38.00,38.00
SALE-003304,PRD-0133,2,190.00,380.00
SALE-003304,PRD-0129,3,465.00,1395.00
SALE-003305,PRD-0155,1,38.00,38.00
SALE-003306,PRD-0155,2,38.00,76.00
SALE-003306,PRD-0154,1,35.00,35.00
SALE-003307,PRD-0207,1,6.00,6.00
SALE-003307,PRD-0206,3,5.00,15.00
SALE-003307,PRD-0201,2,50.00,100.00
SALE-003308,PRD-0255,1,150.00,150.00
SALE-003309,PRD-0263,1,40.00,40.00
SALE-003310,PRD-0289,2,150.00,300.00
SALE-003310,PRD-0284,2,40.00,80.00
SALE-003310,PRD-0279,1,95.00,95.00
SALE-003310,PRD-0287,1,60.00,60.00
SALE-003311,PRD-0293,1,90.00,90.00
SALE-003311,PRD-0290,1,20.00,20.00
SALE-003312,PRD-0310,1,30.00,30.00
SALE-003312,PRD-0311,1,25.00,25.00
SALE-003313,PRD-0300,2,165.00,330.00
SALE-003314,PRD-0307,1,190.00,190.00
SALE-003315,PRD-0423,2,100.00,200.00
SALE-003315,PRD-0421,2,105.00,210.00
SALE-003315,PRD-0418,2,38.00,76.00
SALE-003315,PRD-0405,1,46.00,46.00
SALE-003316,PRD-0400,2,120.00,240.00
SALE-003317,PRD-0447,1,30.00,30.00
SALE-003317,PRD-0428,2,28.00,56.00
SALE-003318,PRD-0430,1,38.00,38.00
SALE-003318,PRD-0434,1,15.00,15.00
SALE-003318,PRD-0429,1,35.00,35.00
SALE-003319,PRD-0466,2,20.00,40.00
SALE-003319,PRD-0468,1,1650.00,1650.00
SALE-003320,PRD-0458,2,1200.00,2400.00
SALE-003320,PRD-0450,2,410.00,820.00
SALE-003321,PRD-0483,3,150.00,450.00
SALE-003321,PRD-0498,1,25.00,25.00
SALE-003322,PRD-0516,1,60.00,60.00
SALE-003323,PRD-0538,3,149.00,447.00
SALE-003324,PRD-0565,3,15.00,45.00
SALE-003325,PRD-0553,2,165.00,330.00
SALE-003325,PRD-0565,1,15.00,15.00
SALE-003325,PRD-0572,2,38.00,76.00
SALE-003326,PRD-0573,1,105.00,105.00
SALE-003327,PRD-0597,2,90.00,180.00
SALE-003327,PRD-0594,1,20.00,20.00
SALE-003327,PRD-0580,1,28.00,28.00
SALE-003327,PRD-0581,1,35.00,35.00
SALE-003328,PRD-0611,2,390.00,780.00
SALE-003329,PRD-0655,1,195.00,195.00
SALE-003329,PRD-0646,1,38.00,38.00
SALE-003329,PRD-0643,1,40.00,40.00
SALE-003329,PRD-0637,2,130.00,260.00
SALE-003330,PRD-0671,2,35.00,70.00
SALE-003330,PRD-0657,3,50.00,150.00
SALE-003330,PRD-0658,1,60.00,60.00
SALE-003330,PRD-0660,2,12.00,24.00
SALE-003331,PRD-0682,1,35.00,35.00
SALE-003332,PRD-0713,3,199.00,597.00
SALE-003332,PRD-0707,1,349.00,349.00
SALE-003333,PRD-0706,3,599.00,1797.00
SALE-003333,PRD-0723,1,249.00,249.00
SALE-003334,PRD-0726,1,120.00,120.00
SALE-003334,PRD-0745,1,35.00,35.00
SALE-003335,PRD-0741,2,40.00,80.00
SALE-003335,PRD-0739,3,15.00,45.00
SALE-003336,PRD-0800,1,38.00,38.00
SALE-003336,PRD-0801,1,110.00,110.00
SALE-003336,PRD-0804,2,90.00,180.00
SALE-003336,PRD-0785,1,46.00,46.00
SALE-003337,PRD-0805,2,35.00,70.00
SALE-003337,PRD-0789,1,130.00,130.00
SALE-003337,PRD-0787,3,150.00,450.00
SALE-003338,PRD-0825,1,90.00,90.00
SALE-003338,PRD-0816,1,40.00,40.00
SALE-003339,PRD-0816,1,40.00,40.00
SALE-003339,PRD-0808,2,28.00,56.00
SALE-003339,PRD-0822,1,20.00,20.00
SALE-003340,PRD-0808,1,28.00,28.00
SALE-003340,PRD-0822,3,20.00,60.00
SALE-003341,PRD-0847,1,18.00,18.00
SALE-003342,PRD-0870,2,99.00,198.00
SALE-003343,PRD-0865,2,199.00,398.00
SALE-003343,PRD-0863,2,999.00,1998.00
SALE-003344,PRD-0879,2,165.00,330.00
SALE-003344,PRD-0883,1,46.00,46.00
SALE-003345,PRD-0878,1,120.00,120.00
SALE-003345,PRD-0885,1,150.00,150.00
SALE-003345,PRD-0894,3,18.00,54.00
SALE-003346,PRD-0921,2,240.00,480.00
SALE-003346,PRD-0929,2,25.00,50.00
SALE-003347,PRD-0976,1,28.00,28.00
SALE-003348,PRD-0972,2,40.00,80.00
SALE-003349,PRD-0988,3,5.00,15.00
SALE-003349,PRD-0985,2,70.00,140.00
SALE-003350,PRD-0991,1,15.00,15.00
SALE-003350,PRD-0997,1,35.00,35.00
SALE-003350,PRD-0992,2,26.00,52.00
SALE-003350,PRD-0982,2,280.00,560.00
SALE-003351,PRD-0987,3,52.00,156.00
SALE-003351,PRD-0983,1,50.00,50.00
SALE-003352,PRD-1076,3,108.00,324.00
SALE-003352,PRD-1068,1,15.00,15.00
SALE-003352,PRD-1077,1,25.00,25.00
SALE-003353,PRD-1079,1,90.00,90.00
SALE-003353,PRD-1061,1,25.00,25.00
SALE-003353,PRD-1082,1,195.00,195.00
SALE-003354,PRD-1085,1,38.00,38.00
SALE-003354,PRD-1083,1,28.00,28.00
SALE-003354,PRD-1086,1,95.00,95.00
SALE-003354,PRD-1093,3,35.00,105.00
SALE-003355,PRD-1126,3,38.00,114.00
SALE-003355,PRD-1116,3,165.00,495.00
SALE-003356,PRD-1108,2,135.00,270.00
SALE-003356,PRD-1129,1,95.00,95.00
SALE-003357,PRD-1160,3,299.00,897.00
SALE-003358,PRD-1176,1,149.00,149.00
SALE-003358,PRD-1169,1,199.00,199.00
SALE-003358,PRD-1179,2,249.00,498.00
SALE-003359,PRD-1202,1,190.00,190.00
SALE-003359,PRD-1189,1,1260.00,1260.00
SALE-003359,PRD-1191,2,65.00,130.00
SALE-003360,PRD-1216,3,35.00,105.00
SALE-003360,PRD-1226,2,30.00,60.00
SALE-003360,PRD-1223,1,90.00,90.00
SALE-003361,PRD-1206,2,28.00,56.00
SALE-003361,PRD-1207,1,35.00,35.00
SALE-003361,PRD-1217,3,60.00,180.00
SALE-003361,PRD-1215,1,50.00,50.00
SALE-003362,PRD-1242,2,15.00,30.00
SALE-003363,PRD-1235,2,25.00,50.00
SALE-003363,PRD-1242,2,15.00,30.00
SALE-003363,PRD-1243,2,32.00,64.00
SALE-003364,PRD-0011,2,130.00,260.00
SALE-003364,PRD-0013,2,30.00,60.00
SALE-003364,PRD-0014,2,25.00,50.00
SALE-003365,PRD-0014,3,25.00,75.00
SALE-003366,PRD-0009,1,150.00,150.00
SALE-003366,PRD-0020,1,38.00,38.00
SALE-003367,PRD-0033,1,95.00,95.00
SALE-003367,PRD-0043,1,60.00,60.00
SALE-003368,PRD-0051,1,190.00,190.00
SALE-003368,PRD-0042,3,12.00,36.00
SALE-003369,PRD-0063,2,130.00,260.00
SALE-003370,PRD-0063,1,130.00,130.00
SALE-003371,PRD-0091,2,60.00,120.00
SALE-003371,PRD-0082,2,38.00,76.00
SALE-003372,PRD-0082,2,38.00,76.00
SALE-003372,PRD-0086,2,15.00,30.00
SALE-003373,PRD-0086,3,15.00,45.00
SALE-003373,PRD-0100,1,30.00,30.00
SALE-003373,PRD-0081,1,35.00,35.00
SALE-003373,PRD-0080,1,28.00,28.00
SALE-003374,PRD-0111,2,149.00,298.00
SALE-003375,PRD-0128,1,100.00,100.00
SALE-003375,PRD-0135,2,165.00,330.00
SALE-003376,PRD-0141,3,18.00,54.00
SALE-003376,PRD-0131,3,25.00,75.00
SALE-003376,PRD-0124,1,1300.00,1300.00
SALE-003376,PRD-0127,1,135.00,135.00
SALE-003377,PRD-0187,1,12.00,12.00
SALE-003377,PRD-0192,3,99.00,297.00
SALE-003377,PRD-0198,1,27.00,27.00
SALE-003377,PRD-0189,1,290.00,290.00
SALE-003378,PRD-0191,1,20.00,20.00
SALE-003378,PRD-0184,1,390.00,390.00
SALE-003379,PRD-0188,3,60.00,180.00
SALE-003379,PRD-0181,1,780.00,780.00
SALE-003380,PRD-0219,3,25.00,75.00
SALE-003380,PRD-0205,1,54.00,54.00
SALE-003381,PRD-0269,2,105.00,210.00
SALE-003381,PRD-0268,2,38.00,76.00
SALE-003382,PRD-0270,3,25.00,75.00
SALE-003383,PRD-0276,1,28.00,28.00
SALE-003383,PRD-0295,1,30.00,30.00
SALE-003383,PRD-0284,2,40.00,80.00
SALE-003383,PRD-0294,1,50.00,50.00
SALE-003384,PRD-0288,1,90.00,90.00
SALE-003384,PRD-0295,2,30.00,60.00
SALE-003384,PRD-0281,1,340.00,340.00
SALE-003385,PRD-0302,3,100.00,300.00
SALE-003385,PRD-0300,2,165.00,330.00
SALE-003386,PRD-0311,2,25.00,50.00
SALE-003386,PRD-0313,2,32.00,64.00
SALE-003386,PRD-0323,2,90.00,180.00
SALE-003387,PRD-0327,3,410.00,1230.00
SALE-003387,PRD-0343,2,20.00,40.00
SALE-003388,PRD-0344,1,99.00,99.00
SALE-003388,PRD-0345,3,1650.00,4950.00
SALE-003388,PRD-0337,2,65.00,130.00
SALE-003388,PRD-0336,3,390.00,1170.00
SALE-003389,PRD-0353,1,50.00,50.00
SALE-003390,PRD-0397,1,249.00,249.00
SALE-003390,PRD-0380,2,599.00,1198.00
SALE-003390,PRD-0390,1,599.00,599.00
SALE-003391,PRD-0386,1,149.00,149.00
SALE-003392,PRD-0407,1,150.00,150.00
SALE-003392,PRD-0427,1,195.00,195.00
SALE-003392,PRD-0412,2,25.00,50.00
SALE-003393,PRD-0426,1,20.00,20.00
SALE-003393,PRD-0413,2,15.00,30.00
SALE-003394,PRD-0439,3,60.00,180.00
SALE-003394,PRD-0447,1,30.00,30.00
SALE-003395,PRD-0434,1,15.00,15.00
SALE-003395,PRD-0429,3,35.00,105.00
SALE-003396,PRD-0438,1,35.00,35.00
SALE-003396,PRD-0446,1,45.00,45.00
SALE-003397,PRD-0457,1,1840.00,1840.00
SALE-003397,PRD-0469,2,40.00,80.00
SALE-003397,PRD-0450,8,410.00,3280.00
SALE-003397,PRD-0456,1,780.00,780.00
SALE-003398,PRD-0482,2,25.00,50.00
SALE-003398,PRD-0481,2,46.00,92.00
SALE-003398,PRD-0486,1,165.00,165.00
SALE-003399,PRD-0494,1,38.00,38.00
SALE-003399,PRD-0501,2,35.00,70.00
SALE-003399,PRD-0496,1,38.00,38.00
SALE-003400,PRD-0572,2,38.00,76.00
SALE-003401,PRD-0580,1,28.00,28.00
SALE-003401,PRD-0582,1,38.00,38.00
SALE-003401,PRD-0597,2,90.00,180.00
SALE-003402,PRD-0648,3,38.00,114.00
SALE-003403,PRD-0661,3,50.00,150.00
SALE-003403,PRD-0664,3,130.00,390.00
SALE-003404,PRD-0695,1,20.00,20.00
SALE-003404,PRD-0689,1,40.00,40.00
SALE-003404,PRD-0685,1,60.00,60.00
SALE-003404,PRD-0697,1,650.00,650.00
SALE-003405,PRD-0691,3,35.00,105.00
SALE-003405,PRD-0701,1,30.00,30.00
SALE-003405,PRD-0688,2,145.00,290.00
SALE-003406,PRD-0699,3,45.00,135.00
SALE-003406,PRD-0681,1,28.00,28.00
SALE-003406,PRD-0692,1,60.00,60.00
SALE-003407,PRD-0691,2,35.00,70.00
SALE-003407,PRD-0683,1,38.00,38.00
SALE-003407,PRD-0688,2,145.00,290.00
SALE-003407,PRD-0681,1,28.00,28.00
SALE-003408,PRD-0716,3,599.00,1797.00
SALE-003409,PRD-0739,1,15.00,15.00
SALE-003409,PRD-0729,1,100.00,100.00
SALE-003409,PRD-0730,1,440.00,440.00
SALE-003410,PRD-0737,3,30.00,90.00
SALE-003410,PRD-0732,1,25.00,25.00
SALE-003411,PRD-0787,1,150.00,150.00
SALE-003411,PRD-0784,3,440.00,1320.00
SALE-003411,PRD-0781,1,165.00,165.00
SALE-003411,PRD-0793,1,15.00,15.00
SALE-003412,PRD-0790,2,165.00,330.00
SALE-003412,PRD-0786,2,25.00,50.00
SALE-003413,PRD-0799,3,35.00,105.00
SALE-003414,PRD-0816,2,40.00,80.00
SALE-003414,PRD-0812,1,60.00,60.00
SALE-003415,PRD-0820,2,90.00,180.00
SALE-003415,PRD-0816,1,40.00,40.00
SALE-003415,PRD-0808,1,28.00,28.00
SALE-003415,PRD-0815,2,145.00,290.00
SALE-003416,PRD-0840,1,25.00,25.00
SALE-003416,PRD-0847,2,18.00,36.00
SALE-003417,PRD-0890,3,25.00,75.00
SALE-003418,PRD-0904,1,20.00,20.00
SALE-003418,PRD-0883,1,46.00,46.00
SALE-003418,PRD-0890,2,25.00,50.00
SALE-003419,PRD-0910,1,120.00,120.00
SALE-003419,PRD-0908,2,20.00,40.00
SALE-003420,PRD-0919,3,60.00,180.00
SALE-003420,PRD-0909,6,95.00,570.00
SALE-003421,PRD-0931,2,28.00,56.00
SALE-003421,PRD-0933,1,38.00,38.00
SALE-003421,PRD-0941,1,35.00,35.00
SALE-003422,PRD-0931,1,28.00,28.00
SALE-003422,PRD-0951,1,30.00,30.00
SALE-003422,PRD-0949,2,45.00,90.00
SALE-003422,PRD-0940,3,50.00,150.00
SALE-003423,PRD-0957,3,100.00,300.00
SALE-003423,PRD-0962,1,190.00,190.00
SALE-003424,PRD-1009,2,149.00,298.00
SALE-003424,PRD-1010,1,599.00,599.00
SALE-003424,PRD-1023,2,149.00,298.00
SALE-003424,PRD-1021,1,462.00,462.00
SALE-003425,PRD-1042,1,60.00,60.00
SALE-003425,PRD-1029,1,410.00,410.00
SALE-003425,PRD-1039,1,65.00,65.00
SALE-003425,PRD-1032,2,95.00,190.00
SALE-003426,PRD-1076,2,108.00,216.00
SALE-003427,PRD-1127,3,105.00,315.00
SALE-003427,PRD-1109,1,100.00,100.00
SALE-003428,PRD-1116,1,165.00,165.00
SALE-003428,PRD-1110,1,440.00,440.00
SALE-003428,PRD-1112,1,25.00,25.00
SALE-003429,PRD-1197,1,20.00,20.00
SALE-003430,PRD-1216,1,35.00,35.00
SALE-003430,PRD-1206,2,28.00,56.00
SALE-003430,PRD-1207,1,35.00,35.00
SALE-003431,PRD-1230,2,165.00,330.00
SALE-003431,PRD-1247,3,38.00,114.00
SALE-003432,PRD-1253,1,90.00,90.00
SALE-003432,PRD-1232,2,100.00,200.00
SALE-003432,PRD-1243,1,32.00,32.00
SALE-003433,PRD-0029,1,195.00,195.00
SALE-003433,PRD-0007,2,46.00,92.00
SALE-003433,PRD-0003,1,165.00,165.00
SALE-003433,PRD-0009,1,150.00,150.00
SALE-003434,PRD-0004,1,135.00,135.00
SALE-003434,PRD-0014,2,25.00,50.00
SALE-003434,PRD-0028,2,20.00,40.00
SALE-003434,PRD-0003,2,165.00,330.00
SALE-003435,PRD-0007,1,46.00,46.00
SALE-003436,PRD-0059,1,12.00,12.00
SALE-003437,PRD-0094,1,20.00,20.00
SALE-003438,PRD-0088,1,40.00,40.00
SALE-003438,PRD-0081,3,35.00,105.00
SALE-003439,PRD-0125,1,120.00,120.00
SALE-003440,PRD-0137,2,25.00,50.00
SALE-003440,PRD-0132,3,150.00,450.00
SALE-003440,PRD-0127,2,135.00,270.00
SALE-003440,PRD-0151,2,20.00,40.00
SALE-003441,PRD-0152,2,201.00,402.00
SALE-003442,PRD-0184,2,390.00,780.00
SALE-003442,PRD-0187,2,12.00,24.00
SALE-003443,PRD-0199,2,150.00,300.00
SALE-003443,PRD-0176,1,210.00,210.00
SALE-003443,PRD-0195,2,280.00,560.00
SALE-003444,PRD-0259,1,30.00,30.00
SALE-003444,PRD-0256,2,190.00,380.00
SALE-003445,PRD-0261,2,15.00,30.00
SALE-003445,PRD-0256,2,190.00,380.00
SALE-003445,PRD-0257,1,130.00,130.00
SALE-003446,PRD-0305,2,25.00,50.00
SALE-003447,PRD-0317,1,40.00,40.00
SALE-003447,PRD-0314,3,40.00,120.00
SALE-003448,PRD-0407,1,150.00,150.00
SALE-003448,PRD-0409,2,130.00,260.00
SALE-003448,PRD-0404,1,465.00,465.00
SALE-003449,PRD-0403,1,100.00,100.00
SALE-003449,PRD-0401,3,165.00,495.00
SALE-003450,PRD-0419,2,37.00,74.00
SALE-003451,PRD-0422,1,25.00,25.00
SALE-003451,PRD-0417,1,45.00,45.00
SALE-003451,PRD-0413,1,15.00,15.00
SALE-003452,PRD-0451,2,210.00,420.00
SALE-003452,PRD-0463,1,60.00,60.00
SALE-003452,PRD-0458,1,1200.00,1200.00
SALE-003452,PRD-0452,1,20.00,20.00
SALE-003453,PRD-0481,1,46.00,46.00
SALE-003454,PRD-0481,2,46.00,92.00
SALE-003455,PRD-0481,2,46.00,92.00
SALE-003455,PRD-0488,2,25.00,50.00
SALE-003455,PRD-0492,3,18.00,54.00
SALE-003455,PRD-0494,1,38.00,38.00
SALE-003456,PRD-0488,2,25.00,50.00
SALE-003457,PRD-0519,2,35.00,70.00
SALE-003458,PRD-0573,3,105.00,315.00
SALE-003459,PRD-0557,2,46.00,92.00
SALE-003460,PRD-0632,1,440.00,440.00
SALE-003460,PRD-0629,1,165.00,165.00
SALE-003461,PRD-0635,2,150.00,300.00
SALE-003462,PRD-0681,1,28.00,28.00
SALE-003462,PRD-0687,2,15.00,30.00
SALE-003463,PRD-0719,2,149.00,298.00
SALE-003463,PRD-0703,1,199.00,199.00
SALE-003464,PRD-0760,3,780.00,2340.00
SALE-003464,PRD-0763,1,410.00,410.00
SALE-003464,PRD-0756,3,20.00,60.00
SALE-003464,PRD-0758,13,126.00,1638.00
SALE-003465,PRD-0794,2,32.00,64.00
SALE-003465,PRD-0797,2,45.00,90.00
SALE-003465,PRD-0801,2,110.00,220.00
SALE-003466,PRD-0829,1,120.00,120.00
SALE-003467,PRD-0808,1,28.00,28.00
SALE-003467,PRD-0814,1,16.00,16.00
SALE-003468,PRD-0871,2,160.00,320.00
SALE-003468,PRD-0855,1,199.00,199.00
SALE-003469,PRD-0871,3,160.00,480.00
SALE-003470,PRD-0888,1,165.00,165.00
SALE-003471,PRD-0893,1,40.00,40.00
SALE-003471,PRD-0903,2,35.00,70.00
SALE-003472,PRD-0915,1,390.00,390.00
SALE-003472,PRD-0925,2,40.00,80.00
SALE-003473,PRD-0909,13,95.00,1235.00
SALE-003473,PRD-0908,8,20.00,160.00
SALE-003473,PRD-0915,1,390.00,390.00
SALE-003473,PRD-0923,2,99.00,198.00
SALE-003474,PRD-0941,1,35.00,35.00
SALE-003474,PRD-0948,1,90.00,90.00
SALE-003475,PRD-0965,2,30.00,60.00
SALE-003476,PRD-0976,2,28.00,56.00
SALE-003476,PRD-0975,2,105.00,210.00
SALE-003476,PRD-0981,1,195.00,195.00
SALE-003477,PRD-0983,2,50.00,100.00
SALE-003477,PRD-1004,1,45.00,45.00
SALE-003478,PRD-0990,2,130.00,260.00
SALE-003478,PRD-0982,2,280.00,560.00
SALE-003479,PRD-1002,3,30.00,90.00
SALE-003479,PRD-0985,3,70.00,210.00
SALE-003479,PRD-0996,3,10.00,30.00
SALE-003479,PRD-1005,1,80.00,80.00
SALE-003480,PRD-1049,1,280.00,280.00
SALE-003480,PRD-1029,1,410.00,410.00
SALE-003480,PRD-1044,2,240.00,480.00
SALE-003480,PRD-1041,1,12.00,12.00
SALE-003481,PRD-1062,2,150.00,300.00
SALE-003481,PRD-1056,2,165.00,330.00
SALE-003481,PRD-1060,2,46.00,92.00
SALE-003481,PRD-1074,3,35.00,105.00
SALE-003482,PRD-1103,1,30.00,30.00
SALE-003482,PRD-1102,1,30.00,30.00
SALE-003483,PRD-1084,2,35.00,70.00
SALE-003484,PRD-1095,2,90.00,180.00
SALE-003484,PRD-1098,1,25.00,25.00
SALE-003485,PRD-1145,1,30.00,30.00
SALE-003485,PRD-1144,1,25.00,25.00
SALE-003485,PRD-1147,1,45.00,45.00
SALE-003486,PRD-1142,1,130.00,130.00
SALE-003487,PRD-1216,1,35.00,35.00
SALE-003488,PRD-1224,1,45.00,45.00
SALE-003489,PRD-1215,3,50.00,150.00
SALE-003490,PRD-1249,2,38.00,76.00
SALE-003491,PRD-1249,1,38.00,38.00
SALE-003491,PRD-1234,2,46.00,92.00
SALE-003492,PRD-0010,2,190.00,380.00
SALE-003493,PRD-0070,2,35.00,70.00
SALE-003493,PRD-0077,1,45.00,45.00
SALE-003493,PRD-0063,2,130.00,260.00
SALE-003494,PRD-0066,3,30.00,90.00
SALE-003495,PRD-0080,1,28.00,28.00
SALE-003496,PRD-0083,3,95.00,285.00
SALE-003496,PRD-0082,2,38.00,76.00
SALE-003496,PRD-0085,1,340.00,340.00
SALE-003496,PRD-0088,1,40.00,40.00
SALE-003497,PRD-0099,2,30.00,60.00
SALE-003498,PRD-0105,1,599.00,599.00
SALE-003499,PRD-0112,3,199.00,597.00
SALE-003499,PRD-0103,3,299.00,897.00
SALE-003500,PRD-0150,2,35.00,70.00
SALE-003501,PRD-0192,1,99.00,99.00
SALE-003502,PRD-0192,1,99.00,99.00
SALE-003502,PRD-0177,12,20.00,240.00
SALE-003503,PRD-0182,3,1750.00,5250.00
SALE-003504,PRD-0201,1,50.00,50.00
SALE-003505,PRD-0225,2,199.00,398.00
SALE-003506,PRD-0265,2,45.00,90.00
SALE-003506,PRD-0266,1,38.00,38.00
SALE-003506,PRD-0248,1,120.00,120.00
SALE-003506,PRD-0268,3,38.00,114.00
SALE-003507,PRD-0256,3,190.00,570.00
SALE-003507,PRD-0255,1,150.00,150.00
SALE-003508,PRD-0257,1,130.00,130.00
SALE-003508,PRD-0268,1,38.00,38.00
SALE-003509,PRD-0249,3,165.00,495.00
SALE-003510,PRD-0282,2,15.00,30.00
SALE-003510,PRD-0286,1,35.00,35.00
SALE-003510,PRD-0291,1,25.00,25.00
SALE-003511,PRD-0302,2,100.00,200.00
SALE-003512,PRD-0299,3,120.00,360.00
SALE-003512,PRD-0308,3,130.00,390.00
SALE-003513,PRD-0369,1,18.00,18.00
SALE-003514,PRD-0377,1,199.00,199.00
SALE-003515,PRD-0383,3,299.00,897.00
SALE-003515,PRD-0382,3,899.00,2697.00
SALE-003516,PRD-0421,2,105.00,210.00
SALE-003517,PRD-0400,2,120.00,240.00
SALE-003517,PRD-0406,3,25.00,75.00
SALE-003517,PRD-0415,2,40.00,80.00
SALE-003518,PRD-0494,2,38.00,76.00
SALE-003518,PRD-0479,2,100.00,200.00
SALE-003518,PRD-0478,1,135.00,135.00
SALE-003519,PRD-0485,3,130.00,390.00
SALE-003520,PRD-0488,2,25.00,50.00
SALE-003520,PRD-0482,2,25.00,50.00
SALE-003520,PRD-0491,1,40.00,40.00
SALE-003520,PRD-0479,1,100.00,100.00
SALE-003521,PRD-0487,1,30.00,30.00
SALE-003521,PRD-0477,3,165.00,495.00
SALE-003521,PRD-0489,1,15.00,15.00
SALE-003522,PRD-0508,1,12.00,12.00
SALE-003522,PRD-0506,2,60.00,120.00
SALE-003523,PRD-0512,2,130.00,260.00
SALE-003523,PRD-0521,2,18.00,36.00
SALE-003523,PRD-0509,3,50.00,150.00
SALE-003524,PRD-0536,1,1299.00,1299.00
SALE-003525,PRD-0564,3,25.00,75.00
SALE-003526,PRD-0551,1,1300.00,1300.00
SALE-003526,PRD-0560,2,190.00,380.00
SALE-003527,PRD-0556,3,440.00,1320.00
SALE-003528,PRD-0583,1,95.00,95.00
SALE-003528,PRD-0591,1,62.00,62.00
SALE-003529,PRD-0640,2,25.00,50.00
SALE-003529,PRD-0629,3,165.00,495.00
SALE-003530,PRD-0650,3,25.00,75.00
SALE-003530,PRD-0640,2,25.00,50.00
SALE-003530,PRD-0641,1,15.00,15.00
SALE-003530,PRD-0655,2,195.00,390.00
SALE-003531,PRD-0663,1,6.00,6.00
SALE-003531,PRD-0661,1,50.00,50.00
SALE-003532,PRD-0701,1,30.00,30.00
SALE-003532,PRD-0685,1,60.00,60.00
SALE-003532,PRD-0681,1,28.00,28.00
SALE-003533,PRD-0711,2,999.00,1998.00
SALE-003534,PRD-0738,1,25.00,25.00
SALE-003535,PRD-0734,1,190.00,190.00
SALE-003535,PRD-0744,1,38.00,38.00
SALE-003535,PRD-0752,3,20.00,60.00
SALE-003535,PRD-0740,1,32.00,32.00
SALE-003536,PRD-0791,1,30.00,30.00
SALE-003536,PRD-0793,2,15.00,30.00
SALE-003537,PRD-0781,2,165.00,330.00
SALE-003537,PRD-0799,1,35.00,35.00
SALE-003538,PRD-0836,1,5.00,5.00
SALE-003538,PRD-0834,3,12.00,36.00
SALE-003539,PRD-0883,2,46.00,92.00
SALE-003540,PRD-0879,1,165.00,165.00
SALE-003540,PRD-0885,3,150.00,450.00
SALE-003541,PRD-0930,1,150.00,150.00
SALE-003541,PRD-0906,2,410.00,820.00
SALE-003542,PRD-0919,3,60.00,180.00
SALE-003543,PRD-0950,3,30.00,90.00
SALE-003543,PRD-0951,2,30.00,60.00
SALE-003543,PRD-0949,2,45.00,90.00
SALE-003544,PRD-0980,1,20.00,20.00
SALE-003545,PRD-0964,2,165.00,330.00
SALE-003545,PRD-0980,1,20.00,20.00
SALE-003546,PRD-1001,1,25.00,25.00
SALE-003546,PRD-0997,1,35.00,35.00
SALE-003547,PRD-1001,3,25.00,75.00
SALE-003547,PRD-0996,2,10.00,20.00
SALE-003547,PRD-0983,2,50.00,100.00
SALE-003547,PRD-0993,1,30.00,30.00
SALE-003548,PRD-1038,3,390.00,1170.00
SALE-003549,PRD-1063,1,190.00,190.00
SALE-003550,PRD-1090,1,145.00,145.00
SALE-003550,PRD-1098,1,25.00,25.00
SALE-003550,PRD-1102,2,30.00,60.00
SALE-003551,PRD-1096,3,150.00,450.00
SALE-003551,PRD-1083,1,28.00,28.00
SALE-003552,PRD-1091,2,40.00,80.00
SALE-003552,PRD-1083,1,28.00,28.00
SALE-003552,PRD-1097,2,20.00,40.00
SALE-003553,PRD-1108,1,135.00,135.00
SALE-003554,PRD-1133,2,205.00,410.00
SALE-003554,PRD-1118,2,25.00,50.00
SALE-003554,PRD-1127,3,105.00,315.00
SALE-003554,PRD-1111,1,46.00,46.00
SALE-003555,PRD-1136,2,60.00,120.00
SALE-003555,PRD-1144,1,25.00,25.00
SALE-003556,PRD-1154,1,30.00,30.00
SALE-003557,PRD-1168,1,149.00,149.00
SALE-003557,PRD-1159,2,199.00,398.00
SALE-003557,PRD-1165,1,299.00,299.00
SALE-003558,PRD-1163,1,349.00,349.00
SALE-003558,PRD-1169,2,199.00,398.00
SALE-003559,PRD-1209,1,95.00,95.00
SALE-003559,PRD-1207,2,35.00,70.00
SALE-003559,PRD-1225,1,30.00,30.00
SALE-003559,PRD-1215,2,50.00,100.00
SALE-003560,PRD-1236,1,150.00,150.00
SALE-003561,PRD-1234,3,46.00,138.00
SALE-003561,PRD-1235,2,25.00,50.00
SALE-003561,PRD-1250,3,105.00,315.00
SALE-003562,PRD-0014,1,25.00,25.00
SALE-003563,PRD-0003,1,165.00,165.00
SALE-003563,PRD-0001,2,1300.00,2600.00
SALE-003563,PRD-0014,3,25.00,75.00
SALE-003563,PRD-0006,1,440.00,440.00
SALE-003564,PRD-0082,2,38.00,76.00
SALE-003565,PRD-0108,2,315.00,630.00
SALE-003566,PRD-0159,1,15.00,15.00
SALE-003566,PRD-0154,1,35.00,35.00
SALE-003567,PRD-0175,4,410.00,1640.00
SALE-003568,PRD-0187,1,12.00,12.00
SALE-003569,PRD-0218,1,250.00,250.00
SALE-003570,PRD-0252,2,465.00,930.00
SALE-003570,PRD-0248,2,120.00,240.00
SALE-003571,PRD-0277,1,35.00,35.00
SALE-003572,PRD-0298,1,1300.00,1300.00
SALE-003572,PRD-0320,1,105.00,105.00
SALE-003573,PRD-0350,3,25.00,75.00
SALE-003573,PRD-0335,3,1200.00,3600.00
SALE-003573,PRD-0345,1,1650.00,1650.00
SALE-003573,PRD-0344,2,99.00,198.00
SALE-003574,PRD-0355,3,70.00,210.00
SALE-003575,PRD-0381,2,349.00,698.00
SALE-003575,PRD-0388,1,1199.00,1199.00
SALE-003575,PRD-0377,2,199.00,398.00
SALE-003576,PRD-0410,1,165.00,165.00
SALE-003577,PRD-0407,1,150.00,150.00
SALE-003577,PRD-0401,1,165.00,165.00
SALE-003578,PRD-0401,1,165.00,165.00
SALE-003578,PRD-0416,1,18.00,18.00
SALE-003579,PRD-0423,2,100.00,200.00
SALE-003579,PRD-0403,2,100.00,200.00
SALE-003579,PRD-0418,1,38.00,38.00
SALE-003580,PRD-0439,1,60.00,60.00
SALE-003580,PRD-0434,1,15.00,15.00
SALE-003580,PRD-0447,1,30.00,30.00
SALE-003581,PRD-0458,3,1200.00,3600.00
SALE-003581,PRD-0450,3,410.00,1230.00
SALE-003582,PRD-0450,1,410.00,410.00
SALE-003582,PRD-0467,1,99.00,99.00
SALE-003583,PRD-0463,1,60.00,60.00
SALE-003584,PRD-0502,3,20.00,60.00
SALE-003585,PRD-0481,2,46.00,92.00
SALE-003585,PRD-0497,3,105.00,315.00
SALE-003586,PRD-0505,1,50.00,50.00
SALE-003586,PRD-0511,1,6.00,6.00
SALE-003587,PRD-0538,1,149.00,149.00
SALE-003587,PRD-0539,1,199.00,199.00
SALE-003587,PRD-0540,1,1199.00,1199.00
SALE-003587,PRD-0536,2,1299.00,2598.00
SALE-003588,PRD-0574,3,25.00,75.00
SALE-003589,PRD-0559,1,154.00,154.00
SALE-003590,PRD-0553,1,165.00,165.00
SALE-003591,PRD-0580,3,28.00,84.00
SALE-003591,PRD-0588,2,40.00,80.00
SALE-003592,PRD-0583,1,95.00,95.00
SALE-003592,PRD-0590,1,35.00,35.00
SALE-003592,PRD-0585,2,340.00,680.00
SALE-003592,PRD-0592,2,90.00,180.00
SALE-003593,PRD-0644,1,18.00,18.00
SALE-003593,PRD-0648,1,38.00,38.00
SALE-003593,PRD-0635,3,150.00,450.00
SALE-003593,PRD-0641,1,15.00,15.00
SALE-003594,PRD-0655,1,195.00,195.00
SALE-003594,PRD-0652,1,90.00,90.00
SALE-003595,PRD-0663,1,6.00,6.00
SALE-003595,PRD-0658,2,60.00,120.00
SALE-003596,PRD-0687,2,15.00,30.00
SALE-003597,PRD-0681,1,28.00,28.00
SALE-003598,PRD-0681,2,28.00,56.00
SALE-003598,PRD-0684,1,95.00,95.00
SALE-003599,PRD-0689,1,40.00,40.00
SALE-003599,PRD-0681,1,28.00,28.00
SALE-003599,PRD-0695,1,20.00,20.00
SALE-003599,PRD-0699,1,45.00,45.00
SALE-003600,PRD-0703,3,199.00,597.00
SALE-003601,PRD-0713,2,199.00,398.00
SALE-003601,PRD-0719,1,149.00,149.00
SALE-003601,PRD-0712,1,149.00,149.00
SALE-003601,PRD-0711,1,999.00,999.00
SALE-003602,PRD-0733,3,150.00,450.00
SALE-003603,PRD-0764,3,68.00,204.00
SALE-003603,PRD-0754,2,410.00,820.00
SALE-003604,PRD-0800,1,38.00,38.00
SALE-003604,PRD-0784,3,440.00,1320.00
SALE-003604,PRD-0791,2,30.00,60.00
SALE-003605,PRD-0787,2,150.00,300.00
SALE-003605,PRD-0803,2,95.00,190.00
SALE-003605,PRD-0782,3,135.00,405.00
SALE-003606,PRD-0797,3,45.00,135.00
SALE-003606,PRD-0789,2,130.00,260.00
SALE-003606,PRD-0779,3,1300.00,3900.00
SALE-003606,PRD-0801,2,110.00,220.00
SALE-003607,PRD-0815,2,145.00,290.00
SALE-003607,PRD-0827,2,30.00,60.00
SALE-003608,PRD-0834,2,12.00,24.00
SALE-003608,PRD-0844,2,10.00,20.00
SALE-003609,PRD-0867,3,349.00,1047.00
SALE-003609,PRD-0865,3,199.00,597.00
SALE-003610,PRD-0883,3,46.00,138.00
SALE-003610,PRD-0886,3,190.00,570.00
SALE-003611,PRD-0891,2,15.00,30.00
SALE-003612,PRD-0930,3,150.00,450.00
SALE-003613,PRD-0923,2,99.00,198.00
SALE-003613,PRD-0926,2,280.00,560.00
SALE-003614,PRD-0906,8,410.00,3280.00
SALE-003614,PRD-0919,1,60.00,60.00
SALE-003614,PRD-0922,23,20.00,460.00
SALE-003614,PRD-0923,3,99.00,297.00
SALE-003615,PRD-0931,1,28.00,28.00
SALE-003615,PRD-0939,2,40.00,80.00
SALE-003616,PRD-0959,1,46.00,46.00
SALE-003616,PRD-0958,3,440.00,1320.00
SALE-003617,PRD-0970,1,18.00,18.00
SALE-003617,PRD-0969,1,40.00,40.00
SALE-003617,PRD-0962,2,190.00,380.00
SALE-003617,PRD-0963,2,130.00,260.00
SALE-003618,PRD-0976,2,28.00,56.00
SALE-003618,PRD-0962,1,190.00,190.00
SALE-003619,PRD-1021,2,462.00,924.00
SALE-003619,PRD-1024,2,149.00,298.00
SALE-003620,PRD-1033,1,120.00,120.00
SALE-003621,PRD-1029,1,430.00,430.00
SALE-003621,PRD-1032,1,95.00,95.00
SALE-003621,PRD-1052,1,25.00,25.00
SALE-003621,PRD-1049,2,280.00,560.00
SALE-003622,PRD-1062,1,150.00,150.00
SALE-003622,PRD-1055,3,120.00,360.00
SALE-003623,PRD-1096,1,150.00,150.00
SALE-003623,PRD-1091,1,40.00,40.00
SALE-003624,PRD-1083,2,28.00,56.00
SALE-003624,PRD-1103,1,30.00,30.00
SALE-003624,PRD-1088,2,340.00,680.00
SALE-003624,PRD-1089,3,15.00,45.00
SALE-003625,PRD-1106,1,130.00,130.00
SALE-003625,PRD-1126,1,38.00,38.00
SALE-003626,PRD-1121,1,40.00,40.00
SALE-003627,PRD-1132,3,20.00,60.00
SALE-003628,PRD-1137,1,70.00,70.00
SALE-003628,PRD-1148,1,10.00,10.00
SALE-003628,PRD-1138,2,12.00,24.00
SALE-003628,PRD-1149,1,35.00,35.00
SALE-003629,PRD-1206,1,28.00,28.00
SALE-003629,PRD-1216,1,35.00,35.00
SALE-003629,PRD-1221,2,25.00,50.00
SALE-003629,PRD-1217,1,60.00,60.00
SALE-003630,PRD-1208,1,38.00,38.00
SALE-003630,PRD-1225,1,30.00,30.00
SALE-003630,PRD-1212,2,15.00,30.00
SALE-003630,PRD-1209,2,95.00,190.00
SALE-003631,PRD-1219,2,150.00,300.00
SALE-003632,PRD-1248,1,35.00,35.00
SALE-003633,PRD-0047,2,99.00,198.00
SALE-003633,PRD-0052,1,130.00,130.00
SALE-003633,PRD-0040,2,65.00,130.00
SALE-003634,PRD-0056,2,50.00,100.00
SALE-003634,PRD-0059,1,12.00,12.00
SALE-003635,PRD-0090,1,35.00,35.00
SALE-003636,PRD-0113,3,1199.00,3597.00
SALE-003637,PRD-0114,1,349.00,349.00
SALE-003637,PRD-0113,2,1199.00,2398.00
SALE-003637,PRD-0112,2,199.00,398.00
SALE-003638,PRD-0138,2,15.00,30.00
SALE-003638,PRD-0130,1,46.00,46.00
SALE-003639,PRD-0147,2,25.00,50.00
SALE-003639,PRD-0140,2,40.00,80.00
SALE-003639,PRD-0124,1,1300.00,1300.00
SALE-003640,PRD-0161,1,40.00,40.00
SALE-003640,PRD-0171,2,45.00,90.00
SALE-003640,PRD-0154,1,35.00,35.00
SALE-003641,PRD-0167,1,21.00,21.00
SALE-003641,PRD-0154,3,35.00,105.00
SALE-003642,PRD-0171,2,45.00,90.00
SALE-003642,PRD-0162,2,50.00,100.00
SALE-003643,PRD-0194,2,40.00,80.00
SALE-003644,PRD-0206,1,5.00,5.00
SALE-003645,PRD-0233,2,999.00,1998.00
SALE-003646,PRD-0268,3,38.00,114.00
SALE-003646,PRD-0255,1,150.00,150.00
SALE-003646,PRD-0260,2,25.00,50.00
SALE-003647,PRD-0257,2,130.00,260.00
SALE-003647,PRD-0255,2,150.00,300.00
SALE-003647,PRD-0248,2,120.00,240.00
SALE-003648,PRD-0255,2,150.00,300.00
SALE-003649,PRD-0287,2,60.00,120.00
SALE-003649,PRD-0276,2,28.00,56.00
SALE-003649,PRD-0279,2,95.00,190.00
SALE-003650,PRD-0308,3,130.00,390.00
SALE-003650,PRD-0323,1,90.00,90.00
SALE-003650,PRD-0310,3,30.00,90.00
SALE-003650,PRD-0306,2,150.00,300.00
SALE-003651,PRD-0318,2,35.00,70.00
SALE-003651,PRD-0305,1,25.00,25.00
SALE-003651,PRD-0309,2,165.00,330.00
SALE-003652,PRD-0312,1,15.00,15.00
SALE-003653,PRD-0373,3,20.00,60.00
SALE-003653,PRD-0354,1,60.00,60.00
SALE-003653,PRD-0355,1,70.00,70.00
SALE-003653,PRD-0375,1,80.00,80.00
SALE-003654,PRD-0410,1,165.00,165.00
SALE-003654,PRD-0407,1,160.00,160.00
SALE-003654,PRD-0400,1,120.00,120.00
SALE-003655,PRD-0420,2,38.00,76.00
SALE-003655,PRD-0413,1,15.00,15.00
SALE-003655,PRD-0423,3,100.00,300.00
SALE-003656,PRD-0431,1,98.00,98.00
SALE-003656,PRD-0428,1,28.00,28.00
SALE-003657,PRD-0499,1,95.00,95.00
SALE-003658,PRD-0521,2,18.00,36.00
SALE-003658,PRD-0508,3,12.00,36.00
SALE-003658,PRD-0516,3,60.00,180.00
SALE-003659,PRD-0598,1,45.00,45.00
SALE-003660,PRD-0602,2,410.00,820.00
SALE-003660,PRD-0622,2,280.00,560.00
SALE-003660,PRD-0614,2,12.00,24.00
SALE-003661,PRD-0654,1,20.00,20.00
SALE-003661,PRD-0631,1,100.00,100.00
SALE-003661,PRD-0648,3,38.00,114.00
SALE-003662,PRD-0640,1,25.00,25.00
SALE-003662,PRD-0642,2,32.00,64.00
SALE-003662,PRD-0637,1,130.00,130.00
SALE-003663,PRD-0658,1,60.00,60.00
SALE-003663,PRD-0674,1,250.00,250.00
SALE-003663,PRD-0665,3,15.00,45.00
SALE-003664,PRD-0689,3,40.00,120.00
SALE-003665,PRD-0683,2,38.00,76.00
SALE-003666,PRD-0689,2,40.00,80.00
SALE-003666,PRD-0681,3,28.00,84.00
SALE-003667,PRD-0691,1,35.00,35.00
SALE-003667,PRD-0683,2,38.00,76.00
SALE-003667,PRD-0681,3,28.00,84.00
SALE-003667,PRD-0696,2,25.00,50.00
SALE-003668,PRD-0714,2,1199.00,2398.00
SALE-003668,PRD-0718,2,99.00,198.00
SALE-003668,PRD-0713,2,199.00,398.00
SALE-003668,PRD-0705,1,149.00,149.00
SALE-003669,PRD-0708,2,899.00,1798.00
SALE-003669,PRD-0706,2,599.00,1198.00
SALE-003670,PRD-0737,1,30.00,30.00
SALE-003670,PRD-0729,1,100.00,100.00
SALE-003671,PRD-0738,1,25.00,25.00
SALE-003671,PRD-0753,1,195.00,195.00
SALE-003672,PRD-0787,3,150.00,450.00
SALE-003673,PRD-0801,2,110.00,220.00
SALE-003674,PRD-0808,1,28.00,28.00
SALE-003674,PRD-0826,1,45.00,45.00
SALE-003674,PRD-0814,3,16.00,48.00
SALE-003674,PRD-0812,1,60.00,60.00
SALE-003675,PRD-0835,1,52.00,52.00
SALE-003676,PRD-0893,2,40.00,80.00
SALE-003677,PRD-0914,2,1200.00,2400.00
SALE-003677,PRD-0908,3,20.00,60.00
SALE-003678,PRD-0935,1,60.00,60.00
SALE-003678,PRD-0931,1,28.00,28.00
SALE-003679,PRD-0997,1,35.00,35.00
SALE-003679,PRD-0983,1,50.00,50.00
SALE-003679,PRD-0993,3,30.00,90.00
SALE-003679,PRD-0982,1,280.00,280.00
SALE-003680,PRD-0998,1,120.00,120.00
SALE-003681,PRD-0985,1,70.00,70.00
SALE-003682,PRD-1023,2,149.00,298.00
SALE-003682,PRD-1012,1,899.00,899.00
SALE-003682,PRD-1017,2,199.00,398.00
SALE-003683,PRD-1032,2,95.00,190.00
SALE-003683,PRD-1052,1,25.00,25.00
SALE-003684,PRD-1071,1,18.00,18.00
SALE-003684,PRD-1066,2,30.00,60.00
SALE-003684,PRD-1065,1,165.00,165.00
SALE-003685,PRD-1118,1,25.00,25.00
SALE-003685,PRD-1132,1,20.00,20.00
SALE-003685,PRD-1121,3,40.00,120.00
SALE-003686,PRD-1133,3,205.00,615.00
SALE-003686,PRD-1122,1,18.00,18.00
SALE-003687,PRD-1140,2,5.00,10.00
SALE-003687,PRD-1135,1,50.00,50.00
SALE-003688,PRD-1169,2,199.00,398.00
SALE-003689,PRD-1208,2,38.00,76.00
SALE-003690,PRD-1242,1,15.00,15.00
SALE-003690,PRD-1238,1,130.00,130.00
SALE-003690,PRD-1247,1,38.00,38.00
SALE-003691,PRD-1250,2,105.00,210.00
SALE-003692,PRD-0013,2,30.00,60.00
SALE-003692,PRD-0022,2,38.00,76.00
SALE-003693,PRD-0003,1,165.00,165.00
SALE-003694,PRD-0056,2,50.00,100.00
SALE-003694,PRD-0060,1,50.00,50.00
SALE-003694,PRD-0058,1,70.00,70.00
SALE-003695,PRD-0076,2,20.00,40.00
SALE-003695,PRD-0066,1,30.00,30.00
SALE-003695,PRD-0056,1,50.00,50.00
SALE-003695,PRD-0059,2,12.00,24.00
SALE-003696,PRD-0088,1,40.00,40.00
SALE-003696,PRD-0080,1,28.00,28.00
SALE-003696,PRD-0097,2,90.00,180.00
SALE-003696,PRD-0090,2,35.00,70.00
SALE-003697,PRD-0113,2,1199.00,2398.00
SALE-003698,PRD-0117,1,99.00,99.00
SALE-003698,PRD-0105,1,599.00,599.00
SALE-003698,PRD-0119,2,149.00,298.00
SALE-003699,PRD-0132,3,150.00,450.00
SALE-003700,PRD-0133,2,190.00,380.00
SALE-003700,PRD-0125,1,120.00,120.00
SALE-003700,PRD-0150,3,35.00,105.00
SALE-003700,PRD-0141,2,18.00,36.00
SALE-003701,PRD-0171,1,45.00,45.00
SALE-003701,PRD-0174,3,120.00,360.00
SALE-003702,PRD-0204,1,12.00,12.00
SALE-003702,PRD-0200,3,280.00,840.00
SALE-003703,PRD-0245,1,264.00,264.00
SALE-003704,PRD-0250,1,135.00,135.00
SALE-003704,PRD-0272,1,90.00,90.00
SALE-003704,PRD-0248,2,120.00,240.00
SALE-003704,PRD-0265,2,45.00,90.00
SALE-003705,PRD-0264,1,18.00,18.00
SALE-003706,PRD-0321,2,25.00,50.00
SALE-003706,PRD-0311,1,25.00,25.00
SALE-003706,PRD-0307,2,190.00,380.00
SALE-003706,PRD-0306,1,150.00,150.00
SALE-003707,PRD-0303,1,440.00,440.00
SALE-003707,PRD-0314,2,40.00,80.00
SALE-003708,PRD-0340,1,60.00,60.00
SALE-003709,PRD-0359,1,6.00,6.00
SALE-003709,PRD-0352,1,280.00,280.00
SALE-003709,PRD-0371,1,25.00,25.00
SALE-003709,PRD-0357,2,50.00,100.00
SALE-003710,PRD-0382,2,899.00,1798.00
SALE-003710,PRD-0379,1,149.00,149.00
SALE-003711,PRD-0378,2,299.00,598.00
SALE-003712,PRD-0416,1,18.00,18.00
SALE-003712,PRD-0408,2,190.00,380.00
SALE-003712,PRD-0412,3,25.00,75.00
SALE-003712,PRD-0399,3,1300.00,3900.00
SALE-003713,PRD-0404,2,465.00,930.00
SALE-003713,PRD-0406,1,25.00,25.00
SALE-003713,PRD-0414,1,32.00,32.00
SALE-003713,PRD-0418,1,38.00,38.00
SALE-003714,PRD-0411,1,30.00,30.00
SALE-003715,PRD-0423,2,100.00,200.00
SALE-003715,PRD-0413,1,15.00,15.00
SALE-003715,PRD-0407,1,160.00,160.00
SALE-003715,PRD-0403,2,100.00,200.00
SALE-003716,PRD-0479,2,100.00,200.00
SALE-003716,PRD-0497,2,105.00,210.00
SALE-003717,PRD-0504,2,280.00,560.00
SALE-003717,PRD-0512,2,130.00,260.00
SALE-003718,PRD-0538,3,149.00,447.00
SALE-003719,PRD-0558,2,25.00,50.00
SALE-003720,PRD-0579,1,195.00,195.00
SALE-003720,PRD-0564,1,25.00,25.00
SALE-003720,PRD-0562,1,165.00,165.00
SALE-003720,PRD-0565,1,15.00,15.00
SALE-003721,PRD-0554,2,135.00,270.00
SALE-003721,PRD-0574,2,25.00,50.00
SALE-003722,PRD-0585,1,340.00,340.00
SALE-003722,PRD-0600,3,30.00,90.00
SALE-003722,PRD-0589,2,50.00,100.00
SALE-003722,PRD-0595,1,25.00,25.00
SALE-003723,PRD-0614,1,12.00,12.00
SALE-003723,PRD-0608,1,780.00,780.00
SALE-003724,PRD-0633,3,46.00,138.00
SALE-003725,PRD-0631,2,100.00,200.00
SALE-003726,PRD-0696,3,25.00,75.00
SALE-003727,PRD-0719,2,149.00,298.00
SALE-003727,PRD-0707,1,349.00,349.00
SALE-003727,PRD-0704,1,299.00,299.00
SALE-003728,PRD-0752,1,20.00,20.00
SALE-003728,PRD-0744,2,38.00,76.00
SALE-003728,PRD-0726,2,120.00,240.00
SALE-003729,PRD-0741,1,40.00,40.00
SALE-003729,PRD-0729,1,100.00,100.00
SALE-003730,PRD-0782,2,135.00,270.00
SALE-003730,PRD-0802,2,25.00,50.00
SALE-003730,PRD-0790,1,165.00,165.00
SALE-003730,PRD-0796,1,19.00,19.00
SALE-003731,PRD-0802,1,25.00,25.00
SALE-003731,PRD-0805,3,35.00,105.00
SALE-003731,PRD-0785,1,46.00,46.00
SALE-003732,PRD-0837,1,6.00,6.00
SALE-003732,PRD-0853,1,80.00,80.00
SALE-003732,PRD-0839,1,15.00,15.00
SALE-003733,PRD-0872,3,160.00,480.00
SALE-003733,PRD-0864,1,149.00,149.00
SALE-003733,PRD-0859,2,349.00,698.00
SALE-003733,PRD-0865,2,199.00,398.00
SALE-003734,PRD-0864,2,149.00,298.00
SALE-003734,PRD-0861,1,314.00,314.00
SALE-003734,PRD-0865,2,199.00,398.00
SALE-003734,PRD-0870,1,99.00,99.00
SALE-003735,PRD-0863,3,999.00,2997.00
SALE-003735,PRD-0855,2,199.00,398.00
SALE-003735,PRD-0865,1,199.00,199.00
SALE-003736,PRD-0879,2,165.00,330.00
SALE-003737,PRD-0908,2,20.00,40.00
SALE-003738,PRD-0933,1,38.00,38.00
SALE-003738,PRD-0939,1,40.00,40.00
SALE-003738,PRD-0942,2,60.00,120.00
SALE-003739,PRD-0957,3,100.00,300.00
SALE-003740,PRD-1010,1,599.00,599.00
SALE-003741,PRD-1064,1,130.00,130.00
SALE-003741,PRD-1057,3,135.00,405.00
SALE-003742,PRD-1084,3,35.00,105.00
SALE-003742,PRD-1087,2,60.00,120.00
SALE-003743,PRD-1083,1,28.00,28.00
SALE-003743,PRD-1085,1,38.00,38.00
SALE-003743,PRD-1103,3,30.00,90.00
SALE-003743,PRD-1100,1,90.00,90.00
SALE-003744,PRD-1117,3,30.00,90.00
SALE-003744,PRD-1132,3,20.00,60.00
SALE-003745,PRD-1132,3,20.00,60.00
SALE-003745,PRD-1123,1,45.00,45.00
SALE-003746,PRD-1110,1,440.00,440.00
SALE-003746,PRD-1125,1,35.00,35.00
SALE-003746,PRD-1119,1,15.00,15.00
SALE-003747,PRD-1165,2,299.00,598.00
SALE-003747,PRD-1160,1,299.00,299.00
SALE-003748,PRD-1221,3,25.00,75.00
SALE-003748,PRD-1210,1,60.00,60.00
SALE-003748,PRD-1207,2,35.00,70.00
SALE-003749,PRD-1250,1,105.00,105.00
SALE-003749,PRD-1228,1,1300.00,1300.00
SALE-003749,PRD-1230,3,165.00,495.00
SALE-003749,PRD-1235,2,25.00,50.00
SALE-003750,PRD-1238,1,130.00,130.00
SALE-003750,PRD-1235,1,25.00,25.00
SALE-003751,PRD-1240,2,30.00,60.00
SALE-003751,PRD-1230,3,165.00,495.00
SALE-003751,PRD-1237,3,190.00,570.00
SALE-003751,PRD-1242,2,15.00,30.00
SALE-003752,PRD-0055,1,280.00,280.00
SALE-003753,PRD-0081,3,35.00,105.00
SALE-003754,PRD-0117,3,99.00,297.00
SALE-003754,PRD-0104,3,149.00,447.00
SALE-003755,PRD-0127,2,135.00,270.00
SALE-003755,PRD-0135,2,165.00,330.00
SALE-003755,PRD-0144,1,38.00,38.00
SALE-003756,PRD-0128,2,100.00,200.00
SALE-003756,PRD-0149,3,90.00,270.00
SALE-003757,PRD-0155,3,38.00,114.00
SALE-003758,PRD-0159,1,15.00,15.00
SALE-003759,PRD-0161,1,40.00,40.00
SALE-003759,PRD-0154,1,35.00,35.00
SALE-003760,PRD-0218,2,250.00,500.00
SALE-003760,PRD-0202,3,60.00,180.00
SALE-003760,PRD-0205,1,54.00,54.00
SALE-003761,PRD-0263,1,40.00,40.00
SALE-003761,PRD-0251,3,105.00,315.00
SALE-003761,PRD-0275,1,195.00,195.00
SALE-003762,PRD-0283,2,145.00,290.00
SALE-003763,PRD-0308,1,130.00,130.00
SALE-003764,PRD-0317,2,40.00,80.00
SALE-003764,PRD-0300,1,165.00,165.00
SALE-003764,PRD-0298,1,1300.00,1300.00
SALE-003765,PRD-0348,2,190.00,380.00
SALE-003766,PRD-0329,1,20.00,20.00
SALE-003767,PRD-0353,2,50.00,100.00
SALE-003767,PRD-0354,1,60.00,60.00
SALE-003768,PRD-0393,1,149.00,149.00
SALE-003768,PRD-0381,2,349.00,698.00
SALE-003768,PRD-0385,1,999.00,999.00
SALE-003769,PRD-0400,1,120.00,120.00
SALE-003770,PRD-0402,1,135.00,135.00
SALE-003770,PRD-0419,2,37.00,74.00
SALE-003770,PRD-0401,2,165.00,330.00
SALE-003771,PRD-0429,1,35.00,35.00
SALE-003771,PRD-0442,2,20.00,40.00
SALE-003772,PRD-0460,3,65.00,195.00
SALE-003772,PRD-0454,1,130.00,130.00
SALE-003773,PRD-0461,1,160.00,160.00
SALE-003774,PRD-0467,1,99.00,99.00
SALE-003774,PRD-0455,1,105.00,105.00
SALE-003774,PRD-0471,1,190.00,190.00
SALE-003775,PRD-0481,1,46.00,46.00
SALE-003775,PRD-0501,1,35.00,35.00
SALE-003775,PRD-0477,2,165.00,330.00
SALE-003775,PRD-0497,2,105.00,210.00
SALE-003776,PRD-0486,3,165.00,495.00
SALE-003776,PRD-0493,1,45.00,45.00
SALE-003777,PRD-0478,1,135.00,135.00
SALE-003777,PRD-0495,1,35.00,35.00
SALE-003777,PRD-0502,3,20.00,60.00
SALE-003777,PRD-0479,2,100.00,200.00
SALE-003778,PRD-0485,1,130.00,130.00
SALE-003779,PRD-0511,1,6.00,6.00
SALE-003779,PRD-0506,2,60.00,120.00
SALE-003779,PRD-0504,1,280.00,280.00
SALE-003779,PRD-0510,2,5.00,10.00
SALE-003780,PRD-0565,3,15.00,45.00
SALE-003781,PRD-0552,1,120.00,120.00
SALE-003781,PRD-0565,1,15.00,15.00
SALE-003782,PRD-0596,1,650.00,650.00
SALE-003782,PRD-0594,2,20.00,40.00
SALE-003782,PRD-0583,1,95.00,95.00
SALE-003782,PRD-0600,1,30.00,30.00
SALE-003783,PRD-0641,3,15.00,45.00
SALE-003783,PRD-0632,1,440.00,440.00
SALE-003783,PRD-0652,1,90.00,90.00
SALE-003784,PRD-0632,1,440.00,440.00
SALE-003784,PRD-0643,2,40.00,80.00
SALE-003785,PRD-0695,1,20.00,20.00
SALE-003786,PRD-0685,3,60.00,180.00
SALE-003786,PRD-0689,2,40.00,80.00
SALE-003787,PRD-0724,1,99.00,99.00
SALE-003787,PRD-0721,2,399.00,798.00
SALE-003788,PRD-0732,3,25.00,75.00
SALE-003788,PRD-0736,2,175.00,350.00
SALE-003788,PRD-0746,2,40.00,80.00
SALE-003788,PRD-0727,1,165.00,165.00
SALE-003789,PRD-0745,2,35.00,70.00
SALE-003789,PRD-0746,3,40.00,120.00
SALE-003789,PRD-0744,2,38.00,76.00
SALE-003790,PRD-0801,3,110.00,330.00
SALE-003790,PRD-0789,1,130.00,130.00
SALE-003790,PRD-0782,2,135.00,270.00
SALE-003790,PRD-0804,1,90.00,90.00
SALE-003791,PRD-0801,1,110.00,110.00
SALE-003792,PRD-0814,1,16.00,16.00
SALE-003793,PRD-0833,1,70.00,70.00
SALE-003794,PRD-0864,1,149.00,149.00
SALE-003794,PRD-0865,1,199.00,199.00
SALE-003795,PRD-0887,1,136.00,136.00
SALE-003795,PRD-0884,2,25.00,50.00
SALE-003796,PRD-0906,1,410.00,410.00
SALE-003797,PRD-0966,2,25.00,50.00
SALE-003797,PRD-0954,3,120.00,360.00
SALE-003797,PRD-0981,2,195.00,390.00
SALE-003797,PRD-0956,2,135.00,270.00
SALE-003798,PRD-0961,1,150.00,150.00
SALE-003799,PRD-1005,1,80.00,80.00
SALE-003800,PRD-1143,1,15.00,15.00
SALE-003800,PRD-1141,1,6.00,6.00
SALE-003801,PRD-1137,1,70.00,70.00
SALE-003802,PRD-1206,3,28.00,84.00
SALE-003802,PRD-1209,3,95.00,285.00
SALE-003803,PRD-1251,2,25.00,50.00
SALE-003803,PRD-1233,1,440.00,440.00
SALE-003803,PRD-1243,1,32.00,32.00
SALE-003803,PRD-1238,2,130.00,260.00
SALE-003804,PRD-1253,1,90.00,90.00
SALE-003804,PRD-1243,1,32.00,32.00
SALE-003805,PRD-0004,2,135.00,270.00
SALE-003805,PRD-0008,1,25.00,25.00
SALE-003805,PRD-0012,3,165.00,495.00
SALE-003805,PRD-0002,1,120.00,120.00
SALE-003806,PRD-0009,1,150.00,150.00
SALE-003807,PRD-0055,1,280.00,280.00
SALE-003807,PRD-0074,1,25.00,25.00
SALE-003808,PRD-0097,1,90.00,90.00
SALE-003809,PRD-0131,1,25.00,25.00
SALE-003809,PRD-0148,1,95.00,95.00
SALE-003809,PRD-0136,2,30.00,60.00
SALE-003809,PRD-0140,2,40.00,80.00
SALE-003810,PRD-0130,1,46.00,46.00
SALE-003811,PRD-0136,1,30.00,30.00
SALE-003811,PRD-0146,1,105.00,105.00
SALE-003811,PRD-0138,1,15.00,15.00
SALE-003812,PRD-0158,1,340.00,340.00
SALE-003812,PRD-0161,1,40.00,40.00
SALE-003813,PRD-0157,1,60.00,60.00
SALE-003813,PRD-0165,1,90.00,90.00
SALE-003814,PRD-0191,10,20.00,200.00
SALE-003815,PRD-0202,1,60.00,60.00
SALE-003815,PRD-0207,1,6.00,6.00
SALE-003816,PRD-0214,3,10.00,30.00
SALE-003817,PRD-0228,1,599.00,599.00
SALE-003818,PRD-0261,3,15.00,45.00
SALE-003818,PRD-0252,2,465.00,930.00
SALE-003819,PRD-0284,2,40.00,80.00
SALE-003819,PRD-0283,1,145.00,145.00
SALE-003820,PRD-0314,2,40.00,80.00
SALE-003820,PRD-0321,2,25.00,50.00
SALE-003821,PRD-0326,1,195.00,195.00
SALE-003821,PRD-0324,3,35.00,105.00
SALE-003822,PRD-0310,2,30.00,60.00
SALE-003822,PRD-0315,2,18.00,36.00
SALE-003822,PRD-0307,1,190.00,190.00
SALE-003823,PRD-0359,1,6.00,6.00
SALE-003824,PRD-0377,2,199.00,398.00
SALE-003825,PRD-0384,1,1299.00,1299.00
SALE-003825,PRD-0378,3,299.00,897.00
SALE-003825,PRD-0377,1,199.00,199.00
SALE-003826,PRD-0407,1,160.00,160.00
SALE-003827,PRD-0405,1,46.00,46.00
SALE-003827,PRD-0407,2,160.00,320.00
SALE-003828,PRD-0429,3,35.00,105.00
SALE-003828,PRD-0430,2,38.00,76.00
SALE-003828,PRD-0436,1,40.00,40.00
SALE-003828,PRD-0428,1,28.00,28.00
SALE-003829,PRD-0443,1,25.00,25.00
SALE-003830,PRD-0458,1,1200.00,1200.00
SALE-003831,PRD-0485,2,130.00,260.00
SALE-003831,PRD-0475,1,1300.00,1300.00
SALE-003831,PRD-0476,1,120.00,120.00
SALE-003831,PRD-0487,1,30.00,30.00
SALE-003832,PRD-0537,1,999.00,999.00
SALE-003832,PRD-0532,3,599.00,1797.00
SALE-003832,PRD-0530,1,299.00,299.00
SALE-003833,PRD-0559,2,154.00,308.00
SALE-003833,PRD-0554,3,135.00,405.00
SALE-003833,PRD-0564,1,25.00,25.00
SALE-003833,PRD-0556,1,440.00,440.00
SALE-003834,PRD-0572,1,38.00,38.00
SALE-003835,PRD-0583,1,95.00,95.00
SALE-003835,PRD-0588,1,40.00,40.00
SALE-003835,PRD-0580,2,28.00,56.00
SALE-003836,PRD-0603,2,210.00,420.00
SALE-003836,PRD-0604,1,20.00,20.00
SALE-003837,PRD-0628,1,120.00,120.00
SALE-003837,PRD-0637,1,130.00,130.00
SALE-003837,PRD-0634,3,25.00,75.00
SALE-003838,PRD-0656,3,280.00,840.00
SALE-003839,PRD-0701,3,30.00,90.00
SALE-003839,PRD-0685,1,60.00,60.00
SALE-003840,PRD-0713,1,199.00,199.00
SALE-003840,PRD-0722,1,999.00,999.00
SALE-003840,PRD-0706,1,599.00,599.00
SALE-003840,PRD-0705,1,149.00,149.00
SALE-003841,PRD-0776,1,130.00,130.00
SALE-003842,PRD-0803,1,95.00,95.00
SALE-003842,PRD-0794,1,32.00,32.00
SALE-003842,PRD-0807,3,195.00,585.00
SALE-003842,PRD-0780,1,120.00,120.00
SALE-003843,PRD-0811,1,95.00,95.00
SALE-003843,PRD-0827,1,30.00,30.00
SALE-003843,PRD-0825,1,90.00,90.00
SALE-003844,PRD-0813,3,340.00,1020.00
SALE-003844,PRD-0817,1,50.00,50.00
SALE-003845,PRD-0816,3,40.00,120.00
SALE-003845,PRD-0820,1,90.00,90.00
SALE-003845,PRD-0812,1,60.00,60.00
SALE-003846,PRD-0864,1,149.00,149.00
SALE-003846,PRD-0871,2,160.00,320.00
SALE-003847,PRD-0861,2,314.00,628.00
SALE-003848,PRD-0896,1,38.00,38.00
SALE-003848,PRD-0885,1,150.00,150.00
SALE-003849,PRD-0905,3,195.00,585.00
SALE-003849,PRD-0892,1,32.00,32.00
SALE-003849,PRD-0879,1,165.00,165.00
SALE-003849,PRD-0902,2,90.00,180.00
SALE-003850,PRD-0888,3,165.00,495.00
SALE-003850,PRD-0891,3,15.00,45.00
SALE-003851,PRD-0933,2,38.00,76.00
SALE-003851,PRD-0934,1,95.00,95.00
SALE-003851,PRD-0941,1,35.00,35.00
SALE-003852,PRD-0966,3,25.00,75.00
SALE-003852,PRD-0963,1,130.00,130.00
SALE-003853,PRD-0958,2,440.00,880.00
SALE-003853,PRD-0973,2,35.00,70.00
SALE-003853,PRD-0960,2,25.00,50.00
SALE-003853,PRD-0955,2,165.00,330.00
SALE-003854,PRD-0999,3,18.00,54.00
SALE-003855,PRD-1064,1,130.00,130.00
SALE-003855,PRD-1070,2,40.00,80.00
SALE-003855,PRD-1078,2,95.00,190.00
SALE-003856,PRD-1055,1,120.00,120.00
SALE-003856,PRD-1056,2,165.00,330.00
SALE-003857,PRD-1102,2,30.00,60.00
SALE-003857,PRD-1094,3,60.00,180.00
SALE-003858,PRD-1085,3,38.00,114.00
SALE-003858,PRD-1092,2,50.00,100.00
SALE-003859,PRD-1145,1,30.00,30.00
SALE-003859,PRD-1146,2,63.00,126.00
SALE-003859,PRD-1135,1,50.00,50.00
SALE-003860,PRD-1134,1,280.00,280.00
SALE-003860,PRD-1138,1,12.00,12.00
SALE-003861,PRD-1224,2,45.00,90.00
SALE-003862,PRD-1208,1,38.00,38.00
SALE-003863,PRD-1238,3,130.00,390.00
SALE-003863,PRD-1232,1,100.00,100.00
SALE-003863,PRD-1248,1,35.00,35.00
SALE-003863,PRD-1233,2,440.00,880.00
SALE-003864,PRD-1247,1,38.00,38.00
SALE-003865,PRD-1234,2,46.00,92.00
SALE-003865,PRD-1229,1,120.00,120.00
SALE-003866,PRD-1250,2,105.00,210.00
SALE-003866,PRD-1234,2,46.00,92.00
SALE-003866,PRD-1240,2,30.00,60.00
SALE-003867,PRD-0006,1,440.00,440.00
SALE-003867,PRD-0010,2,190.00,380.00
SALE-003867,PRD-0020,1,38.00,38.00
SALE-003867,PRD-0001,2,1300.00,2600.00
SALE-003868,PRD-0031,2,210.00,420.00
SALE-003868,PRD-0033,1,95.00,95.00
SALE-003868,PRD-0037,2,1750.00,3500.00
SALE-003868,PRD-0034,2,130.00,260.00
SALE-003869,PRD-0057,2,60.00,120.00
SALE-003870,PRD-0073,1,250.00,250.00
SALE-003871,PRD-0083,2,95.00,190.00
SALE-003872,PRD-0081,1,35.00,35.00
SALE-003873,PRD-0082,1,38.00,38.00
SALE-003873,PRD-0088,1,40.00,40.00
SALE-003873,PRD-0094,2,20.00,40.00
SALE-003873,PRD-0090,1,35.00,35.00
SALE-003874,PRD-0142,1,45.00,45.00
SALE-003874,PRD-0139,1,35.00,35.00
SALE-003875,PRD-0149,1,90.00,90.00
SALE-003876,PRD-0155,2,38.00,76.00
SALE-003876,PRD-0170,1,90.00,90.00
SALE-003876,PRD-0167,1,21.00,21.00
SALE-003877,PRD-0162,1,50.00,50.00
SALE-003878,PRD-0175,1,410.00,410.00
SALE-003878,PRD-0191,1,20.00,20.00
SALE-003879,PRD-0201,2,50.00,100.00
SALE-003879,PRD-0205,1,54.00,54.00
SALE-003879,PRD-0223,3,80.00,240.00
SALE-003880,PRD-0265,2,45.00,90.00
SALE-003880,PRD-0259,1,30.00,30.00
SALE-003881,PRD-0275,2,195.00,390.00
SALE-003882,PRD-0265,1,45.00,45.00
SALE-003883,PRD-0259,1,30.00,30.00
SALE-003883,PRD-0268,2,38.00,76.00
SALE-003884,PRD-0278,2,38.00,76.00
SALE-003884,PRD-0280,1,60.00,60.00
SALE-003885,PRD-0301,2,135.00,270.00
SALE-003886,PRD-0299,1,120.00,120.00
SALE-003886,PRD-0308,1,130.00,130.00
SALE-003886,PRD-0321,3,25.00,75.00
SALE-003887,PRD-0386,1,149.00,149.00
SALE-003887,PRD-0383,1,299.00,299.00
SALE-003888,PRD-0420,2,38.00,76.00
SALE-003888,PRD-0421,2,105.00,210.00
SALE-003889,PRD-0412,2,25.00,50.00
SALE-003890,PRD-0407,3,160.00,480.00
SALE-003890,PRD-0416,1,18.00,18.00
SALE-003891,PRD-0400,2,120.00,240.00
SALE-003891,PRD-0417,3,45.00,135.00
SALE-003892,PRD-0434,1,15.00,15.00
SALE-003892,PRD-0429,1,35.00,35.00
SALE-003893,PRD-0438,1,35.00,35.00
SALE-003893,PRD-0434,1,15.00,15.00
SALE-003894,PRD-0474,1,150.00,150.00
SALE-003894,PRD-0459,1,390.00,390.00
SALE-003894,PRD-0471,2,190.00,380.00
SALE-003894,PRD-0451,1,210.00,210.00
SALE-003895,PRD-0472,1,130.00,130.00
SALE-003895,PRD-0456,1,780.00,780.00
SALE-003896,PRD-0461,1,160.00,160.00
SALE-003896,PRD-0450,3,410.00,1230.00
SALE-003897,PRD-0496,2,38.00,76.00
SALE-003897,PRD-0498,1,25.00,25.00
SALE-003898,PRD-0486,2,165.00,330.00
SALE-003898,PRD-0476,2,120.00,240.00
SALE-003899,PRD-0521,1,18.00,18.00
SALE-003900,PRD-0561,1,130.00,130.00
SALE-003900,PRD-0558,1,25.00,25.00
SALE-003900,PRD-0557,1,46.00,46.00
SALE-003900,PRD-0579,1,195.00,195.00
SALE-003901,PRD-0559,2,154.00,308.00
SALE-003901,PRD-0572,1,38.00,38.00
SALE-003901,PRD-0563,2,30.00,60.00
SALE-003901,PRD-0574,1,25.00,25.00
SALE-003902,PRD-0591,1,62.00,62.00
SALE-003902,PRD-0594,1,20.00,20.00
SALE-003902,PRD-0587,1,145.00,145.00
SALE-003903,PRD-0594,1,20.00,20.00
SALE-003903,PRD-0597,2,90.00,180.00
SALE-003904,PRD-0625,2,25.00,50.00
SALE-003904,PRD-0617,11,240.00,2640.00
SALE-003905,PRD-0629,1,165.00,165.00
SALE-003905,PRD-0637,1,130.00,130.00
SALE-003905,PRD-0641,3,15.00,45.00
SALE-003906,PRD-0627,2,1300.00,2600.00
SALE-003906,PRD-0637,1,130.00,130.00
SALE-003907,PRD-0645,2,45.00,90.00
SALE-003907,PRD-0646,1,38.00,38.00
SALE-003907,PRD-0647,1,37.00,37.00
SALE-003908,PRD-0635,1,150.00,150.00
SALE-003909,PRD-0657,2,50.00,100.00
SALE-003909,PRD-0680,2,35.00,70.00
SALE-003910,PRD-0682,2,35.00,70.00
SALE-003910,PRD-0698,1,90.00,90.00
SALE-003910,PRD-0685,2,60.00,120.00
SALE-003911,PRD-0711,1,999.00,999.00
SALE-003911,PRD-0713,1,199.00,199.00
SALE-003911,PRD-0719,3,149.00,447.00
SALE-003911,PRD-0720,2,149.00,298.00
SALE-003912,PRD-0707,3,349.00,1047.00
SALE-003912,PRD-0704,1,299.00,299.00
SALE-003912,PRD-0712,3,149.00,447.00
SALE-003912,PRD-0703,1,199.00,199.00
SALE-003913,PRD-0741,1,40.00,40.00
SALE-003913,PRD-0747,1,105.00,105.00
SALE-003913,PRD-0725,1,1365.00,1365.00
SALE-003914,PRD-0731,1,46.00,46.00
SALE-003915,PRD-0791,1,30.00,30.00
SALE-003915,PRD-0806,1,21.00,21.00
SALE-003915,PRD-0781,2,165.00,330.00
SALE-003915,PRD-0785,1,46.00,46.00
SALE-003916,PRD-0784,1,440.00,440.00
SALE-003917,PRD-0808,2,28.00,56.00
SALE-003918,PRD-0810,1,38.00,38.00
SALE-003918,PRD-0808,1,28.00,28.00
SALE-003919,PRD-0850,2,30.00,60.00
SALE-003920,PRD-0915,1,390.00,390.00
SALE-003921,PRD-0916,2,65.00,130.00
SALE-003922,PRD-0922,1,20.00,20.00
SALE-003922,PRD-0923,1,99.00,99.00
SALE-003922,PRD-0916,1,65.00,65.00
SALE-003922,PRD-0908,2,20.00,40.00
SALE-003923,PRD-0939,3,40.00,120.00
SALE-003924,PRD-0959,3,46.00,138.00
SALE-003925,PRD-0965,1,30.00,30.00
SALE-003925,PRD-0953,1,1300.00,1300.00
SALE-003925,PRD-0960,1,25.00,25.00
SALE-003925,PRD-0969,3,40.00,120.00
SALE-003926,PRD-0994,1,60.00,60.00
SALE-003926,PRD-0989,2,6.00,12.00
SALE-003927,PRD-0986,1,12.00,12.00
SALE-003928,PRD-0985,1,70.00,70.00
SALE-003929,PRD-1050,1,190.00,190.00
SALE-003930,PRD-1084,1,35.00,35.00
SALE-003930,PRD-1097,2,20.00,40.00
SALE-003930,PRD-1094,2,60.00,120.00
SALE-003931,PRD-1085,1,38.00,38.00
SALE-003931,PRD-1093,2,35.00,70.00
SALE-003931,PRD-1091,1,40.00,40.00
SALE-003931,PRD-1100,1,90.00,90.00
SALE-003932,PRD-1117,1,30.00,30.00
SALE-003933,PRD-1113,1,150.00,150.00
SALE-003934,PRD-1120,1,32.00,32.00
SALE-003935,PRD-1155,1,20.00,20.00
SALE-003935,PRD-1139,1,50.00,50.00
SALE-003935,PRD-1135,1,50.00,50.00
SALE-003936,PRD-1162,1,599.00,599.00
SALE-003936,PRD-1165,2,299.00,598.00
SALE-003936,PRD-1178,1,999.00,999.00
SALE-003937,PRD-1224,1,45.00,45.00
SALE-003937,PRD-1212,1,15.00,15.00
SALE-003937,PRD-1214,1,40.00,40.00
SALE-003937,PRD-1221,2,25.00,50.00
SALE-003938,PRD-1210,1,60.00,60.00
SALE-003938,PRD-1207,2,35.00,70.00
SALE-003938,PRD-1221,2,25.00,50.00
SALE-003938,PRD-1212,2,15.00,30.00
SALE-003939,PRD-1206,2,28.00,56.00
SALE-003940,PRD-1238,1,130.00,130.00
SALE-003940,PRD-1248,1,35.00,35.00
SALE-003940,PRD-1236,1,150.00,150.00
SALE-003940,PRD-1234,2,46.00,92.00
SALE-003941,PRD-1256,2,205.00,410.00
SALE-003942,PRD-0015,2,15.00,30.00
SALE-003943,PRD-0001,2,1300.00,2600.00
SALE-003944,PRD-0081,1,35.00,35.00
SALE-003944,PRD-0095,2,25.00,50.00
SALE-003944,PRD-0098,2,45.00,90.00
SALE-003944,PRD-0088,3,40.00,120.00
SALE-003945,PRD-0108,3,315.00,945.00
SALE-003946,PRD-0140,1,40.00,40.00
SALE-003947,PRD-0194,1,40.00,40.00
SALE-003948,PRD-0193,1,1650.00,1650.00
SALE-003948,PRD-0177,1,20.00,20.00
SALE-003948,PRD-0192,3,99.00,297.00
SALE-003949,PRD-0192,2,99.00,198.00
SALE-003950,PRD-0202,2,60.00,120.00
SALE-003950,PRD-0204,1,12.00,12.00
SALE-003951,PRD-0250,3,135.00,405.00
SALE-003951,PRD-0253,1,46.00,46.00
SALE-003951,PRD-0270,1,25.00,25.00
SALE-003952,PRD-0271,2,95.00,190.00
SALE-003952,PRD-0249,1,165.00,165.00
SALE-003953,PRD-0329,1,20.00,20.00
SALE-003954,PRD-0386,1,149.00,149.00
SALE-003955,PRD-0403,1,100.00,100.00
SALE-003956,PRD-0430,3,38.00,114.00
SALE-003956,PRD-0429,1,35.00,35.00
SALE-003957,PRD-0450,1,410.00,410.00
SALE-003957,PRD-0463,2,60.00,120.00
SALE-003958,PRD-0450,24,410.00,9840.00
SALE-003959,PRD-0488,3,25.00,75.00
SALE-003959,PRD-0481,2,46.00,92.00
SALE-003959,PRD-0476,1,120.00,120.00
SALE-003960,PRD-0480,2,462.00,924.00
SALE-003961,PRD-0504,2,280.00,560.00
SALE-003961,PRD-0527,2,80.00,160.00
SALE-003961,PRD-0518,2,10.00,20.00
SALE-003962,PRD-0538,1,149.00,149.00
SALE-003962,PRD-0529,3,199.00,597.00
SALE-003963,PRD-0578,2,20.00,40.00
SALE-003963,PRD-0579,2,195.00,390.00
SALE-003964,PRD-0571,1,35.00,35.00
SALE-003964,PRD-0563,1,30.00,30.00
SALE-003964,PRD-0557,1,46.00,46.00
SALE-003964,PRD-0574,3,25.00,75.00
SALE-003965,PRD-0561,3,130.00,390.00
SALE-003965,PRD-0567,1,40.00,40.00
SALE-003965,PRD-0577,1,35.00,35.00
SALE-003965,PRD-0575,1,95.00,95.00
SALE-003966,PRD-0588,3,40.00,120.00
SALE-003966,PRD-0581,1,35.00,35.00
SALE-003967,PRD-0582,1,38.00,38.00
SALE-003967,PRD-0597,1,90.00,90.00
SALE-003967,PRD-0598,2,45.00,90.00
SALE-003968,PRD-0628,1,120.00,120.00
SALE-003968,PRD-0652,1,90.00,90.00
SALE-003969,PRD-0655,3,195.00,585.00
SALE-003969,PRD-0648,2,38.00,76.00
SALE-003970,PRD-0698,1,90.00,90.00
SALE-003971,PRD-0683,2,38.00,76.00
SALE-003971,PRD-0695,1,20.00,20.00
SALE-003972,PRD-0700,2,32.00,64.00
SALE-003972,PRD-0699,3,45.00,135.00
SALE-003973,PRD-0706,2,599.00,1198.00
SALE-003974,PRD-0710,1,1299.00,1299.00
SALE-003974,PRD-0703,1,199.00,199.00
SALE-003974,PRD-0705,1,149.00,149.00
SALE-003975,PRD-0785,1,46.00,46.00
SALE-003975,PRD-0787,2,150.00,300.00
SALE-003975,PRD-0802,2,25.00,50.00
SALE-003975,PRD-0794,2,32.00,64.00
SALE-003976,PRD-0800,2,38.00,76.00
SALE-003976,PRD-0787,3,150.00,450.00
SALE-003977,PRD-0800,1,38.00,38.00
SALE-003977,PRD-0782,1,135.00,135.00
SALE-003978,PRD-0834,1,12.00,12.00
SALE-003978,PRD-0836,1,5.00,5.00
SALE-003978,PRD-0831,2,50.00,100.00
SALE-003978,PRD-0833,1,70.00,70.00
SALE-003979,PRD-0857,1,149.00,149.00
SALE-003979,PRD-0862,1,1299.00,1299.00
SALE-003979,PRD-0861,1,314.00,314.00
SALE-003979,PRD-0865,1,199.00,199.00
SALE-003980,PRD-0916,2,65.00,130.00
SALE-003980,PRD-0919,1,60.00,60.00
SALE-003981,PRD-0945,2,20.00,40.00
SALE-003981,PRD-0931,1,28.00,28.00
SALE-003981,PRD-0941,1,35.00,35.00
SALE-003982,PRD-1002,2,30.00,60.00
SALE-003982,PRD-0986,1,12.00,12.00
SALE-003982,PRD-0982,1,280.00,280.00
SALE-003983,PRD-0991,2,15.00,30.00
SALE-003984,PRD-1008,1,299.00,299.00
SALE-003985,PRD-1046,1,99.00,99.00
SALE-003985,PRD-1044,2,240.00,480.00
SALE-003985,PRD-1033,1,120.00,120.00
SALE-003985,PRD-1029,1,430.00,430.00
SALE-003986,PRD-1033,3,120.00,360.00
SALE-003986,PRD-1032,2,95.00,190.00
SALE-003987,PRD-1077,2,25.00,50.00
SALE-003988,PRD-1066,3,30.00,90.00
SALE-003988,PRD-1054,1,1300.00,1300.00
SALE-003988,PRD-1068,3,15.00,45.00
SALE-003988,PRD-1080,2,35.00,70.00
SALE-003989,PRD-1083,1,28.00,28.00
SALE-003989,PRD-1086,1,95.00,95.00
SALE-003990,PRD-1110,1,440.00,440.00
SALE-003990,PRD-1106,1,130.00,130.00
SALE-003991,PRD-1153,2,25.00,50.00
SALE-003991,PRD-1140,2,5.00,10.00
SALE-003991,PRD-1139,2,50.00,100.00
SALE-003992,PRD-1143,2,15.00,30.00
SALE-003993,PRD-1168,1,149.00,149.00
SALE-003993,PRD-1169,1,199.00,199.00
SALE-003993,PRD-1167,1,1050.00,1050.00
SALE-003993,PRD-1180,2,99.00,198.00
SALE-003994,PRD-1169,2,199.00,398.00
SALE-003994,PRD-1162,1,599.00,599.00
SALE-003995,PRD-1191,2,65.00,130.00
SALE-003996,PRD-1217,1,60.00,60.00
SALE-003996,PRD-1218,2,90.00,180.00
SALE-003996,PRD-1214,1,40.00,40.00
SALE-003996,PRD-1225,1,30.00,30.00
SALE-003997,PRD-1208,1,38.00,38.00
SALE-003998,PRD-1209,1,95.00,95.00
SALE-003998,PRD-1206,2,28.00,56.00
SALE-003998,PRD-1212,1,15.00,15.00
SALE-003998,PRD-1221,1,25.00,25.00
SALE-003999,PRD-1247,1,38.00,38.00
SALE-003999,PRD-1230,1,165.00,165.00
SALE-004000,PRD-1248,2,35.00,70.00
SALE-004001,PRD-0002,2,120.00,240.00
SALE-004001,PRD-0009,1,150.00,150.00
SALE-004001,PRD-0004,2,135.00,270.00
SALE-004002,PRD-0022,1,38.00,38.00
SALE-004002,PRD-0013,1,30.00,30.00
SALE-004002,PRD-0011,1,130.00,130.00
SALE-004002,PRD-0008,1,25.00,25.00
SALE-004003,PRD-0013,1,30.00,30.00
SALE-004003,PRD-0024,2,25.00,50.00
SALE-004004,PRD-0078,1,80.00,80.00
SALE-004004,PRD-0060,3,50.00,150.00
SALE-004005,PRD-0084,1,60.00,60.00
SALE-004006,PRD-0084,2,60.00,120.00
SALE-004006,PRD-0095,1,25.00,25.00
SALE-004007,PRD-0158,2,340.00,680.00
SALE-004008,PRD-0157,2,60.00,120.00
SALE-004009,PRD-0217,2,18.00,36.00
SALE-004010,PRD-0261,1,15.00,15.00
SALE-004010,PRD-0270,1,25.00,25.00
SALE-004010,PRD-0269,1,105.00,105.00
SALE-004010,PRD-0258,3,165.00,495.00
SALE-004011,PRD-0254,2,25.00,50.00
SALE-004012,PRD-0284,1,40.00,40.00
SALE-004012,PRD-0279,1,95.00,95.00
SALE-004013,PRD-0317,1,40.00,40.00
SALE-004013,PRD-0321,1,25.00,25.00
SALE-004014,PRD-0312,2,15.00,30.00
SALE-004015,PRD-0349,2,130.00,260.00
SALE-004015,PRD-0328,6,210.00,1260.00
SALE-004016,PRD-0423,2,100.00,200.00
SALE-004016,PRD-0409,1,130.00,130.00
SALE-004016,PRD-0420,2,38.00,76.00
SALE-004017,PRD-0414,2,32.00,64.00
SALE-004017,PRD-0406,3,25.00,75.00
SALE-004018,PRD-0437,1,50.00,50.00
SALE-004018,PRD-0439,1,60.00,60.00
SALE-004018,PRD-0446,2,45.00,90.00
SALE-004018,PRD-0430,2,38.00,76.00
SALE-004019,PRD-0463,2,60.00,120.00
SALE-004019,PRD-0466,2,20.00,40.00
SALE-004020,PRD-0452,4,20.00,80.00
SALE-004021,PRD-0492,1,18.00,18.00
SALE-004021,PRD-0496,2,38.00,76.00
SALE-004022,PRD-0491,2,40.00,80.00
SALE-004022,PRD-0483,2,150.00,300.00
SALE-004023,PRD-0491,2,40.00,80.00
SALE-004024,PRD-0499,1,95.00,95.00
SALE-004024,PRD-0489,1,15.00,15.00
SALE-004024,PRD-0495,1,35.00,35.00
SALE-004025,PRD-0509,1,50.00,50.00
SALE-004026,PRD-0571,2,35.00,70.00
SALE-004027,PRD-0556,1,440.00,440.00
SALE-004028,PRD-0589,1,50.00,50.00
SALE-004028,PRD-0599,1,30.00,30.00
SALE-004029,PRD-0581,1,38.00,38.00
SALE-004029,PRD-0588,2,40.00,80.00
SALE-004030,PRD-0646,1,38.00,38.00
SALE-004030,PRD-0633,2,46.00,92.00
SALE-004030,PRD-0635,1,150.00,150.00
SALE-004031,PRD-0643,1,40.00,40.00
SALE-004031,PRD-0636,1,190.00,190.00
SALE-004031,PRD-0652,1,90.00,90.00
SALE-004031,PRD-0640,1,25.00,25.00
SALE-004032,PRD-0639,2,30.00,60.00
SALE-004032,PRD-0648,1,38.00,38.00
SALE-004033,PRD-0647,1,37.00,37.00
SALE-004034,PRD-0683,1,38.00,38.00
SALE-004035,PRD-0735,3,130.00,390.00
SALE-004035,PRD-0753,1,195.00,195.00
SALE-004036,PRD-0763,1,410.00,410.00
SALE-004036,PRD-0755,6,210.00,1260.00
SALE-004037,PRD-0824,2,650.00,1300.00
SALE-004038,PRD-0816,1,40.00,40.00
SALE-004039,PRD-0820,1,90.00,90.00
SALE-004039,PRD-0808,2,28.00,56.00
SALE-004039,PRD-0817,2,50.00,100.00
SALE-004039,PRD-0813,1,340.00,340.00
SALE-004040,PRD-0834,2,12.00,24.00
SALE-004040,PRD-0854,2,36.00,72.00
SALE-004041,PRD-0899,2,113.00,226.00
SALE-004042,PRD-0885,2,150.00,300.00
SALE-004042,PRD-0879,2,165.00,330.00
SALE-004042,PRD-0893,2,40.00,80.00
SALE-004043,PRD-0931,2,28.00,56.00
SALE-004043,PRD-0943,1,90.00,90.00
SALE-004043,PRD-0942,2,60.00,120.00
SALE-004043,PRD-0945,2,20.00,40.00
SALE-004044,PRD-0975,1,105.00,105.00
SALE-004044,PRD-0967,2,15.00,30.00
SALE-004045,PRD-0980,1,20.00,20.00
SALE-004046,PRD-0963,2,130.00,260.00
SALE-004046,PRD-0962,1,190.00,190.00
SALE-004046,PRD-0976,1,28.00,28.00
SALE-004047,PRD-1026,2,999.00,1998.00
SALE-004048,PRD-1046,3,99.00,297.00
SALE-004048,PRD-1032,3,95.00,285.00
SALE-004049,PRD-1076,1,108.00,108.00
SALE-004049,PRD-1071,2,18.00,36.00
SALE-004050,PRD-1095,1,90.00,90.00
SALE-004050,PRD-1083,1,28.00,28.00
SALE-004051,PRD-1107,2,165.00,330.00
SALE-004051,PRD-1109,3,100.00,300.00
SALE-004052,PRD-1110,1,440.00,440.00
SALE-004053,PRD-1158,1,35.00,35.00
SALE-004053,PRD-1140,2,5.00,10.00
SALE-004053,PRD-1148,1,10.00,10.00
SALE-004053,PRD-1143,1,15.00,15.00
SALE-004054,PRD-1194,1,60.00,60.00
SALE-004054,PRD-1198,3,99.00,297.00
SALE-004054,PRD-1199,2,1650.00,3300.00
SALE-004054,PRD-1181,1,410.00,410.00
SALE-004055,PRD-1231,3,135.00,405.00
SALE-004056,PRD-1233,1,440.00,440.00
SALE-004056,PRD-1241,2,25.00,50.00
SALE-004056,PRD-1250,1,105.00,105.00
SALE-004057,PRD-1250,1,105.00,105.00
SALE-004057,PRD-1249,1,38.00,38.00
SALE-004058,PRD-0018,2,18.00,36.00
SALE-004058,PRD-0014,3,25.00,75.00
SALE-004059,PRD-0009,2,150.00,300.00
SALE-004059,PRD-0027,1,35.00,35.00
SALE-004060,PRD-0004,2,135.00,270.00
SALE-004061,PRD-0070,2,35.00,70.00
SALE-004061,PRD-0058,1,70.00,70.00
SALE-004062,PRD-0067,1,60.00,60.00
SALE-004062,PRD-0060,2,50.00,100.00
SALE-004062,PRD-0065,1,25.00,25.00
SALE-004062,PRD-0068,3,45.00,135.00
SALE-004063,PRD-0082,1,38.00,38.00
SALE-004064,PRD-0128,1,100.00,100.00
SALE-004064,PRD-0131,2,25.00,50.00
SALE-004065,PRD-0142,1,45.00,45.00
SALE-004065,PRD-0152,2,201.00,402.00
SALE-004066,PRD-0132,2,150.00,300.00
SALE-004066,PRD-0139,1,35.00,35.00
SALE-004067,PRD-0155,1,38.00,38.00
SALE-004068,PRD-0178,2,95.00,190.00
SALE-004069,PRD-0217,1,18.00,18.00
SALE-004069,PRD-0207,1,6.00,6.00
SALE-004070,PRD-0233,1,999.00,999.00
SALE-004071,PRD-0270,1,25.00,25.00
SALE-004071,PRD-0251,1,105.00,105.00
SALE-004071,PRD-0253,2,46.00,92.00
SALE-004072,PRD-0253,2,46.00,92.00
SALE-004072,PRD-0269,2,105.00,210.00
SALE-004072,PRD-0247,3,1300.00,3900.00
SALE-004072,PRD-0256,1,190.00,190.00
SALE-004073,PRD-0287,3,60.00,180.00
SALE-004073,PRD-0284,1,40.00,40.00
SALE-004073,PRD-0277,3,35.00,105.00
SALE-004073,PRD-0285,1,50.00,50.00
SALE-004074,PRD-0287,3,60.00,180.00
SALE-004074,PRD-0283,1,145.00,145.00
SALE-004074,PRD-0291,2,25.00,50.00
SALE-004074,PRD-0284,3,40.00,120.00
SALE-004075,PRD-0314,2,40.00,80.00
SALE-004076,PRD-0317,1,40.00,40.00
SALE-004076,PRD-0299,1,120.00,120.00
SALE-004077,PRD-0357,1,50.00,50.00
SALE-004078,PRD-0399,3,1300.00,3900.00
SALE-004078,PRD-0420,1,38.00,38.00
SALE-004078,PRD-0403,2,100.00,200.00
SALE-004078,PRD-0407,3,160.00,480.00
SALE-004079,PRD-0400,1,120.00,120.00
SALE-004079,PRD-0399,1,1300.00,1300.00
SALE-004079,PRD-0416,1,18.00,18.00
SALE-004080,PRD-0412,1,25.00,25.00
SALE-004080,PRD-0414,1,32.00,32.00
SALE-004080,PRD-0416,1,18.00,18.00
SALE-004080,PRD-0407,2,160.00,320.00
SALE-004081,PRD-0430,3,38.00,114.00
SALE-004082,PRD-0452,1,20.00,20.00
SALE-004082,PRD-0450,2,410.00,820.00
SALE-004083,PRD-0483,3,150.00,450.00
SALE-004084,PRD-0487,1,30.00,30.00
SALE-004084,PRD-0489,1,15.00,15.00
SALE-004084,PRD-0477,1,165.00,165.00
SALE-004084,PRD-0481,1,46.00,46.00
SALE-004085,PRD-0557,2,46.00,92.00
SALE-004085,PRD-0552,1,120.00,120.00
SALE-004085,PRD-0567,2,40.00,80.00
SALE-004085,PRD-0565,3,15.00,45.00
SALE-004086,PRD-0559,3,154.00,462.00
SALE-004086,PRD-0557,1,46.00,46.00
SALE-004087,PRD-0603,3,210.00,630.00
SALE-004087,PRD-0605,10,95.00,950.00
SALE-004087,PRD-0613,2,160.00,320.00
SALE-004087,PRD-0608,1,780.00,780.00
SALE-004088,PRD-0605,2,95.00,190.00
SALE-004088,PRD-0613,3,160.00,480.00
SALE-004088,PRD-0621,3,40.00,120.00
SALE-004089,PRD-0628,1,120.00,120.00
SALE-004090,PRD-0656,2,280.00,560.00
SALE-004090,PRD-0662,3,5.00,15.00
SALE-004091,PRD-0683,1,38.00,38.00
SALE-004092,PRD-0711,1,999.00,999.00
SALE-004092,PRD-0707,2,349.00,698.00
SALE-004092,PRD-0713,1,199.00,199.00
SALE-004093,PRD-0735,2,130.00,260.00
SALE-004093,PRD-0731,1,46.00,46.00
SALE-004093,PRD-0737,1,30.00,30.00
SALE-004094,PRD-0785,1,46.00,46.00
SALE-004094,PRD-0807,2,195.00,390.00
SALE-004095,PRD-0779,2,1300.00,2600.00
SALE-004096,PRD-0781,3,165.00,495.00
SALE-004096,PRD-0805,3,35.00,105.00
SALE-004096,PRD-0786,1,25.00,25.00
SALE-004096,PRD-0782,2,135.00,270.00
SALE-004097,PRD-0812,1,60.00,60.00
SALE-004098,PRD-0811,1,95.00,95.00
SALE-004098,PRD-0810,3,38.00,114.00
SALE-004098,PRD-0808,3,28.00,84.00
SALE-004099,PRD-0850,2,30.00,60.00
SALE-004099,PRD-0840,2,25.00,50.00
SALE-004099,PRD-0834,1,12.00,12.00
SALE-004100,PRD-0862,1,1299.00,1299.00
SALE-004101,PRD-0889,1,30.00,30.00
SALE-004101,PRD-0884,1,25.00,25.00
SALE-004102,PRD-0932,2,35.00,70.00
SALE-004102,PRD-0934,1,95.00,95.00
SALE-004103,PRD-0972,1,40.00,40.00
SALE-004103,PRD-0965,3,30.00,90.00
SALE-004104,PRD-0963,1,130.00,130.00
SALE-004105,PRD-0983,1,50.00,50.00
SALE-004105,PRD-0982,2,280.00,560.00
SALE-004105,PRD-0995,2,45.00,90.00
SALE-004105,PRD-1006,2,35.00,70.00
SALE-004106,PRD-1016,2,158.00,316.00
SALE-004106,PRD-1021,3,462.00,1386.00
SALE-004106,PRD-1007,2,199.00,398.00
SALE-004107,PRD-1051,1,130.00,130.00
SALE-004107,PRD-1047,2,1650.00,3300.00
SALE-004108,PRD-1073,1,38.00,38.00
SALE-004108,PRD-1056,1,165.00,165.00
SALE-004108,PRD-1079,1,90.00,90.00
SALE-004109,PRD-1101,1,45.00,45.00
SALE-004109,PRD-1085,2,38.00,76.00
SALE-004109,PRD-1086,1,95.00,95.00
SALE-004110,PRD-1094,1,60.00,60.00
SALE-004111,PRD-1084,1,35.00,35.00
SALE-004112,PRD-1138,1,12.00,12.00
SALE-004112,PRD-1145,3,30.00,90.00
SALE-004113,PRD-1188,2,1750.00,3500.00
SALE-004114,PRD-1216,1,35.00,35.00
SALE-004114,PRD-1207,3,35.00,105.00
SALE-004115,PRD-1247,2,38.00,76.00
SALE-004115,PRD-1230,2,165.00,330.00
SALE-004116,PRD-1236,1,150.00,150.00
SALE-004116,PRD-1233,2,440.00,880.00
SALE-004117,PRD-0013,1,30.00,30.00
SALE-004118,PRD-0024,1,25.00,25.00
SALE-004118,PRD-0022,2,38.00,76.00
SALE-004119,PRD-0003,1,165.00,165.00
SALE-004120,PRD-0052,1,130.00,130.00
SALE-004120,PRD-0040,1,65.00,65.00
SALE-004121,PRD-0044,1,290.00,290.00
SALE-004121,PRD-0053,1,25.00,25.00
SALE-004121,PRD-0033,1,95.00,95.00
SALE-004122,PRD-0067,1,60.00,60.00
SALE-004122,PRD-0058,1,70.00,70.00
SALE-004122,PRD-0061,2,5.00,10.00
SALE-004123,PRD-0130,1,46.00,46.00
SALE-004124,PRD-0132,2,150.00,300.00
SALE-004124,PRD-0130,1,46.00,46.00
SALE-004124,PRD-0146,3,105.00,315.00
SALE-004124,PRD-0139,1,35.00,35.00
SALE-004125,PRD-0167,2,21.00,42.00
SALE-004125,PRD-0153,1,28.00,28.00
SALE-004126,PRD-0241,1,149.00,149.00
SALE-004127,PRD-0256,1,190.00,190.00
SALE-004127,PRD-0268,1,38.00,38.00
SALE-004127,PRD-0249,1,165.00,165.00
SALE-004128,PRD-0259,3,30.00,90.00
SALE-004129,PRD-0290,1,20.00,20.00
SALE-004129,PRD-0282,3,15.00,45.00
SALE-004130,PRD-0314,2,40.00,80.00
SALE-004130,PRD-0303,1,440.00,440.00
SALE-004130,PRD-0300,3,165.00,495.00
SALE-004131,PRD-0311,2,25.00,50.00
SALE-004131,PRD-0314,1,40.00,40.00
SALE-004131,PRD-0308,2,130.00,260.00
SALE-004131,PRD-0309,2,165.00,330.00
SALE-004132,PRD-0306,1,150.00,150.00
SALE-004132,PRD-0317,1,40.00,40.00
SALE-004132,PRD-0311,2,25.00,50.00
SALE-004133,PRD-0346,1,40.00,40.00
SALE-004134,PRD-0386,2,149.00,298.00
SALE-004134,PRD-0377,2,199.00,398.00
SALE-004134,PRD-0383,2,299.00,598.00
SALE-004135,PRD-0387,2,199.00,398.00
SALE-004136,PRD-0402,1,135.00,135.00
SALE-004137,PRD-0408,2,190.00,380.00
SALE-004137,PRD-0404,2,465.00,930.00
SALE-004137,PRD-0414,1,32.00,32.00
SALE-004137,PRD-0415,2,40.00,80.00
SALE-004138,PRD-0399,2,1300.00,2600.00
SALE-004138,PRD-0401,1,165.00,165.00
SALE-004139,PRD-0454,1,130.00,130.00
SALE-004140,PRD-0451,3,210.00,630.00
SALE-004140,PRD-0458,1,1200.00,1200.00
SALE-004141,PRD-0468,2,1650.00,3300.00
SALE-004141,PRD-0466,1,20.00,20.00
SALE-004141,PRD-0454,1,130.00,130.00
SALE-004142,PRD-0485,2,130.00,260.00
SALE-004143,PRD-0487,1,30.00,30.00
SALE-004143,PRD-0502,3,20.00,60.00
SALE-004143,PRD-0481,1,46.00,46.00
SALE-004144,PRD-0495,2,35.00,70.00
SALE-004144,PRD-0487,2,30.00,60.00
SALE-004144,PRD-0475,1,1300.00,1300.00
SALE-004145,PRD-0505,1,50.00,50.00
SALE-004145,PRD-0518,2,10.00,20.00
SALE-004146,PRD-0569,1,45.00,45.00
SALE-004146,PRD-0577,2,35.00,70.00
SALE-004146,PRD-0564,2,25.00,50.00
SALE-004146,PRD-0555,2,100.00,200.00
SALE-004147,PRD-0562,1,165.00,165.00
SALE-004147,PRD-0574,3,25.00,75.00
SALE-004148,PRD-0590,1,35.00,35.00
SALE-004149,PRD-0646,1,38.00,38.00
SALE-004149,PRD-0630,1,135.00,135.00
SALE-004149,PRD-0627,3,1300.00,3900.00
SALE-004149,PRD-0641,2,15.00,30.00
SALE-004150,PRD-0628,2,120.00,240.00
SALE-004151,PRD-0660,2,12.00,24.00
SALE-004151,PRD-0672,1,120.00,120.00
SALE-004152,PRD-0691,2,35.00,70.00
SALE-004153,PRD-0687,2,15.00,30.00
SALE-004153,PRD-0688,1,145.00,145.00
SALE-004154,PRD-0696,1,25.00,25.00
SALE-004155,PRD-0712,2,149.00,298.00
SALE-004155,PRD-0716,2,599.00,1198.00
SALE-004155,PRD-0720,1,149.00,149.00
SALE-004156,PRD-0798,1,38.00,38.00
SALE-004157,PRD-0788,1,190.00,190.00
SALE-004158,PRD-0822,1,20.00,20.00
SALE-004159,PRD-0849,1,25.00,25.00
SALE-004159,PRD-0843,1,45.00,45.00
SALE-004160,PRD-0872,2,160.00,320.00
SALE-004160,PRD-0856,3,299.00,897.00
SALE-004161,PRD-0860,2,899.00,1798.00
SALE-004162,PRD-0893,3,40.00,120.00
SALE-004162,PRD-0882,1,440.00,440.00
SALE-004163,PRD-0897,3,35.00,105.00
SALE-004163,PRD-0900,2,25.00,50.00
SALE-004163,PRD-0904,1,20.00,20.00
SALE-004164,PRD-0899,1,113.00,113.00
SALE-004165,PRD-0920,1,290.00,290.00
SALE-004165,PRD-0918,1,12.00,12.00
SALE-004166,PRD-0923,1,99.00,99.00
SALE-004167,PRD-0958,2,440.00,880.00
SALE-004167,PRD-0964,1,165.00,165.00
SALE-004168,PRD-0967,1,15.00,15.00
SALE-004168,PRD-0964,2,165.00,330.00
SALE-004169,PRD-0999,3,18.00,54.00
SALE-004169,PRD-1005,1,80.00,80.00
SALE-004170,PRD-1005,1,80.00,80.00
SALE-004170,PRD-1003,1,20.00,20.00
SALE-004170,PRD-0984,1,60.00,60.00
SALE-004170,PRD-0986,2,12.00,24.00
SALE-004171,PRD-1100,2,90.00,180.00
SALE-004171,PRD-1083,2,28.00,56.00
SALE-004172,PRD-1093,1,35.00,35.00
SALE-004172,PRD-1083,2,28.00,56.00
SALE-004173,PRD-1087,2,60.00,120.00
SALE-004174,PRD-1133,1,205.00,205.00
SALE-004175,PRD-1107,3,165.00,495.00
SALE-004176,PRD-1121,1,40.00,40.00
SALE-004177,PRD-1152,3,250.00,750.00
SALE-004177,PRD-1138,1,12.00,12.00
SALE-004177,PRD-1155,2,20.00,40.00
SALE-004177,PRD-1144,1,25.00,25.00
SALE-004178,PRD-1198,2,99.00,198.00
SALE-004178,PRD-1183,1,20.00,20.00
SALE-004179,PRD-1226,2,30.00,60.00
SALE-004179,PRD-1218,1,90.00,90.00
SALE-004180,PRD-1222,1,650.00,650.00
SALE-004180,PRD-1227,1,124.00,124.00
SALE-004181,PRD-1239,1,165.00,165.00
SALE-004182,PRD-1236,3,150.00,450.00
SALE-004183,PRD-1231,1,135.00,135.00
SALE-004184,PRD-0013,1,30.00,30.00
SALE-004184,PRD-0007,1,46.00,46.00
SALE-004184,PRD-0011,3,130.00,390.00
SALE-004184,PRD-0008,1,25.00,25.00
SALE-004185,PRD-0015,1,15.00,15.00
SALE-004185,PRD-0022,2,38.00,76.00
SALE-004186,PRD-0051,2,190.00,380.00
SALE-004187,PRD-0047,1,99.00,99.00
SALE-004187,PRD-0036,1,780.00,780.00
SALE-004188,PRD-0058,2,70.00,140.00
SALE-004189,PRD-0098,1,45.00,45.00
SALE-004190,PRD-0127,2,135.00,270.00
SALE-004190,PRD-0134,1,130.00,130.00
SALE-004190,PRD-0136,2,30.00,60.00
SALE-004190,PRD-0138,1,15.00,15.00
SALE-004191,PRD-0132,1,150.00,150.00
SALE-004191,PRD-0130,2,46.00,92.00
SALE-004192,PRD-0126,2,165.00,330.00
SALE-004192,PRD-0138,1,15.00,15.00
SALE-004192,PRD-0149,2,90.00,180.00
SALE-004192,PRD-0133,1,190.00,190.00
SALE-004193,PRD-0173,1,30.00,30.00
SALE-004193,PRD-0156,2,95.00,190.00
SALE-004194,PRD-0167,1,21.00,21.00
SALE-004194,PRD-0155,2,38.00,76.00
SALE-004194,PRD-0169,1,650.00,650.00
SALE-004195,PRD-0174,1,120.00,120.00
SALE-004195,PRD-0170,1,90.00,90.00
SALE-004195,PRD-0153,2,28.00,56.00
SALE-004196,PRD-0180,2,105.00,210.00
SALE-004197,PRD-0198,1,27.00,27.00
SALE-004198,PRD-0226,3,315.00,945.00
SALE-004199,PRD-0266,2,38.00,76.00
SALE-004199,PRD-0256,1,190.00,190.00
SALE-004199,PRD-0249,1,165.00,165.00
SALE-004199,PRD-0259,2,30.00,60.00
SALE-004200,PRD-0262,1,32.00,32.00
SALE-004201,PRD-0296,1,30.00,30.00
SALE-004202,PRD-0312,3,15.00,45.00
SALE-004203,PRD-0301,1,135.00,135.00
SALE-004203,PRD-0299,2,120.00,240.00
SALE-004204,PRD-0312,2,15.00,30.00
SALE-004204,PRD-0319,3,38.00,114.00
SALE-004205,PRD-0328,1,210.00,210.00
SALE-004205,PRD-0335,1,1200.00,1200.00
SALE-004205,PRD-0344,3,99.00,297.00
SALE-004206,PRD-0356,3,12.00,36.00
SALE-004207,PRD-0387,2,199.00,398.00
SALE-004207,PRD-0393,1,149.00,149.00
SALE-004207,PRD-0386,1,149.00,149.00
SALE-004208,PRD-0384,3,1299.00,3897.00
SALE-004208,PRD-0380,1,599.00,599.00
SALE-004208,PRD-0377,1,199.00,199.00
SALE-004208,PRD-0397,2,249.00,498.00
SALE-004209,PRD-0415,2,40.00,80.00
SALE-004209,PRD-0413,1,15.00,15.00
SALE-004210,PRD-0405,1,46.00,46.00
SALE-004211,PRD-0401,3,165.00,495.00
SALE-004212,PRD-0432,1,60.00,60.00
SALE-004213,PRD-0458,1,1200.00,1200.00
SALE-004213,PRD-0452,10,20.00,200.00
SALE-004214,PRD-0476,1,120.00,120.00
SALE-004214,PRD-0481,2,46.00,92.00
SALE-004215,PRD-0488,1,25.00,25.00
SALE-004215,PRD-0481,2,46.00,92.00
SALE-004215,PRD-0475,2,1300.00,2600.00
SALE-004215,PRD-0502,1,20.00,20.00
SALE-004216,PRD-0486,1,165.00,165.00
SALE-004216,PRD-0503,1,195.00,195.00
SALE-004216,PRD-0489,2,15.00,30.00
SALE-004216,PRD-0491,1,40.00,40.00
SALE-004217,PRD-0489,2,15.00,30.00
SALE-004217,PRD-0496,2,38.00,76.00
SALE-004218,PRD-0527,1,80.00,80.00
SALE-004218,PRD-0524,1,30.00,30.00
SALE-004218,PRD-0514,1,25.00,25.00
SALE-004219,PRD-0573,2,105.00,210.00
SALE-004220,PRD-0585,3,340.00,1020.00
SALE-004220,PRD-0588,2,40.00,80.00
SALE-004221,PRD-0602,4,410.00,1640.00
SALE-004222,PRD-0632,2,440.00,880.00
SALE-004222,PRD-0639,1,30.00,30.00
SALE-004223,PRD-0658,3,60.00,180.00
SALE-004223,PRD-0659,1,70.00,70.00
SALE-004224,PRD-0690,2,50.00,100.00
SALE-004224,PRD-0699,3,45.00,135.00
SALE-004224,PRD-0686,1,340.00,340.00
SALE-004225,PRD-0708,2,899.00,1798.00
SALE-004225,PRD-0703,1,199.00,199.00
SALE-004225,PRD-0721,1,399.00,399.00
SALE-004226,PRD-0719,2,149.00,298.00
SALE-004227,PRD-0772,2,1650.00,3300.00
SALE-004227,PRD-0777,1,25.00,25.00
SALE-004228,PRD-0797,2,45.00,90.00
SALE-004228,PRD-0798,1,38.00,38.00
SALE-004228,PRD-0783,1,100.00,100.00
SALE-004228,PRD-0780,3,120.00,360.00
SALE-004229,PRD-0789,2,130.00,260.00
SALE-004229,PRD-0801,1,110.00,110.00
SALE-004229,PRD-0807,2,195.00,390.00
SALE-004230,PRD-0793,2,15.00,30.00
SALE-004230,PRD-0781,1,165.00,165.00
SALE-004230,PRD-0794,1,32.00,32.00
SALE-004230,PRD-0784,1,440.00,440.00
SALE-004231,PRD-0809,1,35.00,35.00
SALE-004231,PRD-0814,2,16.00,32.00
SALE-004231,PRD-0828,3,30.00,90.00
SALE-004231,PRD-0826,1,45.00,45.00
SALE-004232,PRD-0835,1,52.00,52.00
SALE-004233,PRD-0883,1,46.00,46.00
SALE-004233,PRD-0901,1,98.00,98.00
SALE-004234,PRD-0882,3,440.00,1320.00
SALE-004234,PRD-0899,1,113.00,113.00
SALE-004234,PRD-0883,3,46.00,138.00
SALE-004234,PRD-0890,2,25.00,50.00
SALE-004235,PRD-0946,1,25.00,25.00
SALE-004236,PRD-0955,3,165.00,495.00
SALE-004236,PRD-0981,1,195.00,195.00
SALE-004237,PRD-0983,2,50.00,100.00
SALE-004237,PRD-0992,2,26.00,52.00
SALE-004238,PRD-0983,3,50.00,150.00
SALE-004239,PRD-1016,3,158.00,474.00
SALE-004239,PRD-1017,2,199.00,398.00
SALE-004240,PRD-1045,1,20.00,20.00
SALE-004240,PRD-1030,1,210.00,210.00
SALE-004241,PRD-1100,1,90.00,90.00
SALE-004241,PRD-1085,1,38.00,38.00
SALE-004242,PRD-1129,1,95.00,95.00
SALE-004242,PRD-1117,1,30.00,30.00
SALE-004242,PRD-1125,1,35.00,35.00
SALE-004242,PRD-1109,2,100.00,200.00
SALE-004243,PRD-1124,2,38.00,76.00
SALE-004243,PRD-1111,1,46.00,46.00
SALE-004244,PRD-1144,1,25.00,25.00
SALE-004244,PRD-1153,2,25.00,50.00
SALE-004244,PRD-1158,1,35.00,35.00
SALE-004245,PRD-1168,1,149.00,149.00
SALE-004245,PRD-1180,3,99.00,297.00
SALE-004246,PRD-1220,2,20.00,40.00
SALE-004246,PRD-1225,1,30.00,30.00
SALE-004246,PRD-1209,1,95.00,95.00
SALE-004246,PRD-1224,2,45.00,90.00
SALE-004247,PRD-1233,2,440.00,880.00
SALE-004248,PRD-0003,3,165.00,495.00
SALE-004248,PRD-0006,1,440.00,440.00
SALE-004249,PRD-0006,1,440.00,440.00
SALE-004250,PRD-0053,3,25.00,75.00
SALE-004251,PRD-0075,1,30.00,30.00
SALE-004252,PRD-0165,2,90.00,180.00
SALE-004252,PRD-0159,2,15.00,30.00
SALE-004252,PRD-0154,1,35.00,35.00
SALE-004253,PRD-0158,2,340.00,680.00
SALE-004253,PRD-0153,1,28.00,28.00
SALE-004253,PRD-0155,3,38.00,114.00
SALE-004254,PRD-0173,2,30.00,60.00
SALE-004255,PRD-0192,1,99.00,99.00
SALE-004255,PRD-0188,1,60.00,60.00
SALE-004255,PRD-0177,3,20.00,60.00
SALE-004255,PRD-0183,2,1200.00,2400.00
SALE-004256,PRD-0207,2,6.00,12.00
SALE-004257,PRD-0250,1,135.00,135.00
SALE-004257,PRD-0258,2,165.00,330.00
SALE-004258,PRD-0260,1,25.00,25.00
SALE-004258,PRD-0263,1,40.00,40.00
SALE-004259,PRD-0250,1,135.00,135.00
SALE-004259,PRD-0272,1,90.00,90.00
SALE-004260,PRD-0259,1,30.00,30.00
SALE-004261,PRD-0278,3,38.00,114.00
SALE-004262,PRD-0313,2,32.00,64.00
SALE-004262,PRD-0304,2,46.00,92.00
SALE-004262,PRD-0301,3,135.00,405.00
SALE-004262,PRD-0303,3,440.00,1320.00
SALE-004263,PRD-0404,1,465.00,465.00
SALE-004263,PRD-0400,1,120.00,120.00
SALE-004263,PRD-0414,2,32.00,64.00
SALE-004264,PRD-0466,1,20.00,20.00
SALE-004264,PRD-0464,1,290.00,290.00
SALE-004264,PRD-0461,3,160.00,480.00
SALE-004264,PRD-0453,2,95.00,190.00
SALE-004265,PRD-0456,2,780.00,1560.00
SALE-004266,PRD-0481,2,46.00,92.00
SALE-004267,PRD-0493,2,45.00,90.00
SALE-004267,PRD-0489,1,15.00,15.00
SALE-004267,PRD-0483,1,150.00,150.00
SALE-004268,PRD-0476,1,120.00,120.00
SALE-004268,PRD-0478,2,135.00,270.00
SALE-004269,PRD-0500,3,90.00,270.00
SALE-004270,PRD-0521,1,18.00,18.00
SALE-004271,PRD-0557,1,46.00,46.00
SALE-004272,PRD-0558,2,25.00,50.00
SALE-004272,PRD-0561,1,130.00,130.00
SALE-004273,PRD-0567,3,40.00,120.00
SALE-004273,PRD-0552,1,120.00,120.00
SALE-004274,PRD-0583,1,95.00,95.00
SALE-004274,PRD-0591,2,62.00,124.00
SALE-004274,PRD-0586,1,16.00,16.00
SALE-004274,PRD-0588,2,40.00,80.00
SALE-004275,PRD-0605,2,95.00,190.00
SALE-004276,PRD-0639,1,30.00,30.00
SALE-004276,PRD-0650,1,25.00,25.00
SALE-004277,PRD-0633,3,46.00,138.00
SALE-004277,PRD-0637,1,130.00,130.00
SALE-004278,PRD-0643,1,40.00,40.00
SALE-004278,PRD-0645,1,45.00,45.00
SALE-004278,PRD-0628,2,120.00,240.00
SALE-004278,PRD-0629,3,165.00,495.00
SALE-004279,PRD-0667,2,30.00,60.00
SALE-004280,PRD-0662,2,5.00,10.00
SALE-004281,PRD-0683,1,38.00,38.00
SALE-004281,PRD-0684,2,95.00,190.00
SALE-004282,PRD-0681,3,28.00,84.00
SALE-004283,PRD-0695,2,20.00,40.00
SALE-004284,PRD-0711,2,999.00,1998.00
SALE-004285,PRD-0804,1,90.00,90.00
SALE-004286,PRD-0816,1,40.00,40.00
SALE-004286,PRD-0814,1,16.00,16.00
SALE-004286,PRD-0828,1,30.00,30.00
SALE-004286,PRD-0813,3,340.00,1020.00
SALE-004287,PRD-0839,3,15.00,45.00
SALE-004287,PRD-0833,2,70.00,140.00
SALE-004287,PRD-0836,3,5.00,15.00
SALE-004288,PRD-0871,2,160.00,320.00
SALE-004288,PRD-0867,1,349.00,349.00
SALE-004288,PRD-0866,3,1199.00,3597.00
SALE-004288,PRD-0864,2,149.00,298.00
SALE-004289,PRD-0896,3,38.00,114.00
SALE-004289,PRD-0889,2,30.00,60.00
SALE-004290,PRD-0904,1,20.00,20.00
SALE-004290,PRD-0899,1,113.00,113.00
SALE-004291,PRD-0914,2,1200.00,2400.00
SALE-004291,PRD-0927,2,190.00,380.00
SALE-004291,PRD-0907,1,210.00,210.00
SALE-004291,PRD-0921,2,240.00,480.00
SALE-004292,PRD-0922,1,20.00,20.00
SALE-004293,PRD-0938,1,145.00,145.00
SALE-004293,PRD-0943,1,90.00,90.00
SALE-004294,PRD-0949,1,45.00,45.00
SALE-004294,PRD-0931,1,28.00,28.00
SALE-004294,PRD-0937,1,15.00,15.00
SALE-004295,PRD-0979,2,35.00,70.00
SALE-004295,PRD-0971,1,45.00,45.00
SALE-004296,PRD-0967,3,15.00,45.00
SALE-004296,PRD-0965,1,30.00,30.00
SALE-004296,PRD-0970,1,18.00,18.00
SALE-004296,PRD-0963,3,130.00,390.00
SALE-004297,PRD-0969,2,40.00,80.00
SALE-004297,PRD-0966,2,25.00,50.00
SALE-004298,PRD-1017,2,199.00,398.00
SALE-004299,PRD-1041,2,12.00,24.00
SALE-004299,PRD-1053,1,150.00,150.00
SALE-004299,PRD-1051,1,130.00,130.00
SALE-004299,PRD-1045,1,20.00,20.00
SALE-004300,PRD-1068,3,15.00,45.00
SALE-004301,PRD-1060,3,46.00,138.00
SALE-004301,PRD-1061,1,25.00,25.00
SALE-004302,PRD-1097,3,20.00,60.00
SALE-004302,PRD-1101,1,45.00,45.00
SALE-004303,PRD-1117,2,30.00,60.00
SALE-004304,PRD-1133,1,205.00,205.00
SALE-004305,PRD-1169,2,199.00,398.00
SALE-004306,PRD-1186,15,105.00,1575.00
SALE-004306,PRD-1184,8,95.00,760.00
SALE-004307,PRD-1214,1,40.00,40.00
SALE-004307,PRD-1225,1,30.00,30.00
SALE-004307,PRD-1210,1,60.00,60.00
SALE-004307,PRD-1206,2,28.00,56.00
SALE-004308,PRD-1251,1,25.00,25.00
SALE-004308,PRD-1239,1,165.00,165.00
SALE-004308,PRD-1228,2,1300.00,2600.00
SALE-004308,PRD-1237,3,190.00,570.00
SALE-004309,PRD-0003,2,165.00,330.00
SALE-004309,PRD-0024,1,25.00,25.00
SALE-004309,PRD-0012,2,165.00,330.00
SALE-004309,PRD-0015,2,15.00,30.00
SALE-004310,PRD-0003,1,165.00,165.00
SALE-004311,PRD-0011,1,130.00,130.00
SALE-004311,PRD-0002,1,120.00,120.00
SALE-004311,PRD-0016,3,32.00,96.00
SALE-004311,PRD-0003,2,165.00,330.00
SALE-004312,PRD-0086,1,15.00,15.00
SALE-004313,PRD-0112,1,199.00,199.00
SALE-004313,PRD-0102,2,199.00,398.00
SALE-004313,PRD-0123,3,99.00,297.00
SALE-004313,PRD-0107,3,899.00,2697.00
SALE-004314,PRD-0145,1,38.00,38.00
SALE-004314,PRD-0141,1,18.00,18.00
SALE-004315,PRD-0168,1,25.00,25.00
SALE-004315,PRD-0161,1,40.00,40.00
SALE-004316,PRD-0177,3,20.00,60.00
SALE-004316,PRD-0197,1,130.00,130.00
SALE-004316,PRD-0175,3,410.00,1230.00
SALE-004317,PRD-0192,2,99.00,198.00
SALE-004317,PRD-0183,2,1200.00,2400.00
SALE-004318,PRD-0208,1,130.00,130.00
SALE-004318,PRD-0211,2,30.00,60.00
SALE-004319,PRD-0245,3,264.00,792.00
SALE-004319,PRD-0230,2,899.00,1798.00
SALE-004320,PRD-0249,1,165.00,165.00
SALE-004320,PRD-0269,1,105.00,105.00
SALE-004320,PRD-0252,1,465.00,465.00
SALE-004321,PRD-0277,1,35.00,35.00
SALE-004321,PRD-0290,1,20.00,20.00
SALE-004321,PRD-0276,3,28.00,84.00
SALE-004321,PRD-0280,1,60.00,60.00
SALE-004322,PRD-0327,3,410.00,1230.00
SALE-004322,PRD-0345,1,1650.00,1650.00
SALE-004323,PRD-0363,2,30.00,60.00
SALE-004323,PRD-0356,3,12.00,36.00
SALE-004323,PRD-0371,1,25.00,25.00
SALE-004323,PRD-0376,3,35.00,105.00
SALE-004324,PRD-0380,3,599.00,1797.00
SALE-004324,PRD-0392,2,99.00,198.00
SALE-004324,PRD-0391,1,449.00,449.00
SALE-004325,PRD-0378,3,299.00,897.00
SALE-004326,PRD-0418,1,38.00,38.00
SALE-004326,PRD-0399,2,1300.00,2600.00
SALE-004327,PRD-0427,3,195.00,585.00
SALE-004327,PRD-0411,2,30.00,60.00
SALE-004328,PRD-0415,1,40.00,40.00
SALE-004328,PRD-0400,3,120.00,360.00
SALE-004328,PRD-0427,2,195.00,390.00
SALE-004329,PRD-0413,1,15.00,15.00
SALE-004329,PRD-0422,1,25.00,25.00
SALE-004329,PRD-0407,1,160.00,160.00
SALE-004330,PRD-0428,3,28.00,84.00
SALE-004331,PRD-0428,2,28.00,56.00
SALE-004332,PRD-0454,3,130.00,390.00
SALE-004332,PRD-0450,2,410.00,820.00
SALE-004332,PRD-0472,1,130.00,130.00
SALE-004333,PRD-0494,1,38.00,38.00
SALE-004333,PRD-0498,3,25.00,75.00
SALE-004334,PRD-0485,1,130.00,130.00
SALE-004334,PRD-0484,2,190.00,380.00
SALE-004335,PRD-0477,2,165.00,330.00
SALE-004335,PRD-0476,2,120.00,240.00
SALE-004336,PRD-0481,2,46.00,92.00
SALE-004337,PRD-0525,3,20.00,60.00
SALE-004337,PRD-0505,2,50.00,100.00
SALE-004337,PRD-0510,1,5.00,5.00
SALE-004338,PRD-0511,1,6.00,6.00
SALE-004339,PRD-0552,1,120.00,120.00
SALE-004339,PRD-0556,1,440.00,440.00
SALE-004339,PRD-0570,2,38.00,76.00
SALE-004339,PRD-0559,3,154.00,462.00
SALE-004340,PRD-0565,3,15.00,45.00
SALE-004340,PRD-0575,3,95.00,285.00
SALE-004341,PRD-0585,3,340.00,1020.00
SALE-004341,PRD-0600,1,30.00,30.00
SALE-004342,PRD-0617,1,240.00,240.00
SALE-004343,PRD-0630,1,135.00,135.00
SALE-004343,PRD-0637,2,130.00,260.00
SALE-004343,PRD-0636,2,190.00,380.00
SALE-004343,PRD-0646,2,38.00,76.00
SALE-004344,PRD-0669,3,45.00,135.00
SALE-004344,PRD-0671,1,35.00,35.00
SALE-004345,PRD-0685,2,60.00,120.00
SALE-004345,PRD-0696,3,25.00,75.00
SALE-004346,PRD-0687,3,15.00,45.00
SALE-004347,PRD-0683,3,38.00,114.00
SALE-004347,PRD-0700,1,32.00,32.00
SALE-004347,PRD-0695,2,20.00,40.00
SALE-004347,PRD-0682,1,38.00,38.00
SALE-004348,PRD-0712,1,149.00,149.00
SALE-004348,PRD-0721,2,399.00,798.00
SALE-004348,PRD-0711,1,999.00,999.00
SALE-004349,PRD-0709,2,299.00,598.00
SALE-004349,PRD-0710,1,1299.00,1299.00
SALE-004350,PRD-0769,14,240.00,3360.00
SALE-004350,PRD-0758,10,126.00,1260.00
SALE-004351,PRD-0795,1,40.00,40.00
SALE-004351,PRD-0799,1,35.00,35.00
SALE-004351,PRD-0805,1,35.00,35.00
SALE-004352,PRD-0784,1,440.00,440.00
SALE-004353,PRD-0901,3,98.00,294.00
SALE-004353,PRD-0905,2,195.00,390.00
SALE-004354,PRD-0898,1,38.00,38.00
SALE-004354,PRD-0899,1,113.00,113.00
SALE-004355,PRD-0914,2,1200.00,2400.00
SALE-004356,PRD-0926,1,280.00,280.00
SALE-004356,PRD-0919,3,60.00,180.00
SALE-004356,PRD-0911,3,105.00,315.00
SALE-004356,PRD-0923,2,99.00,198.00
SALE-004357,PRD-0915,3,390.00,1170.00
SALE-004357,PRD-0916,2,65.00,130.00
SALE-004357,PRD-0925,2,40.00,80.00
SALE-004357,PRD-0911,1,105.00,105.00
SALE-004358,PRD-0949,2,45.00,90.00
SALE-004359,PRD-0961,1,150.00,150.00
SALE-004359,PRD-0954,1,120.00,120.00
SALE-004359,PRD-0971,3,45.00,135.00
SALE-004359,PRD-0977,1,95.00,95.00
SALE-004360,PRD-0996,2,10.00,20.00
SALE-004361,PRD-0987,2,52.00,104.00
SALE-004362,PRD-1031,3,20.00,60.00
SALE-004362,PRD-1042,3,63.00,189.00
SALE-004362,PRD-1046,2,99.00,198.00
SALE-004363,PRD-1034,6,105.00,630.00
SALE-004363,PRD-1046,2,99.00,198.00
SALE-004363,PRD-1049,3,280.00,840.00
SALE-004363,PRD-1044,10,240.00,2400.00
SALE-004364,PRD-1069,1,32.00,32.00
SALE-004365,PRD-1063,3,190.00,570.00
SALE-004366,PRD-1083,3,28.00,84.00
SALE-004367,PRD-1084,1,35.00,35.00
SALE-004368,PRD-1117,2,30.00,60.00
SALE-004369,PRD-1139,2,50.00,100.00
SALE-004370,PRD-1168,3,149.00,447.00
SALE-004371,PRD-1161,1,149.00,149.00
SALE-004371,PRD-1173,3,449.00,1347.00
SALE-004371,PRD-1175,2,149.00,298.00
SALE-004372,PRD-1207,1,35.00,35.00
SALE-004372,PRD-1227,2,124.00,248.00
SALE-004372,PRD-1220,1,20.00,20.00
SALE-004373,PRD-1208,1,38.00,38.00
SALE-004373,PRD-1217,2,60.00,120.00
SALE-004374,PRD-1236,2,150.00,300.00
SALE-004375,PRD-1234,1,46.00,46.00
SALE-004375,PRD-1240,1,30.00,30.00
SALE-004376,PRD-0007,1,46.00,46.00
SALE-004376,PRD-0009,3,150.00,450.00
SALE-004376,PRD-0014,2,25.00,50.00
SALE-004376,PRD-0003,1,165.00,165.00
SALE-004377,PRD-0019,1,45.00,45.00
SALE-004377,PRD-0002,2,120.00,240.00
SALE-004377,PRD-0010,1,190.00,190.00
SALE-004377,PRD-0006,1,440.00,440.00
SALE-004378,PRD-0013,1,30.00,30.00
SALE-004378,PRD-0010,1,190.00,190.00
SALE-004379,PRD-0032,1,20.00,20.00
SALE-004380,PRD-0074,2,25.00,50.00
SALE-004380,PRD-0062,2,6.00,12.00
SALE-004381,PRD-0088,2,40.00,80.00
SALE-004381,PRD-0092,3,90.00,270.00
SALE-004382,PRD-0129,2,465.00,930.00
SALE-004383,PRD-0126,1,165.00,165.00
SALE-004384,PRD-0143,1,38.00,38.00
SALE-004384,PRD-0142,1,45.00,45.00
SALE-004384,PRD-0126,2,165.00,330.00
SALE-004385,PRD-0158,2,340.00,680.00
SALE-004385,PRD-0153,2,28.00,56.00
SALE-004385,PRD-0164,2,60.00,120.00
SALE-004386,PRD-0153,3,28.00,84.00
SALE-004386,PRD-0168,2,25.00,50.00
SALE-004386,PRD-0154,2,35.00,70.00
SALE-004387,PRD-0192,3,99.00,297.00
SALE-004387,PRD-0197,1,130.00,130.00
SALE-004388,PRD-0185,3,65.00,195.00
SALE-004388,PRD-0196,2,190.00,380.00
SALE-004388,PRD-0180,7,105.00,735.00
SALE-004388,PRD-0186,2,160.00,320.00
SALE-004389,PRD-0193,1,1650.00,1650.00
SALE-004389,PRD-0192,1,99.00,99.00
SALE-004389,PRD-0187,1,12.00,12.00
SALE-004390,PRD-0206,2,5.00,10.00
SALE-004390,PRD-0203,2,70.00,140.00
SALE-004391,PRD-0266,1,38.00,38.00
SALE-004392,PRD-0254,1,25.00,25.00
SALE-004392,PRD-0248,1,120.00,120.00
SALE-004392,PRD-0249,2,165.00,330.00
SALE-004392,PRD-0261,2,15.00,30.00
SALE-004393,PRD-0276,3,28.00,84.00
SALE-004393,PRD-0296,2,30.00,60.00
SALE-004393,PRD-0284,2,40.00,80.00
SALE-004394,PRD-0319,1,38.00,38.00
SALE-004395,PRD-0308,2,130.00,260.00
SALE-004395,PRD-0299,1,120.00,120.00
SALE-004395,PRD-0311,1,25.00,25.00
SALE-004396,PRD-0313,1,32.00,32.00
SALE-004396,PRD-0300,1,165.00,165.00
SALE-004396,PRD-0301,1,135.00,135.00
SALE-004396,PRD-0307,2,190.00,380.00
SALE-004397,PRD-0333,3,780.00,2340.00
SALE-004397,PRD-0334,3,1750.00,5250.00
SALE-004398,PRD-0385,1,999.00,999.00
SALE-004398,PRD-0397,2,249.00,498.00
SALE-004399,PRD-0401,1,165.00,165.00
SALE-004399,PRD-0414,3,32.00,96.00
SALE-004400,PRD-0413,2,15.00,30.00
SALE-004400,PRD-0415,1,40.00,40.00
SALE-004400,PRD-0417,2,45.00,90.00
SALE-004400,PRD-0410,2,165.00,330.00
SALE-004401,PRD-0438,1,35.00,35.00
SALE-004401,PRD-0434,2,15.00,30.00
SALE-004401,PRD-0430,2,38.00,76.00
SALE-004402,PRD-0436,2,40.00,80.00
SALE-004402,PRD-0432,1,60.00,60.00
SALE-004403,PRD-0442,2,20.00,40.00
SALE-004403,PRD-0443,2,25.00,50.00
SALE-004403,PRD-0428,1,28.00,28.00
SALE-004403,PRD-0439,2,60.00,120.00
SALE-004404,PRD-0496,2,38.00,76.00
SALE-004405,PRD-0478,3,135.00,405.00
SALE-004405,PRD-0481,1,46.00,46.00
SALE-004406,PRD-0509,2,50.00,100.00
SALE-004407,PRD-0561,3,130.00,390.00
SALE-004407,PRD-0552,2,120.00,240.00
SALE-004408,PRD-0553,2,165.00,330.00
SALE-004409,PRD-0591,1,62.00,62.00
SALE-004410,PRD-0607,1,105.00,105.00
SALE-004410,PRD-0615,2,60.00,120.00
SALE-004411,PRD-0614,2,12.00,24.00
SALE-004412,PRD-0649,2,105.00,210.00
SALE-004412,PRD-0634,2,25.00,50.00
SALE-004412,PRD-0629,1,165.00,165.00
SALE-004412,PRD-0632,1,440.00,440.00
SALE-004413,PRD-0634,1,25.00,25.00
SALE-004413,PRD-0632,1,440.00,440.00
SALE-004414,PRD-0666,1,25.00,25.00
SALE-004414,PRD-0678,3,45.00,135.00
SALE-004415,PRD-0689,1,40.00,40.00
SALE-004415,PRD-0685,3,60.00,180.00
SALE-004416,PRD-0685,1,60.00,60.00
SALE-004416,PRD-0691,2,35.00,70.00
SALE-004417,PRD-0699,3,45.00,135.00
SALE-004418,PRD-0700,1,32.00,32.00
SALE-004418,PRD-0694,2,150.00,300.00
SALE-004418,PRD-0681,2,28.00,56.00
SALE-004419,PRD-0805,2,35.00,70.00
SALE-004419,PRD-0782,1,135.00,135.00
SALE-004419,PRD-0790,1,165.00,165.00
SALE-004419,PRD-0779,2,1300.00,2600.00
SALE-004420,PRD-0785,2,46.00,92.00
SALE-004420,PRD-0780,2,120.00,240.00
SALE-004420,PRD-0807,2,195.00,390.00
SALE-004420,PRD-0791,2,30.00,60.00
SALE-004421,PRD-0780,2,120.00,240.00
SALE-004421,PRD-0787,3,150.00,450.00
SALE-004422,PRD-0808,3,28.00,84.00
SALE-004422,PRD-0822,1,20.00,20.00
SALE-004423,PRD-0827,2,30.00,60.00
SALE-004424,PRD-0831,2,50.00,100.00
SALE-004424,PRD-0847,3,18.00,54.00
SALE-004424,PRD-0853,1,80.00,80.00
SALE-004425,PRD-0864,3,149.00,447.00
SALE-004425,PRD-0863,1,999.00,999.00
SALE-004425,PRD-0862,1,1299.00,1299.00
SALE-004426,PRD-0893,2,40.00,80.00
SALE-004427,PRD-0904,2,20.00,40.00
SALE-004427,PRD-0878,1,120.00,120.00
SALE-004428,PRD-0930,2,150.00,300.00
SALE-004428,PRD-0916,3,65.00,195.00
SALE-004428,PRD-0911,2,105.00,210.00
SALE-004428,PRD-0928,2,130.00,260.00
SALE-004429,PRD-0911,2,105.00,210.00
SALE-004429,PRD-0928,2,130.00,260.00
SALE-004430,PRD-0906,3,410.00,1230.00
SALE-004430,PRD-0924,3,1650.00,4950.00
SALE-004431,PRD-0932,1,35.00,35.00
SALE-004431,PRD-0951,2,30.00,60.00
SALE-004432,PRD-0997,2,35.00,70.00
SALE-004432,PRD-0995,3,45.00,135.00
SALE-004432,PRD-0984,3,60.00,180.00
SALE-004432,PRD-0986,1,12.00,12.00
SALE-004433,PRD-1045,2,20.00,40.00
SALE-004434,PRD-1066,1,30.00,30.00
SALE-004434,PRD-1056,1,165.00,165.00
SALE-004435,PRD-1068,2,15.00,30.00
SALE-004436,PRD-1093,1,35.00,35.00
SALE-004437,PRD-1102,1,30.00,30.00
SALE-004437,PRD-1083,1,28.00,28.00
SALE-004438,PRD-1087,1,60.00,60.00
SALE-004438,PRD-1083,2,28.00,56.00
SALE-004438,PRD-1093,3,35.00,105.00
SALE-004438,PRD-1092,3,50.00,150.00
SALE-004439,PRD-1136,1,60.00,60.00
SALE-004440,PRD-1215,2,50.00,100.00
SALE-004441,PRD-1226,1,30.00,30.00
SALE-004441,PRD-1214,2,40.00,80.00
SALE-004441,PRD-1224,1,45.00,45.00
SALE-004442,PRD-1247,2,38.00,76.00
SALE-004442,PRD-1229,1,120.00,120.00
SALE-004443,PRD-0007,1,46.00,46.00
SALE-004443,PRD-0020,2,38.00,76.00
SALE-004444,PRD-0031,1,210.00,210.00
SALE-004444,PRD-0048,1,1650.00,1650.00
SALE-004444,PRD-0040,1,65.00,65.00
SALE-004445,PRD-0051,2,190.00,380.00
SALE-004445,PRD-0042,1,12.00,12.00
SALE-004446,PRD-0075,2,30.00,60.00
SALE-004447,PRD-0065,2,25.00,50.00
SALE-004447,PRD-0062,3,6.00,18.00
SALE-004447,PRD-0056,2,50.00,100.00
SALE-004447,PRD-0076,2,20.00,40.00
SALE-004448,PRD-0099,1,30.00,30.00
SALE-004448,PRD-0081,2,35.00,70.00
SALE-004449,PRD-0133,2,190.00,380.00
SALE-004449,PRD-0132,2,150.00,300.00
SALE-004449,PRD-0149,1,90.00,90.00
SALE-004449,PRD-0124,1,1300.00,1300.00
SALE-004450,PRD-0134,3,130.00,390.00
SALE-004450,PRD-0137,1,25.00,25.00
SALE-004450,PRD-0124,1,1300.00,1300.00
SALE-004451,PRD-0189,1,290.00,290.00
SALE-004451,PRD-0192,1,99.00,99.00
SALE-004451,PRD-0175,1,410.00,410.00
SALE-004452,PRD-0234,1,149.00,149.00
SALE-004452,PRD-0236,1,1259.00,1259.00
SALE-004453,PRD-0255,2,150.00,300.00
SALE-004453,PRD-0252,1,465.00,465.00
SALE-004454,PRD-0252,1,465.00,465.00
SALE-004454,PRD-0259,1,30.00,30.00
SALE-004454,PRD-0257,1,130.00,130.00
SALE-004455,PRD-0248,3,120.00,360.00
SALE-004456,PRD-0290,2,20.00,40.00
SALE-004457,PRD-0304,2,46.00,92.00
SALE-004457,PRD-0306,2,150.00,300.00
SALE-004458,PRD-0301,1,135.00,135.00
SALE-004458,PRD-0322,1,95.00,95.00
SALE-004458,PRD-0303,1,440.00,440.00
SALE-004458,PRD-0312,3,15.00,45.00
SALE-004459,PRD-0344,1,99.00,99.00
SALE-004459,PRD-0334,2,1750.00,3500.00
SALE-004459,PRD-0328,2,210.00,420.00
SALE-004459,PRD-0351,1,150.00,150.00
SALE-004460,PRD-0334,3,1750.00,5250.00
SALE-004461,PRD-0353,1,50.00,50.00
SALE-004461,PRD-0364,2,60.00,120.00
SALE-004461,PRD-0375,1,80.00,80.00
SALE-004462,PRD-0379,2,149.00,298.00
SALE-004463,PRD-0411,2,30.00,60.00
SALE-004464,PRD-0429,3,35.00,105.00
SALE-004464,PRD-0428,1,28.00,28.00
SALE-004464,PRD-0436,2,40.00,80.00
SALE-004465,PRD-0435,1,145.00,145.00
SALE-004466,PRD-0436,2,40.00,80.00
SALE-004466,PRD-0429,2,35.00,70.00
SALE-004466,PRD-0430,1,38.00,38.00
SALE-004467,PRD-0450,2,410.00,820.00
SALE-004468,PRD-0467,1,99.00,99.00
SALE-004468,PRD-0451,2,210.00,420.00
SALE-004469,PRD-0483,2,150.00,300.00
SALE-004469,PRD-0485,1,130.00,130.00
SALE-004470,PRD-0477,1,165.00,165.00
SALE-004470,PRD-0476,2,120.00,240.00
SALE-004470,PRD-0497,2,105.00,210.00
SALE-004471,PRD-0497,3,105.00,315.00
SALE-004472,PRD-0521,3,18.00,54.00
SALE-004472,PRD-0524,1,30.00,30.00
SALE-004473,PRD-0575,2,95.00,190.00
SALE-004473,PRD-0555,2,100.00,200.00
SALE-004473,PRD-0572,2,38.00,76.00
SALE-004473,PRD-0554,3,135.00,405.00
SALE-004474,PRD-0595,3,25.00,75.00
SALE-004475,PRD-0615,1,60.00,60.00
SALE-004475,PRD-0611,2,410.00,820.00
SALE-004476,PRD-0651,2,95.00,190.00
SALE-004476,PRD-0654,2,20.00,40.00
SALE-004476,PRD-0635,2,150.00,300.00
SALE-004477,PRD-0631,1,100.00,100.00
SALE-004477,PRD-0639,2,30.00,60.00
SALE-004477,PRD-0638,2,165.00,330.00
SALE-004477,PRD-0629,2,165.00,330.00
SALE-004478,PRD-0640,1,25.00,25.00
SALE-004479,PRD-0678,1,45.00,45.00
SALE-004479,PRD-0670,2,10.00,20.00
SALE-004480,PRD-0681,1,28.00,28.00
SALE-004480,PRD-0696,1,25.00,25.00
SALE-004480,PRD-0682,2,38.00,76.00
SALE-004481,PRD-0738,3,25.00,75.00
SALE-004482,PRD-0738,3,25.00,75.00
SALE-004483,PRD-0808,1,28.00,28.00
SALE-004483,PRD-0814,2,16.00,32.00
SALE-004484,PRD-0816,1,40.00,40.00
SALE-004485,PRD-0859,1,349.00,349.00
SALE-004485,PRD-0864,2,149.00,298.00
SALE-004486,PRD-0915,1,390.00,390.00
SALE-004486,PRD-0907,1,210.00,210.00
SALE-004487,PRD-0939,1,40.00,40.00
SALE-004487,PRD-0950,2,30.00,60.00
SALE-004487,PRD-0942,1,60.00,60.00
SALE-004488,PRD-0982,2,280.00,560.00
SALE-004489,PRD-0985,3,70.00,210.00
SALE-004489,PRD-0984,3,60.00,180.00
SALE-004489,PRD-0989,1,6.00,6.00
SALE-004489,PRD-0982,1,280.00,280.00
SALE-004490,PRD-1024,1,149.00,149.00
SALE-004491,PRD-1057,3,135.00,405.00
SALE-004492,PRD-1066,1,30.00,30.00
SALE-004492,PRD-1061,3,25.00,75.00
SALE-004493,PRD-1083,2,28.00,56.00
SALE-004493,PRD-1098,3,25.00,75.00
SALE-004493,PRD-1097,1,20.00,20.00
SALE-004493,PRD-1096,1,150.00,150.00
SALE-004494,PRD-1090,2,145.00,290.00
SALE-004494,PRD-1085,1,38.00,38.00
SALE-004494,PRD-1098,1,25.00,25.00
SALE-004495,PRD-1085,2,38.00,76.00
SALE-004495,PRD-1091,1,40.00,40.00
SALE-004495,PRD-1098,2,25.00,50.00
SALE-004496,PRD-1119,2,15.00,30.00
SALE-004496,PRD-1111,3,46.00,138.00
SALE-004496,PRD-1124,2,38.00,76.00
SALE-004496,PRD-1108,1,135.00,135.00
SALE-004497,PRD-1133,1,205.00,205.00
SALE-004498,PRD-1143,2,15.00,30.00
SALE-004498,PRD-1135,1,50.00,50.00
SALE-004499,PRD-1170,1,1199.00,1199.00
SALE-004499,PRD-1165,1,299.00,299.00
SALE-004499,PRD-1176,2,149.00,298.00
SALE-004499,PRD-1174,1,99.00,99.00
SALE-004500,PRD-1220,3,20.00,60.00
SALE-004501,PRD-1245,1,19.00,19.00
SALE-004502,PRD-0015,2,15.00,30.00
SALE-004502,PRD-0004,2,135.00,270.00
SALE-004503,PRD-0001,1,1300.00,1300.00
SALE-004503,PRD-0013,1,30.00,30.00
SALE-004503,PRD-0011,1,130.00,130.00
SALE-004504,PRD-0074,1,25.00,25.00
SALE-004505,PRD-0092,1,90.00,90.00
SALE-004505,PRD-0083,1,95.00,95.00
SALE-004505,PRD-0098,2,45.00,90.00
SALE-004506,PRD-0094,1,20.00,20.00
SALE-004507,PRD-0090,1,35.00,35.00
SALE-004507,PRD-0081,1,35.00,35.00
SALE-004507,PRD-0088,3,40.00,120.00
SALE-004508,PRD-0111,1,149.00,149.00
SALE-004508,PRD-0112,3,199.00,597.00
SALE-004509,PRD-0116,2,449.00,898.00
SALE-004509,PRD-0108,3,315.00,945.00
SALE-004510,PRD-0157,1,60.00,60.00
SALE-004510,PRD-0168,2,25.00,50.00
SALE-004511,PRD-0178,1,95.00,95.00
SALE-004512,PRD-0196,1,190.00,190.00
SALE-004512,PRD-0193,2,1650.00,3300.00
SALE-004513,PRD-0216,1,120.00,120.00
SALE-004514,PRD-0228,3,599.00,1797.00
SALE-004514,PRD-0227,1,149.00,149.00
SALE-004515,PRD-0269,2,105.00,210.00
SALE-004516,PRD-0269,1,105.00,105.00
SALE-004516,PRD-0260,1,25.00,25.00
SALE-004517,PRD-0259,1,30.00,30.00
SALE-004517,PRD-0250,1,135.00,135.00
SALE-004518,PRD-0278,1,38.00,38.00
SALE-004519,PRD-0308,2,130.00,260.00
SALE-004519,PRD-0316,1,45.00,45.00
SALE-004520,PRD-0304,1,46.00,46.00
SALE-004520,PRD-0305,1,25.00,25.00
SALE-004521,PRD-0350,2,25.00,50.00
SALE-004521,PRD-0327,1,410.00,410.00
SALE-004521,PRD-0343,2,20.00,40.00
SALE-004521,PRD-0335,2,1200.00,2400.00
SALE-004522,PRD-0336,3,390.00,1170.00
SALE-004522,PRD-0344,3,99.00,297.00
SALE-004522,PRD-0332,1,105.00,105.00
SALE-004523,PRD-0357,2,50.00,100.00
SALE-004523,PRD-0363,2,30.00,60.00
SALE-004523,PRD-0361,2,15.00,30.00
SALE-004523,PRD-0368,2,120.00,240.00
SALE-004524,PRD-0397,2,249.00,498.00
SALE-004524,PRD-0379,3,149.00,447.00
SALE-004524,PRD-0396,1,999.00,999.00
SALE-004524,PRD-0385,2,999.00,1998.00
SALE-004525,PRD-0390,1,599.00,599.00
SALE-004525,PRD-0384,1,1299.00,1299.00
SALE-004526,PRD-0405,3,46.00,138.00
SALE-004526,PRD-0424,3,90.00,270.00
SALE-004526,PRD-0422,3,25.00,75.00
SALE-004527,PRD-0422,1,25.00,25.00
SALE-004528,PRD-0402,3,135.00,405.00
SALE-004528,PRD-0414,1,32.00,32.00
SALE-004529,PRD-0429,3,35.00,105.00
SALE-004530,PRD-0437,1,50.00,50.00
SALE-004530,PRD-0428,3,28.00,84.00
SALE-004531,PRD-0431,1,98.00,98.00
SALE-004531,PRD-0445,1,90.00,90.00
SALE-004531,PRD-0438,1,35.00,35.00
SALE-004532,PRD-0487,2,30.00,60.00
SALE-004532,PRD-0485,1,130.00,130.00
SALE-004532,PRD-0493,3,45.00,135.00
SALE-004532,PRD-0481,2,46.00,92.00
SALE-004533,PRD-0483,2,150.00,300.00
SALE-004533,PRD-0478,1,135.00,135.00
SALE-004534,PRD-0496,1,38.00,38.00
SALE-004535,PRD-0487,2,30.00,60.00
SALE-004535,PRD-0476,2,120.00,240.00
SALE-004535,PRD-0475,1,1300.00,1300.00
SALE-004536,PRD-0523,1,25.00,25.00
SALE-004536,PRD-0505,1,50.00,50.00
SALE-004536,PRD-0506,3,60.00,180.00
SALE-004537,PRD-0586,1,16.00,16.00
SALE-004537,PRD-0588,1,40.00,40.00
SALE-004538,PRD-0607,2,105.00,210.00
SALE-004539,PRD-0641,2,15.00,30.00
SALE-004539,PRD-0642,1,32.00,32.00
SALE-004540,PRD-0641,1,15.00,15.00
SALE-004540,PRD-0640,2,25.00,50.00
SALE-004541,PRD-0667,1,30.00,30.00
SALE-004542,PRD-0687,1,15.00,15.00
SALE-004543,PRD-0791,1,30.00,30.00
SALE-004544,PRD-0785,2,46.00,92.00
SALE-004544,PRD-0787,1,150.00,150.00
SALE-004545,PRD-0816,1,40.00,40.00
SALE-004545,PRD-0817,1,50.00,50.00
SALE-004545,PRD-0812,2,60.00,120.00
SALE-004545,PRD-0827,2,30.00,60.00
SALE-004546,PRD-0842,3,60.00,180.00
SALE-004546,PRD-0850,1,30.00,30.00
SALE-004547,PRD-0909,14,95.00,1330.00
SALE-004548,PRD-0924,1,1650.00,1650.00
SALE-004548,PRD-0906,24,410.00,9840.00
SALE-004549,PRD-0913,3,1750.00,5250.00
SALE-004549,PRD-0923,2,99.00,198.00
SALE-004549,PRD-0914,2,1200.00,2400.00
SALE-004549,PRD-0919,3,60.00,180.00
SALE-004550,PRD-0931,1,28.00,28.00
SALE-004550,PRD-0948,2,90.00,180.00
SALE-004551,PRD-0957,2,100.00,200.00
SALE-004551,PRD-0956,3,135.00,405.00
SALE-004552,PRD-0963,2,130.00,260.00
SALE-004553,PRD-0991,2,15.00,30.00
SALE-004553,PRD-0982,1,280.00,280.00
SALE-004553,PRD-0993,2,30.00,60.00
SALE-004553,PRD-0983,1,50.00,50.00
SALE-004554,PRD-0992,1,26.00,26.00
SALE-004555,PRD-1061,3,25.00,75.00
SALE-004555,PRD-1060,2,46.00,92.00
SALE-004555,PRD-1054,1,1300.00,1300.00
SALE-004555,PRD-1066,2,30.00,60.00
SALE-004556,PRD-1083,1,28.00,28.00
SALE-004557,PRD-1123,3,45.00,135.00
SALE-004557,PRD-1127,3,105.00,315.00
SALE-004557,PRD-1111,2,46.00,92.00
SALE-004557,PRD-1119,2,15.00,30.00
SALE-004558,PRD-1131,1,35.00,35.00
SALE-004558,PRD-1105,2,1365.00,2730.00
SALE-004558,PRD-1120,1,32.00,32.00
SALE-004558,PRD-1112,1,25.00,25.00
SALE-004559,PRD-1130,2,90.00,180.00
SALE-004560,PRD-1137,1,70.00,70.00
SALE-004560,PRD-1154,2,30.00,60.00
SALE-004561,PRD-1201,2,280.00,560.00
SALE-004562,PRD-1206,2,28.00,56.00
SALE-004563,PRD-1230,3,165.00,495.00
SALE-004563,PRD-1241,3,25.00,75.00
SALE-004563,PRD-1252,3,100.00,300.00
SALE-004564,PRD-1238,3,130.00,390.00
SALE-004564,PRD-1252,1,100.00,100.00
SALE-004565,PRD-1229,1,120.00,120.00
SALE-004566,PRD-0006,1,440.00,440.00
SALE-004567,PRD-0011,3,130.00,390.00
SALE-004568,PRD-0042,1,12.00,12.00
SALE-004568,PRD-0040,2,65.00,130.00
SALE-004568,PRD-0043,3,60.00,180.00
SALE-004568,PRD-0051,1,190.00,190.00
SALE-004569,PRD-0067,1,60.00,60.00
SALE-004569,PRD-0055,2,280.00,560.00
SALE-004569,PRD-0074,3,25.00,75.00
SALE-004569,PRD-0058,1,70.00,70.00
SALE-004570,PRD-0105,2,599.00,1198.00
SALE-004570,PRD-0113,1,1199.00,1199.00
SALE-004570,PRD-0111,1,149.00,149.00
SALE-004571,PRD-0125,1,120.00,120.00
SALE-004572,PRD-0146,1,105.00,105.00
SALE-004572,PRD-0128,2,100.00,200.00
SALE-004573,PRD-0154,2,35.00,70.00
SALE-004573,PRD-0163,2,35.00,70.00
SALE-004574,PRD-0193,1,1650.00,1650.00
SALE-004574,PRD-0183,1,1200.00,1200.00
SALE-004574,PRD-0176,7,220.00,1540.00
SALE-004575,PRD-0175,16,410.00,6560.00
SALE-004576,PRD-0262,2,32.00,64.00
SALE-004576,PRD-0263,1,40.00,40.00
SALE-004577,PRD-0269,3,105.00,315.00
SALE-004577,PRD-0253,1,46.00,46.00
SALE-004578,PRD-0312,2,15.00,30.00
SALE-004578,PRD-0299,2,120.00,240.00
SALE-004579,PRD-0309,2,165.00,330.00
SALE-004579,PRD-0301,1,135.00,135.00
SALE-004580,PRD-0329,1,20.00,20.00
SALE-004580,PRD-0341,2,290.00,580.00
SALE-004580,PRD-0343,2,20.00,40.00
SALE-004581,PRD-0374,3,45.00,135.00
SALE-004581,PRD-0356,2,12.00,24.00
SALE-004582,PRD-0393,1,149.00,149.00
SALE-004583,PRD-0406,1,25.00,25.00
SALE-004583,PRD-0404,1,465.00,465.00
SALE-004584,PRD-0404,2,465.00,930.00
SALE-004585,PRD-0445,1,90.00,90.00
SALE-004586,PRD-0472,1,130.00,130.00
SALE-004586,PRD-0468,2,1650.00,3300.00
SALE-004586,PRD-0467,2,99.00,198.00
SALE-004587,PRD-0487,3,30.00,90.00
SALE-004588,PRD-0573,1,105.00,105.00
SALE-004589,PRD-0573,1,105.00,105.00
SALE-004589,PRD-0570,1,38.00,38.00
SALE-004589,PRD-0564,1,25.00,25.00
SALE-004589,PRD-0577,1,35.00,35.00
SALE-004590,PRD-0598,2,45.00,90.00
SALE-004590,PRD-0589,2,50.00,100.00
SALE-004591,PRD-0586,2,16.00,32.00
SALE-004592,PRD-0637,3,130.00,390.00
SALE-004593,PRD-0679,1,80.00,80.00
SALE-004593,PRD-0666,1,25.00,25.00
SALE-004593,PRD-0661,2,50.00,100.00
SALE-004593,PRD-0658,2,60.00,120.00
SALE-004594,PRD-0657,2,50.00,100.00
SALE-004594,PRD-0663,3,6.00,18.00
SALE-004595,PRD-0681,2,28.00,56.00
SALE-004596,PRD-0710,1,1299.00,1299.00
SALE-004596,PRD-0703,2,199.00,398.00
SALE-004596,PRD-0713,3,199.00,597.00
SALE-004597,PRD-0737,3,30.00,90.00
SALE-004597,PRD-0730,2,440.00,880.00
SALE-004597,PRD-0753,1,195.00,195.00
SALE-004598,PRD-0822,1,20.00,20.00
SALE-004598,PRD-0821,2,150.00,300.00
SALE-004598,PRD-0816,2,40.00,80.00
SALE-004599,PRD-0810,1,38.00,38.00
SALE-004599,PRD-0816,1,40.00,40.00
SALE-004599,PRD-0821,2,150.00,300.00
SALE-004599,PRD-0818,1,35.00,35.00
SALE-004600,PRD-0865,1,199.00,199.00
SALE-004600,PRD-0858,2,599.00,1198.00
SALE-004601,PRD-0895,1,45.00,45.00
SALE-004601,PRD-0894,3,18.00,54.00
SALE-004601,PRD-0889,1,30.00,30.00
SALE-004602,PRD-0886,1,190.00,190.00
SALE-004602,PRD-0902,3,90.00,270.00
SALE-004603,PRD-0926,2,280.00,560.00
SALE-004603,PRD-0906,1,410.00,410.00
SALE-004604,PRD-0947,1,650.00,650.00
SALE-004604,PRD-0936,3,340.00,1020.00
SALE-004604,PRD-0931,2,28.00,56.00
SALE-004605,PRD-0960,1,25.00,25.00
SALE-004605,PRD-0956,2,135.00,270.00
SALE-004605,PRD-0957,2,100.00,200.00
SALE-004605,PRD-0963,1,130.00,130.00
SALE-004606,PRD-0977,2,95.00,190.00
SALE-004606,PRD-0965,1,30.00,30.00
SALE-004607,PRD-1091,1,40.00,40.00
SALE-004607,PRD-1086,1,95.00,95.00
SALE-004608,PRD-1115,2,130.00,260.00
SALE-004609,PRD-1128,2,25.00,50.00
SALE-004610,PRD-1153,1,25.00,25.00
SALE-004611,PRD-1212,1,15.00,15.00
SALE-004611,PRD-1224,1,45.00,45.00
SALE-004611,PRD-1216,3,35.00,105.00
SALE-004611,PRD-1207,3,35.00,105.00
SALE-004612,PRD-1240,3,30.00,90.00
SALE-004613,PRD-1230,1,165.00,165.00
SALE-004613,PRD-1237,3,190.00,570.00
SALE-004614,PRD-0011,2,130.00,260.00
SALE-004614,PRD-0027,1,35.00,35.00
SALE-004614,PRD-0001,3,1300.00,3900.00
SALE-004614,PRD-0028,3,20.00,60.00
SALE-004615,PRD-0020,1,38.00,38.00
SALE-004615,PRD-0028,1,20.00,20.00
SALE-004615,PRD-0023,2,113.00,226.00
SALE-004615,PRD-0009,1,150.00,150.00
SALE-004616,PRD-0003,1,165.00,165.00
SALE-004617,PRD-0074,1,25.00,25.00
SALE-004617,PRD-0078,1,80.00,80.00
SALE-004617,PRD-0066,2,30.00,60.00
SALE-004617,PRD-0065,1,25.00,25.00
SALE-004618,PRD-0068,1,45.00,45.00
SALE-004618,PRD-0058,2,70.00,140.00
SALE-004618,PRD-0077,3,45.00,135.00
SALE-004619,PRD-0090,1,35.00,35.00
SALE-004620,PRD-0090,1,35.00,35.00
SALE-004620,PRD-0080,1,28.00,28.00
SALE-004620,PRD-0085,1,340.00,340.00
SALE-004620,PRD-0084,1,60.00,60.00
SALE-004621,PRD-0081,2,35.00,70.00
SALE-004621,PRD-0095,2,25.00,50.00
SALE-004621,PRD-0101,2,120.00,240.00
SALE-004621,PRD-0090,1,35.00,35.00
SALE-004622,PRD-0108,2,315.00,630.00
SALE-004622,PRD-0118,1,149.00,149.00
SALE-004623,PRD-0138,1,15.00,15.00
SALE-004623,PRD-0143,2,38.00,76.00
SALE-004623,PRD-0146,3,105.00,315.00
SALE-004623,PRD-0134,3,130.00,390.00
SALE-004624,PRD-0137,2,25.00,50.00
SALE-004625,PRD-0167,1,21.00,21.00
SALE-004626,PRD-0212,2,60.00,120.00
SALE-004626,PRD-0214,3,10.00,30.00
SALE-004627,PRD-0271,2,95.00,190.00
SALE-004628,PRD-0293,1,90.00,90.00
SALE-004628,PRD-0283,1,145.00,145.00
SALE-004629,PRD-0287,1,60.00,60.00
SALE-004630,PRD-0319,2,38.00,76.00
SALE-004630,PRD-0320,1,105.00,105.00
SALE-004630,PRD-0326,2,195.00,390.00
SALE-004630,PRD-0304,1,46.00,46.00
SALE-004631,PRD-0310,3,30.00,90.00
SALE-004632,PRD-0304,3,46.00,138.00
SALE-004633,PRD-0408,2,190.00,380.00
SALE-004633,PRD-0409,2,130.00,260.00
SALE-004633,PRD-0401,1,165.00,165.00
SALE-004633,PRD-0411,2,30.00,60.00
SALE-004634,PRD-0431,1,98.00,98.00
SALE-004635,PRD-0451,2,210.00,420.00
SALE-004636,PRD-0467,2,99.00,198.00
SALE-004637,PRD-0476,2,120.00,240.00
SALE-004637,PRD-0480,2,462.00,924.00
SALE-004638,PRD-0487,2,30.00,60.00
SALE-004638,PRD-0495,1,35.00,35.00
SALE-004638,PRD-0480,1,462.00,462.00
SALE-004639,PRD-0482,3,25.00,75.00
SALE-004639,PRD-0486,2,165.00,330.00
SALE-004640,PRD-0510,1,5.00,5.00
SALE-004641,PRD-0603,1,210.00,210.00
SALE-004642,PRD-0643,1,40.00,40.00
SALE-004643,PRD-0663,1,6.00,6.00
SALE-004643,PRD-0659,2,70.00,140.00
SALE-004643,PRD-0658,3,60.00,180.00
SALE-004643,PRD-0657,1,50.00,50.00
SALE-004644,PRD-0695,2,20.00,40.00
SALE-004645,PRD-0748,2,25.00,50.00
SALE-004645,PRD-0740,1,32.00,32.00
SALE-004645,PRD-0749,1,95.00,95.00
SALE-004646,PRD-0786,1,25.00,25.00
SALE-004646,PRD-0806,1,21.00,21.00
SALE-004647,PRD-0837,2,6.00,12.00
SALE-004647,PRD-0842,2,60.00,120.00
SALE-004648,PRD-0857,2,149.00,298.00
SALE-004649,PRD-0859,1,349.00,349.00
SALE-004650,PRD-0885,2,150.00,300.00
SALE-004650,PRD-0889,2,30.00,60.00
SALE-004651,PRD-0914,1,1200.00,1200.00
SALE-004651,PRD-0928,2,130.00,260.00
SALE-004652,PRD-0972,1,40.00,40.00
SALE-004653,PRD-0977,2,95.00,190.00
SALE-004653,PRD-0963,2,130.00,260.00
SALE-004653,PRD-0961,1,150.00,150.00
SALE-004653,PRD-0955,3,165.00,495.00
SALE-004654,PRD-0981,1,195.00,195.00
SALE-004655,PRD-1016,1,158.00,158.00
SALE-004655,PRD-1007,1,199.00,199.00
SALE-004655,PRD-1010,2,599.00,1198.00
SALE-004655,PRD-1011,1,349.00,349.00
SALE-004656,PRD-1080,1,35.00,35.00
SALE-004657,PRD-1079,2,90.00,180.00
SALE-004657,PRD-1070,1,40.00,40.00
SALE-004658,PRD-1083,3,28.00,84.00
SALE-004658,PRD-1084,1,35.00,35.00
SALE-004658,PRD-1094,2,60.00,120.00
SALE-004659,PRD-1114,1,190.00,190.00
SALE-004659,PRD-1108,1,135.00,135.00
SALE-004659,PRD-1133,2,205.00,410.00
SALE-004659,PRD-1129,1,95.00,95.00
SALE-004660,PRD-1141,3,6.00,18.00
SALE-004661,PRD-1142,2,130.00,260.00
SALE-004661,PRD-1138,2,12.00,24.00
SALE-004662,PRD-1196,16,240.00,3840.00
SALE-004663,PRD-1225,1,30.00,30.00
SALE-004663,PRD-1215,1,50.00,50.00
SALE-004663,PRD-1218,1,90.00,90.00
SALE-004663,PRD-1220,1,20.00,20.00
SALE-004664,PRD-1217,1,60.00,60.00
SALE-004665,PRD-1231,1,135.00,135.00
SALE-004665,PRD-1236,2,150.00,300.00
SALE-004666,PRD-1254,2,35.00,70.00
SALE-004666,PRD-1234,3,46.00,138.00
SALE-004667,PRD-1248,2,35.00,70.00
SALE-004667,PRD-1228,2,1300.00,2600.00
SALE-004667,PRD-1241,3,25.00,75.00
SALE-004668,PRD-1246,1,45.00,45.00
SALE-004668,PRD-1248,2,35.00,70.00
SALE-004669,PRD-0015,1,15.00,15.00
SALE-004669,PRD-0012,1,165.00,165.00
SALE-004670,PRD-0030,1,410.00,410.00
SALE-004670,PRD-0043,3,60.00,180.00
SALE-004671,PRD-0033,1,95.00,95.00
SALE-004672,PRD-0056,1,50.00,50.00
SALE-004672,PRD-0072,3,18.00,54.00
SALE-004673,PRD-0058,1,70.00,70.00
SALE-004673,PRD-0069,1,10.00,10.00
SALE-004673,PRD-0078,2,80.00,160.00
SALE-004673,PRD-0077,1,45.00,45.00
SALE-004674,PRD-0133,3,190.00,570.00
SALE-004675,PRD-0154,3,35.00,105.00
SALE-004675,PRD-0163,2,35.00,70.00
SALE-004676,PRD-0171,3,45.00,135.00
SALE-004676,PRD-0164,1,60.00,60.00
SALE-004676,PRD-0153,1,28.00,28.00
SALE-004677,PRD-0188,3,60.00,180.00
SALE-004677,PRD-0190,1,247.00,247.00
SALE-004677,PRD-0182,1,1750.00,1750.00
SALE-004678,PRD-0200,2,280.00,560.00
SALE-004678,PRD-0206,1,5.00,5.00
SALE-004679,PRD-0210,1,25.00,25.00
SALE-004679,PRD-0203,1,70.00,70.00
SALE-004679,PRD-0202,1,60.00,60.00
SALE-004680,PRD-0226,3,315.00,945.00
SALE-004680,PRD-0231,1,299.00,299.00
SALE-004680,PRD-0238,1,599.00,599.00
SALE-004681,PRD-0271,1,95.00,95.00
SALE-004681,PRD-0256,1,190.00,190.00
SALE-004682,PRD-0255,1,150.00,150.00
SALE-004683,PRD-0275,1,195.00,195.00
SALE-004683,PRD-0274,3,20.00,60.00
SALE-004683,PRD-0254,2,25.00,50.00
SALE-004683,PRD-0251,1,105.00,105.00
SALE-004684,PRD-0304,2,46.00,92.00
SALE-004684,PRD-0309,1,165.00,165.00
SALE-004685,PRD-0319,1,38.00,38.00
SALE-004686,PRD-0338,1,160.00,160.00
SALE-004686,PRD-0345,1,1650.00,1650.00
SALE-004686,PRD-0329,1,20.00,20.00
SALE-004687,PRD-0354,1,60.00,60.00
SALE-004687,PRD-0357,2,50.00,100.00
SALE-004687,PRD-0373,2,20.00,40.00
SALE-004687,PRD-0376,2,35.00,70.00
SALE-004688,PRD-0419,1,37.00,37.00
SALE-004688,PRD-0418,1,38.00,38.00
SALE-004689,PRD-0401,3,165.00,495.00
SALE-004689,PRD-0413,3,15.00,45.00
SALE-004690,PRD-0412,3,25.00,75.00
SALE-004690,PRD-0424,2,90.00,180.00
SALE-004690,PRD-0410,2,165.00,330.00
SALE-004690,PRD-0425,2,35.00,70.00
SALE-004691,PRD-0417,1,45.00,45.00
SALE-004692,PRD-0455,10,105.00,1050.00
SALE-004693,PRD-0462,2,12.00,24.00
SALE-004693,PRD-0453,3,95.00,285.00
SALE-004694,PRD-0476,1,120.00,120.00
SALE-004695,PRD-0496,1,38.00,38.00
SALE-004696,PRD-0507,3,70.00,210.00
SALE-004696,PRD-0506,1,60.00,60.00
SALE-004697,PRD-0513,2,15.00,30.00
SALE-004697,PRD-0526,2,45.00,90.00
SALE-004698,PRD-0573,1,105.00,105.00
SALE-004699,PRD-0552,1,120.00,120.00
SALE-004699,PRD-0557,1,46.00,46.00
SALE-004700,PRD-0598,3,45.00,135.00
SALE-004700,PRD-0586,2,16.00,32.00
SALE-004700,PRD-0588,2,40.00,80.00
SALE-004701,PRD-0650,1,25.00,25.00
SALE-004701,PRD-0635,1,150.00,150.00
SALE-004701,PRD-0637,1,130.00,130.00
SALE-004701,PRD-0642,3,32.00,96.00
SALE-004702,PRD-0648,1,38.00,38.00
SALE-004702,PRD-0628,3,120.00,360.00
SALE-004702,PRD-0640,1,25.00,25.00
SALE-004702,PRD-0633,2,46.00,92.00
SALE-004703,PRD-0650,2,25.00,50.00
SALE-004704,PRD-0657,2,50.00,100.00
SALE-004705,PRD-0696,1,25.00,25.00
SALE-004705,PRD-0699,2,45.00,90.00
SALE-004705,PRD-0689,1,40.00,40.00
SALE-004705,PRD-0683,2,38.00,76.00
SALE-004706,PRD-0712,1,149.00,149.00
SALE-004707,PRD-0734,1,190.00,190.00
SALE-004707,PRD-0740,1,32.00,32.00
SALE-004708,PRD-0747,1,105.00,105.00
SALE-004708,PRD-0741,1,40.00,40.00
SALE-004709,PRD-0789,3,130.00,390.00
SALE-004709,PRD-0779,1,1300.00,1300.00
SALE-004709,PRD-0794,1,32.00,32.00
SALE-004709,PRD-0787,1,150.00,150.00
SALE-004710,PRD-0818,1,35.00,35.00
SALE-004710,PRD-0808,2,28.00,56.00
SALE-004710,PRD-0816,1,40.00,40.00
SALE-004711,PRD-0832,3,60.00,180.00
SALE-004711,PRD-0843,1,45.00,45.00
SALE-004711,PRD-0848,1,250.00,250.00
SALE-004712,PRD-0916,1,65.00,65.00
SALE-004712,PRD-0923,2,99.00,198.00
SALE-004713,PRD-0932,1,35.00,35.00
SALE-004713,PRD-0931,1,28.00,28.00
SALE-004713,PRD-0950,1,30.00,30.00
SALE-004713,PRD-0937,1,15.00,15.00
SALE-004714,PRD-0972,1,40.00,40.00
SALE-004714,PRD-0965,1,30.00,30.00
SALE-004714,PRD-0959,2,46.00,92.00
SALE-004715,PRD-0992,2,26.00,52.00
SALE-004716,PRD-0983,1,50.00,50.00
SALE-004716,PRD-1004,2,45.00,90.00
SALE-004716,PRD-0990,1,130.00,130.00
SALE-004717,PRD-0983,1,50.00,50.00
SALE-004717,PRD-1006,2,35.00,70.00
SALE-004718,PRD-1083,3,28.00,84.00
SALE-004718,PRD-1084,1,35.00,35.00
SALE-004718,PRD-1086,2,95.00,190.00
SALE-004719,PRD-1097,1,20.00,20.00
SALE-004719,PRD-1092,2,50.00,100.00
SALE-004720,PRD-1085,1,38.00,38.00
SALE-004721,PRD-1117,2,30.00,60.00
SALE-004721,PRD-1118,3,25.00,75.00
SALE-004721,PRD-1105,2,1365.00,2730.00
SALE-004721,PRD-1113,1,150.00,150.00
SALE-004722,PRD-1132,1,20.00,20.00
SALE-004723,PRD-1133,1,205.00,205.00
SALE-004724,PRD-1155,2,20.00,40.00
SALE-004724,PRD-1135,1,50.00,50.00
SALE-004724,PRD-1139,2,50.00,100.00
SALE-004724,PRD-1153,1,25.00,25.00
SALE-004725,PRD-1149,1,35.00,35.00
SALE-004726,PRD-1169,2,199.00,398.00
SALE-004727,PRD-1215,3,50.00,150.00
SALE-004727,PRD-1224,1,45.00,45.00
SALE-004728,PRD-1234,2,46.00,92.00
SALE-004729,PRD-1232,1,100.00,100.00
SALE-004729,PRD-1238,1,130.00,130.00
SALE-004729,PRD-1235,3,25.00,75.00
SALE-004729,PRD-1243,1,32.00,32.00
SALE-004730,PRD-1251,3,25.00,75.00
SALE-004730,PRD-1250,3,105.00,315.00
SALE-004731,PRD-1234,3,46.00,138.00
SALE-004731,PRD-1251,1,25.00,25.00
SALE-004732,PRD-0010,1,200.00,200.00
SALE-004733,PRD-0002,2,120.00,240.00
SALE-004733,PRD-0001,3,1300.00,3900.00
SALE-004733,PRD-0008,2,25.00,50.00
SALE-004733,PRD-0020,1,38.00,38.00
SALE-004734,PRD-0031,1,210.00,210.00
SALE-004735,PRD-0056,2,50.00,100.00
SALE-004735,PRD-0068,2,45.00,90.00
SALE-004736,PRD-0061,2,5.00,10.00
SALE-004737,PRD-0081,1,35.00,35.00
SALE-004737,PRD-0088,1,40.00,40.00
SALE-004738,PRD-0123,3,99.00,297.00
SALE-004739,PRD-0140,2,40.00,80.00
SALE-004740,PRD-0124,1,1300.00,1300.00
SALE-004740,PRD-0147,3,25.00,75.00
SALE-004740,PRD-0139,2,35.00,70.00
SALE-004741,PRD-0161,2,40.00,80.00
SALE-004741,PRD-0171,1,45.00,45.00
SALE-004741,PRD-0154,1,35.00,35.00
SALE-004742,PRD-0176,3,220.00,660.00
SALE-004742,PRD-0192,1,99.00,99.00
SALE-004742,PRD-0175,2,410.00,820.00
SALE-004743,PRD-0177,2,20.00,40.00
SALE-004743,PRD-0181,1,780.00,780.00
SALE-004744,PRD-0188,1,60.00,60.00
SALE-004745,PRD-0202,2,60.00,120.00
SALE-004745,PRD-0211,1,30.00,30.00
SALE-004745,PRD-0210,1,25.00,25.00
SALE-004745,PRD-0223,1,80.00,80.00
SALE-004746,PRD-0275,2,195.00,390.00
SALE-004747,PRD-0260,1,25.00,25.00
SALE-004747,PRD-0263,1,40.00,40.00
SALE-004748,PRD-0287,1,60.00,60.00
SALE-004749,PRD-0302,1,100.00,100.00
SALE-004749,PRD-0314,1,40.00,40.00
SALE-004749,PRD-0308,1,130.00,130.00
SALE-004749,PRD-0299,2,120.00,240.00
SALE-004750,PRD-0318,3,35.00,105.00
SALE-004750,PRD-0323,2,90.00,180.00
SALE-004751,PRD-0366,2,10.00,20.00
SALE-004751,PRD-0353,2,50.00,100.00
SALE-004752,PRD-0426,1,20.00,20.00
SALE-004752,PRD-0406,3,25.00,75.00
SALE-004753,PRD-0412,1,25.00,25.00
SALE-004754,PRD-0435,1,145.00,145.00
SALE-004754,PRD-0432,1,60.00,60.00
SALE-004754,PRD-0429,1,35.00,35.00
SALE-004754,PRD-0445,1,90.00,90.00
SALE-004755,PRD-0456,2,780.00,1560.00
SALE-004756,PRD-0465,3,240.00,720.00
SALE-004757,PRD-0466,2,20.00,40.00
SALE-004757,PRD-0458,2,1200.00,2400.00
SALE-004758,PRD-0483,1,150.00,150.00
SALE-004758,PRD-0475,1,1300.00,1300.00
SALE-004758,PRD-0495,2,35.00,70.00
SALE-004759,PRD-0507,1,70.00,70.00
SALE-004759,PRD-0524,2,30.00,60.00
SALE-004760,PRD-0529,1,199.00,199.00
SALE-004761,PRD-0582,2,38.00,76.00
SALE-004761,PRD-0598,1,45.00,45.00
SALE-004761,PRD-0593,1,160.00,160.00
SALE-004762,PRD-0604,21,20.00,420.00
SALE-004762,PRD-0605,10,95.00,950.00
SALE-004763,PRD-0636,2,190.00,380.00
SALE-004764,PRD-0633,1,46.00,46.00
SALE-004764,PRD-0640,1,25.00,25.00
SALE-004765,PRD-0666,3,25.00,75.00
SALE-004766,PRD-0667,3,30.00,90.00
SALE-004766,PRD-0662,2,5.00,10.00
SALE-004767,PRD-0689,2,40.00,80.00
SALE-004768,PRD-0687,2,15.00,30.00
SALE-004769,PRD-0681,1,28.00,28.00
SALE-004770,PRD-0712,1,149.00,149.00
SALE-004770,PRD-0713,1,199.00,199.00
SALE-004771,PRD-0734,3,190.00,570.00
SALE-004772,PRD-0729,1,100.00,100.00
SALE-004773,PRD-0827,1,30.00,30.00
SALE-004773,PRD-0808,2,28.00,56.00
SALE-004773,PRD-0819,1,60.00,60.00
SALE-004773,PRD-0814,2,16.00,32.00
SALE-004774,PRD-0820,3,90.00,270.00
SALE-004774,PRD-0808,1,28.00,28.00
SALE-004775,PRD-0810,1,38.00,38.00
SALE-004775,PRD-0812,3,60.00,180.00
SALE-004775,PRD-0822,2,20.00,40.00
SALE-004776,PRD-0858,2,599.00,1198.00
SALE-004777,PRD-0908,4,20.00,80.00
SALE-004777,PRD-0913,3,1750.00,5250.00
SALE-004778,PRD-0911,2,105.00,210.00
SALE-004778,PRD-0922,3,20.00,60.00
SALE-004779,PRD-0906,1,410.00,410.00
SALE-004780,PRD-0937,3,15.00,45.00
SALE-004780,PRD-0939,1,40.00,40.00
SALE-004781,PRD-0954,2,120.00,240.00
SALE-004782,PRD-1031,6,20.00,120.00
SALE-004783,PRD-1084,2,35.00,70.00
SALE-004784,PRD-1105,2,1365.00,2730.00
SALE-004785,PRD-1117,1,30.00,30.00
SALE-004785,PRD-1133,1,205.00,205.00
SALE-004785,PRD-1115,2,130.00,260.00
SALE-004785,PRD-1110,1,440.00,440.00
SALE-004786,PRD-1157,3,80.00,240.00
SALE-004786,PRD-1134,1,280.00,280.00
SALE-004787,PRD-1175,1,149.00,149.00
SALE-004788,PRD-1190,1,390.00,390.00
SALE-004788,PRD-1183,3,20.00,60.00
SALE-004789,PRD-1207,1,35.00,35.00
SALE-004789,PRD-1216,1,35.00,35.00
SALE-004790,PRD-1214,2,40.00,80.00
SALE-004791,PRD-1243,2,32.00,64.00
SALE-004791,PRD-1237,2,190.00,380.00
SALE-004791,PRD-1239,3,165.00,495.00
SALE-004792,PRD-1249,3,38.00,114.00
SALE-004792,PRD-1246,3,45.00,135.00
SALE-004792,PRD-1240,2,30.00,60.00
SALE-004793,PRD-1256,3,205.00,615.00
SALE-004794,PRD-0001,3,1300.00,3900.00
SALE-004795,PRD-0042,1,12.00,12.00
SALE-004795,PRD-0033,3,95.00,285.00
SALE-004795,PRD-0041,2,160.00,320.00
SALE-004796,PRD-0057,2,60.00,120.00
SALE-004796,PRD-0070,1,35.00,35.00
SALE-004796,PRD-0060,1,50.00,50.00
SALE-004797,PRD-0080,3,28.00,84.00
SALE-004797,PRD-0097,2,90.00,180.00
SALE-004797,PRD-0083,2,95.00,190.00
SALE-004798,PRD-0088,1,40.00,40.00
SALE-004799,PRD-0133,1,190.00,190.00
SALE-004800,PRD-0164,3,60.00,180.00
SALE-004800,PRD-0162,3,50.00,150.00
SALE-004800,PRD-0160,1,145.00,145.00
SALE-004800,PRD-0168,1,25.00,25.00
SALE-004801,PRD-0183,1,1200.00,1200.00
SALE-004801,PRD-0175,8,410.00,3280.00
SALE-004802,PRD-0263,2,40.00,80.00
SALE-004802,PRD-0252,1,465.00,465.00
SALE-004803,PRD-0276,2,28.00,56.00
SALE-004804,PRD-0321,3,27.00,81.00
SALE-004805,PRD-0304,2,46.00,92.00
SALE-004806,PRD-0354,1,60.00,60.00
SALE-004806,PRD-0356,2,12.00,24.00
SALE-004807,PRD-0380,3,599.00,1797.00
SALE-004807,PRD-0384,1,1299.00,1299.00
SALE-004807,PRD-0386,2,149.00,298.00
SALE-004807,PRD-0387,1,199.00,199.00
SALE-004808,PRD-0401,2,165.00,330.00
SALE-004809,PRD-0425,3,35.00,105.00
SALE-004809,PRD-0413,1,15.00,15.00
SALE-004809,PRD-0407,1,160.00,160.00
SALE-004810,PRD-0426,1,20.00,20.00
SALE-004811,PRD-0423,3,100.00,300.00
SALE-004811,PRD-0413,3,15.00,45.00
SALE-004812,PRD-0446,3,45.00,135.00
SALE-004813,PRD-0450,2,410.00,820.00
SALE-004813,PRD-0463,3,60.00,180.00
SALE-004814,PRD-0455,5,105.00,525.00
SALE-004814,PRD-0451,8,210.00,1680.00
SALE-004815,PRD-0451,4,210.00,840.00
SALE-004815,PRD-0462,3,12.00,36.00
SALE-004815,PRD-0453,7,95.00,665.00
SALE-004815,PRD-0459,2,390.00,780.00
SALE-004816,PRD-0485,2,134.00,268.00
SALE-004816,PRD-0497,1,105.00,105.00
SALE-004817,PRD-0489,3,15.00,45.00
SALE-004818,PRD-0505,2,50.00,100.00
SALE-004818,PRD-0523,1,25.00,25.00
SALE-004819,PRD-0539,2,199.00,398.00
SALE-004820,PRD-0594,2,20.00,40.00
SALE-004821,PRD-0604,2,20.00,40.00
SALE-004821,PRD-0607,3,105.00,315.00
SALE-004821,PRD-0605,1,95.00,95.00
SALE-004822,PRD-0602,3,410.00,1230.00
SALE-004822,PRD-0610,1,1200.00,1200.00
SALE-004822,PRD-0608,1,780.00,780.00
SALE-004822,PRD-0605,2,95.00,190.00
SALE-004823,PRD-0637,2,130.00,260.00
SALE-004823,PRD-0636,2,190.00,380.00
SALE-004824,PRD-0660,2,12.00,24.00
SALE-004824,PRD-0657,2,50.00,100.00
SALE-004825,PRD-0662,1,5.00,5.00
SALE-004825,PRD-0657,2,50.00,100.00
SALE-004825,PRD-0679,1,80.00,80.00
SALE-004825,PRD-0671,3,35.00,105.00
SALE-004826,PRD-0685,3,60.00,180.00
SALE-004826,PRD-0681,3,28.00,84.00
SALE-004827,PRD-0681,3,28.00,84.00
SALE-004828,PRD-0696,1,25.00,25.00
SALE-004828,PRD-0681,2,28.00,56.00
SALE-004829,PRD-0749,1,95.00,95.00
SALE-004829,PRD-0726,1,120.00,120.00
SALE-004829,PRD-0747,2,105.00,210.00
SALE-004829,PRD-0731,3,46.00,138.00
SALE-004830,PRD-0793,2,15.00,30.00
SALE-004830,PRD-0780,1,120.00,120.00
SALE-004830,PRD-0801,2,110.00,220.00
SALE-004831,PRD-0817,1,50.00,50.00
SALE-004831,PRD-0818,2,35.00,70.00
SALE-004831,PRD-0822,1,20.00,20.00
SALE-004831,PRD-0828,2,30.00,60.00
SALE-004832,PRD-0822,1,20.00,20.00
SALE-004833,PRD-0810,2,38.00,76.00
SALE-004833,PRD-0822,3,20.00,60.00
SALE-004833,PRD-0814,1,16.00,16.00
SALE-004834,PRD-0837,1,6.00,6.00
SALE-004834,PRD-0839,3,15.00,45.00
SALE-004835,PRD-0856,3,299.00,897.00
SALE-004836,PRD-0859,1,349.00,349.00
SALE-004836,PRD-0858,2,599.00,1198.00
SALE-004836,PRD-0864,1,149.00,149.00
SALE-004837,PRD-0883,1,46.00,46.00
SALE-004837,PRD-0891,2,15.00,30.00
SALE-004837,PRD-0882,1,440.00,440.00
SALE-004838,PRD-0879,3,165.00,495.00
SALE-004838,PRD-0904,2,20.00,40.00
SALE-004839,PRD-0912,2,803.00,1606.00
SALE-004839,PRD-0909,2,95.00,190.00
SALE-004839,PRD-0926,1,280.00,280.00
SALE-004840,PRD-0951,1,30.00,30.00
SALE-004841,PRD-0960,2,25.00,50.00
SALE-004842,PRD-0999,2,18.00,36.00
SALE-004843,PRD-1009,3,149.00,447.00
SALE-004844,PRD-1039,1,65.00,65.00
SALE-004844,PRD-1052,3,25.00,75.00
SALE-004844,PRD-1047,1,1650.00,1650.00
SALE-004845,PRD-1055,2,120.00,240.00
SALE-004845,PRD-1067,1,25.00,25.00
SALE-004846,PRD-1083,3,28.00,84.00
SALE-004847,PRD-1103,2,30.00,60.00
SALE-004847,PRD-1086,2,95.00,190.00
SALE-004848,PRD-1096,2,150.00,300.00
SALE-004848,PRD-1100,2,90.00,180.00
SALE-004848,PRD-1103,1,30.00,30.00
SALE-004849,PRD-1121,1,40.00,40.00
SALE-004849,PRD-1127,3,105.00,315.00
SALE-004850,PRD-1116,3,165.00,495.00
SALE-004851,PRD-1164,1,899.00,899.00
SALE-004851,PRD-1159,1,210.00,210.00
SALE-004851,PRD-1169,1,199.00,199.00
SALE-004851,PRD-1168,2,149.00,298.00
SALE-004852,PRD-1186,1,105.00,105.00
SALE-004852,PRD-1197,2,20.00,40.00
SALE-004853,PRD-1217,2,60.00,120.00
SALE-004853,PRD-1208,1,38.00,38.00
SALE-004853,PRD-1207,3,35.00,105.00
SALE-004854,PRD-1245,3,19.00,57.00
SALE-004854,PRD-1238,2,130.00,260.00
SALE-004854,PRD-1256,1,205.00,205.00
SALE-004855,PRD-0037,3,1750.00,5250.00
SALE-004855,PRD-0038,1,1200.00,1200.00
SALE-004855,PRD-0031,3,210.00,630.00
SALE-004855,PRD-0042,3,12.00,36.00
SALE-004856,PRD-0031,1,210.00,210.00
SALE-004856,PRD-0040,1,65.00,65.00
SALE-004856,PRD-0046,1,20.00,20.00
SALE-004856,PRD-0053,1,25.00,25.00
SALE-004857,PRD-0081,2,35.00,70.00
SALE-004858,PRD-0094,3,20.00,60.00
SALE-004858,PRD-0084,2,60.00,120.00
SALE-004859,PRD-0080,1,28.00,28.00
SALE-004859,PRD-0083,2,95.00,190.00
SALE-004859,PRD-0081,1,35.00,35.00
SALE-004860,PRD-0116,1,449.00,449.00
SALE-004860,PRD-0106,3,349.00,1047.00
SALE-004861,PRD-0136,1,30.00,30.00
SALE-004861,PRD-0145,2,38.00,76.00
SALE-004861,PRD-0140,3,40.00,120.00
SALE-004862,PRD-0128,2,100.00,200.00
SALE-004862,PRD-0142,2,45.00,90.00
SALE-004862,PRD-0130,1,46.00,46.00
SALE-004863,PRD-0167,3,21.00,63.00
SALE-004863,PRD-0163,2,35.00,70.00
SALE-004864,PRD-0210,1,25.00,25.00
SALE-004864,PRD-0217,1,18.00,18.00
SALE-004865,PRD-0270,3,25.00,75.00
SALE-004866,PRD-0249,3,165.00,495.00
SALE-004866,PRD-0248,2,120.00,240.00
SALE-004867,PRD-0249,3,165.00,495.00
SALE-004867,PRD-0271,1,95.00,95.00
SALE-004868,PRD-0308,1,130.00,130.00
SALE-004868,PRD-0319,1,38.00,38.00
SALE-004868,PRD-0325,2,20.00,40.00
SALE-004869,PRD-0299,3,120.00,360.00
SALE-004869,PRD-0311,3,25.00,75.00
SALE-004869,PRD-0303,1,440.00,440.00
SALE-004870,PRD-0397,1,249.00,249.00
SALE-004871,PRD-0385,2,999.00,1998.00
SALE-004872,PRD-0407,3,160.00,480.00
SALE-004872,PRD-0420,1,38.00,38.00
SALE-004873,PRD-0436,2,40.00,80.00
SALE-004873,PRD-0446,1,45.00,45.00
SALE-004874,PRD-0458,1,1200.00,1200.00
SALE-004875,PRD-0468,1,1650.00,1650.00
SALE-004875,PRD-0450,5,410.00,2050.00
SALE-004875,PRD-0472,2,130.00,260.00
SALE-004876,PRD-0466,1,20.00,20.00
SALE-004876,PRD-0457,2,1840.00,3680.00
SALE-004876,PRD-0459,2,390.00,780.00
SALE-004877,PRD-0486,2,165.00,330.00
SALE-004878,PRD-0489,2,15.00,30.00
SALE-004879,PRD-0480,1,462.00,462.00
SALE-004879,PRD-0497,1,105.00,105.00
SALE-004879,PRD-0495,1,35.00,35.00
SALE-004879,PRD-0498,2,25.00,50.00
SALE-004880,PRD-0491,1,40.00,40.00
SALE-004880,PRD-0487,2,30.00,60.00
SALE-004880,PRD-0499,1,95.00,95.00
SALE-004881,PRD-0557,1,46.00,46.00
SALE-004881,PRD-0574,2,25.00,50.00
SALE-004881,PRD-0551,1,1300.00,1300.00
SALE-004881,PRD-0553,2,165.00,330.00
SALE-004882,PRD-0575,1,95.00,95.00
SALE-004882,PRD-0561,1,130.00,130.00
SALE-004883,PRD-0584,2,60.00,120.00
SALE-004883,PRD-0583,3,95.00,285.00
SALE-004884,PRD-0634,1,25.00,25.00
SALE-004884,PRD-0639,2,30.00,60.00
SALE-004885,PRD-0628,1,120.00,120.00
SALE-004885,PRD-0634,1,25.00,25.00
SALE-004886,PRD-0633,2,46.00,92.00
SALE-004886,PRD-0644,1,18.00,18.00
SALE-004887,PRD-0630,2,135.00,270.00
SALE-004887,PRD-0633,1,46.00,46.00
SALE-004888,PRD-0668,1,60.00,60.00
SALE-004889,PRD-0658,1,60.00,60.00
SALE-004889,PRD-0679,1,80.00,80.00
SALE-004889,PRD-0666,3,25.00,75.00
SALE-004890,PRD-0681,1,28.00,28.00
SALE-004891,PRD-0685,1,60.00,60.00
SALE-004891,PRD-0681,1,28.00,28.00
SALE-004892,PRD-0740,1,32.00,32.00
SALE-004892,PRD-0729,1,100.00,100.00
SALE-004893,PRD-0761,2,1750.00,3500.00
SALE-004893,PRD-0757,2,95.00,190.00
SALE-004893,PRD-0767,1,60.00,60.00
SALE-004893,PRD-0774,1,280.00,280.00
SALE-004894,PRD-0781,3,165.00,495.00
SALE-004894,PRD-0787,3,150.00,450.00
SALE-004894,PRD-0795,2,40.00,80.00
SALE-004895,PRD-0801,1,110.00,110.00
SALE-004895,PRD-0783,1,100.00,100.00
SALE-004896,PRD-0789,1,130.00,130.00
SALE-004896,PRD-0781,1,165.00,165.00
SALE-004896,PRD-0803,1,95.00,95.00
SALE-004897,PRD-0842,1,60.00,60.00
SALE-004898,PRD-0865,1,199.00,199.00
SALE-004899,PRD-0898,1,38.00,38.00
SALE-004900,PRD-0945,1,20.00,20.00
SALE-004900,PRD-0931,3,28.00,84.00
SALE-004901,PRD-1016,2,158.00,316.00
SALE-004901,PRD-1021,2,462.00,924.00
SALE-004901,PRD-1022,2,99.00,198.00
SALE-004901,PRD-1015,1,999.00,999.00
SALE-004902,PRD-1075,3,38.00,114.00
SALE-004903,PRD-1082,1,195.00,195.00
SALE-004903,PRD-1077,1,25.00,25.00
SALE-004903,PRD-1059,2,440.00,880.00
SALE-004903,PRD-1071,1,18.00,18.00
SALE-004904,PRD-1121,1,40.00,40.00
SALE-004904,PRD-1115,2,130.00,260.00
SALE-004905,PRD-1105,1,1365.00,1365.00
SALE-004906,PRD-1154,2,30.00,60.00
SALE-004906,PRD-1144,1,25.00,25.00
SALE-004907,PRD-1220,2,20.00,40.00
SALE-004907,PRD-1215,2,50.00,100.00
SALE-004907,PRD-1210,2,60.00,120.00
SALE-004908,PRD-1229,1,120.00,120.00
SALE-004908,PRD-1251,1,25.00,25.00
SALE-004909,PRD-1235,1,25.00,25.00
SALE-004909,PRD-1246,1,45.00,45.00
SALE-004910,PRD-1251,1,25.00,25.00
SALE-004911,PRD-1242,2,15.00,30.00
SALE-004912,PRD-0036,1,780.00,780.00
SALE-004912,PRD-0045,3,240.00,720.00
SALE-004912,PRD-0040,2,65.00,130.00
SALE-004913,PRD-0030,8,410.00,3280.00
SALE-004913,PRD-0033,5,95.00,475.00
SALE-004913,PRD-0041,1,160.00,160.00
SALE-004913,PRD-0049,2,40.00,80.00
SALE-004914,PRD-0088,3,40.00,120.00
SALE-004914,PRD-0083,1,95.00,95.00
SALE-004914,PRD-0095,2,25.00,50.00
SALE-004915,PRD-0089,2,53.00,106.00
SALE-004915,PRD-0092,2,90.00,180.00
SALE-004916,PRD-0081,3,35.00,105.00
SALE-004917,PRD-0116,1,449.00,449.00
SALE-004918,PRD-0131,2,25.00,50.00
SALE-004918,PRD-0149,1,90.00,90.00
SALE-004918,PRD-0140,1,40.00,40.00
SALE-004919,PRD-0131,2,25.00,50.00
SALE-004920,PRD-0156,1,95.00,95.00
SALE-004920,PRD-0163,3,35.00,105.00
SALE-004921,PRD-0153,1,28.00,28.00
SALE-004921,PRD-0166,1,154.00,154.00
SALE-004921,PRD-0171,2,45.00,90.00
SALE-004921,PRD-0167,1,21.00,21.00
SALE-004922,PRD-0182,1,1750.00,1750.00
SALE-004922,PRD-0188,1,60.00,60.00
SALE-004922,PRD-0185,2,65.00,130.00
SALE-004923,PRD-0201,3,50.00,150.00
SALE-004923,PRD-0203,1,70.00,70.00
SALE-004924,PRD-0206,2,5.00,10.00
SALE-004925,PRD-0237,2,349.00,698.00
SALE-004925,PRD-0230,2,899.00,1798.00
SALE-004925,PRD-0226,2,315.00,630.00
SALE-004925,PRD-0225,2,199.00,398.00
SALE-004926,PRD-0253,2,46.00,92.00
SALE-004926,PRD-0271,2,95.00,190.00
SALE-004926,PRD-0256,2,190.00,380.00
SALE-004927,PRD-0271,1,95.00,95.00
SALE-004928,PRD-0271,2,95.00,190.00
SALE-004928,PRD-0259,1,30.00,30.00
SALE-004928,PRD-0257,1,130.00,130.00
SALE-004929,PRD-0289,2,150.00,300.00
SALE-004929,PRD-0277,3,35.00,105.00
SALE-004930,PRD-0416,3,18.00,54.00
SALE-004930,PRD-0408,1,190.00,190.00
SALE-004931,PRD-0401,1,165.00,165.00
SALE-004931,PRD-0415,1,40.00,40.00
SALE-004931,PRD-0400,1,120.00,120.00
SALE-004931,PRD-0414,1,32.00,32.00
SALE-004932,PRD-0426,3,20.00,60.00
SALE-004932,PRD-0407,1,160.00,160.00
SALE-004933,PRD-0400,3,120.00,360.00
SALE-004933,PRD-0411,2,30.00,60.00
SALE-004934,PRD-0467,2,99.00,198.00
SALE-004934,PRD-0464,1,290.00,290.00
SALE-004934,PRD-0451,1,210.00,210.00
SALE-004935,PRD-0481,1,46.00,46.00
SALE-004935,PRD-0503,2,195.00,390.00
SALE-004936,PRD-0481,2,46.00,92.00
SALE-004937,PRD-0554,2,135.00,270.00
SALE-004938,PRD-0575,1,95.00,95.00
SALE-004938,PRD-0554,3,135.00,405.00
SALE-004939,PRD-0651,3,95.00,285.00
SALE-004939,PRD-0655,1,195.00,195.00
SALE-004940,PRD-0655,3,195.00,585.00
SALE-004940,PRD-0636,1,190.00,190.00
SALE-004941,PRD-0651,1,95.00,95.00
SALE-004941,PRD-0630,1,135.00,135.00
SALE-004942,PRD-0680,1,35.00,35.00
SALE-004942,PRD-0679,3,80.00,240.00
SALE-004942,PRD-0673,1,18.00,18.00
SALE-004943,PRD-0679,1,80.00,80.00
SALE-004944,PRD-0694,1,150.00,150.00
SALE-004944,PRD-0684,2,95.00,190.00
SALE-004945,PRD-0695,2,20.00,40.00
SALE-004945,PRD-0690,2,50.00,100.00
SALE-004945,PRD-0681,2,28.00,56.00
SALE-004946,PRD-0697,2,650.00,1300.00
SALE-004947,PRD-0809,1,35.00,35.00
SALE-004947,PRD-0814,2,16.00,32.00
SALE-004948,PRD-0810,1,38.00,38.00
SALE-004948,PRD-0811,1,95.00,95.00
SALE-004949,PRD-0862,1,1299.00,1299.00
SALE-004950,PRD-0889,1,30.00,30.00
SALE-004951,PRD-0903,1,35.00,35.00
SALE-004951,PRD-0891,1,15.00,15.00
SALE-004952,PRD-0887,2,136.00,272.00
SALE-004952,PRD-0888,2,165.00,330.00
SALE-004952,PRD-0900,1,25.00,25.00
SALE-004953,PRD-0907,2,210.00,420.00
SALE-004953,PRD-0910,1,120.00,120.00
SALE-004953,PRD-0922,1,20.00,20.00
SALE-004954,PRD-0925,2,40.00,80.00
SALE-004954,PRD-0910,2,120.00,240.00
SALE-004954,PRD-0919,3,60.00,180.00
SALE-004955,PRD-0906,1,410.00,410.00
SALE-004955,PRD-0930,2,150.00,300.00
SALE-004955,PRD-0919,2,60.00,120.00
SALE-004956,PRD-0940,3,50.00,150.00
SALE-004957,PRD-0967,1,15.00,15.00
SALE-004957,PRD-0972,1,40.00,40.00
SALE-004958,PRD-0989,2,6.00,12.00
SALE-004958,PRD-0996,2,10.00,20.00
SALE-004959,PRD-0993,2,30.00,60.00
SALE-004959,PRD-0999,2,18.00,36.00
SALE-004959,PRD-0989,1,6.00,6.00
SALE-004960,PRD-0988,2,5.00,10.00
SALE-004960,PRD-0991,1,15.00,15.00
SALE-004961,PRD-1014,1,1299.00,1299.00
SALE-004962,PRD-1049,2,280.00,560.00
SALE-004963,PRD-1070,2,40.00,80.00
SALE-004963,PRD-1061,1,25.00,25.00
SALE-004964,PRD-1106,3,130.00,390.00
SALE-004964,PRD-1125,1,35.00,35.00
SALE-004965,PRD-1133,1,205.00,205.00
SALE-004965,PRD-1132,3,20.00,60.00
SALE-004965,PRD-1113,3,150.00,450.00
SALE-004966,PRD-1125,3,35.00,105.00
SALE-004966,PRD-1119,2,15.00,30.00
SALE-004967,PRD-1146,2,63.00,126.00
SALE-004967,PRD-1134,1,280.00,280.00
SALE-004967,PRD-1144,3,25.00,75.00
SALE-004967,PRD-1137,2,70.00,140.00
SALE-004968,PRD-1175,3,149.00,447.00
SALE-004968,PRD-1165,1,299.00,299.00
SALE-004969,PRD-1208,1,38.00,38.00
SALE-004969,PRD-1220,1,20.00,20.00
SALE-004969,PRD-1224,1,45.00,45.00
SALE-004969,PRD-1216,2,35.00,70.00
SALE-004970,PRD-1206,1,28.00,28.00
SALE-004971,PRD-1207,3,35.00,105.00
SALE-004972,PRD-1231,1,135.00,135.00
SALE-004972,PRD-1234,1,46.00,46.00
SALE-004972,PRD-1233,1,440.00,440.00
SALE-004973,PRD-0088,2,40.00,80.00
SALE-004973,PRD-0094,1,20.00,20.00
SALE-004973,PRD-0091,2,60.00,120.00
SALE-004973,PRD-0095,3,25.00,75.00
SALE-004974,PRD-0102,3,199.00,597.00
SALE-004975,PRD-0108,1,315.00,315.00
SALE-004975,PRD-0105,2,599.00,1198.00
SALE-004976,PRD-0132,3,150.00,450.00
SALE-004977,PRD-0135,3,165.00,495.00
SALE-004977,PRD-0149,2,90.00,180.00
SALE-004978,PRD-0172,2,30.00,60.00
SALE-004979,PRD-0205,1,54.00,54.00
SALE-004980,PRD-0249,2,165.00,330.00
SALE-004980,PRD-0252,1,465.00,465.00
SALE-004981,PRD-0272,1,90.00,90.00
SALE-004982,PRD-0280,2,60.00,120.00
SALE-004982,PRD-0282,1,15.00,15.00
SALE-004983,PRD-0305,1,25.00,25.00
SALE-004984,PRD-0304,2,46.00,92.00
SALE-004984,PRD-0312,1,15.00,15.00
SALE-004984,PRD-0321,3,27.00,81.00
SALE-004985,PRD-0332,2,105.00,210.00
SALE-004985,PRD-0328,3,210.00,630.00
SALE-004985,PRD-0344,2,99.00,198.00
SALE-004985,PRD-0340,1,60.00,60.00
SALE-004986,PRD-0406,2,25.00,50.00
SALE-004987,PRD-0412,2,25.00,50.00
SALE-004987,PRD-0411,1,30.00,30.00
SALE-004988,PRD-0467,1,99.00,99.00
SALE-004988,PRD-0450,1,410.00,410.00
SALE-004989,PRD-0463,1,60.00,60.00
SALE-004990,PRD-0481,2,46.00,92.00
SALE-004991,PRD-0478,2,135.00,270.00
SALE-004991,PRD-0498,2,25.00,50.00
SALE-004992,PRD-0477,1,165.00,165.00
SALE-004992,PRD-0488,1,25.00,25.00
SALE-004993,PRD-0505,2,50.00,100.00
SALE-004993,PRD-0504,2,280.00,560.00
SALE-004993,PRD-0514,2,25.00,50.00
SALE-004994,PRD-0536,2,1299.00,2598.00
SALE-004995,PRD-0597,1,90.00,90.00
SALE-004995,PRD-0583,2,95.00,190.00
SALE-004996,PRD-0623,2,190.00,380.00
SALE-004996,PRD-0602,1,410.00,410.00
SALE-004997,PRD-0640,3,25.00,75.00
SALE-004997,PRD-0638,3,165.00,495.00
SALE-004997,PRD-0635,1,150.00,150.00
SALE-004998,PRD-0630,1,135.00,135.00
SALE-004999,PRD-0681,1,28.00,28.00
SALE-004999,PRD-0684,1,95.00,95.00
SALE-004999,PRD-0691,1,35.00,35.00
SALE-005000,PRD-0712,1,149.00,149.00
SALE-005001,PRD-0706,1,599.00,599.00
SALE-005001,PRD-0721,1,399.00,399.00
SALE-005001,PRD-0723,3,249.00,747.00
SALE-005001,PRD-0709,2,299.00,598.00
SALE-005002,PRD-0729,1,100.00,100.00
SALE-005002,PRD-0731,2,46.00,92.00
SALE-005002,PRD-0747,1,105.00,105.00
SALE-005002,PRD-0733,1,150.00,150.00
SALE-005003,PRD-0730,1,440.00,440.00
SALE-005003,PRD-0735,2,130.00,260.00
SALE-005003,PRD-0738,1,25.00,25.00
SALE-005003,PRD-0745,3,35.00,105.00
SALE-005004,PRD-0756,6,20.00,120.00
SALE-005005,PRD-0807,1,205.00,205.00
SALE-005005,PRD-0790,2,165.00,330.00
SALE-005005,PRD-0796,3,20.00,60.00
SALE-005006,PRD-0789,1,130.00,130.00
SALE-005007,PRD-0789,1,130.00,130.00
SALE-005007,PRD-0788,3,190.00,570.00
SALE-005007,PRD-0781,2,165.00,330.00
SALE-005008,PRD-0827,2,30.00,60.00
SALE-005009,PRD-0810,2,38.00,76.00
SALE-005010,PRD-0833,1,70.00,70.00
SALE-005010,PRD-0836,3,5.00,15.00
SALE-005010,PRD-0832,3,60.00,180.00
SALE-005010,PRD-0847,1,18.00,18.00
SALE-005011,PRD-0856,3,299.00,897.00
SALE-005011,PRD-0860,1,899.00,899.00
SALE-005012,PRD-0855,1,199.00,199.00
SALE-005012,PRD-0864,1,149.00,149.00
SALE-005012,PRD-0857,1,149.00,149.00
SALE-005013,PRD-0887,3,136.00,408.00
SALE-005014,PRD-0899,2,113.00,226.00
SALE-005015,PRD-0911,1,105.00,105.00
SALE-005016,PRD-0943,1,90.00,90.00
SALE-005016,PRD-0950,1,30.00,30.00
SALE-005017,PRD-0945,1,20.00,20.00
SALE-005017,PRD-0932,2,35.00,70.00
SALE-005017,PRD-0939,2,40.00,80.00
SALE-005017,PRD-0950,1,30.00,30.00
SALE-005018,PRD-0967,2,15.00,30.00
SALE-005019,PRD-0996,1,10.00,10.00
SALE-005019,PRD-1001,1,25.00,25.00
SALE-005020,PRD-0994,2,60.00,120.00
SALE-005020,PRD-0997,1,35.00,35.00
SALE-005021,PRD-0997,2,35.00,70.00
SALE-005021,PRD-0995,1,45.00,45.00
SALE-005021,PRD-0999,2,18.00,36.00
SALE-005021,PRD-0987,3,52.00,156.00
SALE-005022,PRD-1029,6,430.00,2580.00
SALE-005022,PRD-1049,1,280.00,280.00
SALE-005022,PRD-1051,1,130.00,130.00
SALE-005023,PRD-1083,1,28.00,28.00
SALE-005024,PRD-1085,1,38.00,38.00
SALE-005024,PRD-1083,1,28.00,28.00
SALE-005024,PRD-1084,2,35.00,70.00
SALE-005024,PRD-1086,2,95.00,190.00
SALE-005025,PRD-1133,1,205.00,205.00
SALE-005025,PRD-1106,2,130.00,260.00
SALE-005026,PRD-1120,1,32.00,32.00
SALE-005026,PRD-1126,1,38.00,38.00
SALE-005026,PRD-1111,1,46.00,46.00
SALE-005027,PRD-1141,2,6.00,12.00
SALE-005028,PRD-1176,2,149.00,298.00
SALE-005028,PRD-1166,1,1299.00,1299.00
SALE-005029,PRD-1202,1,190.00,190.00
SALE-005030,PRD-1209,2,95.00,190.00
SALE-005031,PRD-1206,1,28.00,28.00
SALE-005032,PRD-1224,1,45.00,45.00
SALE-005032,PRD-1207,1,35.00,35.00
SALE-005032,PRD-1225,1,30.00,30.00
SALE-005032,PRD-1208,1,38.00,38.00
SALE-005033,PRD-1231,1,135.00,135.00
SALE-005033,PRD-1230,2,165.00,330.00
SALE-005034,PRD-0057,2,60.00,120.00
SALE-005034,PRD-0058,1,70.00,70.00
SALE-005034,PRD-0071,2,120.00,240.00
SALE-005035,PRD-0088,1,40.00,40.00
SALE-005036,PRD-0110,2,999.00,1998.00
SALE-005037,PRD-0102,2,199.00,398.00
SALE-005037,PRD-0110,1,999.00,999.00
SALE-005038,PRD-0130,1,46.00,46.00
SALE-005039,PRD-0125,1,120.00,120.00
SALE-005039,PRD-0152,2,201.00,402.00
SALE-005039,PRD-0126,1,165.00,165.00
SALE-005039,PRD-0143,3,38.00,114.00
SALE-005040,PRD-0178,13,95.00,1235.00
SALE-005040,PRD-0176,16,220.00,3520.00
SALE-005041,PRD-0216,3,120.00,360.00
SALE-005041,PRD-0222,1,45.00,45.00
SALE-005041,PRD-0221,2,21.00,42.00
SALE-005041,PRD-0207,3,6.00,18.00
SALE-005042,PRD-0242,3,149.00,447.00
SALE-005043,PRD-0248,1,120.00,120.00
SALE-005043,PRD-0254,2,25.00,50.00
SALE-005043,PRD-0255,1,150.00,150.00
SALE-005044,PRD-0259,1,30.00,30.00
SALE-005044,PRD-0269,1,105.00,105.00
SALE-005045,PRD-0268,1,38.00,38.00
SALE-005046,PRD-0291,1,25.00,25.00
SALE-005046,PRD-0283,2,145.00,290.00
SALE-005047,PRD-0311,2,25.00,50.00
SALE-005047,PRD-0305,1,25.00,25.00
SALE-005048,PRD-0307,3,190.00,570.00
SALE-005048,PRD-0303,3,440.00,1320.00
SALE-005049,PRD-0331,3,120.00,360.00
SALE-005050,PRD-0407,3,160.00,480.00
SALE-005050,PRD-0425,2,35.00,70.00
SALE-005050,PRD-0400,1,120.00,120.00
SALE-005051,PRD-0408,1,190.00,190.00
SALE-005051,PRD-0425,2,35.00,70.00
SALE-005052,PRD-0402,1,135.00,135.00
SALE-005052,PRD-0420,1,38.00,38.00
SALE-005053,PRD-0403,2,100.00,200.00
SALE-005054,PRD-0463,2,60.00,120.00
SALE-005055,PRD-0495,1,35.00,35.00
SALE-005055,PRD-0480,2,462.00,924.00
SALE-005055,PRD-0475,2,1300.00,2600.00
SALE-005056,PRD-0482,2,25.00,50.00
SALE-005057,PRD-0475,1,1300.00,1300.00
SALE-005058,PRD-0488,1,25.00,25.00
SALE-005059,PRD-0507,2,70.00,140.00
SALE-005059,PRD-0517,1,45.00,45.00
SALE-005060,PRD-0575,2,95.00,190.00
SALE-005060,PRD-0574,3,25.00,75.00
SALE-005061,PRD-0575,1,95.00,95.00
SALE-005062,PRD-0555,2,100.00,200.00
SALE-005063,PRD-0600,3,30.00,90.00
SALE-005063,PRD-0594,2,20.00,40.00
SALE-005064,PRD-0618,3,20.00,60.00
SALE-005064,PRD-0604,1,20.00,20.00
SALE-005064,PRD-0620,1,1650.00,1650.00
SALE-005064,PRD-0623,2,190.00,380.00
SALE-005065,PRD-0652,2,90.00,180.00
SALE-005065,PRD-0638,1,165.00,165.00
SALE-005065,PRD-0640,2,25.00,50.00
SALE-005066,PRD-0643,2,40.00,80.00
SALE-005066,PRD-0645,2,45.00,90.00
SALE-005067,PRD-0650,2,25.00,50.00
SALE-005067,PRD-0629,2,165.00,330.00
SALE-005067,PRD-0639,3,30.00,90.00
SALE-005067,PRD-0636,1,190.00,190.00
SALE-005068,PRD-0658,1,60.00,60.00
SALE-005068,PRD-0657,1,50.00,50.00
SALE-005069,PRD-0674,1,250.00,250.00
SALE-005070,PRD-0683,1,38.00,38.00
SALE-005071,PRD-0690,1,50.00,50.00
SALE-005071,PRD-0683,3,38.00,114.00
SALE-005072,PRD-0682,1,38.00,38.00
SALE-005072,PRD-0695,1,20.00,20.00
SALE-005072,PRD-0681,2,28.00,56.00
SALE-005073,PRD-0699,1,45.00,45.00
SALE-005073,PRD-0701,2,30.00,60.00
SALE-005073,PRD-0683,1,38.00,38.00
SALE-005073,PRD-0681,1,28.00,28.00
SALE-005074,PRD-0720,1,149.00,149.00
SALE-005074,PRD-0703,1,199.00,199.00
SALE-005074,PRD-0712,2,149.00,298.00
SALE-005075,PRD-0795,2,40.00,80.00
SALE-005076,PRD-0787,1,150.00,150.00
SALE-005077,PRD-0819,1,60.00,60.00
SALE-005078,PRD-0810,2,38.00,76.00
SALE-005078,PRD-0808,1,28.00,28.00
SALE-005078,PRD-0817,3,50.00,150.00
SALE-005079,PRD-0845,2,35.00,70.00
SALE-005080,PRD-0872,3,160.00,480.00
SALE-005080,PRD-0857,2,149.00,298.00
SALE-005081,PRD-0886,2,190.00,380.00
SALE-005082,PRD-0892,1,32.00,32.00
SALE-005083,PRD-0913,2,1750.00,3500.00
SALE-005083,PRD-0928,1,130.00,130.00
SALE-005084,PRD-0918,1,12.00,12.00
SALE-005085,PRD-0931,1,28.00,28.00
SALE-005086,PRD-0985,1,70.00,70.00
SALE-005086,PRD-0986,1,12.00,12.00
SALE-005086,PRD-0987,2,52.00,104.00
SALE-005087,PRD-1032,5,95.00,475.00
SALE-005087,PRD-1050,2,190.00,380.00
SALE-005087,PRD-1052,1,25.00,25.00
SALE-005088,PRD-1029,1,430.00,430.00
SALE-005089,PRD-1061,1,25.00,25.00
SALE-005089,PRD-1082,2,195.00,390.00
SALE-005090,PRD-1077,1,25.00,25.00
SALE-005091,PRD-1119,3,15.00,45.00
SALE-005091,PRD-1110,2,440.00,880.00
SALE-005092,PRD-1108,3,135.00,405.00
SALE-005092,PRD-1131,2,35.00,70.00
SALE-005092,PRD-1127,2,105.00,210.00
SALE-005092,PRD-1118,1,25.00,25.00
SALE-005093,PRD-1111,2,46.00,92.00
SALE-005093,PRD-1128,1,25.00,25.00
SALE-005093,PRD-1112,1,26.00,26.00
SALE-005094,PRD-1139,2,50.00,100.00
SALE-005094,PRD-1138,1,12.00,12.00
SALE-005094,PRD-1158,1,35.00,35.00
SALE-005094,PRD-1144,2,25.00,50.00
SALE-005095,PRD-1161,1,149.00,149.00
SALE-005096,PRD-1181,2,410.00,820.00
SALE-005096,PRD-1199,2,1650.00,3300.00
SALE-005096,PRD-1184,3,95.00,285.00
SALE-005096,PRD-1200,1,40.00,40.00
SALE-005097,PRD-1224,1,45.00,45.00
SALE-005097,PRD-1207,1,35.00,35.00
SALE-005097,PRD-1217,3,60.00,180.00
SALE-005097,PRD-1216,1,35.00,35.00
SALE-005098,PRD-1238,1,130.00,130.00
SALE-005099,PRD-1232,2,100.00,200.00
SALE-005100,PRD-0047,1,99.00,99.00
SALE-005100,PRD-0050,1,280.00,280.00
SALE-005100,PRD-0032,5,20.00,100.00
SALE-005100,PRD-0053,2,25.00,50.00
SALE-005101,PRD-0030,3,410.00,1230.00
SALE-005101,PRD-0044,1,290.00,290.00
SALE-005102,PRD-0071,1,120.00,120.00
SALE-005102,PRD-0061,1,5.00,5.00
SALE-005103,PRD-0069,1,10.00,10.00
SALE-005103,PRD-0068,1,45.00,45.00
SALE-005103,PRD-0066,1,30.00,30.00
SALE-005103,PRD-0055,3,280.00,840.00
SALE-005104,PRD-0097,1,90.00,90.00
SALE-005104,PRD-0086,1,15.00,15.00
SALE-005104,PRD-0095,1,25.00,25.00
SALE-005104,PRD-0092,2,90.00,180.00
SALE-005105,PRD-0140,1,40.00,40.00
SALE-005105,PRD-0136,1,30.00,30.00
SALE-005106,PRD-0141,2,18.00,36.00
SALE-005106,PRD-0145,1,38.00,38.00
SALE-005107,PRD-0134,1,130.00,130.00
SALE-005107,PRD-0138,2,15.00,30.00
SALE-005107,PRD-0125,1,120.00,120.00
SALE-005107,PRD-0151,1,20.00,20.00
SALE-005108,PRD-0191,7,20.00,140.00
SALE-005109,PRD-0222,3,45.00,135.00
SALE-005109,PRD-0202,3,60.00,180.00
SALE-005110,PRD-0244,1,1049.00,1049.00
SALE-005111,PRD-0262,1,32.00,32.00
SALE-005111,PRD-0263,2,40.00,80.00
SALE-005111,PRD-0261,2,15.00,30.00
SALE-005112,PRD-0256,2,190.00,380.00
SALE-005112,PRD-0247,2,1300.00,2600.00
SALE-005112,PRD-0251,2,105.00,210.00
SALE-005113,PRD-0278,2,38.00,76.00
SALE-005113,PRD-0277,1,35.00,35.00
SALE-005113,PRD-0285,2,50.00,100.00
SALE-005114,PRD-0299,2,120.00,240.00
SALE-005114,PRD-0313,1,32.00,32.00
SALE-005114,PRD-0302,2,100.00,200.00
SALE-005115,PRD-0307,2,190.00,380.00
SALE-005115,PRD-0298,2,1300.00,2600.00
SALE-005115,PRD-0326,1,195.00,195.00
SALE-005116,PRD-0385,1,999.00,999.00
SALE-005116,PRD-0392,2,99.00,198.00
SALE-005117,PRD-0377,2,199.00,398.00
SALE-005118,PRD-0413,1,15.00,15.00
SALE-005118,PRD-0405,1,47.00,47.00
SALE-005118,PRD-0399,2,1300.00,2600.00
SALE-005118,PRD-0416,2,18.00,36.00
SALE-005119,PRD-0414,3,32.00,96.00
SALE-005120,PRD-0418,1,38.00,38.00
SALE-005121,PRD-0399,2,1300.00,2600.00
SALE-005121,PRD-0420,1,38.00,38.00
SALE-005122,PRD-0460,1,65.00,65.00
SALE-005123,PRD-0498,2,25.00,50.00
SALE-005124,PRD-0496,1,38.00,38.00
SALE-005124,PRD-0487,2,30.00,60.00
SALE-005125,PRD-0538,1,149.00,149.00
SALE-005126,PRD-0588,1,40.00,40.00
SALE-005127,PRD-0608,2,780.00,1560.00
SALE-005127,PRD-0604,3,20.00,60.00
SALE-005128,PRD-0623,1,190.00,190.00
SALE-005128,PRD-0605,1,95.00,95.00
SALE-005128,PRD-0604,3,20.00,60.00
SALE-005128,PRD-0615,1,60.00,60.00
SALE-005129,PRD-0641,2,15.00,30.00
SALE-005129,PRD-0630,3,135.00,405.00
SALE-005129,PRD-0651,1,95.00,95.00
SALE-005130,PRD-0640,2,25.00,50.00
SALE-005130,PRD-0655,2,195.00,390.00
SALE-005131,PRD-0657,1,50.00,50.00
SALE-005132,PRD-0656,1,280.00,280.00
SALE-005132,PRD-0680,3,35.00,105.00
SALE-005133,PRD-0685,1,60.00,60.00
SALE-005133,PRD-0691,3,35.00,105.00
SALE-005133,PRD-0697,2,650.00,1300.00
SALE-005133,PRD-0682,2,38.00,76.00
SALE-005134,PRD-0692,1,60.00,60.00
SALE-005134,PRD-0682,1,38.00,38.00
SALE-005134,PRD-0696,3,25.00,75.00
SALE-005134,PRD-0695,1,20.00,20.00
SALE-005135,PRD-0705,2,149.00,298.00
SALE-005135,PRD-0712,3,149.00,447.00
SALE-005135,PRD-0710,3,1299.00,3897.00
SALE-005135,PRD-0722,1,999.00,999.00
SALE-005136,PRD-0746,1,40.00,40.00
SALE-005136,PRD-0734,3,190.00,570.00
SALE-005137,PRD-0793,1,15.00,15.00
SALE-005137,PRD-0782,1,135.00,135.00
SALE-005138,PRD-0789,1,130.00,130.00
SALE-005139,PRD-0783,2,100.00,200.00
SALE-005139,PRD-0782,1,135.00,135.00
SALE-005139,PRD-0801,2,110.00,220.00
SALE-005140,PRD-0825,2,90.00,180.00
SALE-005141,PRD-0861,1,314.00,314.00
SALE-005141,PRD-0871,2,160.00,320.00
SALE-005141,PRD-0864,2,149.00,298.00
SALE-005142,PRD-0864,3,149.00,447.00
SALE-005142,PRD-0858,2,599.00,1198.00
SALE-005143,PRD-0866,1,1199.00,1199.00
SALE-005143,PRD-0856,1,299.00,299.00
SALE-005143,PRD-0855,2,199.00,398.00
SALE-005144,PRD-0906,1,410.00,410.00
SALE-005144,PRD-0908,2,20.00,40.00
SALE-005145,PRD-0938,1,145.00,145.00
SALE-005145,PRD-0932,2,35.00,70.00
SALE-005146,PRD-0977,3,95.00,285.00
SALE-005147,PRD-0983,1,50.00,50.00
SALE-005147,PRD-1002,2,30.00,60.00
SALE-005147,PRD-0985,2,70.00,140.00
SALE-005147,PRD-0996,3,10.00,30.00
SALE-005148,PRD-0986,1,12.00,12.00
SALE-005148,PRD-0985,1,70.00,70.00
SALE-005148,PRD-0993,2,30.00,60.00
SALE-005149,PRD-1020,1,599.00,599.00
SALE-005149,PRD-1023,2,149.00,298.00
SALE-005150,PRD-1128,3,25.00,75.00
SALE-005151,PRD-1154,3,30.00,90.00
SALE-005152,PRD-1197,1,20.00,20.00
SALE-005153,PRD-1206,2,28.00,56.00
SALE-005154,PRD-1238,3,130.00,390.00
SALE-005154,PRD-1228,3,1300.00,3900.00
SALE-005154,PRD-1232,2,100.00,200.00
SALE-005154,PRD-1253,1,90.00,90.00
SALE-005155,PRD-1248,2,35.00,70.00
SALE-005156,PRD-0084,2,60.00,120.00
SALE-005156,PRD-0095,1,25.00,25.00
SALE-005157,PRD-0139,1,35.00,35.00
SALE-005158,PRD-0151,1,20.00,20.00
SALE-005158,PRD-0137,2,25.00,50.00
SALE-005158,PRD-0131,1,25.00,25.00
SALE-005159,PRD-0148,2,95.00,190.00
SALE-005160,PRD-0175,2,410.00,820.00
SALE-005160,PRD-0179,1,120.00,120.00
SALE-005160,PRD-0196,3,190.00,570.00
SALE-005160,PRD-0190,1,247.00,247.00
SALE-005161,PRD-0185,3,65.00,195.00
SALE-005161,PRD-0188,2,60.00,120.00
SALE-005162,PRD-0185,1,65.00,65.00
SALE-005163,PRD-0208,1,130.00,130.00
SALE-005163,PRD-0202,1,60.00,60.00
SALE-005163,PRD-0205,2,54.00,108.00
SALE-005163,PRD-0223,1,80.00,80.00
SALE-005164,PRD-0217,2,18.00,36.00
SALE-005164,PRD-0205,2,54.00,108.00
SALE-005165,PRD-0268,1,38.00,38.00
SALE-005165,PRD-0261,2,15.00,30.00
SALE-005165,PRD-0254,1,25.00,25.00
SALE-005165,PRD-0259,1,30.00,30.00
SALE-005166,PRD-0270,2,25.00,50.00
SALE-005167,PRD-0281,1,340.00,340.00
SALE-005167,PRD-0276,1,28.00,28.00
SALE-005168,PRD-0315,1,18.00,18.00
SALE-005169,PRD-0303,1,440.00,440.00
SALE-005170,PRD-0328,1,210.00,210.00
SALE-005170,PRD-0343,2,20.00,40.00
SALE-005170,PRD-0338,2,160.00,320.00
SALE-005171,PRD-0362,2,25.00,50.00
SALE-005171,PRD-0364,2,60.00,120.00
SALE-005171,PRD-0354,2,60.00,120.00
SALE-005171,PRD-0353,2,50.00,100.00
SALE-005172,PRD-0384,2,1365.00,2730.00
SALE-005172,PRD-0377,1,199.00,199.00
SALE-005173,PRD-0380,1,599.00,599.00
SALE-005174,PRD-0416,1,18.00,18.00
SALE-005175,PRD-0426,1,20.00,20.00
SALE-005175,PRD-0410,2,165.00,330.00
SALE-005176,PRD-0407,1,160.00,160.00
SALE-005176,PRD-0402,1,135.00,135.00
SALE-005177,PRD-0430,2,38.00,76.00
SALE-005177,PRD-0442,1,20.00,20.00
SALE-005177,PRD-0431,2,98.00,196.00
SALE-005177,PRD-0428,2,28.00,56.00
SALE-005178,PRD-0432,1,60.00,60.00
SALE-005178,PRD-0428,1,28.00,28.00
SALE-005179,PRD-0445,1,90.00,90.00
SALE-005179,PRD-0434,3,15.00,45.00
SALE-005180,PRD-0450,2,410.00,820.00
SALE-005180,PRD-0453,2,95.00,190.00
SALE-005181,PRD-0453,1,95.00,95.00
SALE-005182,PRD-0464,2,290.00,580.00
SALE-005182,PRD-0452,1,20.00,20.00
SALE-005183,PRD-0494,2,38.00,76.00
SALE-005183,PRD-0496,1,38.00,38.00
SALE-005184,PRD-0490,2,32.00,64.00
SALE-005184,PRD-0483,2,150.00,300.00
SALE-005184,PRD-0497,1,105.00,105.00
SALE-005185,PRD-0499,2,95.00,190.00
SALE-005185,PRD-0491,1,40.00,40.00
SALE-005185,PRD-0478,2,135.00,270.00
SALE-005186,PRD-0476,3,120.00,360.00
SALE-005187,PRD-0523,1,25.00,25.00
SALE-005188,PRD-0558,1,25.00,25.00
SALE-005188,PRD-0573,3,105.00,315.00
SALE-005189,PRD-0595,1,25.00,25.00
SALE-005189,PRD-0583,3,95.00,285.00
SALE-005189,PRD-0581,1,38.00,38.00
SALE-005189,PRD-0592,3,90.00,270.00
SALE-005190,PRD-0641,1,15.00,15.00
SALE-005190,PRD-0633,2,46.00,92.00
SALE-005190,PRD-0646,3,38.00,114.00
SALE-005190,PRD-0643,2,40.00,80.00
SALE-005191,PRD-0646,1,38.00,38.00
SALE-005192,PRD-0633,1,46.00,46.00
SALE-005193,PRD-0651,2,95.00,190.00
SALE-005193,PRD-0627,1,1300.00,1300.00
SALE-005194,PRD-0683,1,38.00,38.00
SALE-005195,PRD-0709,1,299.00,299.00
SALE-005196,PRD-0704,1,299.00,299.00
SALE-005196,PRD-0715,2,349.00,698.00
SALE-005197,PRD-0742,2,18.00,36.00
SALE-005197,PRD-0739,1,15.00,15.00
SALE-005197,PRD-0750,1,90.00,90.00
SALE-005198,PRD-0741,1,40.00,40.00
SALE-005198,PRD-0739,2,15.00,30.00
SALE-005198,PRD-0725,1,1365.00,1365.00
SALE-005198,PRD-0729,1,100.00,100.00
SALE-005199,PRD-0782,1,135.00,135.00
SALE-005200,PRD-0791,2,30.00,60.00
SALE-005200,PRD-0801,2,110.00,220.00
SALE-005200,PRD-0796,1,20.00,20.00
SALE-005201,PRD-0787,1,150.00,150.00
SALE-005202,PRD-0808,1,28.00,28.00
SALE-005202,PRD-0816,1,40.00,40.00
SALE-005203,PRD-0851,2,20.00,40.00
SALE-005203,PRD-0833,2,70.00,140.00
SALE-005203,PRD-0840,2,25.00,50.00
SALE-005204,PRD-0865,1,199.00,199.00
SALE-005205,PRD-0855,1,199.00,199.00
SALE-005205,PRD-0869,1,449.00,449.00
SALE-005206,PRD-0884,1,25.00,25.00
SALE-005206,PRD-0888,3,165.00,495.00
SALE-005207,PRD-0883,1,46.00,46.00
SALE-005207,PRD-0880,3,135.00,405.00
SALE-005208,PRD-0944,2,150.00,300.00
SALE-005208,PRD-0936,1,340.00,340.00
SALE-005208,PRD-0937,1,15.00,15.00
SALE-005208,PRD-0945,1,20.00,20.00
SALE-005209,PRD-0966,1,25.00,25.00
SALE-005210,PRD-0988,2,5.00,10.00
SALE-005210,PRD-0987,2,52.00,104.00
SALE-005210,PRD-0999,3,18.00,54.00
SALE-005211,PRD-0982,3,280.00,840.00
SALE-005212,PRD-0986,1,12.00,12.00
SALE-005212,PRD-0996,3,10.00,30.00
SALE-005213,PRD-1012,1,899.00,899.00
SALE-005214,PRD-1058,2,100.00,200.00
SALE-005215,PRD-1076,3,108.00,324.00
SALE-005216,PRD-1088,2,340.00,680.00
SALE-005216,PRD-1097,2,21.00,42.00
SALE-005217,PRD-1091,1,40.00,40.00
SALE-005218,PRD-1149,1,35.00,35.00
SALE-005218,PRD-1141,1,6.00,6.00
SALE-005218,PRD-1142,3,130.00,390.00
SALE-005219,PRD-1155,2,20.00,40.00
SALE-005219,PRD-1137,2,70.00,140.00
SALE-005219,PRD-1142,3,130.00,390.00
SALE-005220,PRD-1194,2,60.00,120.00
SALE-005221,PRD-1210,2,60.00,120.00
SALE-005222,PRD-1208,1,38.00,38.00
SALE-005223,PRD-1216,2,35.00,70.00
SALE-005224,PRD-1256,1,205.00,205.00
SALE-005224,PRD-1234,3,46.00,138.00
SALE-005225,PRD-0007,1,46.00,46.00
SALE-005225,PRD-0010,1,200.00,200.00
SALE-005225,PRD-0026,2,90.00,180.00
SALE-005225,PRD-0018,1,18.00,18.00
SALE-005226,PRD-0080,1,28.00,28.00
SALE-005226,PRD-0086,2,15.00,30.00
SALE-005226,PRD-0081,2,35.00,70.00
SALE-005226,PRD-0093,2,150.00,300.00
SALE-005227,PRD-0098,1,45.00,45.00
SALE-005227,PRD-0095,1,25.00,25.00
SALE-005228,PRD-0192,2,99.00,198.00
SALE-005228,PRD-0175,24,410.00,9840.00
SALE-005228,PRD-0180,8,105.00,840.00
SALE-005228,PRD-0179,12,120.00,1440.00
SALE-005229,PRD-0191,2,20.00,40.00
SALE-005229,PRD-0193,1,1650.00,1650.00
SALE-005229,PRD-0190,1,247.00,247.00
SALE-005230,PRD-0175,2,410.00,820.00
SALE-005231,PRD-0207,1,6.00,6.00
SALE-005231,PRD-0219,1,25.00,25.00
SALE-005231,PRD-0202,1,60.00,60.00
SALE-005231,PRD-0217,2,18.00,36.00
SALE-005232,PRD-0230,3,899.00,2697.00
SALE-005232,PRD-0234,1,149.00,149.00
SALE-005232,PRD-0235,2,199.00,398.00
SALE-005232,PRD-0239,3,449.00,1347.00
SALE-005233,PRD-0260,3,25.00,75.00
SALE-005233,PRD-0251,2,105.00,210.00
SALE-005234,PRD-0286,1,35.00,35.00
SALE-005235,PRD-0311,3,25.00,75.00
SALE-005235,PRD-0300,1,165.00,165.00
SALE-005236,PRD-0332,2,105.00,210.00
SALE-005236,PRD-0327,1,410.00,410.00
SALE-005237,PRD-0345,1,1650.00,1650.00
SALE-005237,PRD-0331,1,120.00,120.00
SALE-005238,PRD-0394,1,149.00,149.00
SALE-005238,PRD-0387,1,199.00,199.00
SALE-005238,PRD-0381,2,349.00,698.00
SALE-005239,PRD-0387,3,199.00,597.00
SALE-005239,PRD-0378,3,299.00,897.00
SALE-005239,PRD-0382,3,899.00,2697.00
SALE-005239,PRD-0391,2,449.00,898.00
SALE-005240,PRD-0401,2,165.00,330.00
SALE-005240,PRD-0411,1,30.00,30.00
SALE-005241,PRD-0427,2,195.00,390.00
SALE-005241,PRD-0403,2,100.00,200.00
SALE-005241,PRD-0408,3,190.00,570.00
SALE-005242,PRD-0433,1,340.00,340.00
SALE-005242,PRD-0436,1,40.00,40.00
SALE-005243,PRD-0428,3,28.00,84.00
SALE-005243,PRD-0436,2,40.00,80.00
SALE-005244,PRD-0461,2,160.00,320.00
SALE-005245,PRD-0497,1,105.00,105.00
SALE-005246,PRD-0497,2,105.00,210.00
SALE-005246,PRD-0480,2,462.00,924.00
SALE-005246,PRD-0503,3,195.00,585.00
SALE-005247,PRD-0490,1,32.00,32.00
SALE-005248,PRD-0487,1,30.00,30.00
SALE-005248,PRD-0477,2,165.00,330.00
SALE-005248,PRD-0489,1,15.00,15.00
SALE-005249,PRD-0517,1,45.00,45.00
SALE-005250,PRD-0527,3,80.00,240.00
SALE-005251,PRD-0558,3,25.00,75.00
SALE-005251,PRD-0553,1,165.00,165.00
SALE-005252,PRD-0588,1,40.00,40.00
SALE-005252,PRD-0600,3,30.00,90.00
SALE-005252,PRD-0582,3,38.00,114.00
SALE-005252,PRD-0598,1,45.00,45.00
SALE-005253,PRD-0585,1,340.00,340.00
SALE-005253,PRD-0584,1,60.00,60.00
SALE-005253,PRD-0588,2,40.00,80.00
SALE-005253,PRD-0595,3,25.00,75.00
SALE-005254,PRD-0629,3,165.00,495.00
SALE-005255,PRD-0649,1,105.00,105.00
SALE-005255,PRD-0655,1,195.00,195.00
SALE-005256,PRD-0652,1,90.00,90.00
SALE-005257,PRD-0650,1,25.00,25.00
SALE-005258,PRD-0677,1,20.00,20.00
SALE-005258,PRD-0659,1,70.00,70.00
SALE-005258,PRD-0669,1,45.00,45.00
SALE-005258,PRD-0676,1,30.00,30.00
SALE-005259,PRD-0694,3,150.00,450.00
SALE-005260,PRD-0699,3,45.00,135.00
SALE-005261,PRD-0755,1,210.00,210.00
SALE-005261,PRD-0770,1,20.00,20.00
SALE-005261,PRD-0776,1,130.00,130.00
SALE-005261,PRD-0764,1,68.00,68.00
SALE-005262,PRD-0782,1,135.00,135.00
SALE-005263,PRD-0807,1,205.00,205.00
SALE-005263,PRD-0795,1,40.00,40.00
SALE-005264,PRD-0794,2,32.00,64.00
SALE-005264,PRD-0806,2,21.00,42.00
SALE-005264,PRD-0801,1,110.00,110.00
SALE-005264,PRD-0800,2,38.00,76.00
SALE-005265,PRD-0810,3,38.00,114.00
SALE-005266,PRD-0808,2,28.00,56.00
SALE-005267,PRD-0898,2,38.00,76.00
SALE-005267,PRD-0883,2,46.00,92.00
SALE-005268,PRD-0886,1,190.00,190.00
SALE-005268,PRD-0884,1,25.00,25.00
SALE-005269,PRD-0920,1,290.00,290.00
SALE-005269,PRD-0928,3,130.00,390.00
SALE-005270,PRD-0943,2,90.00,180.00
SALE-005271,PRD-0966,2,25.00,50.00
SALE-005271,PRD-0968,1,32.00,32.00
SALE-005271,PRD-0970,1,18.00,18.00
SALE-005272,PRD-0999,2,18.00,36.00
SALE-005273,PRD-1003,1,20.00,20.00
SALE-005274,PRD-1053,1,150.00,150.00
SALE-005275,PRD-1047,3,1650.00,4950.00
SALE-005275,PRD-1049,3,280.00,840.00
SALE-005275,PRD-1043,2,290.00,580.00
SALE-005275,PRD-1032,1,95.00,95.00
SALE-005276,PRD-1064,1,130.00,130.00
SALE-005276,PRD-1056,3,165.00,495.00
SALE-005276,PRD-1066,1,30.00,30.00
SALE-005276,PRD-1067,2,25.00,50.00
SALE-005277,PRD-1077,2,25.00,50.00
SALE-005277,PRD-1060,1,46.00,46.00
SALE-005277,PRD-1064,1,130.00,130.00
SALE-005277,PRD-1066,2,30.00,60.00
SALE-005278,PRD-1086,2,95.00,190.00
SALE-005278,PRD-1083,1,28.00,28.00
SALE-005278,PRD-1088,3,340.00,1020.00
SALE-005278,PRD-1102,1,30.00,30.00
SALE-005279,PRD-1119,1,15.00,15.00
SALE-005279,PRD-1129,2,95.00,190.00
SALE-005279,PRD-1128,1,25.00,25.00
SALE-005279,PRD-1121,1,40.00,40.00
SALE-005280,PRD-1133,1,205.00,205.00
SALE-005280,PRD-1111,2,46.00,92.00
SALE-005280,PRD-1107,1,165.00,165.00
SALE-005281,PRD-1126,1,38.00,38.00
SALE-005281,PRD-1115,3,130.00,390.00
SALE-005281,PRD-1110,1,440.00,440.00
SALE-005281,PRD-1105,1,1365.00,1365.00
SALE-005282,PRD-1213,2,145.00,290.00
SALE-005282,PRD-1224,2,45.00,90.00
SALE-005283,PRD-1210,1,60.00,60.00
SALE-005284,PRD-1240,1,30.00,30.00
SALE-005285,PRD-0041,1,160.00,160.00
SALE-005285,PRD-0036,1,780.00,780.00
SALE-005285,PRD-0043,1,60.00,60.00
SALE-005286,PRD-0062,2,6.00,12.00
SALE-005286,PRD-0065,3,25.00,75.00
SALE-005287,PRD-0086,2,15.00,30.00
SALE-005288,PRD-0082,2,38.00,76.00
SALE-005289,PRD-0091,1,60.00,60.00
SALE-005290,PRD-0110,3,999.00,2997.00
SALE-005290,PRD-0116,2,449.00,898.00
SALE-005291,PRD-0115,2,599.00,1198.00
SALE-005292,PRD-0139,2,35.00,70.00
SALE-005292,PRD-0125,1,120.00,120.00
SALE-005293,PRD-0136,2,30.00,60.00
SALE-005293,PRD-0127,2,135.00,270.00
SALE-005294,PRD-0126,1,165.00,165.00
SALE-005294,PRD-0137,1,25.00,25.00
SALE-005295,PRD-0162,2,50.00,100.00
SALE-005295,PRD-0165,1,90.00,90.00
SALE-005295,PRD-0170,3,90.00,270.00
SALE-005296,PRD-0177,3,20.00,60.00
SALE-005296,PRD-0192,1,99.00,99.00
SALE-005296,PRD-0199,3,154.00,462.00
SALE-005296,PRD-0195,2,280.00,560.00
SALE-005297,PRD-0208,1,130.00,130.00
SALE-005298,PRD-0228,1,599.00,599.00
SALE-005298,PRD-0225,1,199.00,199.00
SALE-005299,PRD-0275,3,195.00,585.00
SALE-005299,PRD-0260,3,25.00,75.00
SALE-005300,PRD-0284,1,40.00,40.00
SALE-005300,PRD-0285,1,50.00,50.00
SALE-005301,PRD-0277,2,35.00,70.00
SALE-005302,PRD-0320,2,105.00,210.00
SALE-005302,PRD-0303,2,440.00,880.00
SALE-005302,PRD-0317,2,40.00,80.00
SALE-005302,PRD-0323,1,90.00,90.00
SALE-005303,PRD-0364,1,60.00,60.00
SALE-005304,PRD-0411,1,30.00,30.00
SALE-005304,PRD-0415,1,40.00,40.00
SALE-005305,PRD-0429,1,35.00,35.00
SALE-005305,PRD-0428,3,28.00,84.00
SALE-005305,PRD-0436,1,40.00,40.00
SALE-005306,PRD-0437,1,50.00,50.00
SALE-005306,PRD-0428,3,28.00,84.00
SALE-005306,PRD-0441,1,150.00,150.00
SALE-005306,PRD-0430,2,38.00,76.00
SALE-005307,PRD-0450,1,410.00,410.00
SALE-005307,PRD-0451,2,210.00,420.00
SALE-005307,PRD-0467,1,99.00,99.00
SALE-005308,PRD-0474,2,150.00,300.00
SALE-005309,PRD-0463,2,60.00,120.00
SALE-005310,PRD-0498,2,25.00,50.00
SALE-005311,PRD-0483,1,150.00,150.00
SALE-005311,PRD-0477,2,165.00,330.00
SALE-005312,PRD-0510,3,5.00,15.00
SALE-005312,PRD-0512,1,130.00,130.00
SALE-005313,PRD-0552,1,120.00,120.00
SALE-005313,PRD-0573,3,105.00,315.00
SALE-005314,PRD-0565,1,15.00,15.00
SALE-005314,PRD-0560,2,190.00,380.00
SALE-005314,PRD-0557,2,46.00,92.00
SALE-005314,PRD-0579,1,195.00,195.00
SALE-005315,PRD-0598,2,45.00,90.00
SALE-005316,PRD-0618,2,20.00,40.00
SALE-005316,PRD-0617,3,240.00,720.00
SALE-005317,PRD-0629,2,165.00,330.00
SALE-005317,PRD-0638,3,165.00,495.00
SALE-005317,PRD-0643,2,40.00,80.00
SALE-005317,PRD-0636,2,190.00,380.00
SALE-005318,PRD-0657,1,50.00,50.00
SALE-005318,PRD-0662,1,5.00,5.00
SALE-005319,PRD-0691,1,35.00,35.00
SALE-005320,PRD-0696,2,25.00,50.00
SALE-005320,PRD-0690,2,50.00,100.00
SALE-005321,PRD-0699,2,45.00,90.00
SALE-005321,PRD-0698,1,90.00,90.00
SALE-005321,PRD-0681,2,28.00,56.00
SALE-005322,PRD-0701,2,30.00,60.00
SALE-005322,PRD-0681,2,28.00,56.00
SALE-005322,PRD-0699,1,45.00,45.00
SALE-005322,PRD-0686,2,340.00,680.00
SALE-005323,PRD-0739,2,15.00,30.00
SALE-005324,PRD-0725,3,1365.00,4095.00
SALE-005324,PRD-0751,2,35.00,70.00
SALE-005325,PRD-0808,1,28.00,28.00
SALE-005326,PRD-0828,2,30.00,60.00
SALE-005326,PRD-0822,1,20.00,20.00
SALE-005327,PRD-0815,1,145.00,145.00
SALE-005327,PRD-0814,3,16.00,48.00
SALE-005328,PRD-0850,2,30.00,60.00
SALE-005328,PRD-0830,1,280.00,280.00
SALE-005329,PRD-0869,2,449.00,898.00
SALE-005330,PRD-0872,1,160.00,160.00
SALE-005330,PRD-0859,2,349.00,698.00
SALE-005330,PRD-0858,2,599.00,1198.00
SALE-005330,PRD-0855,1,199.00,199.00
SALE-005331,PRD-0855,1,199.00,199.00
SALE-005331,PRD-0868,1,599.00,599.00
SALE-005331,PRD-0860,1,899.00,899.00
SALE-005331,PRD-0864,1,149.00,149.00
SALE-005332,PRD-0885,3,150.00,450.00
SALE-005332,PRD-0883,2,46.00,92.00
SALE-005333,PRD-0887,1,136.00,136.00
SALE-005334,PRD-0929,3,25.00,75.00
SALE-005335,PRD-0911,1,105.00,105.00
SALE-005335,PRD-0907,3,210.00,630.00
SALE-005336,PRD-0938,2,145.00,290.00
SALE-005336,PRD-0936,3,340.00,1020.00
SALE-005336,PRD-0931,2,28.00,56.00
SALE-005336,PRD-0943,1,90.00,90.00
SALE-005337,PRD-0946,1,25.00,25.00
SALE-005338,PRD-0961,1,150.00,150.00
SALE-005338,PRD-0956,1,135.00,135.00
SALE-005338,PRD-0972,2,40.00,80.00
SALE-005339,PRD-0981,1,195.00,195.00
SALE-005339,PRD-0965,1,30.00,30.00
SALE-005339,PRD-0957,3,100.00,300.00
SALE-005339,PRD-0977,1,95.00,95.00
SALE-005340,PRD-0980,1,20.00,20.00
SALE-005340,PRD-0975,1,105.00,105.00
SALE-005340,PRD-0977,1,95.00,95.00
SALE-005341,PRD-1000,1,250.00,250.00
SALE-005341,PRD-0988,1,5.00,5.00
SALE-005341,PRD-0985,2,70.00,140.00
SALE-005342,PRD-0987,2,52.00,104.00
SALE-005342,PRD-0985,1,70.00,70.00
SALE-005343,PRD-1065,3,165.00,495.00
SALE-005344,PRD-1100,2,90.00,180.00
SALE-005344,PRD-1104,2,120.00,240.00
SALE-005345,PRD-1084,2,35.00,70.00
SALE-005345,PRD-1101,1,45.00,45.00
SALE-005346,PRD-1089,1,15.00,15.00
SALE-005347,PRD-1155,1,20.00,20.00
SALE-005348,PRD-1220,1,20.00,20.00
SALE-005349,PRD-1206,3,28.00,84.00
SALE-005349,PRD-1209,1,95.00,95.00
SALE-005350,PRD-1224,1,45.00,45.00
SALE-005350,PRD-1219,3,150.00,450.00
SALE-005350,PRD-1215,1,50.00,50.00
SALE-005351,PRD-1230,2,165.00,330.00
SALE-005351,PRD-1241,1,25.00,25.00
SALE-005352,PRD-0008,2,25.00,50.00
SALE-005353,PRD-0005,1,100.00,100.00
SALE-005353,PRD-0029,3,195.00,585.00
SALE-005353,PRD-0008,1,25.00,25.00
SALE-005353,PRD-0014,1,25.00,25.00
SALE-005354,PRD-0002,1,120.00,120.00
SALE-005355,PRD-0047,1,99.00,99.00
SALE-005356,PRD-0074,3,25.00,75.00
SALE-005356,PRD-0056,1,50.00,50.00
SALE-005356,PRD-0059,1,12.00,12.00
SALE-005356,PRD-0057,1,60.00,60.00
SALE-005357,PRD-0072,2,18.00,36.00
SALE-005358,PRD-0150,3,35.00,105.00
SALE-005358,PRD-0133,1,190.00,190.00
SALE-005358,PRD-0139,1,35.00,35.00
SALE-005359,PRD-0153,3,28.00,84.00
SALE-005360,PRD-0161,1,40.00,40.00
SALE-005360,PRD-0173,1,30.00,30.00
SALE-005361,PRD-0171,2,45.00,90.00
SALE-005362,PRD-0196,1,190.00,190.00
SALE-005362,PRD-0175,1,410.00,410.00
SALE-005363,PRD-0209,1,15.00,15.00
SALE-005363,PRD-0219,3,25.00,75.00
SALE-005364,PRD-0268,1,38.00,38.00
SALE-005364,PRD-0249,3,165.00,495.00
SALE-005365,PRD-0293,1,90.00,90.00
SALE-005366,PRD-0310,2,30.00,60.00
SALE-005366,PRD-0325,3,20.00,60.00
SALE-005367,PRD-0336,1,390.00,390.00
SALE-005367,PRD-0337,1,65.00,65.00
SALE-005368,PRD-0401,3,165.00,495.00
SALE-005368,PRD-0419,1,37.00,37.00
SALE-005369,PRD-0422,2,25.00,50.00
SALE-005369,PRD-0407,1,160.00,160.00
SALE-005369,PRD-0402,3,135.00,405.00
SALE-005370,PRD-0407,2,160.00,320.00
SALE-005371,PRD-0434,3,15.00,45.00
SALE-005372,PRD-0503,1,195.00,195.00
SALE-005372,PRD-0502,1,20.00,20.00
SALE-005372,PRD-0497,2,105.00,210.00
SALE-005373,PRD-0495,1,35.00,35.00
SALE-005373,PRD-0503,1,195.00,195.00
SALE-005373,PRD-0488,1,25.00,25.00
SALE-005373,PRD-0481,2,46.00,92.00
SALE-005374,PRD-0575,1,95.00,95.00
SALE-005374,PRD-0557,2,46.00,92.00
SALE-005375,PRD-0557,1,46.00,46.00
SALE-005375,PRD-0551,2,1300.00,2600.00
SALE-005376,PRD-0595,1,25.00,25.00
SALE-005376,PRD-0583,2,95.00,190.00
SALE-005377,PRD-0616,2,305.00,610.00
SALE-005377,PRD-0625,1,25.00,25.00
SALE-005378,PRD-0638,2,165.00,330.00
SALE-005378,PRD-0655,1,195.00,195.00
SALE-005379,PRD-0632,1,440.00,440.00
SALE-005380,PRD-0674,2,250.00,500.00
SALE-005380,PRD-0669,3,45.00,135.00
SALE-005380,PRD-0656,2,280.00,560.00
SALE-005381,PRD-0692,1,60.00,60.00
SALE-005382,PRD-0705,1,149.00,149.00
SALE-005382,PRD-0714,1,1199.00,1199.00
SALE-005383,PRD-0719,1,149.00,149.00
SALE-005383,PRD-0704,2,299.00,598.00
SALE-005384,PRD-0730,2,440.00,880.00
SALE-005385,PRD-0746,3,40.00,120.00
SALE-005385,PRD-0728,3,135.00,405.00
SALE-005385,PRD-0731,3,46.00,138.00
SALE-005385,PRD-0733,2,150.00,300.00
SALE-005386,PRD-0762,1,1200.00,1200.00
SALE-005386,PRD-0759,2,105.00,210.00
SALE-005386,PRD-0765,3,168.00,504.00
SALE-005387,PRD-0793,1,15.00,15.00
SALE-005387,PRD-0787,1,150.00,150.00
SALE-005388,PRD-0786,1,25.00,25.00
SALE-005388,PRD-0780,3,120.00,360.00
SALE-005389,PRD-0793,1,15.00,15.00
SALE-005390,PRD-0822,1,20.00,20.00
SALE-005391,PRD-0842,2,60.00,120.00
SALE-005392,PRD-0875,1,249.00,249.00
SALE-005392,PRD-0865,2,199.00,398.00
SALE-005393,PRD-0855,2,199.00,398.00
SALE-005393,PRD-0863,2,999.00,1998.00
SALE-005393,PRD-0864,3,149.00,447.00
SALE-005393,PRD-0867,1,349.00,349.00
SALE-005394,PRD-0872,1,160.00,160.00
SALE-005394,PRD-0864,2,149.00,298.00
SALE-005395,PRD-0891,3,15.00,45.00
SALE-005395,PRD-0903,2,35.00,70.00
SALE-005396,PRD-0903,2,35.00,70.00
SALE-005396,PRD-0905,1,201.00,201.00
SALE-005397,PRD-0912,1,803.00,803.00
SALE-005397,PRD-0914,2,1200.00,2400.00
SALE-005397,PRD-0916,1,65.00,65.00
SALE-005398,PRD-0925,1,40.00,40.00
SALE-005398,PRD-0912,1,803.00,803.00
SALE-005398,PRD-0918,3,12.00,36.00
SALE-005399,PRD-0909,9,95.00,855.00
SALE-005399,PRD-0906,7,410.00,2870.00
SALE-005399,PRD-0921,15,240.00,3600.00
SALE-005400,PRD-0949,1,45.00,45.00
SALE-005401,PRD-0955,2,165.00,330.00
SALE-005401,PRD-0977,2,95.00,190.00
SALE-005402,PRD-0965,2,30.00,60.00
SALE-005402,PRD-0955,3,165.00,495.00
SALE-005402,PRD-0978,1,90.00,90.00
SALE-005403,PRD-0983,1,50.00,50.00
SALE-005403,PRD-0986,2,12.00,24.00
SALE-005403,PRD-0994,2,60.00,120.00
SALE-005404,PRD-0990,3,130.00,390.00
SALE-005405,PRD-0983,1,50.00,50.00
SALE-005405,PRD-0985,1,70.00,70.00
SALE-005406,PRD-1041,3,12.00,36.00
SALE-005406,PRD-1042,1,63.00,63.00
SALE-005407,PRD-1048,2,40.00,80.00
SALE-005407,PRD-1035,1,780.00,780.00
SALE-005407,PRD-1031,3,20.00,60.00
SALE-005408,PRD-1055,1,120.00,120.00
SALE-005409,PRD-1059,2,440.00,880.00
SALE-005410,PRD-1089,1,15.00,15.00
SALE-005410,PRD-1093,2,35.00,70.00
SALE-005411,PRD-1100,1,90.00,90.00
SALE-005411,PRD-1086,1,95.00,95.00
SALE-005411,PRD-1095,2,90.00,180.00
SALE-005412,PRD-1121,1,40.00,40.00
SALE-005412,PRD-1131,2,35.00,70.00
SALE-005413,PRD-1154,1,30.00,30.00
SALE-005414,PRD-1134,2,280.00,560.00
SALE-005415,PRD-1169,2,199.00,398.00
SALE-005416,PRD-1175,2,149.00,298.00
SALE-005417,PRD-1214,3,40.00,120.00
SALE-005417,PRD-1216,2,35.00,70.00
SALE-005418,PRD-1233,2,440.00,880.00
SALE-005419,PRD-1228,1,1300.00,1300.00
SALE-005420,PRD-1233,3,440.00,1320.00
SALE-005420,PRD-1236,1,150.00,150.00
SALE-005421,PRD-1240,2,30.00,60.00
SALE-005422,PRD-0001,2,1300.00,2600.00
SALE-005423,PRD-0007,1,46.00,46.00
SALE-005423,PRD-0011,1,130.00,130.00
SALE-005424,PRD-0039,1,390.00,390.00
SALE-005424,PRD-0044,1,290.00,290.00
SALE-005424,PRD-0033,1,95.00,95.00
SALE-005425,PRD-0055,1,280.00,280.00
SALE-005425,PRD-0070,1,35.00,35.00
SALE-005426,PRD-0061,2,5.00,10.00
SALE-005427,PRD-0129,1,465.00,465.00
SALE-005427,PRD-0136,1,30.00,30.00
SALE-005428,PRD-0139,1,35.00,35.00
SALE-005429,PRD-0152,1,201.00,201.00
SALE-005430,PRD-0167,2,21.00,42.00
SALE-005430,PRD-0154,2,35.00,70.00
SALE-005431,PRD-0193,2,1650.00,3300.00
SALE-005432,PRD-0211,1,30.00,30.00
SALE-005433,PRD-0243,1,399.00,399.00
SALE-005433,PRD-0225,1,199.00,199.00
SALE-005433,PRD-0232,3,1299.00,3897.00
SALE-005434,PRD-0267,1,35.00,35.00
SALE-005435,PRD-0294,3,50.00,150.00
SALE-005435,PRD-0279,1,95.00,95.00
SALE-005435,PRD-0285,3,50.00,150.00
SALE-005436,PRD-0344,1,99.00,99.00
SALE-005436,PRD-0329,1,20.00,20.00
SALE-005436,PRD-0343,1,20.00,20.00
SALE-005437,PRD-0386,1,149.00,149.00
SALE-005437,PRD-0379,1,149.00,149.00
SALE-005438,PRD-0416,1,18.00,18.00
SALE-005439,PRD-0401,2,165.00,330.00
SALE-005440,PRD-0407,1,160.00,160.00
SALE-005440,PRD-0420,2,38.00,76.00
SALE-005440,PRD-0416,2,18.00,36.00
SALE-005440,PRD-0404,2,465.00,930.00
SALE-005441,PRD-0436,3,40.00,120.00
SALE-005442,PRD-0452,1,20.00,20.00
SALE-005442,PRD-0457,2,1840.00,3680.00
SALE-005442,PRD-0458,1,1200.00,1200.00
SALE-005442,PRD-0456,1,780.00,780.00
SALE-005443,PRD-0452,1,20.00,20.00
SALE-005443,PRD-0460,1,65.00,65.00
SALE-005444,PRD-0466,2,20.00,40.00
SALE-005444,PRD-0458,3,1200.00,3600.00
SALE-005444,PRD-0451,2,210.00,420.00
SALE-005445,PRD-0489,2,15.00,30.00
SALE-005445,PRD-0481,1,46.00,46.00
SALE-005446,PRD-0496,1,38.00,38.00
SALE-005447,PRD-0565,2,15.00,30.00
SALE-005448,PRD-0594,1,20.00,20.00
SALE-005448,PRD-0580,3,28.00,84.00
SALE-005449,PRD-0648,3,38.00,114.00
SALE-005449,PRD-0644,3,18.00,54.00
SALE-005450,PRD-0657,1,50.00,50.00
SALE-005450,PRD-0661,1,50.00,50.00
SALE-005450,PRD-0656,1,280.00,280.00
SALE-005450,PRD-0666,3,25.00,75.00
SALE-005451,PRD-0691,2,35.00,70.00
SALE-005452,PRD-0706,2,599.00,1198.00
SALE-005452,PRD-0712,1,149.00,149.00
SALE-005453,PRD-0738,3,25.00,75.00
SALE-005453,PRD-0742,1,18.00,18.00
SALE-005454,PRD-0752,1,20.00,20.00
SALE-005454,PRD-0727,1,165.00,165.00
SALE-005455,PRD-0821,2,150.00,300.00
SALE-005455,PRD-0829,3,120.00,360.00
SALE-005456,PRD-0809,3,35.00,105.00
SALE-005457,PRD-0847,3,18.00,54.00
SALE-005457,PRD-0838,1,130.00,130.00
SALE-005457,PRD-0845,1,35.00,35.00
SALE-005457,PRD-0843,1,45.00,45.00
SALE-005458,PRD-0864,1,149.00,149.00
SALE-005459,PRD-0908,1,20.00,20.00
SALE-005459,PRD-0930,2,150.00,300.00
SALE-005460,PRD-0916,1,65.00,65.00
SALE-005460,PRD-0906,3,410.00,1230.00
SALE-005461,PRD-0914,3,1200.00,3600.00
SALE-005462,PRD-0974,2,38.00,76.00
SALE-005462,PRD-0969,1,40.00,40.00
SALE-005463,PRD-0962,2,190.00,380.00
SALE-005463,PRD-0961,2,150.00,300.00
SALE-005464,PRD-0978,1,90.00,90.00
SALE-005464,PRD-0955,2,165.00,330.00
SALE-005465,PRD-1005,2,80.00,160.00
SALE-005465,PRD-0986,2,12.00,24.00
SALE-005465,PRD-0997,2,35.00,70.00
SALE-005465,PRD-0983,3,50.00,150.00
SALE-005466,PRD-0998,2,120.00,240.00
SALE-005466,PRD-0999,2,18.00,36.00
SALE-005466,PRD-0982,1,280.00,280.00
SALE-005467,PRD-1014,2,1299.00,2598.00
SALE-005467,PRD-1017,1,199.00,199.00
SALE-005467,PRD-1011,1,349.00,349.00
SALE-005467,PRD-1016,2,158.00,316.00
SALE-005468,PRD-1029,3,430.00,1290.00
SALE-005469,PRD-1079,1,90.00,90.00
SALE-005469,PRD-1054,1,1300.00,1300.00
SALE-005470,PRD-1090,1,145.00,145.00
SALE-005470,PRD-1085,2,38.00,76.00
SALE-005471,PRD-1141,1,6.00,6.00
SALE-005471,PRD-1151,2,18.00,36.00
SALE-005471,PRD-1155,2,20.00,40.00
SALE-005471,PRD-1138,1,12.00,12.00
SALE-005472,PRD-1163,1,349.00,349.00
SALE-005473,PRD-1216,1,35.00,35.00
SALE-005473,PRD-1222,1,650.00,650.00
SALE-005474,PRD-1212,1,15.00,15.00
SALE-005475,PRD-1247,2,38.00,76.00
SALE-005476,PRD-1247,3,38.00,114.00
SALE-005476,PRD-1234,2,46.00,92.00
SALE-005476,PRD-1240,2,30.00,60.00
SALE-005476,PRD-1242,1,15.00,15.00
SALE-005477,PRD-0051,1,190.00,190.00
SALE-005477,PRD-0037,1,1750.00,1750.00
SALE-005478,PRD-0033,1,95.00,95.00
SALE-005478,PRD-0040,1,65.00,65.00
SALE-005478,PRD-0034,1,130.00,130.00
SALE-005478,PRD-0032,1,20.00,20.00
SALE-005479,PRD-0056,2,50.00,100.00
SALE-005479,PRD-0057,1,60.00,60.00
SALE-005480,PRD-0095,1,25.00,25.00
SALE-005480,PRD-0081,2,35.00,70.00
SALE-005481,PRD-0090,2,35.00,70.00
SALE-005482,PRD-0144,1,38.00,38.00
SALE-005482,PRD-0125,1,120.00,120.00
SALE-005483,PRD-0149,2,90.00,180.00
SALE-005484,PRD-0125,1,120.00,120.00
SALE-005485,PRD-0186,1,160.00,160.00
SALE-005485,PRD-0177,2,20.00,40.00
SALE-005485,PRD-0191,2,20.00,40.00
SALE-005486,PRD-0205,2,54.00,108.00
SALE-005486,PRD-0203,1,70.00,70.00
SALE-005486,PRD-0214,1,10.00,10.00
SALE-005486,PRD-0211,1,30.00,30.00
SALE-005487,PRD-0273,2,35.00,70.00
SALE-005487,PRD-0247,3,1300.00,3900.00
SALE-005488,PRD-0270,1,25.00,25.00
SALE-005489,PRD-0249,1,165.00,165.00
SALE-005490,PRD-0279,3,95.00,285.00
SALE-005490,PRD-0296,1,30.00,30.00
SALE-005491,PRD-0279,3,95.00,285.00
SALE-005492,PRD-0300,3,165.00,495.00
SALE-005492,PRD-0312,1,15.00,15.00
SALE-005492,PRD-0299,3,120.00,360.00
SALE-005492,PRD-0326,2,195.00,390.00
SALE-005493,PRD-0318,1,35.00,35.00
SALE-005493,PRD-0313,2,32.00,64.00
SALE-005494,PRD-0321,2,27.00,54.00
SALE-005494,PRD-0308,1,130.00,130.00
SALE-005495,PRD-0343,1,20.00,20.00
SALE-005495,PRD-0340,2,60.00,120.00
SALE-005495,PRD-0350,1,25.00,25.00
SALE-005495,PRD-0330,1,95.00,95.00
SALE-005496,PRD-0407,1,160.00,160.00
SALE-005497,PRD-0414,3,32.00,96.00
SALE-005497,PRD-0426,1,20.00,20.00
SALE-005498,PRD-0429,1,35.00,35.00
SALE-005498,PRD-0442,2,20.00,40.00
SALE-005499,PRD-0454,1,130.00,130.00
SALE-005499,PRD-0464,1,290.00,290.00
SALE-005500,PRD-0502,2,20.00,40.00
SALE-005500,PRD-0499,1,95.00,95.00
SALE-005501,PRD-0480,2,462.00,924.00
SALE-005502,PRD-0515,1,30.00,30.00
SALE-005503,PRD-0559,2,154.00,308.00
SALE-005503,PRD-0564,3,25.00,75.00
SALE-005504,PRD-0577,1,35.00,35.00
SALE-005505,PRD-0580,3,28.00,84.00
SALE-005505,PRD-0589,1,50.00,50.00
SALE-005505,PRD-0594,3,20.00,60.00
SALE-005505,PRD-0588,1,40.00,40.00
SALE-005506,PRD-0609,1,1750.00,1750.00
SALE-005506,PRD-0604,2,20.00,40.00
SALE-005507,PRD-0637,1,130.00,130.00
SALE-005508,PRD-0657,3,50.00,150.00
SALE-005508,PRD-0665,1,15.00,15.00
SALE-005509,PRD-0689,1,40.00,40.00
SALE-005509,PRD-0696,2,25.00,50.00
SALE-005510,PRD-0733,2,150.00,300.00
SALE-005510,PRD-0753,1,195.00,195.00
SALE-005510,PRD-0739,1,15.00,15.00
SALE-005510,PRD-0751,2,37.00,74.00
SALE-005511,PRD-0785,1,46.00,46.00
SALE-005511,PRD-0798,1,38.00,38.00
SALE-005512,PRD-0780,1,120.00,120.00
SALE-005512,PRD-0794,2,32.00,64.00
SALE-005512,PRD-0802,2,25.00,50.00
SALE-005513,PRD-0800,1,38.00,38.00
SALE-005513,PRD-0785,2,46.00,92.00
SALE-005513,PRD-0782,2,135.00,270.00
SALE-005513,PRD-0801,2,110.00,220.00
SALE-005514,PRD-0818,2,35.00,70.00
SALE-005514,PRD-0822,1,20.00,20.00
SALE-005514,PRD-0809,3,35.00,105.00
SALE-005515,PRD-0808,1,28.00,28.00
SALE-005516,PRD-0843,2,45.00,90.00
SALE-005516,PRD-0832,2,60.00,120.00
SALE-005517,PRD-0855,1,199.00,199.00
SALE-005517,PRD-0875,2,249.00,498.00
SALE-005518,PRD-0905,3,201.00,603.00
SALE-005518,PRD-0889,1,30.00,30.00
SALE-005518,PRD-0897,2,35.00,70.00
SALE-005518,PRD-0903,1,35.00,35.00
SALE-005519,PRD-0925,1,40.00,40.00
SALE-005519,PRD-0919,2,60.00,120.00
SALE-005519,PRD-0908,1,20.00,20.00
SALE-005519,PRD-0917,1,160.00,160.00
SALE-005520,PRD-0927,1,190.00,190.00
SALE-005521,PRD-0907,7,210.00,1470.00
SALE-005521,PRD-0916,1,65.00,65.00
SALE-005522,PRD-0931,3,28.00,84.00
SALE-005522,PRD-0933,1,38.00,38.00
SALE-005523,PRD-1029,1,430.00,430.00
SALE-005523,PRD-1043,1,290.00,290.00
SALE-005523,PRD-1049,2,280.00,560.00
SALE-005523,PRD-1032,2,95.00,190.00
SALE-005524,PRD-1055,1,120.00,120.00
SALE-005524,PRD-1056,2,165.00,330.00
SALE-005524,PRD-1066,1,30.00,30.00
SALE-005524,PRD-1061,2,25.00,50.00
SALE-005525,PRD-1091,1,40.00,40.00
SALE-005525,PRD-1089,1,15.00,15.00
SALE-005525,PRD-1083,2,28.00,56.00
SALE-005526,PRD-1128,3,25.00,75.00
SALE-005527,PRD-1162,1,599.00,599.00
SALE-005527,PRD-1170,2,1199.00,2398.00
SALE-005527,PRD-1167,1,1050.00,1050.00
SALE-005528,PRD-1170,2,1199.00,2398.00
SALE-005528,PRD-1169,2,199.00,398.00
SALE-005528,PRD-1159,3,210.00,630.00
SALE-005528,PRD-1162,3,599.00,1797.00
SALE-005529,PRD-1199,2,1650.00,3300.00
SALE-005529,PRD-1200,3,40.00,120.00
SALE-005529,PRD-1189,1,1260.00,1260.00
SALE-005530,PRD-1209,1,95.00,95.00
SALE-005530,PRD-1214,1,40.00,40.00
SALE-005531,PRD-1227,1,124.00,124.00
SALE-005531,PRD-1207,1,35.00,35.00
SALE-005532,PRD-1229,1,120.00,120.00
SALE-005532,PRD-1233,1,440.00,440.00
SALE-005532,PRD-1238,1,130.00,130.00
SALE-005533,PRD-1255,3,20.00,60.00
SALE-005534,PRD-1239,3,165.00,495.00
SALE-005534,PRD-1250,2,105.00,210.00
SALE-005534,PRD-1243,1,32.00,32.00
SALE-005534,PRD-1237,3,190.00,570.00
SALE-005535,PRD-0031,2,210.00,420.00
SALE-005535,PRD-0033,1,95.00,95.00
SALE-005536,PRD-0031,2,210.00,420.00
SALE-005537,PRD-0056,1,50.00,50.00
SALE-005537,PRD-0076,2,20.00,40.00
SALE-005537,PRD-0063,2,130.00,260.00
SALE-005537,PRD-0064,1,15.00,15.00
SALE-005538,PRD-0130,1,46.00,46.00
SALE-005538,PRD-0142,1,45.00,45.00
SALE-005538,PRD-0140,3,40.00,120.00
SALE-005538,PRD-0151,1,20.00,20.00
SALE-005539,PRD-0141,1,18.00,18.00
SALE-005539,PRD-0135,1,165.00,165.00
SALE-005539,PRD-0148,1,95.00,95.00
SALE-005539,PRD-0144,1,38.00,38.00
SALE-005540,PRD-0135,3,165.00,495.00
SALE-005540,PRD-0128,3,100.00,300.00
SALE-005541,PRD-0157,3,60.00,180.00
SALE-005541,PRD-0153,1,28.00,28.00
SALE-005542,PRD-0174,1,120.00,120.00
SALE-005542,PRD-0173,1,30.00,30.00
SALE-005542,PRD-0159,1,15.00,15.00
SALE-005543,PRD-0180,2,105.00,210.00
SALE-005543,PRD-0175,3,410.00,1230.00
SALE-005543,PRD-0176,1,220.00,220.00
SALE-005544,PRD-0214,2,10.00,20.00
SALE-005544,PRD-0204,2,12.00,24.00
SALE-005544,PRD-0212,1,60.00,60.00
SALE-005545,PRD-0225,2,199.00,398.00
SALE-005545,PRD-0234,1,149.00,149.00
SALE-005546,PRD-0271,1,95.00,95.00
SALE-005547,PRD-0297,2,120.00,240.00
SALE-005548,PRD-0319,2,38.00,76.00
SALE-005548,PRD-0308,2,130.00,260.00
SALE-005549,PRD-0311,1,25.00,25.00
SALE-005550,PRD-0323,2,90.00,180.00
SALE-005550,PRD-0299,1,120.00,120.00
SALE-005550,PRD-0304,1,46.00,46.00
SALE-005551,PRD-0343,2,20.00,40.00
SALE-005551,PRD-0341,1,290.00,290.00
SALE-005551,PRD-0327,3,410.00,1230.00
SALE-005552,PRD-0332,1,105.00,105.00
SALE-005552,PRD-0327,1,410.00,410.00
SALE-005553,PRD-0383,3,299.00,897.00
SALE-005554,PRD-0407,2,160.00,320.00
SALE-005554,PRD-0411,1,30.00,30.00
SALE-005555,PRD-0403,1,100.00,100.00
SALE-005555,PRD-0412,2,25.00,50.00
SALE-005556,PRD-0432,2,60.00,120.00
SALE-005556,PRD-0442,2,20.00,40.00
SALE-005556,PRD-0448,2,30.00,60.00
SALE-005557,PRD-0451,1,210.00,210.00
SALE-005557,PRD-0452,1,20.00,20.00
SALE-005557,PRD-0460,1,65.00,65.00
SALE-005558,PRD-0495,1,35.00,35.00
SALE-005559,PRD-0503,1,195.00,195.00
SALE-005559,PRD-0480,1,462.00,462.00
SALE-005560,PRD-0576,1,90.00,90.00
SALE-005560,PRD-0553,1,165.00,165.00
SALE-005560,PRD-0563,1,30.00,30.00
SALE-005560,PRD-0557,1,46.00,46.00
SALE-005561,PRD-0565,1,15.00,15.00
SALE-005562,PRD-0586,1,16.00,16.00
SALE-005562,PRD-0581,3,38.00,114.00
SALE-005563,PRD-0629,1,165.00,165.00
SALE-005563,PRD-0652,3,90.00,270.00
SALE-005564,PRD-0643,2,40.00,80.00
SALE-005565,PRD-0667,1,30.00,30.00
SALE-005565,PRD-0674,1,250.00,250.00
SALE-005566,PRD-0685,3,60.00,180.00
SALE-005566,PRD-0681,2,28.00,56.00
SALE-005567,PRD-0714,1,1199.00,1199.00
SALE-005568,PRD-0731,1,46.00,46.00
SALE-005568,PRD-0727,1,165.00,165.00
SALE-005569,PRD-0730,2,440.00,880.00
SALE-005569,PRD-0732,1,25.00,25.00
SALE-005570,PRD-0762,3,1200.00,3600.00
SALE-005570,PRD-0770,2,20.00,40.00
SALE-005571,PRD-0789,1,130.00,130.00
SALE-005571,PRD-0794,2,32.00,64.00
SALE-005572,PRD-0780,2,120.00,240.00
SALE-005573,PRD-0822,1,20.00,20.00
SALE-005573,PRD-0809,3,35.00,105.00
SALE-005574,PRD-0832,2,60.00,120.00
SALE-005574,PRD-0834,3,12.00,36.00
SALE-005575,PRD-0859,2,349.00,698.00
SALE-005575,PRD-0861,1,314.00,314.00
SALE-005575,PRD-0864,1,149.00,149.00
SALE-005576,PRD-0883,1,46.00,46.00
SALE-005576,PRD-0878,3,120.00,360.00
SALE-005576,PRD-0887,1,136.00,136.00
SALE-005577,PRD-0878,2,120.00,240.00
SALE-005577,PRD-0883,1,46.00,46.00
SALE-005578,PRD-0881,1,100.00,100.00
SALE-005578,PRD-0887,2,136.00,272.00
SALE-005578,PRD-0903,2,35.00,70.00
SALE-005579,PRD-0912,2,803.00,1606.00
SALE-005580,PRD-0949,2,45.00,90.00
SALE-005580,PRD-0940,1,50.00,50.00
SALE-005580,PRD-0939,1,40.00,40.00
SALE-005581,PRD-0970,2,18.00,36.00
SALE-005582,PRD-0955,1,165.00,165.00
SALE-005582,PRD-0976,1,28.00,28.00
SALE-005583,PRD-0994,3,60.00,180.00
SALE-005583,PRD-0996,1,10.00,10.00
SALE-005583,PRD-0999,2,18.00,36.00
SALE-005584,PRD-0983,3,50.00,150.00
SALE-005584,PRD-0994,1,60.00,60.00
SALE-005584,PRD-1001,1,25.00,25.00
SALE-005585,PRD-0987,1,52.00,52.00
SALE-005586,PRD-1031,2,20.00,40.00
SALE-005587,PRD-1031,3,20.00,60.00
SALE-005587,PRD-1039,3,65.00,195.00
SALE-005587,PRD-1047,2,1650.00,3300.00
SALE-005588,PRD-1079,3,90.00,270.00
SALE-005588,PRD-1070,2,40.00,80.00
SALE-005589,PRD-1143,3,15.00,45.00
SALE-005589,PRD-1155,2,20.00,40.00
SALE-005590,PRD-1146,2,63.00,126.00
SALE-005590,PRD-1138,1,12.00,12.00
SALE-005591,PRD-1168,1,149.00,149.00
SALE-005591,PRD-1164,1,899.00,899.00
SALE-005592,PRD-1187,3,820.00,2460.00
SALE-005593,PRD-1211,1,340.00,340.00
SALE-005593,PRD-1226,3,30.00,90.00
SALE-005593,PRD-1223,2,90.00,180.00
SALE-005593,PRD-1216,1,35.00,35.00
SALE-005594,PRD-1236,1,150.00,150.00
SALE-005594,PRD-1234,1,46.00,46.00
SALE-005594,PRD-1256,1,205.00,205.00
SALE-005594,PRD-1229,2,120.00,240.00
SALE-005595,PRD-1237,1,190.00,190.00
SALE-005595,PRD-1234,2,46.00,92.00
SALE-005595,PRD-1230,1,165.00,165.00
SALE-005596,PRD-0020,2,38.00,76.00
SALE-005596,PRD-0003,1,165.00,165.00
SALE-005596,PRD-0013,2,30.00,60.00
SALE-005597,PRD-0007,1,46.00,46.00
SALE-005597,PRD-0018,2,18.00,36.00
SALE-005597,PRD-0009,1,150.00,150.00
SALE-005598,PRD-0009,1,150.00,150.00
SALE-005598,PRD-0017,1,40.00,40.00
SALE-005599,PRD-0037,3,1750.00,5250.00
SALE-005599,PRD-0034,1,130.00,130.00
SALE-005600,PRD-0112,1,199.00,199.00
SALE-005600,PRD-0110,1,999.00,999.00
SALE-005600,PRD-0107,1,945.00,945.00
SALE-005600,PRD-0103,2,299.00,598.00
SALE-005601,PRD-0103,1,299.00,299.00
SALE-005601,PRD-0111,1,149.00,149.00
SALE-005602,PRD-0153,1,28.00,28.00
SALE-005603,PRD-0163,1,35.00,35.00
SALE-005603,PRD-0173,1,30.00,30.00
SALE-005603,PRD-0155,1,38.00,38.00
SALE-005604,PRD-0154,1,35.00,35.00
SALE-005604,PRD-0164,1,60.00,60.00
SALE-005605,PRD-0178,3,95.00,285.00
SALE-005605,PRD-0185,2,65.00,130.00
SALE-005605,PRD-0179,1,120.00,120.00
SALE-005606,PRD-0207,1,6.00,6.00
SALE-005607,PRD-0223,2,80.00,160.00
SALE-005607,PRD-0204,1,12.00,12.00
SALE-005607,PRD-0201,3,50.00,150.00
SALE-005608,PRD-0249,1,165.00,165.00
SALE-005608,PRD-0250,1,135.00,135.00
SALE-005608,PRD-0267,2,35.00,70.00
SALE-005609,PRD-0260,1,25.00,25.00
SALE-005609,PRD-0270,3,25.00,75.00
SALE-005609,PRD-0251,3,105.00,315.00
SALE-005610,PRD-0260,2,25.00,50.00
SALE-005610,PRD-0267,2,35.00,70.00
SALE-005610,PRD-0271,2,95.00,190.00
SALE-005610,PRD-0249,1,165.00,165.00
SALE-005611,PRD-0286,1,35.00,35.00
SALE-005612,PRD-0299,2,120.00,240.00
SALE-005612,PRD-0326,2,195.00,390.00
SALE-005612,PRD-0321,1,27.00,27.00
SALE-005613,PRD-0312,1,15.00,15.00
SALE-005614,PRD-0303,3,440.00,1320.00
SALE-005615,PRD-0356,2,12.00,24.00
SALE-005615,PRD-0357,3,50.00,150.00
SALE-005615,PRD-0353,2,50.00,100.00
SALE-005616,PRD-0409,2,130.00,260.00
SALE-005617,PRD-0414,2,32.00,64.00
SALE-005617,PRD-0426,3,20.00,60.00
SALE-005618,PRD-0401,1,165.00,165.00
SALE-005618,PRD-0413,3,15.00,45.00
SALE-005618,PRD-0403,1,100.00,100.00
SALE-005618,PRD-0404,2,465.00,930.00
SALE-005619,PRD-0409,2,130.00,260.00
SALE-005619,PRD-0407,3,160.00,480.00
SALE-005620,PRD-0463,1,60.00,60.00
SALE-005621,PRD-0478,2,135.00,270.00
SALE-005621,PRD-0483,2,150.00,300.00
SALE-005622,PRD-0482,2,25.00,50.00
SALE-005622,PRD-0490,2,32.00,64.00
SALE-005623,PRD-0502,2,20.00,40.00
SALE-005624,PRD-0554,1,135.00,135.00
SALE-005624,PRD-0561,3,130.00,390.00
SALE-005624,PRD-0552,3,120.00,360.00
SALE-005624,PRD-0558,1,25.00,25.00
SALE-005625,PRD-0593,2,160.00,320.00
SALE-005626,PRD-0581,1,38.00,38.00
SALE-005626,PRD-0600,2,30.00,60.00
SALE-005626,PRD-0580,2,28.00,56.00
SALE-005627,PRD-0624,2,130.00,260.00
SALE-005628,PRD-0604,2,20.00,40.00
SALE-005628,PRD-0620,3,1650.00,4950.00
SALE-005629,PRD-0646,1,38.00,38.00
SALE-005629,PRD-0633,3,46.00,138.00
SALE-005630,PRD-0652,1,90.00,90.00
SALE-005630,PRD-0639,2,30.00,60.00
SALE-005630,PRD-0646,1,38.00,38.00
SALE-005630,PRD-0641,1,15.00,15.00
SALE-005631,PRD-0660,2,12.00,24.00
SALE-005632,PRD-0692,1,60.00,60.00
SALE-005632,PRD-0695,2,20.00,40.00
SALE-005633,PRD-0681,1,28.00,28.00
SALE-005634,PRD-0725,1,1365.00,1365.00
SALE-005634,PRD-0726,3,120.00,360.00
SALE-005635,PRD-0730,2,440.00,880.00
SALE-005636,PRD-0781,2,165.00,330.00
SALE-005637,PRD-0808,3,28.00,84.00
SALE-005638,PRD-0820,1,90.00,90.00
SALE-005639,PRD-0840,2,25.00,50.00
SALE-005639,PRD-0831,3,50.00,150.00
SALE-005639,PRD-0841,1,30.00,30.00
SALE-005640,PRD-0868,1,599.00,599.00
SALE-005641,PRD-0910,1,120.00,120.00
SALE-005641,PRD-0914,2,1200.00,2400.00
SALE-005641,PRD-0911,1,105.00,105.00
SALE-005642,PRD-0907,3,210.00,630.00
SALE-005642,PRD-0912,2,803.00,1606.00
SALE-005643,PRD-0932,1,35.00,35.00
SALE-005643,PRD-0931,3,28.00,84.00
SALE-005643,PRD-0949,3,45.00,135.00
SALE-005643,PRD-0940,1,50.00,50.00
SALE-005644,PRD-0954,1,120.00,120.00
SALE-005644,PRD-0959,1,46.00,46.00
SALE-005645,PRD-0964,1,165.00,165.00
SALE-005645,PRD-0961,1,150.00,150.00
SALE-005646,PRD-0961,1,150.00,150.00
SALE-005646,PRD-0955,1,165.00,165.00
SALE-005646,PRD-0965,2,31.00,62.00
SALE-005646,PRD-0975,2,105.00,210.00
SALE-005647,PRD-1062,2,150.00,300.00
SALE-005648,PRD-1062,2,150.00,300.00
SALE-005648,PRD-1068,2,15.00,30.00
SALE-005649,PRD-1097,1,21.00,21.00
SALE-005649,PRD-1086,1,95.00,95.00
SALE-005650,PRD-1091,3,40.00,120.00
SALE-005651,PRD-1087,1,60.00,60.00
SALE-005651,PRD-1102,1,30.00,30.00
SALE-005651,PRD-1100,3,90.00,270.00
SALE-005652,PRD-1117,2,30.00,60.00
SALE-005652,PRD-1129,1,95.00,95.00
SALE-005653,PRD-1105,2,1365.00,2730.00
SALE-005654,PRD-1110,1,440.00,440.00
SALE-005655,PRD-1137,2,70.00,140.00
SALE-005655,PRD-1145,1,30.00,30.00
SALE-005655,PRD-1146,1,63.00,63.00
SALE-005655,PRD-1135,1,50.00,50.00
SALE-005656,PRD-1159,1,210.00,210.00
SALE-005656,PRD-1168,1,149.00,149.00
SALE-005656,PRD-1177,1,399.00,399.00
SALE-005656,PRD-1166,2,1299.00,2598.00
SALE-005657,PRD-1166,3,1299.00,3897.00
SALE-005658,PRD-1216,2,35.00,70.00
SALE-005658,PRD-1206,2,28.00,56.00
SALE-005659,PRD-1236,1,150.00,150.00
SALE-005660,PRD-1236,1,150.00,150.00
SALE-005660,PRD-1242,1,15.00,15.00
SALE-005660,PRD-1246,1,45.00,45.00
SALE-005660,PRD-1247,1,38.00,38.00
SALE-005661,PRD-0001,1,1300.00,1300.00
SALE-005661,PRD-0003,2,165.00,330.00
SALE-005661,PRD-0009,2,150.00,300.00
SALE-005662,PRD-0006,2,440.00,880.00
SALE-005662,PRD-0002,5,120.00,600.00
SALE-005662,PRD-0011,2,130.00,260.00
SALE-005662,PRD-0007,5,46.00,230.00
SALE-005663,PRD-0001,1,1300.00,1300.00
SALE-005663,PRD-0010,1,200.00,200.00
SALE-005663,PRD-0007,3,46.00,138.00
SALE-005664,PRD-0001,1,1300.00,1300.00
SALE-005664,PRD-0004,3,135.00,405.00
SALE-005664,PRD-0023,2,113.00,226.00
SALE-005665,PRD-0006,2,440.00,880.00
SALE-005665,PRD-0010,3,200.00,600.00
SALE-005665,PRD-0012,2,165.00,330.00
SALE-005665,PRD-0025,2,95.00,190.00
SALE-005666,PRD-0003,2,165.00,330.00
SALE-005666,PRD-0007,4,46.00,184.00
SALE-005666,PRD-0013,6,30.00,180.00
SALE-005667,PRD-0030,20,410.00,8200.00
SALE-005667,PRD-0033,5,95.00,475.00
SALE-005668,PRD-0109,1,1299.00,1299.00
SALE-005669,PRD-0003,10,165.00,1650.00
SALE-005670,PRD-0083,19,95.00,1805.00
SALE-005671,PRD-0009,31,150.00,4650.00
SALE-005672,PRD-0030,23,410.00,9430.00
