shop_id,product_id,movement_type,quantity,reference_type,reference_id,reason,moved_at,created_by,idempotency_key
SHOP-001,PRD-0001,opening,11,,,Stock on hand when records began,2026-07-01T08:00:00+05:30,seed,
SHOP-001,PRD-0002,opening,40,,,Stock on hand when records began,2026-07-01T08:00:00+05:30,seed,
SHOP-001,PRD-0003,opening,27,,,Stock on hand when records began,2026-07-01T08:00:00+05:30,seed,
SHOP-001,PRD-0004,opening,17,,,Stock on hand when records began,2026-07-01T08:00:00+05:30,seed,
SHOP-001,PRD-0005,opening,25,,,Stock on hand when records began,2026-07-01T08:00:00+05:30,seed,
SHOP-001,PRD-0006,opening,12,,,Stock on hand when records began,2026-07-01T08:00:00+05:30,seed,
SHOP-001,PRD-0007,opening,45,,,Stock on hand when records began,2026-07-01T08:00:00+05:30,seed,
SHOP-001,PRD-0008,opening,35,,,Stock on hand when records began,2026-07-01T08:00:00+05:30,seed,
SHOP-001,PRD-0009,opening,33,,,Stock on hand when records began,2026-07-01T08:00:00+05:30,seed,
SHOP-001,PRD-0010,opening,16,,,Stock on hand when records began,2026-07-01T08:00:00+05:30,seed,
SHOP-001,PRD-0011,opening,21,,,Stock on hand when records began,2026-07-01T08:00:00+05:30,seed,
SHOP-001,PRD-0012,opening,15,,,Stock on hand when records began,2026-07-01T08:00:00+05:30,seed,
SHOP-001,PRD-0013,opening,60,,,Stock on hand when records began,2026-07-01T08:00:00+05:30,seed,
SHOP-001,PRD-0014,opening,54,,,Stock on hand when records began,2026-07-01T08:00:00+05:30,seed,
SHOP-001,PRD-0015,opening,68,,,Stock on hand when records began,2026-07-01T08:00:00+05:30,seed,
SHOP-001,PRD-0016,opening,16,,,Stock on hand when records began,2026-07-01T08:00:00+05:30,seed,
SHOP-001,PRD-0017,opening,26,,,Stock on hand when records began,2026-07-01T08:00:00+05:30,seed,
SHOP-001,PRD-0018,opening,19,,,Stock on hand when records began,2026-07-01T08:00:00+05:30,seed,
SHOP-001,PRD-0019,opening,24,,,Stock on hand when records began,2026-07-01T08:00:00+05:30,seed,
SHOP-001,PRD-0020,opening,16,,,Stock on hand when records began,2026-07-01T08:00:00+05:30,seed,
SHOP-001,PRD-0021,opening,18,,,Stock on hand when records began,2026-07-01T08:00:00+05:30,seed,
SHOP-001,PRD-0022,opening,51,,,Stock on hand when records began,2026-07-01T08:00:00+05:30,seed,
SHOP-001,PRD-0023,opening,28,,,Stock on hand when records began,2026-07-01T08:00:00+05:30,seed,
SHOP-001,PRD-0024,opening,42,,,Stock on hand when records began,2026-07-01T08:00:00+05:30,seed,
SHOP-001,PRD-0025,opening,22,,,Stock on hand when records began,2026-07-01T08:00:00+05:30,seed,
SHOP-001,PRD-0026,opening,17,,,Stock on hand when records began,2026-07-01T08:00:00+05:30,seed,
SHOP-001,PRD-0027,opening,27,,,Stock on hand when records began,2026-07-01T08:00:00+05:30,seed,
SHOP-001,PRD-0028,opening,36,,,Stock on hand when records began,2026-07-01T08:00:00+05:30,seed,
SHOP-001,PRD-0029,opening,13,,,Stock on hand when records began,2026-07-01T08:00:00+05:30,seed,
SHOP-002,PRD-0030,opening,91,,,Stock on hand when records began,2026-07-01T08:00:00+05:30,seed,
SHOP-002,PRD-0031,opening,32,,,Stock on hand when records began,2026-07-01T08:00:00+05:30,seed,
SHOP-002,PRD-0032,opening,105,,,Stock on hand when records began,2026-07-01T08:00:00+05:30,seed,
SHOP-002,PRD-0033,opening,25,,,Stock on hand when records began,2026-07-01T08:00:00+05:30,seed,
SHOP-002,PRD-0034,opening,21,,,Stock on hand when records began,2026-07-01T08:00:00+05:30,seed,
SHOP-002,PRD-0035,opening,25,,,Stock on hand when records began,2026-07-01T08:00:00+05:30,seed,
SHOP-002,PRD-0036,opening,12,,,Stock on hand when records began,2026-07-01T08:00:00+05:30,seed,
SHOP-002,PRD-0037,opening,13,,,Stock on hand when records began,2026-07-01T08:00:00+05:30,seed,
SHOP-002,PRD-0038,opening,8,,,Stock on hand when records began,2026-07-01T08:00:00+05:30,seed,
SHOP-002,PRD-0039,opening,14,,,Stock on hand when records began,2026-07-01T08:00:00+05:30,seed,
SHOP-002,PRD-0040,opening,33,,,Stock on hand when records began,2026-07-01T08:00:00+05:30,seed,
SHOP-002,PRD-0041,opening,17,,,Stock on hand when records began,2026-07-01T08:00:00+05:30,seed,
SHOP-002,PRD-0042,opening,114,,,Stock on hand when records began,2026-07-01T08:00:00+05:30,seed,
SHOP-002,PRD-0043,opening,38,,,Stock on hand when records began,2026-07-01T08:00:00+05:30,seed,
SHOP-002,PRD-0044,opening,16,,,Stock on hand when records began,2026-07-01T08:00:00+05:30,seed,
SHOP-002,PRD-0045,opening,17,,,Stock on hand when records began,2026-07-01T08:00:00+05:30,seed,
SHOP-002,PRD-0046,opening,71,,,Stock on hand when records began,2026-07-01T08:00:00+05:30,seed,
SHOP-002,PRD-0047,opening,64,,,Stock on hand when records began,2026-07-01T08:00:00+05:30,seed,
SHOP-002,PRD-0048,opening,11,,,Stock on hand when records began,2026-07-01T08:00:00+05:30,seed,
SHOP-002,PRD-0049,opening,41,,,Stock on hand when records began,2026-07-01T08:00:00+05:30,seed,
SHOP-002,PRD-0050,opening,13,,,Stock on hand when records began,2026-07-01T08:00:00+05:30,seed,
SHOP-002,PRD-0051,opening,10,,,Stock on hand when records began,2026-07-01T08:00:00+05:30,seed,
SHOP-002,PRD-0052,opening,12,,,Stock on hand when records began,2026-07-01T08:00:00+05:30,seed,
SHOP-002,PRD-0053,opening,38,,,Stock on hand when records began,2026-07-01T08:00:00+05:30,seed,
SHOP-002,PRD-0054,opening,10,,,Stock on hand when records began,2026-07-01T08:00:00+05:30,seed,
SHOP-003,PRD-0055,opening,26,,,Stock on hand when records began,2026-07-01T08:00:00+05:30,seed,
SHOP-003,PRD-0056,opening,85,,,Stock on hand when records began,2026-07-01T08:00:00+05:30,seed,
SHOP-003,PRD-0057,opening,72,,,Stock on hand when records began,2026-07-01T08:00:00+05:30,seed,
SHOP-003,PRD-0058,opening,25,,,Stock on hand when records began,2026-07-01T08:00:00+05:30,seed,
SHOP-003,PRD-0059,opening,122,,,Stock on hand when records began,2026-07-01T08:00:00+05:30,seed,
SHOP-003,PRD-0060,opening,37,,,Stock on hand when records began,2026-07-01T08:00:00+05:30,seed,
SHOP-003,PRD-0061,opening,106,,,Stock on hand when records began,2026-07-01T08:00:00+05:30,seed,
SHOP-003,PRD-0062,opening,83,,,Stock on hand when records began,2026-07-01T08:00:00+05:30,seed,
SHOP-003,PRD-0063,opening,18,,,Stock on hand when records began,2026-07-01T08:00:00+05:30,seed,
SHOP-003,PRD-0064,opening,56,,,Stock on hand when records began,2026-07-01T08:00:00+05:30,seed,
SHOP-003,PRD-0065,opening,41,,,Stock on hand when records began,2026-07-01T08:00:00+05:30,seed,
SHOP-003,PRD-0066,opening,38,,,Stock on hand when records began,2026-07-01T08:00:00+05:30,seed,
SHOP-003,PRD-0067,opening,28,,,Stock on hand when records began,2026-07-01T08:00:00+05:30,seed,
SHOP-003,PRD-0068,opening,25,,,Stock on hand when records began,2026-07-01T08:00:00+05:30,seed,
SHOP-003,PRD-0069,opening,128,,,Stock on hand when records began,2026-07-01T08:00:00+05:30,seed,
SHOP-003,PRD-0070,opening,24,,,Stock on hand when records began,2026-07-01T08:00:00+05:30,seed,
SHOP-003,PRD-0071,opening,11,,,Stock on hand when records began,2026-07-01T08:00:00+05:30,seed,
SHOP-003,PRD-0072,opening,38,,,Stock on hand when records began,2026-07-01T08:00:00+05:30,seed,
SHOP-003,PRD-0073,opening,12,,,Stock on hand when records began,2026-07-01T08:00:00+05:30,seed,
SHOP-003,PRD-0074,opening,34,,,Stock on hand when records began,2026-07-01T08:00:00+05:30,seed,
SHOP-003,PRD-0075,opening,39,,,Stock on hand when records began,2026-07-01T08:00:00+05:30,seed,
SHOP-003,PRD-0076,opening,54,,,Stock on hand when records began,2026-07-01T08:00:00+05:30,seed,
SHOP-003,PRD-0077,opening,23,,,Stock on hand when records began,2026-07-01T08:00:00+05:30,seed,
SHOP-003,PRD-0078,opening,17,,,Stock on hand when records began,2026-07-01T08:00:00+05:30,seed,
SHOP-003,PRD-0079,opening,16,,,Stock on hand when records began,2026-07-01T08:00:00+05:30,seed,
SHOP-004,PRD-0080,opening,120,,,Stock on hand when records began,2026-07-01T08:00:00+05:30,seed,
SHOP-004,PRD-0081,opening,69,,,Stock on hand when records began,2026-07-01T08:00:00+05:30,seed,
SHOP-004,PRD-0082,opening,32,,,Stock on hand when records began,2026-07-01T08:00:00+05:30,seed,
SHOP-004,PRD-0083,opening,18,,,Stock on hand when records began,2026-07-01T08:00:00+05:30,seed,
SHOP-004,PRD-0084,opening,20,,,Stock on hand when records began,2026-07-01T08:00:00+05:30,seed,
SHOP-004,PRD-0085,opening,14,,,Stock on hand when records began,2026-07-01T08:00:00+05:30,seed,
SHOP-004,PRD-0086,opening,40,,,Stock on hand when records began,2026-07-01T08:00:00+05:30,seed,
SHOP-004,PRD-0087,opening,14,,,Stock on hand when records began,2026-07-01T08:00:00+05:30,seed,
SHOP-004,PRD-0088,opening,38,,,Stock on hand when records began,2026-07-01T08:00:00+05:30,seed,
SHOP-004,PRD-0089,opening,17,,,Stock on hand when records began,2026-07-01T08:00:00+05:30,seed,
SHOP-004,PRD-0090,opening,23,,,Stock on hand when records began,2026-07-01T08:00:00+05:30,seed,
SHOP-004,PRD-0091,opening,17,,,Stock on hand when records began,2026-07-01T08:00:00+05:30,seed,
SHOP-004,PRD-0092,opening,19,,,Stock on hand when records began,2026-07-01T08:00:00+05:30,seed,
SHOP-004,PRD-0093,opening,8,,,Stock on hand when records began,2026-07-01T08:00:00+05:30,seed,
SHOP-004,PRD-0094,opening,29,,,Stock on hand when records began,2026-07-01T08:00:00+05:30,seed,
SHOP-004,PRD-0095,opening,27,,,Stock on hand when records began,2026-07-01T08:00:00+05:30,seed,
SHOP-004,PRD-0096,opening,4,,,Stock on hand when records began,2026-07-01T08:00:00+05:30,seed,
SHOP-004,PRD-0097,opening,12,,,Stock on hand when records began,2026-07-01T08:00:00+05:30,seed,
SHOP-004,PRD-0098,opening,28,,,Stock on hand when records began,2026-07-01T08:00:00+05:30,seed,
SHOP-004,PRD-0099,opening,33,,,Stock on hand when records began,2026-07-01T08:00:00+05:30,seed,
SHOP-004,PRD-0100,opening,26,,,Stock on hand when records began,2026-07-01T08:00:00+05:30,seed,
SHOP-004,PRD-0101,opening,11,,,Stock on hand when records began,2026-07-01T08:00:00+05:30,seed,
SHOP-005,PRD-0102,opening,45,,,Stock on hand when records began,2026-07-01T08:00:00+05:30,seed,
SHOP-005,PRD-0103,opening,18,,,Stock on hand when records began,2026-07-01T08:00:00+05:30,seed,
SHOP-005,PRD-0104,opening,22,,,Stock on hand when records began,2026-07-01T08:00:00+05:30,seed,
SHOP-005,PRD-0105,opening,23,,,Stock on hand when records began,2026-07-01T08:00:00+05:30,seed,
SHOP-005,PRD-0106,opening,13,,,Stock on hand when records began,2026-07-01T08:00:00+05:30,seed,
SHOP-005,PRD-0107,opening,11,,,Stock on hand when records began,2026-07-01T08:00:00+05:30,seed,
SHOP-005,PRD-0108,opening,21,,,Stock on hand when records began,2026-07-01T08:00:00+05:30,seed,
SHOP-005,PRD-0109,opening,14,,,Stock on hand when records began,2026-07-01T08:00:00+05:30,seed,
SHOP-005,PRD-0110,opening,12,,,Stock on hand when records began,2026-07-01T08:00:00+05:30,seed,
SHOP-005,PRD-0111,opening,68,,,Stock on hand when records began,2026-07-01T08:00:00+05:30,seed,
SHOP-005,PRD-0112,opening,72,,,Stock on hand when records began,2026-07-01T08:00:00+05:30,seed,
SHOP-005,PRD-0113,opening,8,,,Stock on hand when records began,2026-07-01T08:00:00+05:30,seed,
SHOP-005,PRD-0114,opening,10,,,Stock on hand when records began,2026-07-01T08:00:00+05:30,seed,
SHOP-005,PRD-0115,opening,16,,,Stock on hand when records began,2026-07-01T08:00:00+05:30,seed,
SHOP-005,PRD-0116,opening,16,,,Stock on hand when records began,2026-07-01T08:00:00+05:30,seed,
SHOP-005,PRD-0117,opening,24,,,Stock on hand when records began,2026-07-01T08:00:00+05:30,seed,
SHOP-005,PRD-0118,opening,20,,,Stock on hand when records began,2026-07-01T08:00:00+05:30,seed,
SHOP-005,PRD-0119,opening,19,,,Stock on hand when records began,2026-07-01T08:00:00+05:30,seed,
SHOP-005,PRD-0120,opening,8,,,Stock on hand when records began,2026-07-01T08:00:00+05:30,seed,
SHOP-005,PRD-0121,opening,6,,,Stock on hand when records began,2026-07-01T08:00:00+05:30,seed,
SHOP-005,PRD-0122,opening,15,,,Stock on hand when records began,2026-07-01T08:00:00+05:30,seed,
SHOP-005,PRD-0123,opening,19,,,Stock on hand when records began,2026-07-01T08:00:00+05:30,seed,
SHOP-001,PRD-0024,sale,-2,sale,SALE-000001,,2026-07-02T14:30:00+05:30,USR-002,
SHOP-001,PRD-0011,sale,-1,sale,SALE-000001,,2026-07-02T14:30:00+05:30,USR-002,
SHOP-001,PRD-0029,sale,-1,sale,SALE-000002,,2026-07-02T11:30:00+05:30,USR-002,
SHOP-001,PRD-0018,sale,-2,sale,SALE-000003,,2026-07-02T18:10:00+05:30,USR-002,
SHOP-001,PRD-0022,sale,-3,sale,SALE-000003,,2026-07-02T18:10:00+05:30,USR-002,
SHOP-002,PRD-0049,sale,-2,sale,SALE-000004,,2026-07-02T15:00:00+05:30,USR-004,
SHOP-002,PRD-0050,sale,-1,sale,SALE-000004,,2026-07-02T15:00:00+05:30,USR-004,
SHOP-002,PRD-0050,sale,-1,sale,SALE-000005,,2026-07-02T12:20:00+05:30,USR-004,
SHOP-002,PRD-0053,sale,-2,sale,SALE-000005,,2026-07-02T12:20:00+05:30,USR-004,
SHOP-004,PRD-0093,sale,-1,sale,SALE-000006,,2026-07-02T19:00:00+05:30,USR-008,
SHOP-004,PRD-0094,sale,-1,sale,SALE-000006,,2026-07-02T19:00:00+05:30,USR-008,
SHOP-004,PRD-0098,sale,-3,sale,SALE-000006,,2026-07-02T19:00:00+05:30,USR-008,
SHOP-004,PRD-0080,sale,-3,sale,SALE-000006,,2026-07-02T19:00:00+05:30,USR-008,
SHOP-004,PRD-0092,sale,-1,sale,SALE-000007,,2026-07-02T10:10:00+05:30,USR-008,
SHOP-004,PRD-0080,sale,-1,sale,SALE-000007,,2026-07-02T10:10:00+05:30,USR-008,
SHOP-004,PRD-0081,sale,-1,sale,SALE-000007,,2026-07-02T10:10:00+05:30,USR-008,
SHOP-004,PRD-0083,sale,-1,sale,SALE-000007,,2026-07-02T10:10:00+05:30,USR-008,
SHOP-004,PRD-0095,sale,-2,sale,SALE-000008,,2026-07-02T15:50:00+05:30,USR-008,
SHOP-004,PRD-0081,sale,-3,sale,SALE-000008,,2026-07-02T15:50:00+05:30,USR-008,
SHOP-004,PRD-0080,sale,-1,sale,SALE-000008,,2026-07-02T15:50:00+05:30,USR-008,
SHOP-004,PRD-0098,sale,-2,sale,SALE-000008,,2026-07-02T15:50:00+05:30,USR-008,
SHOP-004,PRD-0088,damage,-3,,,Expired: past best-before date,2026-07-02T21:00:00+05:30,USR-008,
SHOP-004,PRD-0093,customer_return,1,sale,SALE-000006,Customer return: Bought by mistake,2026-07-02T12:00:00+05:30,USR-008,
SHOP-004,PRD-0094,customer_return,1,sale,SALE-000006,Customer return: Bought by mistake,2026-07-02T12:00:00+05:30,USR-008,
SHOP-004,PRD-0098,customer_return,3,sale,SALE-000006,Customer return: Bought by mistake,2026-07-02T12:00:00+05:30,USR-008,
SHOP-004,PRD-0080,customer_return,3,sale,SALE-000006,Customer return: Bought by mistake,2026-07-02T12:00:00+05:30,USR-008,
SHOP-005,PRD-0123,sale,-2,sale,SALE-000009,,2026-07-02T11:30:00+05:30,USR-010,
SHOP-005,PRD-0106,sale,-3,sale,SALE-000009,,2026-07-02T11:30:00+05:30,USR-010,
SHOP-005,PRD-0105,sale,-2,sale,SALE-000010,,2026-07-02T19:20:00+05:30,USR-010,
SHOP-003,PRD-0065,sale,-1,sale,SALE-000011,,2026-07-03T11:40:00+05:30,USR-006,
SHOP-004,PRD-0095,sale,-1,sale,SALE-000012,,2026-07-03T13:50:00+05:30,USR-008,
SHOP-004,PRD-0080,sale,-3,sale,SALE-000012,,2026-07-03T13:50:00+05:30,USR-008,
SHOP-005,PRD-0111,sale,-1,sale,SALE-000013,,2026-07-03T15:20:00+05:30,USR-010,
SHOP-005,PRD-0119,sale,-1,sale,SALE-000013,,2026-07-03T15:20:00+05:30,USR-010,
SHOP-005,PRD-0115,sale,-1,sale,SALE-000014,,2026-07-03T18:50:00+05:30,USR-010,
SHOP-005,PRD-0109,sale,-1,sale,SALE-000014,,2026-07-03T18:50:00+05:30,USR-010,
SHOP-001,PRD-0007,sale,-1,sale,SALE-000015,,2026-07-04T18:20:00+05:30,USR-002,
SHOP-001,PRD-0003,sale,-1,sale,SALE-000016,,2026-07-04T16:20:00+05:30,USR-002,
SHOP-001,PRD-0007,sale,-2,sale,SALE-000016,,2026-07-04T16:20:00+05:30,USR-002,
SHOP-001,PRD-0016,sale,-3,sale,SALE-000017,,2026-07-04T19:20:00+05:30,USR-002,
SHOP-003,PRD-0056,sale,-3,sale,SALE-000018,,2026-07-04T10:30:00+05:30,USR-006,
SHOP-003,PRD-0061,sale,-3,sale,SALE-000018,,2026-07-04T10:30:00+05:30,USR-006,
SHOP-003,PRD-0067,sale,-2,sale,SALE-000018,,2026-07-04T10:30:00+05:30,USR-006,
SHOP-004,PRD-0092,sale,-1,sale,SALE-000019,,2026-07-04T11:20:00+05:30,USR-008,
SHOP-004,PRD-0098,sale,-1,sale,SALE-000020,,2026-07-04T15:00:00+05:30,USR-008,
SHOP-004,PRD-0091,sale,-1,sale,SALE-000020,,2026-07-04T15:00:00+05:30,USR-008,
SHOP-004,PRD-0080,sale,-1,sale,SALE-000020,,2026-07-04T15:00:00+05:30,USR-008,
SHOP-004,PRD-0090,sale,-1,sale,SALE-000021,,2026-07-04T16:10:00+05:30,USR-008,
SHOP-004,PRD-0100,sale,-2,sale,SALE-000021,,2026-07-04T16:10:00+05:30,USR-008,
SHOP-004,PRD-0080,sale,-1,sale,SALE-000021,,2026-07-04T16:10:00+05:30,USR-008,
SHOP-004,PRD-0084,sale,-1,sale,SALE-000021,,2026-07-04T16:10:00+05:30,USR-008,
SHOP-005,PRD-0102,sale,-2,sale,SALE-000022,,2026-07-05T20:20:00+05:30,USR-010,
SHOP-005,PRD-0113,sale,-1,sale,SALE-000022,,2026-07-05T20:20:00+05:30,USR-010,
SHOP-005,PRD-0110,sale,-1,sale,SALE-000023,,2026-07-05T16:20:00+05:30,USR-010,
SHOP-005,PRD-0121,sale,-3,sale,SALE-000023,,2026-07-05T16:20:00+05:30,USR-010,
SHOP-001,PRD-0018,sale,-1,sale,SALE-000024,,2026-07-06T09:10:00+05:30,USR-002,
SHOP-001,PRD-0011,sale,-1,sale,SALE-000024,,2026-07-06T09:10:00+05:30,USR-002,
SHOP-001,PRD-0014,sale,-2,sale,SALE-000025,,2026-07-06T14:00:00+05:30,USR-002,
SHOP-001,PRD-0008,sale,-1,sale,SALE-000025,,2026-07-06T14:00:00+05:30,USR-002,
SHOP-001,PRD-0029,sale,-2,sale,SALE-000025,,2026-07-06T14:00:00+05:30,USR-002,
SHOP-002,PRD-0038,sale,-1,sale,SALE-000026,,2026-07-06T14:30:00+05:30,USR-004,
SHOP-002,PRD-0038,sale,-1,sale,SALE-000027,,2026-07-06T09:00:00+05:30,USR-004,
SHOP-002,PRD-0044,sale,-1,sale,SALE-000027,,2026-07-06T09:00:00+05:30,USR-004,
SHOP-003,PRD-0055,sale,-3,sale,SALE-000028,,2026-07-06T20:30:00+05:30,USR-006,
SHOP-003,PRD-0077,sale,-1,sale,SALE-000028,,2026-07-06T20:30:00+05:30,USR-006,
SHOP-003,PRD-0064,sale,-2,sale,SALE-000028,,2026-07-06T20:30:00+05:30,USR-006,
SHOP-004,PRD-0089,sale,-1,sale,SALE-000029,,2026-07-06T15:10:00+05:30,USR-008,
SHOP-005,PRD-0111,sale,-2,sale,SALE-000030,,2026-07-06T19:20:00+05:30,USR-010,
SHOP-005,PRD-0115,sale,-2,sale,SALE-000030,,2026-07-06T19:20:00+05:30,USR-010,
SHOP-005,PRD-0113,sale,-1,sale,SALE-000031,,2026-07-06T08:00:00+05:30,USR-010,
SHOP-005,PRD-0119,sale,-2,sale,SALE-000031,,2026-07-06T08:00:00+05:30,USR-010,
SHOP-005,PRD-0108,sale,-3,sale,SALE-000031,,2026-07-06T08:00:00+05:30,USR-010,
SHOP-005,PRD-0104,sale,-2,sale,SALE-000031,,2026-07-06T08:00:00+05:30,USR-010,
SHOP-001,PRD-0008,sale,-1,sale,SALE-000032,,2026-07-07T18:30:00+05:30,USR-002,
SHOP-001,PRD-0027,sale,-1,sale,SALE-000032,,2026-07-07T18:30:00+05:30,USR-002,
SHOP-001,PRD-0015,sale,-2,sale,SALE-000032,,2026-07-07T18:30:00+05:30,USR-002,
SHOP-001,PRD-0025,sale,-1,sale,SALE-000032,,2026-07-07T18:30:00+05:30,USR-002,
SHOP-001,PRD-0007,sale,-1,sale,SALE-000033,,2026-07-07T12:50:00+05:30,USR-002,
SHOP-001,PRD-0020,sale,-1,sale,SALE-000033,,2026-07-07T12:50:00+05:30,USR-002,
SHOP-002,PRD-0030,sale,-1,sale,SALE-000034,,2026-07-07T14:10:00+05:30,USR-004,
SHOP-002,PRD-0032,sale,-1,sale,SALE-000034,,2026-07-07T14:10:00+05:30,USR-004,
SHOP-002,PRD-0052,sale,-1,sale,SALE-000034,,2026-07-07T14:10:00+05:30,USR-004,
SHOP-003,PRD-0060,sale,-3,sale,SALE-000035,,2026-07-07T08:30:00+05:30,USR-006,
SHOP-004,PRD-0091,sale,-1,sale,SALE-000036,,2026-07-07T09:10:00+05:30,USR-008,
SHOP-004,PRD-0083,sale,-2,sale,SALE-000036,,2026-07-07T09:10:00+05:30,USR-008,
SHOP-004,PRD-0086,sale,-2,sale,SALE-000036,,2026-07-07T09:10:00+05:30,USR-008,
SHOP-004,PRD-0100,sale,-3,sale,SALE-000036,,2026-07-07T09:10:00+05:30,USR-008,
SHOP-004,PRD-0080,sale,-1,sale,SALE-000037,,2026-07-07T16:40:00+05:30,USR-008,
SHOP-004,PRD-0098,sale,-1,sale,SALE-000037,,2026-07-07T16:40:00+05:30,USR-008,
SHOP-004,PRD-0094,sale,-1,sale,SALE-000037,,2026-07-07T16:40:00+05:30,USR-008,
SHOP-004,PRD-0094,sale,-1,sale,SALE-000038,,2026-07-07T12:10:00+05:30,USR-008,
SHOP-004,PRD-0095,sale,-1,sale,SALE-000038,,2026-07-07T12:10:00+05:30,USR-008,
SHOP-004,PRD-0084,damage,-3,,,Expired: past best-before date,2026-07-07T21:00:00+05:30,USR-008,
SHOP-005,PRD-0109,sale,-3,sale,SALE-000039,,2026-07-07T10:30:00+05:30,USR-010,
SHOP-005,PRD-0119,sale,-2,sale,SALE-000039,,2026-07-07T10:30:00+05:30,USR-010,
SHOP-005,PRD-0111,sale,-1,sale,SALE-000039,,2026-07-07T10:30:00+05:30,USR-010,
SHOP-001,PRD-0002,sale,-1,sale,SALE-000040,,2026-07-08T17:40:00+05:30,USR-002,
SHOP-001,PRD-0012,sale,-1,sale,SALE-000040,,2026-07-08T17:40:00+05:30,USR-002,
SHOP-001,PRD-0009,sale,-3,sale,SALE-000040,,2026-07-08T17:40:00+05:30,USR-002,
SHOP-001,PRD-0014,sale,-2,sale,SALE-000041,,2026-07-08T17:30:00+05:30,USR-002,
SHOP-001,PRD-0022,sale,-2,sale,SALE-000041,,2026-07-08T17:30:00+05:30,USR-002,
SHOP-001,PRD-0025,sale,-3,sale,SALE-000041,,2026-07-08T17:30:00+05:30,USR-002,
SHOP-002,PRD-0030,sale,-14,sale,SALE-000042,,2026-07-08T08:50:00+05:30,USR-004,
SHOP-002,PRD-0044,sale,-8,sale,SALE-000042,,2026-07-08T08:50:00+05:30,USR-004,
SHOP-002,PRD-0046,sale,-5,sale,SALE-000042,,2026-07-08T08:50:00+05:30,USR-004,
SHOP-002,PRD-0054,sale,-1,sale,SALE-000042,,2026-07-08T08:50:00+05:30,USR-004,
SHOP-004,PRD-0100,sale,-3,sale,SALE-000043,,2026-07-08T19:50:00+05:30,USR-008,
SHOP-004,PRD-0090,sale,-1,sale,SALE-000043,,2026-07-08T19:50:00+05:30,USR-008,
SHOP-004,PRD-0081,sale,-1,sale,SALE-000043,,2026-07-08T19:50:00+05:30,USR-008,
SHOP-004,PRD-0080,sale,-1,sale,SALE-000043,,2026-07-08T19:50:00+05:30,USR-008,
SHOP-001,PRD-0029,sale,-2,sale,SALE-000044,,2026-07-09T13:30:00+05:30,USR-002,
SHOP-001,PRD-0026,sale,-1,sale,SALE-000044,,2026-07-09T13:30:00+05:30,USR-002,
SHOP-001,PRD-0003,sale,-1,sale,SALE-000044,,2026-07-09T13:30:00+05:30,USR-002,
SHOP-001,PRD-0017,sale,-1,sale,SALE-000044,,2026-07-09T13:30:00+05:30,USR-002,
SHOP-004,PRD-0081,sale,-2,sale,SALE-000045,,2026-07-09T11:30:00+05:30,USR-008,
SHOP-004,PRD-0085,sale,-1,sale,SALE-000045,,2026-07-09T11:30:00+05:30,USR-008,
SHOP-004,PRD-0096,sale,-3,sale,SALE-000045,,2026-07-09T11:30:00+05:30,USR-008,
SHOP-004,PRD-0088,sale,-1,sale,SALE-000046,,2026-07-09T11:20:00+05:30,USR-008,
SHOP-004,PRD-0100,sale,-2,sale,SALE-000047,,2026-07-09T10:10:00+05:30,USR-008,
SHOP-004,PRD-0088,sale,-2,sale,SALE-000047,,2026-07-09T10:10:00+05:30,USR-008,
SHOP-004,PRD-0083,sale,-2,sale,SALE-000047,,2026-07-09T10:10:00+05:30,USR-008,
SHOP-005,PRD-0111,sale,-2,sale,SALE-000048,,2026-07-09T20:10:00+05:30,USR-010,
SHOP-005,PRD-0102,sale,-1,sale,SALE-000048,,2026-07-09T20:10:00+05:30,USR-010,
SHOP-004,PRD-0096,purchase_receipt,3,purchase_order,PO-00001,,2026-07-10T10:00:00+05:30,USR-007,
SHOP-001,PRD-0027,sale,-2,sale,SALE-000049,,2026-07-10T14:00:00+05:30,USR-002,
SHOP-001,PRD-0010,sale,-2,sale,SALE-000049,,2026-07-10T14:00:00+05:30,USR-002,
SHOP-003,PRD-0068,sale,-3,sale,SALE-000050,,2026-07-10T08:00:00+05:30,USR-006,
SHOP-003,PRD-0056,sale,-2,sale,SALE-000050,,2026-07-10T08:00:00+05:30,USR-006,
SHOP-003,PRD-0061,damage,-1,,,"Damaged packaging, not sellable",2026-07-10T21:00:00+05:30,USR-006,
SHOP-004,PRD-0082,sale,-1,sale,SALE-000051,,2026-07-10T09:00:00+05:30,USR-008,
SHOP-004,PRD-0080,sale,-2,sale,SALE-000051,,2026-07-10T09:00:00+05:30,USR-008,
SHOP-004,PRD-0090,sale,-2,sale,SALE-000052,,2026-07-10T10:20:00+05:30,USR-008,
SHOP-004,PRD-0080,sale,-2,sale,SALE-000052,,2026-07-10T10:20:00+05:30,USR-008,
SHOP-004,PRD-0082,sale,-3,sale,SALE-000053,,2026-07-10T09:40:00+05:30,USR-008,
SHOP-004,PRD-0086,sale,-3,sale,SALE-000053,,2026-07-10T09:40:00+05:30,USR-008,
SHOP-005,PRD-0102,sale,-1,sale,SALE-000054,,2026-07-10T09:20:00+05:30,USR-010,
SHOP-005,PRD-0108,sale,-1,sale,SALE-000054,,2026-07-10T09:20:00+05:30,USR-010,
SHOP-005,PRD-0102,sale,-1,sale,SALE-000055,,2026-07-10T15:50:00+05:30,USR-010,
SHOP-005,PRD-0111,sale,-2,sale,SALE-000055,,2026-07-10T15:50:00+05:30,USR-010,
SHOP-005,PRD-0113,sale,-1,sale,SALE-000055,,2026-07-10T15:50:00+05:30,USR-010,
SHOP-005,PRD-0103,sale,-3,sale,SALE-000055,,2026-07-10T15:50:00+05:30,USR-010,
SHOP-001,PRD-0022,sale,-1,sale,SALE-000056,,2026-07-11T14:40:00+05:30,USR-002,
SHOP-001,PRD-0006,sale,-1,sale,SALE-000057,,2026-07-11T15:30:00+05:30,USR-002,
SHOP-001,PRD-0009,sale,-1,sale,SALE-000057,,2026-07-11T15:30:00+05:30,USR-002,
SHOP-001,PRD-0022,sale,-1,sale,SALE-000057,,2026-07-11T15:30:00+05:30,USR-002,
SHOP-001,PRD-0024,sale,-1,sale,SALE-000057,,2026-07-11T15:30:00+05:30,USR-002,
SHOP-002,PRD-0047,sale,-1,sale,SALE-000058,,2026-07-11T10:40:00+05:30,USR-004,
SHOP-002,PRD-0046,sale,-2,sale,SALE-000058,,2026-07-11T10:40:00+05:30,USR-004,
SHOP-003,PRD-0061,sale,-1,sale,SALE-000059,,2026-07-11T15:00:00+05:30,USR-006,
SHOP-003,PRD-0068,sale,-3,sale,SALE-000059,,2026-07-11T15:00:00+05:30,USR-006,
SHOP-004,PRD-0090,sale,-1,sale,SALE-000060,,2026-07-11T14:20:00+05:30,USR-008,
SHOP-004,PRD-0095,sale,-1,sale,SALE-000060,,2026-07-11T14:20:00+05:30,USR-008,
SHOP-004,PRD-0081,sale,-2,sale,SALE-000061,,2026-07-11T10:00:00+05:30,USR-008,
SHOP-004,PRD-0085,sale,-2,sale,SALE-000062,,2026-07-11T13:30:00+05:30,USR-008,
SHOP-004,PRD-0089,sale,-1,sale,SALE-000062,,2026-07-11T13:30:00+05:30,USR-008,
SHOP-005,PRD-0106,sale,-2,sale,SALE-000063,,2026-07-11T15:10:00+05:30,USR-010,
SHOP-005,PRD-0122,sale,-2,sale,SALE-000063,,2026-07-11T15:10:00+05:30,USR-010,
SHOP-005,PRD-0102,sale,-2,sale,SALE-000063,,2026-07-11T15:10:00+05:30,USR-010,
SHOP-005,PRD-0104,sale,-1,sale,SALE-000063,,2026-07-11T15:10:00+05:30,USR-010,
SHOP-005,PRD-0112,sale,-1,sale,SALE-000064,,2026-07-11T09:30:00+05:30,USR-010,
SHOP-005,PRD-0123,sale,-1,sale,SALE-000064,,2026-07-11T09:30:00+05:30,USR-010,
SHOP-001,PRD-0002,sale,-3,sale,SALE-000065,,2026-07-12T11:00:00+05:30,USR-002,
SHOP-001,PRD-0013,sale,-3,sale,SALE-000065,,2026-07-12T11:00:00+05:30,USR-002,
SHOP-001,PRD-0025,sale,-3,sale,SALE-000065,,2026-07-12T11:00:00+05:30,USR-002,
SHOP-001,PRD-0024,sale,-3,sale,SALE-000065,,2026-07-12T11:00:00+05:30,USR-002,
SHOP-001,PRD-0007,sale,-2,sale,SALE-000066,,2026-07-12T16:40:00+05:30,USR-002,
SHOP-002,PRD-0034,sale,-21,sale,SALE-000067,,2026-07-12T17:00:00+05:30,USR-004,
SHOP-002,PRD-0030,sale,-16,sale,SALE-000068,,2026-07-12T16:10:00+05:30,USR-004,
SHOP-002,PRD-0039,sale,-2,sale,SALE-000068,,2026-07-12T16:10:00+05:30,USR-004,
SHOP-002,PRD-0040,sale,-1,sale,SALE-000068,,2026-07-12T16:10:00+05:30,USR-004,
SHOP-002,PRD-0031,sale,-6,sale,SALE-000068,,2026-07-12T16:10:00+05:30,USR-004,
SHOP-003,PRD-0072,sale,-3,sale,SALE-000069,,2026-07-12T18:20:00+05:30,USR-006,
SHOP-003,PRD-0058,sale,-2,sale,SALE-000069,,2026-07-12T18:20:00+05:30,USR-006,
SHOP-004,PRD-0081,sale,-2,sale,SALE-000070,,2026-07-12T17:00:00+05:30,USR-008,
SHOP-001,PRD-0013,sale,-3,sale,SALE-000071,,2026-07-13T18:20:00+05:30,USR-002,
SHOP-001,PRD-0008,sale,-1,sale,SALE-000072,,2026-07-13T11:20:00+05:30,USR-002,
SHOP-001,PRD-0002,sale,-1,sale,SALE-000072,,2026-07-13T11:20:00+05:30,USR-002,
SHOP-001,PRD-0008,sale,-1,sale,SALE-000073,,2026-07-13T12:30:00+05:30,USR-002,
SHOP-001,PRD-0029,sale,-2,sale,SALE-000073,,2026-07-13T12:30:00+05:30,USR-002,
SHOP-001,PRD-0009,sale,-2,sale,SALE-000073,,2026-07-13T12:30:00+05:30,USR-002,
SHOP-001,PRD-0010,sale,-1,sale,SALE-000073,,2026-07-13T12:30:00+05:30,USR-002,
SHOP-002,PRD-0038,sale,-1,sale,SALE-000074,,2026-07-13T15:40:00+05:30,USR-004,
SHOP-002,PRD-0053,sale,-2,sale,SALE-000074,,2026-07-13T15:40:00+05:30,USR-004,
SHOP-002,PRD-0051,sale,-3,sale,SALE-000074,,2026-07-13T15:40:00+05:30,USR-004,
SHOP-003,PRD-0061,sale,-1,sale,SALE-000075,,2026-07-13T18:50:00+05:30,USR-006,
SHOP-003,PRD-0058,sale,-1,sale,SALE-000075,,2026-07-13T18:50:00+05:30,USR-006,
SHOP-003,PRD-0064,sale,-1,sale,SALE-000075,,2026-07-13T18:50:00+05:30,USR-006,
SHOP-005,PRD-0102,sale,-1,sale,SALE-000076,,2026-07-13T14:40:00+05:30,USR-010,
SHOP-005,PRD-0111,sale,-2,sale,SALE-000076,,2026-07-13T14:40:00+05:30,USR-010,
SHOP-001,PRD-0003,sale,-1,sale,SALE-000077,,2026-07-14T20:20:00+05:30,USR-002,
SHOP-001,PRD-0006,sale,-2,sale,SALE-000078,,2026-07-14T10:50:00+05:30,USR-002,
SHOP-001,PRD-0011,sale,-1,sale,SALE-000079,,2026-07-14T17:50:00+05:30,USR-002,
SHOP-001,PRD-0015,sale,-2,sale,SALE-000079,,2026-07-14T17:50:00+05:30,USR-002,
SHOP-001,PRD-0013,sale,-1,sale,SALE-000079,,2026-07-14T17:50:00+05:30,USR-002,
SHOP-002,PRD-0040,sale,-1,sale,SALE-000080,,2026-07-14T14:40:00+05:30,USR-004,
SHOP-002,PRD-0042,sale,-1,sale,SALE-000080,,2026-07-14T14:40:00+05:30,USR-004,
SHOP-002,PRD-0039,sale,-1,sale,SALE-000080,,2026-07-14T14:40:00+05:30,USR-004,
SHOP-002,PRD-0039,sale,-2,sale,SALE-000081,,2026-07-14T10:40:00+05:30,USR-004,
SHOP-002,PRD-0053,sale,-2,sale,SALE-000081,,2026-07-14T10:40:00+05:30,USR-004,
SHOP-002,PRD-0047,sale,-1,sale,SALE-000081,,2026-07-14T10:40:00+05:30,USR-004,
SHOP-003,PRD-0064,sale,-3,sale,SALE-000082,,2026-07-14T13:30:00+05:30,USR-006,
SHOP-004,PRD-0098,sale,-1,sale,SALE-000083,,2026-07-14T13:50:00+05:30,USR-008,
SHOP-004,PRD-0094,sale,-3,sale,SALE-000083,,2026-07-14T13:50:00+05:30,USR-008,
SHOP-004,PRD-0100,sale,-2,sale,SALE-000084,,2026-07-14T19:50:00+05:30,USR-008,
SHOP-004,PRD-0088,sale,-1,sale,SALE-000084,,2026-07-14T19:50:00+05:30,USR-008,
SHOP-005,PRD-0111,sale,-1,sale,SALE-000085,,2026-07-14T15:20:00+05:30,USR-010,
SHOP-005,PRD-0105,sale,-1,sale,SALE-000085,,2026-07-14T15:20:00+05:30,USR-010,
SHOP-005,PRD-0106,sale,-2,sale,SALE-000086,,2026-07-14T18:20:00+05:30,USR-010,
SHOP-005,PRD-0103,sale,-1,sale,SALE-000086,,2026-07-14T18:20:00+05:30,USR-010,
SHOP-005,PRD-0112,sale,-1,sale,SALE-000086,,2026-07-14T18:20:00+05:30,USR-010,
SHOP-005,PRD-0108,sale,-1,sale,SALE-000086,,2026-07-14T18:20:00+05:30,USR-010,
SHOP-001,PRD-0007,sale,-2,sale,SALE-000087,,2026-07-15T14:20:00+05:30,USR-002,
SHOP-001,PRD-0003,sale,-1,sale,SALE-000087,,2026-07-15T14:20:00+05:30,USR-002,
SHOP-001,PRD-0020,sale,-3,sale,SALE-000087,,2026-07-15T14:20:00+05:30,USR-002,
SHOP-001,PRD-0002,sale,-1,sale,SALE-000087,,2026-07-15T14:20:00+05:30,USR-002,
SHOP-001,PRD-0017,sale,-1,sale,SALE-000088,,2026-07-15T16:10:00+05:30,USR-002,
SHOP-002,PRD-0035,sale,-8,sale,SALE-000089,,2026-07-15T10:30:00+05:30,USR-004,
SHOP-002,PRD-0044,sale,-7,sale,SALE-000089,,2026-07-15T10:30:00+05:30,USR-004,
SHOP-004,PRD-0080,sale,-2,sale,SALE-000090,,2026-07-15T13:20:00+05:30,USR-008,
SHOP-004,PRD-0088,sale,-2,sale,SALE-000091,,2026-07-15T13:10:00+05:30,USR-008,
SHOP-004,PRD-0099,sale,-1,sale,SALE-000091,,2026-07-15T13:10:00+05:30,USR-008,
SHOP-004,PRD-0097,sale,-1,sale,SALE-000091,,2026-07-15T13:10:00+05:30,USR-008,
SHOP-005,PRD-0112,damage,-2,,,"Damaged packaging, not sellable",2026-07-15T21:00:00+05:30,USR-010,
SHOP-001,PRD-0008,sale,-1,sale,SALE-000092,,2026-07-16T11:30:00+05:30,USR-002,
SHOP-001,PRD-0010,sale,-2,sale,SALE-000092,,2026-07-16T11:30:00+05:30,USR-002,
SHOP-001,PRD-0003,sale,-1,sale,SALE-000092,,2026-07-16T11:30:00+05:30,USR-002,
SHOP-001,PRD-0008,sale,-1,sale,SALE-000093,,2026-07-16T19:10:00+05:30,USR-002,
SHOP-001,PRD-0019,sale,-1,sale,SALE-000093,,2026-07-16T19:10:00+05:30,USR-002,
SHOP-002,PRD-0047,sale,-1,sale,SALE-000094,,2026-07-16T15:10:00+05:30,USR-004,
SHOP-002,PRD-0046,sale,-2,sale,SALE-000094,,2026-07-16T15:10:00+05:30,USR-004,
SHOP-002,PRD-0043,sale,-1,sale,SALE-000094,,2026-07-16T15:10:00+05:30,USR-004,
SHOP-002,PRD-0052,sale,-1,sale,SALE-000094,,2026-07-16T15:10:00+05:30,USR-004,
SHOP-003,PRD-0069,sale,-1,sale,SALE-000095,,2026-07-16T17:00:00+05:30,USR-006,
SHOP-003,PRD-0071,sale,-1,sale,SALE-000095,,2026-07-16T17:00:00+05:30,USR-006,
SHOP-004,PRD-0080,sale,-2,sale,SALE-000096,,2026-07-16T16:10:00+05:30,USR-008,
SHOP-004,PRD-0097,damage,-2,,,Expired: past best-before date,2026-07-16T21:00:00+05:30,USR-008,
SHOP-002,PRD-0034,purchase_receipt,15,purchase_order,PO-00002,,2026-07-17T10:00:00+05:30,USR-003,
SHOP-001,PRD-0017,sale,-1,sale,SALE-000097,,2026-07-17T11:40:00+05:30,USR-002,
SHOP-001,PRD-0008,sale,-2,sale,SALE-000097,,2026-07-17T11:40:00+05:30,USR-002,
SHOP-001,PRD-0018,sale,-1,sale,SALE-000098,,2026-07-17T15:00:00+05:30,USR-002,
SHOP-001,PRD-0013,sale,-1,sale,SALE-000098,,2026-07-17T15:00:00+05:30,USR-002,
SHOP-003,PRD-0074,sale,-2,sale,SALE-000099,,2026-07-17T16:10:00+05:30,USR-006,
SHOP-003,PRD-0075,sale,-1,sale,SALE-000099,,2026-07-17T16:10:00+05:30,USR-006,
SHOP-004,PRD-0088,sale,-1,sale,SALE-000100,,2026-07-17T12:30:00+05:30,USR-008,
SHOP-004,PRD-0094,sale,-1,sale,SALE-000100,,2026-07-17T12:30:00+05:30,USR-008,
SHOP-005,PRD-0109,sale,-1,sale,SALE-000101,,2026-07-17T19:00:00+05:30,USR-010,
SHOP-005,PRD-0111,sale,-1,sale,SALE-000102,,2026-07-17T15:40:00+05:30,USR-010,
SHOP-005,PRD-0121,sale,-1,sale,SALE-000102,,2026-07-17T15:40:00+05:30,USR-010,
SHOP-002,PRD-0044,purchase_receipt,15,purchase_order,PO-00003,,2026-07-18T10:00:00+05:30,USR-003,
SHOP-003,PRD-0059,sale,-1,sale,SALE-000103,,2026-07-18T16:10:00+05:30,USR-006,
SHOP-004,PRD-0098,sale,-1,sale,SALE-000104,,2026-07-18T13:50:00+05:30,USR-008,
SHOP-004,PRD-0090,sale,-3,sale,SALE-000104,,2026-07-18T13:50:00+05:30,USR-008,
SHOP-004,PRD-0086,sale,-3,sale,SALE-000104,,2026-07-18T13:50:00+05:30,USR-008,
SHOP-004,PRD-0088,sale,-2,sale,SALE-000104,,2026-07-18T13:50:00+05:30,USR-008,
SHOP-004,PRD-0085,sale,-2,sale,SALE-000105,,2026-07-18T19:10:00+05:30,USR-008,
SHOP-004,PRD-0094,sale,-1,sale,SALE-000105,,2026-07-18T19:10:00+05:30,USR-008,
SHOP-004,PRD-0089,sale,-2,sale,SALE-000106,,2026-07-18T10:30:00+05:30,USR-008,
SHOP-004,PRD-0086,damage,-2,,,Expired: past best-before date,2026-07-18T21:00:00+05:30,USR-008,
SHOP-005,PRD-0111,sale,-1,sale,SALE-000107,,2026-07-18T14:50:00+05:30,USR-010,
SHOP-001,PRD-0028,sale,-1,sale,SALE-000108,,2026-07-19T15:10:00+05:30,USR-002,
SHOP-001,PRD-0001,sale,-3,sale,SALE-000108,,2026-07-19T15:10:00+05:30,USR-002,
SHOP-001,PRD-0006,sale,-2,sale,SALE-000109,,2026-07-19T16:30:00+05:30,USR-002,
SHOP-001,PRD-0026,sale,-2,sale,SALE-000109,,2026-07-19T16:30:00+05:30,USR-002,
SHOP-001,PRD-0014,sale,-2,sale,SALE-000109,,2026-07-19T16:30:00+05:30,USR-002,
SHOP-001,PRD-0021,sale,-3,sale,SALE-000109,,2026-07-19T16:30:00+05:30,USR-002,
SHOP-002,PRD-0051,sale,-2,sale,SALE-000110,,2026-07-19T10:00:00+05:30,USR-004,
SHOP-002,PRD-0036,sale,-1,sale,SALE-000110,,2026-07-19T10:00:00+05:30,USR-004,
SHOP-003,PRD-0056,sale,-2,sale,SALE-000111,,2026-07-19T15:40:00+05:30,USR-006,
SHOP-003,PRD-0059,sale,-2,sale,SALE-000111,,2026-07-19T15:40:00+05:30,USR-006,
SHOP-003,PRD-0059,sale,-3,sale,SALE-000112,,2026-07-19T13:10:00+05:30,USR-006,
SHOP-003,PRD-0069,sale,-2,sale,SALE-000112,,2026-07-19T13:10:00+05:30,USR-006,
SHOP-003,PRD-0062,sale,-2,sale,SALE-000112,,2026-07-19T13:10:00+05:30,USR-006,
SHOP-003,PRD-0068,sale,-1,sale,SALE-000112,,2026-07-19T13:10:00+05:30,USR-006,
SHOP-004,PRD-0101,sale,-1,sale,SALE-000113,,2026-07-19T14:10:00+05:30,USR-008,
SHOP-004,PRD-0100,sale,-3,sale,SALE-000113,,2026-07-19T14:10:00+05:30,USR-008,
SHOP-004,PRD-0088,sale,-1,sale,SALE-000113,,2026-07-19T14:10:00+05:30,USR-008,
SHOP-005,PRD-0118,damage,-2,,,"Damaged packaging, not sellable",2026-07-19T21:00:00+05:30,USR-010,
SHOP-001,PRD-0013,sale,-1,sale,SALE-000114,,2026-07-20T10:00:00+05:30,USR-002,
SHOP-001,PRD-0001,sale,-1,sale,SALE-000114,,2026-07-20T10:00:00+05:30,USR-002,
SHOP-001,PRD-0014,sale,-2,sale,SALE-000114,,2026-07-20T10:00:00+05:30,USR-002,
SHOP-001,PRD-0007,sale,-3,sale,SALE-000114,,2026-07-20T10:00:00+05:30,USR-002,
SHOP-001,PRD-0004,sale,-1,sale,SALE-000115,,2026-07-20T15:40:00+05:30,USR-002,
SHOP-001,PRD-0006,sale,-1,sale,SALE-000115,,2026-07-20T15:40:00+05:30,USR-002,
SHOP-001,PRD-0013,sale,-2,sale,SALE-000115,,2026-07-20T15:40:00+05:30,USR-002,
SHOP-001,PRD-0008,sale,-1,sale,SALE-000116,,2026-07-20T20:00:00+05:30,USR-002,
SHOP-002,PRD-0032,sale,-6,sale,SALE-000117,,2026-07-20T17:30:00+05:30,USR-004,
SHOP-002,PRD-0039,sale,-2,sale,SALE-000117,,2026-07-20T17:30:00+05:30,USR-004,
SHOP-002,PRD-0038,sale,-1,sale,SALE-000117,,2026-07-20T17:30:00+05:30,USR-004,
SHOP-002,PRD-0047,sale,-1,sale,SALE-000117,,2026-07-20T17:30:00+05:30,USR-004,
SHOP-002,PRD-0051,sale,-1,sale,SALE-000118,,2026-07-20T09:20:00+05:30,USR-004,
SHOP-002,PRD-0050,sale,-1,sale,SALE-000118,,2026-07-20T09:20:00+05:30,USR-004,
SHOP-002,PRD-0041,sale,-1,sale,SALE-000118,,2026-07-20T09:20:00+05:30,USR-004,
SHOP-002,PRD-0030,sale,-8,sale,SALE-000118,,2026-07-20T09:20:00+05:30,USR-004,
SHOP-003,PRD-0059,sale,-3,sale,SALE-000119,,2026-07-20T13:00:00+05:30,USR-006,
SHOP-003,PRD-0069,sale,-3,sale,SALE-000119,,2026-07-20T13:00:00+05:30,USR-006,
SHOP-003,PRD-0056,sale,-1,sale,SALE-000119,,2026-07-20T13:00:00+05:30,USR-006,
SHOP-005,PRD-0102,sale,-2,sale,SALE-000120,,2026-07-20T10:50:00+05:30,USR-010,
SHOP-005,PRD-0106,sale,-2,sale,SALE-000120,,2026-07-20T10:50:00+05:30,USR-010,
SHOP-005,PRD-0113,sale,-1,sale,SALE-000121,,2026-07-20T14:50:00+05:30,USR-010,
SHOP-001,PRD-0014,sale,-1,sale,SALE-000122,,2026-07-21T16:00:00+05:30,USR-002,
SHOP-001,PRD-0013,sale,-1,sale,SALE-000122,,2026-07-21T16:00:00+05:30,USR-002,
SHOP-002,PRD-0047,sale,-2,sale,SALE-000123,,2026-07-21T10:50:00+05:30,USR-004,
SHOP-002,PRD-0046,sale,-1,sale,SALE-000123,,2026-07-21T10:50:00+05:30,USR-004,
SHOP-003,PRD-0057,sale,-1,sale,SALE-000124,,2026-07-21T15:00:00+05:30,USR-006,
SHOP-004,PRD-0080,sale,-2,sale,SALE-000125,,2026-07-21T13:30:00+05:30,USR-008,
SHOP-004,PRD-0083,sale,-1,sale,SALE-000125,,2026-07-21T13:30:00+05:30,USR-008,
SHOP-004,PRD-0083,sale,-2,sale,SALE-000126,,2026-07-21T13:10:00+05:30,USR-008,
SHOP-005,PRD-0110,sale,-2,sale,SALE-000127,,2026-07-21T10:50:00+05:30,USR-010,
SHOP-005,PRD-0111,sale,-1,sale,SALE-000127,,2026-07-21T10:50:00+05:30,USR-010,
SHOP-005,PRD-0105,sale,-1,sale,SALE-000127,,2026-07-21T10:50:00+05:30,USR-010,
SHOP-005,PRD-0108,sale,-2,sale,SALE-000127,,2026-07-21T10:50:00+05:30,USR-010,
SHOP-001,PRD-0002,sale,-1,sale,SALE-000128,,2026-07-22T14:00:00+05:30,USR-002,
SHOP-001,PRD-0023,sale,-3,sale,SALE-000128,,2026-07-22T14:00:00+05:30,USR-002,
SHOP-001,PRD-0022,sale,-1,sale,SALE-000128,,2026-07-22T14:00:00+05:30,USR-002,
SHOP-001,PRD-0017,sale,-1,sale,SALE-000128,,2026-07-22T14:00:00+05:30,USR-002,
SHOP-002,PRD-0037,sale,-2,sale,SALE-000129,,2026-07-22T18:20:00+05:30,USR-004,
SHOP-002,PRD-0030,sale,-2,sale,SALE-000129,,2026-07-22T18:20:00+05:30,USR-004,
SHOP-002,PRD-0053,sale,-3,sale,SALE-000129,,2026-07-22T18:20:00+05:30,USR-004,
SHOP-002,PRD-0046,sale,-1,sale,SALE-000129,,2026-07-22T18:20:00+05:30,USR-004,
SHOP-002,PRD-0041,sale,-3,sale,SALE-000130,,2026-07-22T20:20:00+05:30,USR-004,
SHOP-004,PRD-0087,sale,-2,sale,SALE-000131,,2026-07-22T19:40:00+05:30,USR-008,
SHOP-004,PRD-0080,sale,-1,sale,SALE-000132,,2026-07-22T19:10:00+05:30,USR-008,
SHOP-004,PRD-0086,sale,-1,sale,SALE-000132,,2026-07-22T19:10:00+05:30,USR-008,
SHOP-004,PRD-0094,sale,-1,sale,SALE-000133,,2026-07-22T15:20:00+05:30,USR-008,
SHOP-004,PRD-0088,sale,-2,sale,SALE-000133,,2026-07-22T15:20:00+05:30,USR-008,
SHOP-004,PRD-0081,damage,-3,,,Expired: past best-before date,2026-07-22T21:00:00+05:30,USR-008,
SHOP-005,PRD-0119,sale,-3,sale,SALE-000134,,2026-07-22T10:40:00+05:30,USR-010,
SHOP-005,PRD-0121,purchase_receipt,8,purchase_order,PO-00004,,2026-07-23T10:00:00+05:30,USR-009,
SHOP-001,PRD-0016,sale,-2,sale,SALE-000135,,2026-07-23T12:50:00+05:30,USR-002,
SHOP-001,PRD-0010,sale,-2,sale,SALE-000135,,2026-07-23T12:50:00+05:30,USR-002,
SHOP-001,PRD-0020,sale,-2,sale,SALE-000135,,2026-07-23T12:50:00+05:30,USR-002,
SHOP-001,PRD-0025,sale,-2,sale,SALE-000135,,2026-07-23T12:50:00+05:30,USR-002,
SHOP-001,PRD-0014,sale,-2,sale,SALE-000136,,2026-07-23T13:10:00+05:30,USR-002,
SHOP-002,PRD-0036,sale,-2,sale,SALE-000137,,2026-07-23T18:10:00+05:30,USR-004,
SHOP-002,PRD-0031,sale,-8,sale,SALE-000137,,2026-07-23T18:10:00+05:30,USR-004,
SHOP-002,PRD-0035,sale,-17,sale,SALE-000137,,2026-07-23T18:10:00+05:30,USR-004,
SHOP-004,PRD-0089,sale,-2,sale,SALE-000138,,2026-07-23T19:50:00+05:30,USR-008,
SHOP-004,PRD-0089,sale,-2,sale,SALE-000139,,2026-07-23T10:20:00+05:30,USR-008,
SHOP-004,PRD-0080,sale,-2,sale,SALE-000140,,2026-07-23T14:50:00+05:30,USR-008,
SHOP-004,PRD-0084,sale,-2,sale,SALE-000140,,2026-07-23T14:50:00+05:30,USR-008,
SHOP-004,PRD-0081,sale,-2,sale,SALE-000140,,2026-07-23T14:50:00+05:30,USR-008,
SHOP-005,PRD-0102,sale,-1,sale,SALE-000141,,2026-07-23T17:50:00+05:30,USR-010,
SHOP-005,PRD-0113,sale,-1,sale,SALE-000141,,2026-07-23T17:50:00+05:30,USR-010,
SHOP-005,PRD-0106,sale,-2,sale,SALE-000141,,2026-07-23T17:50:00+05:30,USR-010,
SHOP-005,PRD-0106,purchase_receipt,15,purchase_order,PO-00006,,2026-07-24T10:00:00+05:30,USR-009,
SHOP-001,PRD-0021,sale,-2,sale,SALE-000142,,2026-07-24T09:50:00+05:30,USR-002,
SHOP-001,PRD-0008,sale,-1,sale,SALE-000143,,2026-07-24T13:00:00+05:30,USR-002,
SHOP-003,PRD-0066,sale,-1,sale,SALE-000144,,2026-07-24T16:20:00+05:30,USR-006,
SHOP-003,PRD-0057,sale,-1,sale,SALE-000144,,2026-07-24T16:20:00+05:30,USR-006,
SHOP-003,PRD-0056,sale,-1,sale,SALE-000144,,2026-07-24T16:20:00+05:30,USR-006,
SHOP-004,PRD-0101,sale,-2,sale,SALE-000145,,2026-07-24T10:50:00+05:30,USR-008,
SHOP-004,PRD-0092,sale,-1,sale,SALE-000145,,2026-07-24T10:50:00+05:30,USR-008,
SHOP-004,PRD-0080,sale,-1,sale,SALE-000145,,2026-07-24T10:50:00+05:30,USR-008,
SHOP-005,PRD-0108,sale,-1,sale,SALE-000146,,2026-07-24T13:30:00+05:30,USR-010,
SHOP-005,PRD-0103,sale,-2,sale,SALE-000146,,2026-07-24T13:30:00+05:30,USR-010,
SHOP-005,PRD-0111,sale,-2,sale,SALE-000146,,2026-07-24T13:30:00+05:30,USR-010,
SHOP-005,PRD-0102,sale,-3,sale,SALE-000146,,2026-07-24T13:30:00+05:30,USR-010,
SHOP-002,PRD-0051,purchase_receipt,12,purchase_order,PO-00005,,2026-07-25T10:00:00+05:30,USR-003,
SHOP-001,PRD-0010,sale,-2,sale,SALE-000147,,2026-07-25T17:10:00+05:30,USR-002,
SHOP-001,PRD-0028,sale,-1,sale,SALE-000147,,2026-07-25T17:10:00+05:30,USR-002,
SHOP-001,PRD-0023,sale,-1,sale,SALE-000147,,2026-07-25T17:10:00+05:30,USR-002,
SHOP-001,PRD-0025,sale,-1,sale,SALE-000148,,2026-07-25T15:00:00+05:30,USR-002,
SHOP-001,PRD-0021,sale,-1,sale,SALE-000148,,2026-07-25T15:00:00+05:30,USR-002,
SHOP-002,PRD-0054,sale,-1,sale,SALE-000149,,2026-07-25T12:10:00+05:30,USR-004,
SHOP-004,PRD-0081,sale,-1,sale,SALE-000150,,2026-07-25T08:10:00+05:30,USR-008,
SHOP-004,PRD-0086,sale,-2,sale,SALE-000150,,2026-07-25T08:10:00+05:30,USR-008,
SHOP-004,PRD-0083,sale,-3,sale,SALE-000150,,2026-07-25T08:10:00+05:30,USR-008,
SHOP-004,PRD-0092,sale,-1,sale,SALE-000150,,2026-07-25T08:10:00+05:30,USR-008,
SHOP-001,PRD-0002,sale,-3,sale,SALE-000151,,2026-07-26T12:10:00+05:30,USR-002,
SHOP-001,PRD-0009,sale,-1,sale,SALE-000151,,2026-07-26T12:10:00+05:30,USR-002,
SHOP-001,PRD-0015,sale,-3,sale,SALE-000152,,2026-07-26T08:40:00+05:30,USR-002,
SHOP-003,PRD-0056,sale,-1,sale,SALE-000153,,2026-07-26T09:40:00+05:30,USR-006,
SHOP-004,PRD-0083,sale,-1,sale,SALE-000154,,2026-07-26T17:40:00+05:30,USR-008,
SHOP-004,PRD-0094,sale,-3,sale,SALE-000155,,2026-07-26T17:40:00+05:30,USR-008,
SHOP-004,PRD-0092,sale,-1,sale,SALE-000155,,2026-07-26T17:40:00+05:30,USR-008,
SHOP-004,PRD-0092,damage,-2,,,Expired: past best-before date,2026-07-26T21:00:00+05:30,USR-008,
SHOP-005,PRD-0113,purchase_receipt,10,purchase_order,PO-00008,,2026-07-27T10:00:00+05:30,USR-009,
SHOP-004,PRD-0083,purchase_receipt,20,purchase_order,PO-00009,,2026-07-27T10:00:00+05:30,USR-007,
SHOP-001,PRD-0010,sale,-2,sale,SALE-000156,,2026-07-27T16:50:00+05:30,USR-002,
SHOP-001,PRD-0001,sale,-1,sale,SALE-000157,,2026-07-27T08:30:00+05:30,USR-002,
SHOP-002,PRD-0046,sale,-2,sale,SALE-000158,,2026-07-27T12:00:00+05:30,USR-004,
SHOP-002,PRD-0030,sale,-2,sale,SALE-000158,,2026-07-27T12:00:00+05:30,USR-004,
SHOP-002,PRD-0041,sale,-2,sale,SALE-000159,,2026-07-27T18:50:00+05:30,USR-004,
SHOP-003,PRD-0055,sale,-1,sale,SALE-000160,,2026-07-27T09:30:00+05:30,USR-006,
SHOP-004,PRD-0080,sale,-1,sale,SALE-000161,,2026-07-27T12:50:00+05:30,USR-008,
SHOP-004,PRD-0088,sale,-1,sale,SALE-000161,,2026-07-27T12:50:00+05:30,USR-008,
SHOP-004,PRD-0084,sale,-1,sale,SALE-000161,,2026-07-27T12:50:00+05:30,USR-008,
SHOP-004,PRD-0095,sale,-1,sale,SALE-000161,,2026-07-27T12:50:00+05:30,USR-008,
SHOP-002,PRD-0035,purchase_receipt,25,purchase_order,PO-00007,,2026-07-28T10:00:00+05:30,USR-003,
SHOP-003,PRD-0067,sale,-1,sale,SALE-000162,,2026-07-28T15:20:00+05:30,USR-006,
SHOP-003,PRD-0056,sale,-1,sale,SALE-000162,,2026-07-28T15:20:00+05:30,USR-006,
SHOP-003,PRD-0069,sale,-1,sale,SALE-000162,,2026-07-28T15:20:00+05:30,USR-006,
SHOP-005,PRD-0119,sale,-1,sale,SALE-000163,,2026-07-28T08:10:00+05:30,USR-010,
SHOP-005,PRD-0107,sale,-2,sale,SALE-000163,,2026-07-28T08:10:00+05:30,USR-010,
SHOP-001,PRD-0008,sale,-1,sale,SALE-000164,,2026-07-29T17:20:00+05:30,USR-002,
SHOP-001,PRD-0014,sale,-1,sale,SALE-000164,,2026-07-29T17:20:00+05:30,USR-002,
SHOP-001,PRD-0012,sale,-2,sale,SALE-000165,,2026-07-29T20:10:00+05:30,USR-002,
SHOP-004,PRD-0080,customer_return,1,sale,SALE-000161,Customer return: Duplicate purchase,2026-07-29T12:00:00+05:30,USR-008,
SHOP-004,PRD-0088,customer_return,1,sale,SALE-000161,Customer return: Duplicate purchase,2026-07-29T12:00:00+05:30,USR-008,
SHOP-004,PRD-0084,customer_return,1,sale,SALE-000161,Customer return: Duplicate purchase,2026-07-29T12:00:00+05:30,USR-008,
SHOP-004,PRD-0095,customer_return,1,sale,SALE-000161,Customer return: Duplicate purchase,2026-07-29T12:00:00+05:30,USR-008,
SHOP-005,PRD-0109,sale,-1,sale,SALE-000166,,2026-07-29T08:10:00+05:30,USR-010,
SHOP-001,PRD-0010,purchase_receipt,20,purchase_order,PO-00010,,2026-07-30T10:00:00+05:30,USR-001,
SHOP-002,PRD-0038,sale,-1,sale,SALE-000167,,2026-07-30T13:30:00+05:30,USR-004,
SHOP-003,PRD-0076,sale,-1,sale,SALE-000168,,2026-07-30T10:00:00+05:30,USR-006,
SHOP-004,PRD-0087,sale,-2,sale,SALE-000169,,2026-07-30T09:00:00+05:30,USR-008,
SHOP-004,PRD-0092,sale,-1,sale,SALE-000170,,2026-07-30T10:00:00+05:30,USR-008,
SHOP-004,PRD-0080,sale,-3,sale,SALE-000170,,2026-07-30T10:00:00+05:30,USR-008,
SHOP-004,PRD-0096,sale,-1,sale,SALE-000170,,2026-07-30T10:00:00+05:30,USR-008,
SHOP-004,PRD-0084,sale,-1,sale,SALE-000170,,2026-07-30T10:00:00+05:30,USR-008,
SHOP-005,PRD-0102,sale,-1,sale,SALE-000171,,2026-07-30T10:00:00+05:30,USR-010,
SHOP-005,PRD-0103,sale,-2,sale,SALE-000172,,2026-07-30T18:00:00+05:30,USR-010,
SHOP-001,PRD-0025,sale,-1,sale,SALE-000173,,2026-07-31T15:00:00+05:30,USR-002,
SHOP-001,PRD-0023,sale,-1,sale,SALE-000174,,2026-07-31T11:10:00+05:30,USR-002,
SHOP-001,PRD-0010,sale,-2,sale,SALE-000174,,2026-07-31T11:10:00+05:30,USR-002,
SHOP-003,PRD-0074,sale,-1,sale,SALE-000175,,2026-07-31T14:10:00+05:30,USR-006,
SHOP-003,PRD-0062,sale,-1,sale,SALE-000175,,2026-07-31T14:10:00+05:30,USR-006,
SHOP-004,PRD-0101,sale,-3,sale,SALE-000176,,2026-07-31T16:30:00+05:30,USR-008,
SHOP-005,PRD-0107,sale,-1,sale,SALE-000177,,2026-07-31T12:00:00+05:30,USR-010,
SHOP-001,PRD-0007,sale,-1,sale,SALE-000178,,2026-08-01T20:50:00+05:30,USR-002,
SHOP-003,PRD-0058,sale,-1,sale,SALE-000179,,2026-08-01T19:20:00+05:30,USR-006,
SHOP-004,PRD-0081,sale,-2,sale,SALE-000180,,2026-08-01T11:40:00+05:30,USR-008,
SHOP-004,PRD-0099,sale,-2,sale,SALE-000180,,2026-08-01T11:40:00+05:30,USR-008,
SHOP-004,PRD-0096,sale,-1,sale,SALE-000180,,2026-08-01T11:40:00+05:30,USR-008,
SHOP-004,PRD-0097,damage,-2,,,Expired: past best-before date,2026-08-01T21:00:00+05:30,USR-008,
SHOP-004,PRD-0101,customer_return,3,sale,SALE-000176,Customer return: Item defective,2026-08-01T12:00:00+05:30,USR-008,
SHOP-003,PRD-0068,sale,-2,sale,SALE-000181,,2026-08-02T13:10:00+05:30,USR-006,
SHOP-003,PRD-0067,sale,-1,sale,SALE-000181,,2026-08-02T13:10:00+05:30,USR-006,
SHOP-004,PRD-0091,sale,-2,sale,SALE-000182,,2026-08-02T17:20:00+05:30,USR-008,
SHOP-004,PRD-0081,sale,-3,sale,SALE-000182,,2026-08-02T17:20:00+05:30,USR-008,
SHOP-004,PRD-0085,sale,-3,sale,SALE-000183,,2026-08-02T19:40:00+05:30,USR-008,
SHOP-005,PRD-0119,sale,-1,sale,SALE-000184,,2026-08-02T10:20:00+05:30,USR-010,
SHOP-005,PRD-0122,sale,-3,sale,SALE-000184,,2026-08-02T10:20:00+05:30,USR-010,
SHOP-005,PRD-0107,sale,-1,sale,SALE-000185,,2026-08-02T09:50:00+05:30,USR-010,
SHOP-002,PRD-0038,purchase_receipt,10,purchase_order,PO-00011,,2026-08-03T10:00:00+05:30,USR-003,
SHOP-001,PRD-0001,sale,-2,sale,SALE-000186,,2026-08-03T20:40:00+05:30,USR-002,
SHOP-001,PRD-0010,sale,-2,sale,SALE-000186,,2026-08-03T20:40:00+05:30,USR-002,
SHOP-001,PRD-0020,sale,-2,sale,SALE-000186,,2026-08-03T20:40:00+05:30,USR-002,
SHOP-001,PRD-0029,sale,-1,sale,SALE-000186,,2026-08-03T20:40:00+05:30,USR-002,
SHOP-001,PRD-0006,sale,-1,sale,SALE-000187,,2026-08-03T14:10:00+05:30,USR-002,
SHOP-001,PRD-0011,sale,-1,sale,SALE-000187,,2026-08-03T14:10:00+05:30,USR-002,
SHOP-001,PRD-0022,sale,-1,sale,SALE-000187,,2026-08-03T14:10:00+05:30,USR-002,
SHOP-001,PRD-0002,sale,-1,sale,SALE-000187,,2026-08-03T14:10:00+05:30,USR-002,
SHOP-003,PRD-0076,sale,-2,sale,SALE-000188,,2026-08-03T13:10:00+05:30,USR-006,
SHOP-003,PRD-0057,sale,-1,sale,SALE-000188,,2026-08-03T13:10:00+05:30,USR-006,
SHOP-004,PRD-0088,sale,-2,sale,SALE-000189,,2026-08-03T13:00:00+05:30,USR-008,
SHOP-004,PRD-0091,sale,-2,sale,SALE-000189,,2026-08-03T13:00:00+05:30,USR-008,
SHOP-004,PRD-0083,sale,-2,sale,SALE-000189,,2026-08-03T13:00:00+05:30,USR-008,
SHOP-004,PRD-0080,sale,-2,sale,SALE-000189,,2026-08-03T13:00:00+05:30,USR-008,
SHOP-004,PRD-0090,sale,-3,sale,SALE-000190,,2026-08-03T14:30:00+05:30,USR-008,
SHOP-004,PRD-0088,sale,-1,sale,SALE-000190,,2026-08-03T14:30:00+05:30,USR-008,
SHOP-004,PRD-0080,sale,-1,sale,SALE-000190,,2026-08-03T14:30:00+05:30,USR-008,
SHOP-004,PRD-0081,sale,-2,sale,SALE-000190,,2026-08-03T14:30:00+05:30,USR-008,
SHOP-004,PRD-0091,sale,-2,sale,SALE-000191,,2026-08-03T14:20:00+05:30,USR-008,
SHOP-004,PRD-0081,damage,-2,,,Expired: past best-before date,2026-08-03T21:00:00+05:30,USR-008,
SHOP-005,PRD-0102,sale,-1,sale,SALE-000192,,2026-08-03T20:40:00+05:30,USR-010,
SHOP-005,PRD-0113,sale,-3,sale,SALE-000192,,2026-08-03T20:40:00+05:30,USR-010,
SHOP-005,PRD-0112,sale,-1,sale,SALE-000192,,2026-08-03T20:40:00+05:30,USR-010,
SHOP-001,PRD-0008,sale,-3,sale,SALE-000193,,2026-08-04T16:40:00+05:30,USR-002,
SHOP-001,PRD-0010,sale,-1,sale,SALE-000193,,2026-08-04T16:40:00+05:30,USR-002,
SHOP-001,PRD-0004,sale,-1,sale,SALE-000194,,2026-08-04T14:00:00+05:30,USR-002,
SHOP-001,PRD-0028,sale,-1,sale,SALE-000194,,2026-08-04T14:00:00+05:30,USR-002,
SHOP-001,PRD-0011,sale,-1,sale,SALE-000194,,2026-08-04T14:00:00+05:30,USR-002,
SHOP-004,PRD-0088,sale,-2,sale,SALE-000195,,2026-08-04T09:30:00+05:30,USR-008,
SHOP-004,PRD-0098,sale,-2,sale,SALE-000195,,2026-08-04T09:30:00+05:30,USR-008,
SHOP-004,PRD-0094,sale,-2,sale,SALE-000195,,2026-08-04T09:30:00+05:30,USR-008,
SHOP-004,PRD-0089,sale,-1,sale,SALE-000196,,2026-08-04T13:30:00+05:30,USR-008,
SHOP-004,PRD-0100,sale,-2,sale,SALE-000196,,2026-08-04T13:30:00+05:30,USR-008,
SHOP-004,PRD-0080,sale,-1,sale,SALE-000196,,2026-08-04T13:30:00+05:30,USR-008,
SHOP-004,PRD-0090,sale,-1,sale,SALE-000197,,2026-08-04T14:20:00+05:30,USR-008,
SHOP-004,PRD-0080,sale,-2,sale,SALE-000197,,2026-08-04T14:20:00+05:30,USR-008,
SHOP-004,PRD-0083,sale,-2,sale,SALE-000197,,2026-08-04T14:20:00+05:30,USR-008,
SHOP-005,PRD-0102,sale,-1,sale,SALE-000198,,2026-08-04T19:50:00+05:30,USR-010,
SHOP-005,PRD-0115,sale,-1,sale,SALE-000198,,2026-08-04T19:50:00+05:30,USR-010,
SHOP-001,PRD-0001,purchase_receipt,10,purchase_order,PO-00012,,2026-08-05T10:00:00+05:30,USR-001,
SHOP-001,PRD-0006,purchase_receipt,15,purchase_order,PO-00012,,2026-08-05T10:00:00+05:30,USR-001,
SHOP-002,PRD-0049,sale,-1,sale,SALE-000199,,2026-08-05T20:40:00+05:30,USR-004,
SHOP-002,PRD-0048,sale,-1,sale,SALE-000199,,2026-08-05T20:40:00+05:30,USR-004,
SHOP-002,PRD-0040,sale,-1,sale,SALE-000199,,2026-08-05T20:40:00+05:30,USR-004,
SHOP-003,PRD-0072,sale,-1,sale,SALE-000200,,2026-08-05T08:20:00+05:30,USR-006,
SHOP-004,PRD-0080,sale,-2,sale,SALE-000201,,2026-08-05T19:00:00+05:30,USR-008,
SHOP-004,PRD-0085,sale,-2,sale,SALE-000201,,2026-08-05T19:00:00+05:30,USR-008,
SHOP-004,PRD-0090,sale,-2,sale,SALE-000201,,2026-08-05T19:00:00+05:30,USR-008,
SHOP-004,PRD-0081,sale,-1,sale,SALE-000201,,2026-08-05T19:00:00+05:30,USR-008,
SHOP-004,PRD-0081,sale,-2,sale,SALE-000202,,2026-08-05T11:50:00+05:30,USR-008,
SHOP-004,PRD-0086,damage,-2,,,Expired: past best-before date,2026-08-05T21:00:00+05:30,USR-008,
SHOP-005,PRD-0102,sale,-1,sale,SALE-000203,,2026-08-05T18:20:00+05:30,USR-010,
SHOP-005,PRD-0119,sale,-1,sale,SALE-000203,,2026-08-05T18:20:00+05:30,USR-010,
SHOP-005,PRD-0112,sale,-1,sale,SALE-000203,,2026-08-05T18:20:00+05:30,USR-010,
SHOP-005,PRD-0111,sale,-2,sale,SALE-000203,,2026-08-05T18:20:00+05:30,USR-010,
SHOP-005,PRD-0109,sale,-1,sale,SALE-000204,,2026-08-05T08:40:00+05:30,USR-010,
SHOP-005,PRD-0105,sale,-3,sale,SALE-000204,,2026-08-05T08:40:00+05:30,USR-010,
SHOP-004,PRD-0085,purchase_receipt,12,purchase_order,PO-00013,,2026-08-06T10:00:00+05:30,USR-007,
SHOP-001,PRD-0008,sale,-3,sale,SALE-000205,,2026-08-06T08:40:00+05:30,USR-002,
SHOP-001,PRD-0007,sale,-1,sale,SALE-000205,,2026-08-06T08:40:00+05:30,USR-002,
SHOP-001,PRD-0016,sale,-1,sale,SALE-000205,,2026-08-06T08:40:00+05:30,USR-002,
SHOP-001,PRD-0028,sale,-1,sale,SALE-000205,,2026-08-06T08:40:00+05:30,USR-002,
SHOP-001,PRD-0004,sale,-2,sale,SALE-000206,,2026-08-06T17:10:00+05:30,USR-002,
SHOP-001,PRD-0001,sale,-2,sale,SALE-000206,,2026-08-06T17:10:00+05:30,USR-002,
SHOP-001,PRD-0013,sale,-2,sale,SALE-000206,,2026-08-06T17:10:00+05:30,USR-002,
SHOP-001,PRD-0008,sale,-3,sale,SALE-000206,,2026-08-06T17:10:00+05:30,USR-002,
SHOP-002,PRD-0036,sale,-2,sale,SALE-000207,,2026-08-06T16:10:00+05:30,USR-004,
SHOP-002,PRD-0034,sale,-1,sale,SALE-000207,,2026-08-06T16:10:00+05:30,USR-004,
SHOP-002,PRD-0032,sale,-1,sale,SALE-000207,,2026-08-06T16:10:00+05:30,USR-004,
SHOP-002,PRD-0044,sale,-1,sale,SALE-000207,,2026-08-06T16:10:00+05:30,USR-004,
SHOP-002,PRD-0044,sale,-1,sale,SALE-000208,,2026-08-06T13:20:00+05:30,USR-004,
SHOP-002,PRD-0033,sale,-3,sale,SALE-000208,,2026-08-06T13:20:00+05:30,USR-004,
SHOP-004,PRD-0088,sale,-1,sale,SALE-000209,,2026-08-06T14:40:00+05:30,USR-008,
SHOP-004,PRD-0081,sale,-1,sale,SALE-000210,,2026-08-06T15:10:00+05:30,USR-008,
SHOP-004,PRD-0088,sale,-3,sale,SALE-000211,,2026-08-06T08:00:00+05:30,USR-008,
SHOP-001,PRD-0006,sale,-1,sale,SALE-000212,,2026-08-07T11:10:00+05:30,USR-002,
SHOP-001,PRD-0009,sale,-2,sale,SALE-000212,,2026-08-07T11:10:00+05:30,USR-002,
SHOP-001,PRD-0001,sale,-1,sale,SALE-000212,,2026-08-07T11:10:00+05:30,USR-002,
SHOP-001,PRD-0008,sale,-2,sale,SALE-000213,,2026-08-07T09:00:00+05:30,USR-002,
SHOP-001,PRD-0003,sale,-2,sale,SALE-000213,,2026-08-07T09:00:00+05:30,USR-002,
SHOP-002,PRD-0050,sale,-1,sale,SALE-000214,,2026-08-07T20:30:00+05:30,USR-004,
SHOP-002,PRD-0054,sale,-2,sale,SALE-000214,,2026-08-07T20:30:00+05:30,USR-004,
SHOP-002,PRD-0054,sale,-1,sale,SALE-000215,,2026-08-07T18:20:00+05:30,USR-004,
SHOP-002,PRD-0032,sale,-1,sale,SALE-000215,,2026-08-07T18:20:00+05:30,USR-004,
SHOP-002,PRD-0030,sale,-3,sale,SALE-000215,,2026-08-07T18:20:00+05:30,USR-004,
SHOP-002,PRD-0040,sale,-3,sale,SALE-000215,,2026-08-07T18:20:00+05:30,USR-004,
SHOP-003,PRD-0056,sale,-1,sale,SALE-000216,,2026-08-07T11:50:00+05:30,USR-006,
SHOP-003,PRD-0072,sale,-2,sale,SALE-000216,,2026-08-07T11:50:00+05:30,USR-006,
SHOP-003,PRD-0055,sale,-1,sale,SALE-000216,,2026-08-07T11:50:00+05:30,USR-006,
SHOP-003,PRD-0061,sale,-2,sale,SALE-000216,,2026-08-07T11:50:00+05:30,USR-006,
SHOP-003,PRD-0059,sale,-3,sale,SALE-000217,,2026-08-07T16:20:00+05:30,USR-006,
SHOP-004,PRD-0088,sale,-2,sale,SALE-000218,,2026-08-07T09:00:00+05:30,USR-008,
SHOP-004,PRD-0094,sale,-2,sale,SALE-000219,,2026-08-07T14:20:00+05:30,USR-008,
SHOP-004,PRD-0099,damage,-2,,,Expired: past best-before date,2026-08-07T21:00:00+05:30,USR-008,
SHOP-005,PRD-0112,sale,-1,sale,SALE-000220,,2026-08-07T18:30:00+05:30,USR-010,
SHOP-001,PRD-0007,sale,-1,sale,SALE-000221,,2026-08-08T13:50:00+05:30,USR-002,
SHOP-001,PRD-0002,sale,-1,sale,SALE-000221,,2026-08-08T13:50:00+05:30,USR-002,
SHOP-001,PRD-0003,sale,-1,sale,SALE-000222,,2026-08-08T10:50:00+05:30,USR-002,
SHOP-002,PRD-0050,sale,-1,sale,SALE-000223,,2026-08-08T15:20:00+05:30,USR-004,
SHOP-002,PRD-0030,sale,-1,sale,SALE-000223,,2026-08-08T15:20:00+05:30,USR-004,
SHOP-003,PRD-0074,sale,-1,sale,SALE-000224,,2026-08-08T17:50:00+05:30,USR-006,
SHOP-003,PRD-0057,sale,-1,sale,SALE-000224,,2026-08-08T17:50:00+05:30,USR-006,
SHOP-003,PRD-0056,sale,-2,sale,SALE-000224,,2026-08-08T17:50:00+05:30,USR-006,
SHOP-003,PRD-0069,sale,-2,sale,SALE-000224,,2026-08-08T17:50:00+05:30,USR-006,
SHOP-004,PRD-0099,sale,-2,sale,SALE-000225,,2026-08-08T12:50:00+05:30,USR-008,
SHOP-004,PRD-0080,sale,-2,sale,SALE-000225,,2026-08-08T12:50:00+05:30,USR-008,
SHOP-005,PRD-0112,sale,-1,sale,SALE-000226,,2026-08-08T14:50:00+05:30,USR-010,
SHOP-005,PRD-0105,sale,-2,sale,SALE-000226,,2026-08-08T14:50:00+05:30,USR-010,
SHOP-005,PRD-0122,sale,-2,sale,SALE-000226,,2026-08-08T14:50:00+05:30,USR-010,
SHOP-005,PRD-0107,sale,-2,sale,SALE-000227,,2026-08-08T17:00:00+05:30,USR-010,
SHOP-005,PRD-0112,sale,-1,sale,SALE-000227,,2026-08-08T17:00:00+05:30,USR-010,
SHOP-005,PRD-0107,damage,-3,,,"Damaged packaging, not sellable",2026-08-08T21:00:00+05:30,USR-010,
SHOP-001,PRD-0011,sale,-2,sale,SALE-000228,,2026-08-09T08:40:00+05:30,USR-002,
SHOP-001,PRD-0024,sale,-3,sale,SALE-000228,,2026-08-09T08:40:00+05:30,USR-002,
SHOP-001,PRD-0003,sale,-3,sale,SALE-000228,,2026-08-09T08:40:00+05:30,USR-002,
SHOP-002,PRD-0034,sale,-1,sale,SALE-000229,,2026-08-09T13:40:00+05:30,USR-004,
SHOP-002,PRD-0040,sale,-1,sale,SALE-000229,,2026-08-09T13:40:00+05:30,USR-004,
SHOP-002,PRD-0032,sale,-1,sale,SALE-000229,,2026-08-09T13:40:00+05:30,USR-004,
SHOP-002,PRD-0045,sale,-1,sale,SALE-000229,,2026-08-09T13:40:00+05:30,USR-004,
SHOP-002,PRD-0039,sale,-1,sale,SALE-000230,,2026-08-09T18:20:00+05:30,USR-004,
SHOP-002,PRD-0044,sale,-1,sale,SALE-000230,,2026-08-09T18:20:00+05:30,USR-004,
SHOP-002,PRD-0046,sale,-3,sale,SALE-000230,,2026-08-09T18:20:00+05:30,USR-004,
SHOP-004,PRD-0093,sale,-2,sale,SALE-000231,,2026-08-09T09:30:00+05:30,USR-008,
SHOP-004,PRD-0080,sale,-1,sale,SALE-000231,,2026-08-09T09:30:00+05:30,USR-008,
SHOP-004,PRD-0090,sale,-2,sale,SALE-000231,,2026-08-09T09:30:00+05:30,USR-008,
SHOP-004,PRD-0081,sale,-1,sale,SALE-000231,,2026-08-09T09:30:00+05:30,USR-008,
SHOP-004,PRD-0100,damage,-1,,,Expired: past best-before date,2026-08-09T21:00:00+05:30,USR-008,
SHOP-005,PRD-0103,sale,-1,sale,SALE-000232,,2026-08-09T16:10:00+05:30,USR-010,
SHOP-005,PRD-0110,sale,-2,sale,SALE-000232,,2026-08-09T16:10:00+05:30,USR-010,
SHOP-005,PRD-0111,sale,-2,sale,SALE-000232,,2026-08-09T16:10:00+05:30,USR-010,
SHOP-004,PRD-0090,purchase_receipt,25,purchase_order,PO-00015,,2026-08-10T10:00:00+05:30,USR-007,
SHOP-004,PRD-0100,purchase_receipt,24,purchase_order,PO-00016,,2026-08-10T10:00:00+05:30,USR-007,
SHOP-001,PRD-0022,sale,-2,sale,SALE-000233,,2026-08-10T16:20:00+05:30,USR-002,
SHOP-001,PRD-0004,sale,-3,sale,SALE-000233,,2026-08-10T16:20:00+05:30,USR-002,
SHOP-001,PRD-0024,sale,-3,sale,SALE-000234,,2026-08-10T19:20:00+05:30,USR-002,
SHOP-001,PRD-0018,sale,-1,sale,SALE-000234,,2026-08-10T19:20:00+05:30,USR-002,
SHOP-001,PRD-0027,sale,-1,sale,SALE-000234,,2026-08-10T19:20:00+05:30,USR-002,
SHOP-003,PRD-0056,sale,-3,sale,SALE-000235,,2026-08-10T16:20:00+05:30,USR-006,
SHOP-003,PRD-0059,sale,-3,sale,SALE-000235,,2026-08-10T16:20:00+05:30,USR-006,
SHOP-003,PRD-0062,sale,-2,sale,SALE-000235,,2026-08-10T16:20:00+05:30,USR-006,
SHOP-003,PRD-0064,sale,-3,sale,SALE-000235,,2026-08-10T16:20:00+05:30,USR-006,
SHOP-001,PRD-0022,sale,-2,sale,SALE-000236,,2026-08-11T19:50:00+05:30,USR-002,
SHOP-001,PRD-0006,sale,-1,sale,SALE-000236,,2026-08-11T19:50:00+05:30,USR-002,
SHOP-001,PRD-0013,sale,-2,sale,SALE-000236,,2026-08-11T19:50:00+05:30,USR-002,
SHOP-001,PRD-0009,sale,-3,sale,SALE-000236,,2026-08-11T19:50:00+05:30,USR-002,
SHOP-001,PRD-0022,sale,-2,sale,SALE-000237,,2026-08-11T18:20:00+05:30,USR-002,
SHOP-001,PRD-0007,sale,-2,sale,SALE-000237,,2026-08-11T18:20:00+05:30,USR-002,
SHOP-001,PRD-0016,sale,-2,sale,SALE-000237,,2026-08-11T18:20:00+05:30,USR-002,
SHOP-002,PRD-0051,sale,-3,sale,SALE-000238,,2026-08-11T19:40:00+05:30,USR-004,
SHOP-003,PRD-0056,sale,-1,sale,SALE-000239,,2026-08-11T12:00:00+05:30,USR-006,
SHOP-003,PRD-0077,sale,-2,sale,SALE-000239,,2026-08-11T12:00:00+05:30,USR-006,
SHOP-003,PRD-0069,sale,-1,sale,SALE-000239,,2026-08-11T12:00:00+05:30,USR-006,
SHOP-003,PRD-0055,sale,-1,sale,SALE-000239,,2026-08-11T12:00:00+05:30,USR-006,
SHOP-004,PRD-0080,sale,-3,sale,SALE-000240,,2026-08-11T09:50:00+05:30,USR-008,
SHOP-004,PRD-0099,sale,-1,sale,SALE-000240,,2026-08-11T09:50:00+05:30,USR-008,
SHOP-004,PRD-0090,sale,-2,sale,SALE-000240,,2026-08-11T09:50:00+05:30,USR-008,
SHOP-005,PRD-0107,purchase_receipt,10,purchase_order,PO-00014,,2026-08-12T10:00:00+05:30,USR-009,
SHOP-001,PRD-0013,sale,-3,sale,SALE-000241,,2026-08-12T18:40:00+05:30,USR-002,
SHOP-001,PRD-0029,sale,-1,sale,SALE-000241,,2026-08-12T18:40:00+05:30,USR-002,
SHOP-001,PRD-0023,sale,-1,sale,SALE-000241,,2026-08-12T18:40:00+05:30,USR-002,
SHOP-001,PRD-0028,sale,-3,sale,SALE-000242,,2026-08-12T14:00:00+05:30,USR-002,
SHOP-002,PRD-0040,sale,-1,sale,SALE-000243,,2026-08-12T09:10:00+05:30,USR-004,
SHOP-002,PRD-0039,sale,-3,sale,SALE-000243,,2026-08-12T09:10:00+05:30,USR-004,
SHOP-003,PRD-0067,sale,-1,sale,SALE-000244,,2026-08-12T14:00:00+05:30,USR-006,
SHOP-003,PRD-0072,sale,-3,sale,SALE-000245,,2026-08-12T10:20:00+05:30,USR-006,
SHOP-003,PRD-0056,sale,-1,sale,SALE-000245,,2026-08-12T10:20:00+05:30,USR-006,
SHOP-003,PRD-0067,sale,-1,sale,SALE-000245,,2026-08-12T10:20:00+05:30,USR-006,
SHOP-003,PRD-0055,sale,-1,sale,SALE-000245,,2026-08-12T10:20:00+05:30,USR-006,
SHOP-004,PRD-0086,sale,-2,sale,SALE-000246,,2026-08-12T18:00:00+05:30,USR-008,
SHOP-004,PRD-0090,sale,-1,sale,SALE-000246,,2026-08-12T18:00:00+05:30,USR-008,
SHOP-005,PRD-0102,sale,-2,sale,SALE-000247,,2026-08-12T09:20:00+05:30,USR-010,
SHOP-005,PRD-0117,sale,-1,sale,SALE-000247,,2026-08-12T09:20:00+05:30,USR-010,
SHOP-005,PRD-0108,sale,-1,sale,SALE-000247,,2026-08-12T09:20:00+05:30,USR-010,
SHOP-005,PRD-0108,sale,-1,sale,SALE-000248,,2026-08-12T19:30:00+05:30,USR-010,
SHOP-005,PRD-0116,sale,-2,sale,SALE-000248,,2026-08-12T19:30:00+05:30,USR-010,
SHOP-001,PRD-0014,sale,-2,sale,SALE-000249,,2026-08-13T08:00:00+05:30,USR-002,
SHOP-001,PRD-0014,sale,-3,sale,SALE-000250,,2026-08-13T10:10:00+05:30,USR-002,
SHOP-001,PRD-0003,sale,-3,sale,SALE-000250,,2026-08-13T10:10:00+05:30,USR-002,
SHOP-001,PRD-0006,sale,-1,sale,SALE-000250,,2026-08-13T10:10:00+05:30,USR-002,
SHOP-002,PRD-0047,sale,-2,sale,SALE-000251,,2026-08-13T17:30:00+05:30,USR-004,
SHOP-002,PRD-0049,sale,-3,sale,SALE-000251,,2026-08-13T17:30:00+05:30,USR-004,
SHOP-002,PRD-0052,sale,-2,sale,SALE-000251,,2026-08-13T17:30:00+05:30,USR-004,
SHOP-002,PRD-0054,sale,-1,sale,SALE-000251,,2026-08-13T17:30:00+05:30,USR-004,
SHOP-003,PRD-0075,sale,-1,sale,SALE-000252,,2026-08-13T13:40:00+05:30,USR-006,
SHOP-004,PRD-0100,sale,-1,sale,SALE-000253,,2026-08-13T19:50:00+05:30,USR-008,
SHOP-004,PRD-0081,sale,-1,sale,SALE-000253,,2026-08-13T19:50:00+05:30,USR-008,
SHOP-005,PRD-0118,sale,-1,sale,SALE-000254,,2026-08-13T17:00:00+05:30,USR-010,
SHOP-005,PRD-0109,sale,-1,sale,SALE-000254,,2026-08-13T17:00:00+05:30,USR-010,
SHOP-001,PRD-0002,sale,-2,sale,SALE-000255,,2026-08-14T16:30:00+05:30,USR-002,
SHOP-001,PRD-0001,sale,-2,sale,SALE-000255,,2026-08-14T16:30:00+05:30,USR-002,
SHOP-001,PRD-0013,sale,-1,sale,SALE-000255,,2026-08-14T16:30:00+05:30,USR-002,
SHOP-001,PRD-0014,sale,-1,sale,SALE-000255,,2026-08-14T16:30:00+05:30,USR-002,
SHOP-001,PRD-0009,sale,-1,sale,SALE-000256,,2026-08-14T17:50:00+05:30,USR-002,
SHOP-002,PRD-0040,sale,-2,sale,SALE-000257,,2026-08-14T15:10:00+05:30,USR-004,
SHOP-002,PRD-0044,sale,-3,sale,SALE-000257,,2026-08-14T15:10:00+05:30,USR-004,
SHOP-002,PRD-0050,sale,-1,sale,SALE-000258,,2026-08-14T08:50:00+05:30,USR-004,
SHOP-002,PRD-0031,sale,-1,sale,SALE-000258,,2026-08-14T08:50:00+05:30,USR-004,
SHOP-002,PRD-0046,sale,-2,sale,SALE-000258,,2026-08-14T08:50:00+05:30,USR-004,
SHOP-002,PRD-0052,sale,-1,sale,SALE-000258,,2026-08-14T08:50:00+05:30,USR-004,
SHOP-003,PRD-0055,sale,-3,sale,SALE-000259,,2026-08-14T16:50:00+05:30,USR-006,
SHOP-004,PRD-0085,sale,-2,sale,SALE-000260,,2026-08-14T16:20:00+05:30,USR-008,
SHOP-005,PRD-0110,sale,-2,sale,SALE-000261,,2026-08-14T16:50:00+05:30,USR-010,
SHOP-005,PRD-0111,sale,-1,sale,SALE-000261,,2026-08-14T16:50:00+05:30,USR-010,
SHOP-005,PRD-0104,sale,-2,sale,SALE-000262,,2026-08-14T09:50:00+05:30,USR-010,
SHOP-001,PRD-0001,sale,-2,sale,SALE-000263,,2026-08-15T08:40:00+05:30,USR-002,
SHOP-001,PRD-0002,sale,-2,sale,SALE-000263,,2026-08-15T08:40:00+05:30,USR-002,
SHOP-003,PRD-0057,sale,-2,sale,SALE-000264,,2026-08-15T15:10:00+05:30,USR-006,
SHOP-003,PRD-0056,sale,-2,sale,SALE-000265,,2026-08-15T19:50:00+05:30,USR-006,
SHOP-003,PRD-0064,sale,-3,sale,SALE-000265,,2026-08-15T19:50:00+05:30,USR-006,
SHOP-003,PRD-0070,sale,-2,sale,SALE-000265,,2026-08-15T19:50:00+05:30,USR-006,
SHOP-004,PRD-0081,sale,-2,sale,SALE-000266,,2026-08-15T17:00:00+05:30,USR-008,
SHOP-004,PRD-0080,sale,-2,sale,SALE-000266,,2026-08-15T17:00:00+05:30,USR-008,
SHOP-004,PRD-0080,sale,-1,sale,SALE-000267,,2026-08-15T16:00:00+05:30,USR-008,
SHOP-004,PRD-0094,sale,-1,sale,SALE-000267,,2026-08-15T16:00:00+05:30,USR-008,
SHOP-004,PRD-0088,sale,-2,sale,SALE-000267,,2026-08-15T16:00:00+05:30,USR-008,
SHOP-004,PRD-0091,sale,-2,sale,SALE-000268,,2026-08-15T17:50:00+05:30,USR-008,
SHOP-004,PRD-0088,sale,-2,sale,SALE-000268,,2026-08-15T17:50:00+05:30,USR-008,
SHOP-004,PRD-0085,sale,-1,sale,SALE-000268,,2026-08-15T17:50:00+05:30,USR-008,
SHOP-004,PRD-0080,sale,-2,sale,SALE-000268,,2026-08-15T17:50:00+05:30,USR-008,
SHOP-005,PRD-0110,sale,-1,sale,SALE-000269,,2026-08-15T12:10:00+05:30,USR-010,
SHOP-005,PRD-0105,sale,-1,sale,SALE-000269,,2026-08-15T12:10:00+05:30,USR-010,
SHOP-005,PRD-0111,sale,-1,sale,SALE-000270,,2026-08-15T14:50:00+05:30,USR-010,
SHOP-002,PRD-0039,purchase_receipt,15,purchase_order,PO-00017,,2026-08-16T10:00:00+05:30,USR-003,
SHOP-004,PRD-0088,purchase_receipt,30,purchase_order,PO-00018,,2026-08-16T10:00:00+05:30,USR-007,
SHOP-001,PRD-0005,sale,-2,sale,SALE-000271,,2026-08-16T17:20:00+05:30,USR-002,
SHOP-001,PRD-0014,sale,-1,sale,SALE-000271,,2026-08-16T17:20:00+05:30,USR-002,
SHOP-001,PRD-0020,sale,-3,sale,SALE-000272,,2026-08-16T15:50:00+05:30,USR-002,
SHOP-001,PRD-0024,sale,-1,sale,SALE-000272,,2026-08-16T15:50:00+05:30,USR-002,
SHOP-001,PRD-0006,sale,-2,sale,SALE-000273,,2026-08-16T17:50:00+05:30,USR-002,
SHOP-002,PRD-0048,sale,-1,sale,SALE-000274,,2026-08-16T09:00:00+05:30,USR-004,
SHOP-003,PRD-0065,sale,-3,sale,SALE-000275,,2026-08-16T10:50:00+05:30,USR-006,
SHOP-003,PRD-0063,sale,-2,sale,SALE-000275,,2026-08-16T10:50:00+05:30,USR-006,
SHOP-003,PRD-0073,sale,-2,sale,SALE-000276,,2026-08-16T08:40:00+05:30,USR-006,
SHOP-004,PRD-0082,sale,-1,sale,SALE-000277,,2026-08-16T13:50:00+05:30,USR-008,
SHOP-004,PRD-0080,sale,-1,sale,SALE-000277,,2026-08-16T13:50:00+05:30,USR-008,
SHOP-004,PRD-0088,sale,-3,sale,SALE-000278,,2026-08-16T16:20:00+05:30,USR-008,
SHOP-004,PRD-0099,sale,-1,sale,SALE-000279,,2026-08-16T15:30:00+05:30,USR-008,
SHOP-004,PRD-0084,sale,-1,sale,SALE-000279,,2026-08-16T15:30:00+05:30,USR-008,
SHOP-004,PRD-0100,sale,-2,sale,SALE-000279,,2026-08-16T15:30:00+05:30,USR-008,
SHOP-005,PRD-0110,sale,-1,sale,SALE-000280,,2026-08-16T16:40:00+05:30,USR-010,
SHOP-001,PRD-0015,sale,-3,sale,SALE-000281,,2026-08-17T13:40:00+05:30,USR-002,
SHOP-001,PRD-0029,sale,-3,sale,SALE-000281,,2026-08-17T13:40:00+05:30,USR-002,
SHOP-001,PRD-0007,sale,-3,sale,SALE-000282,,2026-08-17T15:20:00+05:30,USR-002,
SHOP-001,PRD-0003,sale,-3,sale,SALE-000282,,2026-08-17T15:20:00+05:30,USR-002,
SHOP-002,PRD-0046,sale,-5,sale,SALE-000283,,2026-08-17T17:20:00+05:30,USR-004,
SHOP-002,PRD-0033,sale,-4,sale,SALE-000283,,2026-08-17T17:20:00+05:30,USR-004,
SHOP-004,PRD-0097,sale,-1,sale,SALE-000284,,2026-08-17T15:40:00+05:30,USR-008,
SHOP-004,PRD-0081,sale,-2,sale,SALE-000285,,2026-08-17T20:40:00+05:30,USR-008,
SHOP-004,PRD-0094,sale,-1,sale,SALE-000285,,2026-08-17T20:40:00+05:30,USR-008,
SHOP-004,PRD-0088,sale,-3,sale,SALE-000286,,2026-08-17T16:30:00+05:30,USR-008,
SHOP-004,PRD-0086,sale,-1,sale,SALE-000286,,2026-08-17T16:30:00+05:30,USR-008,
SHOP-004,PRD-0097,customer_return,1,sale,SALE-000284,Customer return: Item defective,2026-08-17T12:00:00+05:30,USR-008,
SHOP-005,PRD-0111,sale,-2,sale,SALE-000287,,2026-08-17T17:20:00+05:30,USR-010,
SHOP-005,PRD-0105,sale,-1,sale,SALE-000287,,2026-08-17T17:20:00+05:30,USR-010,
SHOP-001,PRD-0020,purchase_receipt,20,purchase_order,PO-00019,,2026-08-18T10:00:00+05:30,USR-001,
SHOP-002,PRD-0031,sale,-3,sale,SALE-000288,,2026-08-18T10:30:00+05:30,USR-004,
SHOP-002,PRD-0046,sale,-2,sale,SALE-000289,,2026-08-18T19:10:00+05:30,USR-004,
SHOP-002,PRD-0047,sale,-2,sale,SALE-000289,,2026-08-18T19:10:00+05:30,USR-004,
SHOP-002,PRD-0034,sale,-1,sale,SALE-000289,,2026-08-18T19:10:00+05:30,USR-004,
SHOP-003,PRD-0061,sale,-1,sale,SALE-000290,,2026-08-18T13:40:00+05:30,USR-006,
SHOP-004,PRD-0098,sale,-1,sale,SALE-000291,,2026-08-18T10:20:00+05:30,USR-008,
SHOP-004,PRD-0100,sale,-2,sale,SALE-000291,,2026-08-18T10:20:00+05:30,USR-008,
SHOP-005,PRD-0118,sale,-1,sale,SALE-000292,,2026-08-18T18:20:00+05:30,USR-010,
SHOP-005,PRD-0108,sale,-2,sale,SALE-000292,,2026-08-18T18:20:00+05:30,USR-010,
SHOP-001,PRD-0029,purchase_receipt,10,purchase_order,PO-00021,,2026-08-19T10:00:00+05:30,USR-001,
SHOP-001,PRD-0007,sale,-1,sale,SALE-000293,,2026-08-19T14:10:00+05:30,USR-002,
SHOP-001,PRD-0016,sale,-3,sale,SALE-000293,,2026-08-19T14:10:00+05:30,USR-002,
SHOP-001,PRD-0011,sale,-2,sale,SALE-000293,,2026-08-19T14:10:00+05:30,USR-002,
SHOP-001,PRD-0024,sale,-2,sale,SALE-000293,,2026-08-19T14:10:00+05:30,USR-002,
SHOP-001,PRD-0019,sale,-3,sale,SALE-000294,,2026-08-19T19:50:00+05:30,USR-002,
SHOP-002,PRD-0041,sale,-2,sale,SALE-000295,,2026-08-19T12:10:00+05:30,USR-004,
SHOP-002,PRD-0030,sale,-6,sale,SALE-000295,,2026-08-19T12:10:00+05:30,USR-004,
SHOP-003,PRD-0055,sale,-1,sale,SALE-000296,,2026-08-19T13:30:00+05:30,USR-006,
SHOP-004,PRD-0088,sale,-2,sale,SALE-000297,,2026-08-19T12:20:00+05:30,USR-008,
SHOP-004,PRD-0090,sale,-2,sale,SALE-000297,,2026-08-19T12:20:00+05:30,USR-008,
SHOP-004,PRD-0087,sale,-2,sale,SALE-000297,,2026-08-19T12:20:00+05:30,USR-008,
SHOP-004,PRD-0094,sale,-3,sale,SALE-000297,,2026-08-19T12:20:00+05:30,USR-008,
SHOP-004,PRD-0094,purchase_receipt,30,purchase_order,PO-00023,,2026-08-20T10:00:00+05:30,USR-007,
SHOP-001,PRD-0022,sale,-1,sale,SALE-000298,,2026-08-20T16:30:00+05:30,USR-002,
SHOP-001,PRD-0015,sale,-2,sale,SALE-000298,,2026-08-20T16:30:00+05:30,USR-002,
SHOP-001,PRD-0020,sale,-2,sale,SALE-000299,,2026-08-20T20:50:00+05:30,USR-002,
SHOP-001,PRD-0010,sale,-3,sale,SALE-000299,,2026-08-20T20:50:00+05:30,USR-002,
SHOP-001,PRD-0009,sale,-1,sale,SALE-000299,,2026-08-20T20:50:00+05:30,USR-002,
SHOP-001,PRD-0007,sale,-2,sale,SALE-000299,,2026-08-20T20:50:00+05:30,USR-002,
SHOP-002,PRD-0032,sale,-1,sale,SALE-000300,,2026-08-20T15:40:00+05:30,USR-004,
SHOP-002,PRD-0030,sale,-1,sale,SALE-000300,,2026-08-20T15:40:00+05:30,USR-004,
SHOP-002,PRD-0032,sale,-7,sale,SALE-000301,,2026-08-20T19:00:00+05:30,USR-004,
SHOP-002,PRD-0030,sale,-4,sale,SALE-000301,,2026-08-20T19:00:00+05:30,USR-004,
SHOP-003,PRD-0070,sale,-1,sale,SALE-000302,,2026-08-20T08:20:00+05:30,USR-006,
SHOP-003,PRD-0062,sale,-2,sale,SALE-000302,,2026-08-20T08:20:00+05:30,USR-006,
SHOP-004,PRD-0088,sale,-1,sale,SALE-000303,,2026-08-20T14:00:00+05:30,USR-008,
SHOP-004,PRD-0087,damage,-2,,,Expired: past best-before date,2026-08-20T21:00:00+05:30,USR-008,
SHOP-005,PRD-0109,sale,-1,sale,SALE-000304,,2026-08-20T15:30:00+05:30,USR-010,
SHOP-001,PRD-0006,sale,-1,sale,SALE-000305,,2026-08-21T08:40:00+05:30,USR-002,
SHOP-001,PRD-0003,sale,-1,sale,SALE-000305,,2026-08-21T08:40:00+05:30,USR-002,
SHOP-001,PRD-0015,sale,-2,sale,SALE-000305,,2026-08-21T08:40:00+05:30,USR-002,
SHOP-001,PRD-0008,sale,-1,sale,SALE-000305,,2026-08-21T08:40:00+05:30,USR-002,
SHOP-001,PRD-0017,sale,-1,sale,SALE-000306,,2026-08-21T09:50:00+05:30,USR-002,
SHOP-001,PRD-0004,sale,-1,sale,SALE-000306,,2026-08-21T09:50:00+05:30,USR-002,
SHOP-003,PRD-0062,sale,-1,sale,SALE-000307,,2026-08-21T20:50:00+05:30,USR-006,
SHOP-003,PRD-0069,sale,-2,sale,SALE-000308,,2026-08-21T12:00:00+05:30,USR-006,
SHOP-003,PRD-0055,sale,-1,sale,SALE-000308,,2026-08-21T12:00:00+05:30,USR-006,
SHOP-004,PRD-0089,sale,-2,sale,SALE-000309,,2026-08-21T12:40:00+05:30,USR-008,
SHOP-005,PRD-0110,purchase_receipt,10,purchase_order,PO-00020,,2026-08-22T10:00:00+05:30,USR-009,
SHOP-001,PRD-0016,purchase_receipt,20,purchase_order,PO-00022,,2026-08-22T10:00:00+05:30,USR-001,
SHOP-004,PRD-0089,purchase_receipt,20,purchase_order,PO-00024,,2026-08-22T10:00:00+05:30,USR-007,
SHOP-002,PRD-0031,sale,-1,sale,SALE-000310,,2026-08-22T10:10:00+05:30,USR-004,
SHOP-002,PRD-0034,sale,-1,sale,SALE-000310,,2026-08-22T10:10:00+05:30,USR-004,
SHOP-002,PRD-0037,sale,-1,sale,SALE-000310,,2026-08-22T10:10:00+05:30,USR-004,
SHOP-003,PRD-0066,sale,-2,sale,SALE-000311,,2026-08-22T17:50:00+05:30,USR-006,
SHOP-003,PRD-0060,sale,-3,sale,SALE-000311,,2026-08-22T17:50:00+05:30,USR-006,
SHOP-003,PRD-0062,sale,-2,sale,SALE-000311,,2026-08-22T17:50:00+05:30,USR-006,
SHOP-004,PRD-0088,sale,-3,sale,SALE-000312,,2026-08-22T16:50:00+05:30,USR-008,
SHOP-005,PRD-0116,sale,-1,sale,SALE-000313,,2026-08-22T19:00:00+05:30,USR-010,
SHOP-002,PRD-0050,sale,-1,sale,SALE-000314,,2026-08-23T13:50:00+05:30,USR-004,
SHOP-002,PRD-0032,sale,-2,sale,SALE-000314,,2026-08-23T13:50:00+05:30,USR-004,
SHOP-003,PRD-0063,sale,-1,sale,SALE-000315,,2026-08-23T14:50:00+05:30,USR-006,
SHOP-003,PRD-0078,sale,-2,sale,SALE-000315,,2026-08-23T14:50:00+05:30,USR-006,
SHOP-004,PRD-0082,sale,-3,sale,SALE-000316,,2026-08-23T10:20:00+05:30,USR-008,
SHOP-004,PRD-0100,sale,-1,sale,SALE-000316,,2026-08-23T10:20:00+05:30,USR-008,
SHOP-004,PRD-0087,sale,-1,sale,SALE-000316,,2026-08-23T10:20:00+05:30,USR-008,
SHOP-004,PRD-0086,sale,-2,sale,SALE-000316,,2026-08-23T10:20:00+05:30,USR-008,
SHOP-004,PRD-0097,sale,-1,sale,SALE-000317,,2026-08-23T19:20:00+05:30,USR-008,
SHOP-004,PRD-0089,sale,-1,sale,SALE-000318,,2026-08-23T12:20:00+05:30,USR-008,
SHOP-004,PRD-0099,sale,-2,sale,SALE-000318,,2026-08-23T12:20:00+05:30,USR-008,
SHOP-004,PRD-0081,sale,-1,sale,SALE-000318,,2026-08-23T12:20:00+05:30,USR-008,
SHOP-005,PRD-0111,sale,-2,sale,SALE-000319,,2026-08-23T19:00:00+05:30,USR-010,
SHOP-002,PRD-0052,sale,-1,sale,SALE-000320,,2026-08-24T08:50:00+05:30,USR-004,
SHOP-002,PRD-0031,sale,-3,sale,SALE-000320,,2026-08-24T08:50:00+05:30,USR-004,
SHOP-003,PRD-0064,sale,-1,sale,SALE-000321,,2026-08-24T14:30:00+05:30,USR-006,
SHOP-003,PRD-0059,sale,-1,sale,SALE-000321,,2026-08-24T14:30:00+05:30,USR-006,
SHOP-003,PRD-0068,sale,-3,sale,SALE-000321,,2026-08-24T14:30:00+05:30,USR-006,
SHOP-004,PRD-0089,damage,-2,,,Expired: past best-before date,2026-08-24T21:00:00+05:30,USR-008,
SHOP-005,PRD-0102,sale,-1,sale,SALE-000322,,2026-08-24T17:10:00+05:30,USR-010,
SHOP-005,PRD-0108,sale,-1,sale,SALE-000322,,2026-08-24T17:10:00+05:30,USR-010,
SHOP-005,PRD-0110,sale,-2,sale,SALE-000322,,2026-08-24T17:10:00+05:30,USR-010,
SHOP-005,PRD-0114,sale,-2,sale,SALE-000322,,2026-08-24T17:10:00+05:30,USR-010,
SHOP-001,PRD-0001,sale,-2,sale,SALE-000323,,2026-08-25T11:50:00+05:30,USR-002,
SHOP-001,PRD-0008,sale,-2,sale,SALE-000323,,2026-08-25T11:50:00+05:30,USR-002,
SHOP-001,PRD-0029,sale,-1,sale,SALE-000323,,2026-08-25T11:50:00+05:30,USR-002,
SHOP-001,PRD-0015,sale,-2,sale,SALE-000323,,2026-08-25T11:50:00+05:30,USR-002,
SHOP-003,PRD-0055,sale,-1,sale,SALE-000324,,2026-08-25T08:20:00+05:30,USR-006,
SHOP-003,PRD-0067,sale,-1,sale,SALE-000324,,2026-08-25T08:20:00+05:30,USR-006,
SHOP-003,PRD-0057,sale,-2,sale,SALE-000325,,2026-08-25T16:30:00+05:30,USR-006,
SHOP-005,PRD-0106,sale,-3,sale,SALE-000326,,2026-08-25T08:00:00+05:30,USR-010,
SHOP-005,PRD-0117,sale,-2,sale,SALE-000327,,2026-08-25T17:40:00+05:30,USR-010,
SHOP-005,PRD-0112,sale,-2,sale,SALE-000327,,2026-08-25T17:40:00+05:30,USR-010,
SHOP-005,PRD-0102,sale,-3,sale,SALE-000327,,2026-08-25T17:40:00+05:30,USR-010,
SHOP-005,PRD-0105,sale,-1,sale,SALE-000327,,2026-08-25T17:40:00+05:30,USR-010,
SHOP-002,PRD-0035,sale,-5,sale,SALE-000328,,2026-08-26T16:20:00+05:30,USR-004,
SHOP-003,PRD-0076,sale,-1,sale,SALE-000329,,2026-08-26T13:30:00+05:30,USR-006,
SHOP-004,PRD-0092,sale,-2,sale,SALE-000330,,2026-08-26T17:40:00+05:30,USR-008,
SHOP-004,PRD-0086,sale,-1,sale,SALE-000330,,2026-08-26T17:40:00+05:30,USR-008,
SHOP-004,PRD-0089,sale,-2,sale,SALE-000330,,2026-08-26T17:40:00+05:30,USR-008,
SHOP-004,PRD-0083,sale,-2,sale,SALE-000330,,2026-08-26T17:40:00+05:30,USR-008,
SHOP-004,PRD-0097,sale,-1,sale,SALE-000331,,2026-08-26T16:10:00+05:30,USR-008,
SHOP-002,PRD-0031,purchase_receipt,40,purchase_order,PO-00025,,2026-08-27T10:00:00+05:30,USR-003,
SHOP-001,PRD-0008,purchase_receipt,30,purchase_order,PO-00026,,2026-08-27T10:00:00+05:30,USR-001,
SHOP-002,PRD-0038,sale,-3,sale,SALE-000332,,2026-08-27T09:10:00+05:30,USR-004,
SHOP-002,PRD-0052,sale,-3,sale,SALE-000332,,2026-08-27T09:10:00+05:30,USR-004,
SHOP-003,PRD-0065,sale,-1,sale,SALE-000333,,2026-08-27T15:50:00+05:30,USR-006,
SHOP-003,PRD-0058,sale,-3,sale,SALE-000333,,2026-08-27T15:50:00+05:30,USR-006,
SHOP-003,PRD-0055,sale,-2,sale,SALE-000333,,2026-08-27T15:50:00+05:30,USR-006,
SHOP-003,PRD-0062,sale,-1,sale,SALE-000334,,2026-08-27T20:00:00+05:30,USR-006,
SHOP-003,PRD-0056,sale,-1,sale,SALE-000334,,2026-08-27T20:00:00+05:30,USR-006,
SHOP-004,PRD-0094,sale,-1,sale,SALE-000335,,2026-08-27T15:40:00+05:30,USR-008,
SHOP-005,PRD-0108,sale,-3,sale,SALE-000336,,2026-08-27T19:40:00+05:30,USR-010,
SHOP-005,PRD-0102,sale,-2,sale,SALE-000336,,2026-08-27T19:40:00+05:30,USR-010,
SHOP-002,PRD-0036,sale,-1,sale,SALE-000337,,2026-08-28T15:10:00+05:30,USR-004,
SHOP-002,PRD-0047,sale,-1,sale,SALE-000337,,2026-08-28T15:10:00+05:30,USR-004,
SHOP-002,PRD-0053,sale,-2,sale,SALE-000337,,2026-08-28T15:10:00+05:30,USR-004,
SHOP-002,PRD-0045,sale,-6,sale,SALE-000338,,2026-08-28T09:10:00+05:30,USR-004,
SHOP-003,PRD-0061,sale,-2,sale,SALE-000339,,2026-08-28T15:00:00+05:30,USR-006,
SHOP-003,PRD-0057,sale,-3,sale,SALE-000339,,2026-08-28T15:00:00+05:30,USR-006,
SHOP-003,PRD-0069,sale,-1,sale,SALE-000340,,2026-08-28T16:40:00+05:30,USR-006,
SHOP-003,PRD-0056,sale,-2,sale,SALE-000340,,2026-08-28T16:40:00+05:30,USR-006,
SHOP-003,PRD-0068,sale,-3,sale,SALE-000340,,2026-08-28T16:40:00+05:30,USR-006,
SHOP-003,PRD-0066,sale,-2,sale,SALE-000340,,2026-08-28T16:40:00+05:30,USR-006,
SHOP-004,PRD-0089,sale,-1,sale,SALE-000341,,2026-08-28T19:00:00+05:30,USR-008,
SHOP-004,PRD-0091,sale,-1,sale,SALE-000341,,2026-08-28T19:00:00+05:30,USR-008,
SHOP-004,PRD-0094,sale,-1,sale,SALE-000342,,2026-08-28T15:30:00+05:30,USR-008,
SHOP-004,PRD-0087,sale,-1,sale,SALE-000342,,2026-08-28T15:30:00+05:30,USR-008,
SHOP-004,PRD-0090,sale,-1,sale,SALE-000342,,2026-08-28T15:30:00+05:30,USR-008,
SHOP-004,PRD-0080,sale,-2,sale,SALE-000342,,2026-08-28T15:30:00+05:30,USR-008,
SHOP-004,PRD-0094,customer_return,1,sale,SALE-000335,Customer return: Item defective,2026-08-28T12:00:00+05:30,USR-008,
SHOP-004,PRD-0087,purchase_receipt,12,purchase_order,PO-00029,,2026-08-29T10:00:00+05:30,USR-007,
SHOP-004,PRD-0091,purchase_receipt,20,purchase_order,PO-00030,,2026-08-29T10:00:00+05:30,USR-007,
SHOP-002,PRD-0042,sale,-1,sale,SALE-000343,,2026-08-29T20:40:00+05:30,USR-004,
SHOP-002,PRD-0043,sale,-2,sale,SALE-000343,,2026-08-29T20:40:00+05:30,USR-004,
SHOP-002,PRD-0035,sale,-4,sale,SALE-000343,,2026-08-29T20:40:00+05:30,USR-004,
SHOP-002,PRD-0030,sale,-15,sale,SALE-000343,,2026-08-29T20:40:00+05:30,USR-004,
SHOP-003,PRD-0070,sale,-1,sale,SALE-000344,,2026-08-29T09:30:00+05:30,USR-006,
SHOP-003,PRD-0058,sale,-1,sale,SALE-000345,,2026-08-29T12:20:00+05:30,USR-006,
SHOP-004,PRD-0094,sale,-2,sale,SALE-000346,,2026-08-29T14:40:00+05:30,USR-008,
SHOP-004,PRD-0090,sale,-3,sale,SALE-000346,,2026-08-29T14:40:00+05:30,USR-008,
SHOP-004,PRD-0101,sale,-3,sale,SALE-000346,,2026-08-29T14:40:00+05:30,USR-008,
SHOP-005,PRD-0119,sale,-2,sale,SALE-000347,,2026-08-29T20:10:00+05:30,USR-010,
SHOP-005,PRD-0111,sale,-2,sale,SALE-000347,,2026-08-29T20:10:00+05:30,USR-010,
SHOP-005,PRD-0112,sale,-1,sale,SALE-000348,,2026-08-29T08:30:00+05:30,USR-010,
SHOP-001,PRD-0022,sale,-3,sale,SALE-000349,,2026-08-30T16:40:00+05:30,USR-002,
SHOP-001,PRD-0006,sale,-1,sale,SALE-000349,,2026-08-30T16:40:00+05:30,USR-002,
SHOP-001,PRD-0015,sale,-1,sale,SALE-000349,,2026-08-30T16:40:00+05:30,USR-002,
SHOP-001,PRD-0017,sale,-1,sale,SALE-000350,,2026-08-30T17:40:00+05:30,USR-002,
SHOP-003,PRD-0066,sale,-2,sale,SALE-000351,,2026-08-30T15:40:00+05:30,USR-006,
SHOP-004,PRD-0096,sale,-1,sale,SALE-000352,,2026-08-30T16:40:00+05:30,USR-008,
SHOP-004,PRD-0084,sale,-1,sale,SALE-000353,,2026-08-30T10:40:00+05:30,USR-008,
SHOP-004,PRD-0099,sale,-1,sale,SALE-000353,,2026-08-30T10:40:00+05:30,USR-008,
SHOP-004,PRD-0095,sale,-1,sale,SALE-000353,,2026-08-30T10:40:00+05:30,USR-008,
SHOP-004,PRD-0080,sale,-1,sale,SALE-000353,,2026-08-30T10:40:00+05:30,USR-008,
SHOP-002,PRD-0032,sale,-1,sale,SALE-000354,,2026-08-31T20:10:00+05:30,USR-004,
SHOP-002,PRD-0034,sale,-1,sale,SALE-000354,,2026-08-31T20:10:00+05:30,USR-004,
SHOP-004,PRD-0098,sale,-1,sale,SALE-000355,,2026-08-31T14:50:00+05:30,USR-008,
SHOP-004,PRD-0083,sale,-2,sale,SALE-000355,,2026-08-31T14:50:00+05:30,USR-008,
SHOP-004,PRD-0084,sale,-3,sale,SALE-000355,,2026-08-31T14:50:00+05:30,USR-008,
SHOP-004,PRD-0094,sale,-1,sale,SALE-000355,,2026-08-31T14:50:00+05:30,USR-008,
SHOP-005,PRD-0117,sale,-3,sale,SALE-000356,,2026-08-31T11:20:00+05:30,USR-010,
SHOP-005,PRD-0107,sale,-3,sale,SALE-000356,,2026-08-31T11:20:00+05:30,USR-010,
SHOP-005,PRD-0118,sale,-1,sale,SALE-000356,,2026-08-31T11:20:00+05:30,USR-010,
SHOP-005,PRD-0102,sale,-1,sale,SALE-000356,,2026-08-31T11:20:00+05:30,USR-010,
SHOP-002,PRD-0052,purchase_receipt,12,purchase_order,PO-00027,,2026-09-01T10:00:00+05:30,USR-003,
SHOP-001,PRD-0014,sale,-2,sale,SALE-000357,,2026-09-01T19:20:00+05:30,USR-002,
SHOP-001,PRD-0003,sale,-1,sale,SALE-000357,,2026-09-01T19:20:00+05:30,USR-002,
SHOP-001,PRD-0013,sale,-1,sale,SALE-000357,,2026-09-01T19:20:00+05:30,USR-002,
SHOP-002,PRD-0038,sale,-3,sale,SALE-000358,,2026-09-01T17:40:00+05:30,USR-004,
SHOP-002,PRD-0031,sale,-3,sale,SALE-000358,,2026-09-01T17:40:00+05:30,USR-004,
SHOP-002,PRD-0039,sale,-2,sale,SALE-000358,,2026-09-01T17:40:00+05:30,USR-004,
SHOP-003,PRD-0072,sale,-3,sale,SALE-000359,,2026-09-01T20:30:00+05:30,USR-006,
SHOP-003,PRD-0068,sale,-2,sale,SALE-000359,,2026-09-01T20:30:00+05:30,USR-006,
SHOP-004,PRD-0091,sale,-1,sale,SALE-000360,,2026-09-01T18:20:00+05:30,USR-008,
SHOP-004,PRD-0094,sale,-2,sale,SALE-000360,,2026-09-01T18:20:00+05:30,USR-008,
SHOP-004,PRD-0088,sale,-1,sale,SALE-000360,,2026-09-01T18:20:00+05:30,USR-008,
SHOP-004,PRD-0099,sale,-1,sale,SALE-000360,,2026-09-01T18:20:00+05:30,USR-008,
SHOP-004,PRD-0087,sale,-2,sale,SALE-000361,,2026-09-01T15:10:00+05:30,USR-008,
SHOP-004,PRD-0080,sale,-1,sale,SALE-000361,,2026-09-01T15:10:00+05:30,USR-008,
SHOP-004,PRD-0091,damage,-3,,,Expired: past best-before date,2026-09-01T21:00:00+05:30,USR-008,
SHOP-005,PRD-0115,sale,-2,sale,SALE-000362,,2026-09-01T15:30:00+05:30,USR-010,
SHOP-005,PRD-0107,sale,-2,sale,SALE-000362,,2026-09-01T15:30:00+05:30,USR-010,
SHOP-005,PRD-0112,sale,-2,sale,SALE-000362,,2026-09-01T15:30:00+05:30,USR-010,
SHOP-005,PRD-0111,sale,-1,sale,SALE-000362,,2026-09-01T15:30:00+05:30,USR-010,
SHOP-005,PRD-0111,sale,-3,sale,SALE-000363,,2026-09-01T15:00:00+05:30,USR-010,
SHOP-005,PRD-0114,sale,-3,sale,SALE-000363,,2026-09-01T15:00:00+05:30,USR-010,
SHOP-005,PRD-0109,sale,-1,sale,SALE-000363,,2026-09-01T15:00:00+05:30,USR-010,
SHOP-005,PRD-0105,sale,-3,sale,SALE-000363,,2026-09-01T15:00:00+05:30,USR-010,
SHOP-005,PRD-0108,purchase_receipt,24,purchase_order,PO-00028,,2026-09-02T10:00:00+05:30,USR-009,
SHOP-004,PRD-0096,purchase_receipt,3,purchase_order,PO-00032,,2026-09-02T10:00:00+05:30,USR-007,
SHOP-001,PRD-0002,sale,-3,sale,SALE-000364,,2026-09-02T14:40:00+05:30,USR-002,
SHOP-001,PRD-0006,sale,-1,sale,SALE-000364,,2026-09-02T14:40:00+05:30,USR-002,
SHOP-001,PRD-0004,sale,-1,sale,SALE-000364,,2026-09-02T14:40:00+05:30,USR-002,
SHOP-001,PRD-0014,sale,-3,sale,SALE-000364,,2026-09-02T14:40:00+05:30,USR-002,
SHOP-001,PRD-0017,sale,-1,sale,SALE-000365,,2026-09-02T18:20:00+05:30,USR-002,
SHOP-002,PRD-0030,sale,-1,sale,SALE-000366,,2026-09-02T08:00:00+05:30,USR-004,
SHOP-002,PRD-0054,sale,-1,sale,SALE-000366,,2026-09-02T08:00:00+05:30,USR-004,
SHOP-002,PRD-0037,sale,-1,sale,SALE-000366,,2026-09-02T08:00:00+05:30,USR-004,
SHOP-003,PRD-0058,sale,-3,sale,SALE-000367,,2026-09-02T18:20:00+05:30,USR-006,
SHOP-004,PRD-0081,sale,-1,sale,SALE-000368,,2026-09-02T18:10:00+05:30,USR-008,
SHOP-004,PRD-0089,sale,-2,sale,SALE-000368,,2026-09-02T18:10:00+05:30,USR-008,
SHOP-004,PRD-0080,sale,-1,sale,SALE-000369,,2026-09-02T19:40:00+05:30,USR-008,
SHOP-004,PRD-0093,sale,-1,sale,SALE-000369,,2026-09-02T19:40:00+05:30,USR-008,
SHOP-004,PRD-0088,sale,-1,sale,SALE-000369,,2026-09-02T19:40:00+05:30,USR-008,
SHOP-004,PRD-0087,sale,-3,sale,SALE-000369,,2026-09-02T19:40:00+05:30,USR-008,
SHOP-005,PRD-0108,sale,-2,sale,SALE-000370,,2026-09-02T19:40:00+05:30,USR-010,
SHOP-005,PRD-0105,sale,-2,sale,SALE-000370,,2026-09-02T19:40:00+05:30,USR-010,
SHOP-002,PRD-0030,purchase_receipt,80,purchase_order,PO-00031,,2026-09-03T10:00:00+05:30,USR-003,
SHOP-002,PRD-0050,sale,-3,sale,SALE-000371,,2026-09-03T17:00:00+05:30,USR-004,
SHOP-002,PRD-0030,sale,-24,sale,SALE-000371,,2026-09-03T17:00:00+05:30,USR-004,
SHOP-002,PRD-0039,sale,-1,sale,SALE-000371,,2026-09-03T17:00:00+05:30,USR-004,
SHOP-004,PRD-0084,sale,-1,sale,SALE-000372,,2026-09-03T17:50:00+05:30,USR-008,
SHOP-004,PRD-0100,sale,-1,sale,SALE-000372,,2026-09-03T17:50:00+05:30,USR-008,
SHOP-004,PRD-0080,sale,-1,sale,SALE-000373,,2026-09-03T20:50:00+05:30,USR-008,
SHOP-004,PRD-0088,sale,-2,sale,SALE-000373,,2026-09-03T20:50:00+05:30,USR-008,
SHOP-001,PRD-0003,purchase_receipt,24,purchase_order,PO-00033,,2026-09-04T10:00:00+05:30,USR-001,
SHOP-001,PRD-0005,sale,-2,sale,SALE-000374,,2026-09-04T19:10:00+05:30,USR-002,
SHOP-001,PRD-0015,sale,-1,sale,SALE-000374,,2026-09-04T19:10:00+05:30,USR-002,
SHOP-001,PRD-0004,sale,-1,sale,SALE-000374,,2026-09-04T19:10:00+05:30,USR-002,
SHOP-001,PRD-0009,sale,-1,sale,SALE-000375,,2026-09-04T10:30:00+05:30,USR-002,
SHOP-002,PRD-0044,sale,-9,sale,SALE-000376,,2026-09-04T16:10:00+05:30,USR-004,
SHOP-002,PRD-0032,sale,-3,sale,SALE-000376,,2026-09-04T16:10:00+05:30,USR-004,
SHOP-002,PRD-0046,sale,-6,sale,SALE-000376,,2026-09-04T16:10:00+05:30,USR-004,
SHOP-002,PRD-0035,sale,-12,sale,SALE-000376,,2026-09-04T16:10:00+05:30,USR-004,
SHOP-003,PRD-0055,sale,-2,sale,SALE-000377,,2026-09-04T18:00:00+05:30,USR-006,
SHOP-003,PRD-0076,sale,-2,sale,SALE-000377,,2026-09-04T18:00:00+05:30,USR-006,
SHOP-004,PRD-0090,sale,-1,sale,SALE-000378,,2026-09-04T20:00:00+05:30,USR-008,
SHOP-004,PRD-0091,sale,-1,sale,SALE-000378,,2026-09-04T20:00:00+05:30,USR-008,
SHOP-004,PRD-0100,damage,-2,,,Expired: past best-before date,2026-09-04T21:00:00+05:30,USR-008,
SHOP-002,PRD-0032,sale,-1,sale,SALE-000379,,2026-09-05T18:10:00+05:30,USR-004,
SHOP-002,PRD-0030,sale,-1,sale,SALE-000379,,2026-09-05T18:10:00+05:30,USR-004,
SHOP-004,PRD-0089,sale,-1,sale,SALE-000380,,2026-09-05T18:30:00+05:30,USR-008,
SHOP-004,PRD-0100,sale,-1,sale,SALE-000380,,2026-09-05T18:30:00+05:30,USR-008,
SHOP-004,PRD-0098,sale,-2,sale,SALE-000380,,2026-09-05T18:30:00+05:30,USR-008,
SHOP-004,PRD-0092,sale,-3,sale,SALE-000380,,2026-09-05T18:30:00+05:30,USR-008,
SHOP-004,PRD-0094,sale,-3,sale,SALE-000381,,2026-09-05T20:00:00+05:30,USR-008,
SHOP-004,PRD-0092,sale,-1,sale,SALE-000381,,2026-09-05T20:00:00+05:30,USR-008,
SHOP-004,PRD-0081,damage,-2,,,Expired: past best-before date,2026-09-05T21:00:00+05:30,USR-008,
SHOP-004,PRD-0092,purchase_receipt,15,purchase_order,PO-00039,,2026-09-06T10:00:00+05:30,USR-007,
SHOP-001,PRD-0006,sale,-2,sale,SALE-000382,,2026-09-06T12:30:00+05:30,USR-002,
SHOP-001,PRD-0015,sale,-3,sale,SALE-000382,,2026-09-06T12:30:00+05:30,USR-002,
SHOP-001,PRD-0016,sale,-1,sale,SALE-000383,,2026-09-06T18:30:00+05:30,USR-002,
SHOP-002,PRD-0052,sale,-1,sale,SALE-000384,,2026-09-06T20:30:00+05:30,USR-004,
SHOP-002,PRD-0039,sale,-2,sale,SALE-000384,,2026-09-06T20:30:00+05:30,USR-004,
SHOP-002,PRD-0037,sale,-1,sale,SALE-000384,,2026-09-06T20:30:00+05:30,USR-004,
SHOP-002,PRD-0049,sale,-1,sale,SALE-000384,,2026-09-06T20:30:00+05:30,USR-004,
SHOP-003,PRD-0055,sale,-3,sale,SALE-000385,,2026-09-06T13:00:00+05:30,USR-006,
SHOP-003,PRD-0078,sale,-1,sale,SALE-000385,,2026-09-06T13:00:00+05:30,USR-006,
SHOP-004,PRD-0080,sale,-3,sale,SALE-000386,,2026-09-06T15:50:00+05:30,USR-008,
SHOP-004,PRD-0085,sale,-2,sale,SALE-000386,,2026-09-06T15:50:00+05:30,USR-008,
SHOP-004,PRD-0081,sale,-1,sale,SALE-000386,,2026-09-06T15:50:00+05:30,USR-008,
SHOP-004,PRD-0081,damage,-1,,,Expired: past best-before date,2026-09-06T21:00:00+05:30,USR-008,
SHOP-005,PRD-0115,sale,-3,sale,SALE-000387,,2026-09-06T15:00:00+05:30,USR-010,
SHOP-005,PRD-0114,sale,-1,sale,SALE-000388,,2026-09-06T15:50:00+05:30,USR-010,
SHOP-005,PRD-0102,sale,-1,sale,SALE-000388,,2026-09-06T15:50:00+05:30,USR-010,
SHOP-002,PRD-0044,purchase_receipt,10,purchase_order,PO-00038,,2026-09-07T10:00:00+05:30,USR-003,
SHOP-001,PRD-0025,sale,-1,sale,SALE-000389,,2026-09-07T10:40:00+05:30,USR-002,
SHOP-003,PRD-0059,sale,-3,sale,SALE-000390,,2026-09-07T09:50:00+05:30,USR-006,
SHOP-003,PRD-0072,sale,-3,sale,SALE-000390,,2026-09-07T09:50:00+05:30,USR-006,
SHOP-004,PRD-0081,sale,-2,sale,SALE-000391,,2026-09-07T10:30:00+05:30,USR-008,
SHOP-004,PRD-0080,sale,-1,sale,SALE-000391,,2026-09-07T10:30:00+05:30,USR-008,
SHOP-004,PRD-0082,sale,-3,sale,SALE-000391,,2026-09-07T10:30:00+05:30,USR-008,
SHOP-004,PRD-0100,damage,-1,,,Expired: past best-before date,2026-09-07T21:00:00+05:30,USR-008,
SHOP-005,PRD-0118,sale,-1,sale,SALE-000392,,2026-09-07T10:00:00+05:30,USR-010,
SHOP-005,PRD-0118,sale,-2,sale,SALE-000393,,2026-09-07T16:30:00+05:30,USR-010,
SHOP-005,PRD-0109,sale,-3,sale,SALE-000393,,2026-09-07T16:30:00+05:30,USR-010,
SHOP-005,PRD-0115,sale,-1,sale,SALE-000393,,2026-09-07T16:30:00+05:30,USR-010,
SHOP-005,PRD-0109,purchase_receipt,12,purchase_order,PO-00034,,2026-09-08T10:00:00+05:30,USR-009,
SHOP-002,PRD-0050,purchase_receipt,12,purchase_order,PO-00036,,2026-09-08T10:00:00+05:30,USR-003,
SHOP-003,PRD-0055,purchase_receipt,30,purchase_order,PO-00040,,2026-09-08T10:00:00+05:30,USR-005,
SHOP-001,PRD-0003,sale,-2,sale,SALE-000394,,2026-09-08T17:20:00+05:30,USR-002,
SHOP-001,PRD-0013,sale,-1,sale,SALE-000395,,2026-09-08T20:10:00+05:30,USR-002,
SHOP-001,PRD-0012,sale,-1,sale,SALE-000395,,2026-09-08T20:10:00+05:30,USR-002,
SHOP-001,PRD-0015,sale,-1,sale,SALE-000395,,2026-09-08T20:10:00+05:30,USR-002,
SHOP-002,PRD-0051,sale,-1,sale,SALE-000396,,2026-09-08T20:00:00+05:30,USR-004,
SHOP-002,PRD-0030,sale,-7,sale,SALE-000396,,2026-09-08T20:00:00+05:30,USR-004,
SHOP-002,PRD-0036,sale,-2,sale,SALE-000396,,2026-09-08T20:00:00+05:30,USR-004,
SHOP-002,PRD-0032,sale,-3,sale,SALE-000396,,2026-09-08T20:00:00+05:30,USR-004,
SHOP-003,PRD-0064,sale,-1,sale,SALE-000397,,2026-09-08T09:10:00+05:30,USR-006,
SHOP-003,PRD-0060,sale,-1,sale,SALE-000397,,2026-09-08T09:10:00+05:30,USR-006,
SHOP-003,PRD-0069,sale,-1,sale,SALE-000397,,2026-09-08T09:10:00+05:30,USR-006,
SHOP-004,PRD-0088,sale,-2,sale,SALE-000398,,2026-09-08T14:10:00+05:30,USR-008,
SHOP-004,PRD-0081,sale,-2,sale,SALE-000399,,2026-09-08T13:10:00+05:30,USR-008,
SHOP-004,PRD-0085,sale,-3,sale,SALE-000399,,2026-09-08T13:10:00+05:30,USR-008,
SHOP-004,PRD-0100,damage,-1,,,Expired: past best-before date,2026-09-08T21:00:00+05:30,USR-008,
SHOP-002,PRD-0054,purchase_receipt,10,purchase_order,PO-00035,,2026-09-09T10:00:00+05:30,USR-003,
SHOP-001,PRD-0029,sale,-2,sale,SALE-000400,,2026-09-09T12:00:00+05:30,USR-002,
SHOP-001,PRD-0024,sale,-2,sale,SALE-000400,,2026-09-09T12:00:00+05:30,USR-002,
SHOP-001,PRD-0003,sale,-1,sale,SALE-000400,,2026-09-09T12:00:00+05:30,USR-002,
SHOP-001,PRD-0024,sale,-2,sale,SALE-000401,,2026-09-09T19:40:00+05:30,USR-002,
SHOP-001,PRD-0007,sale,-1,sale,SALE-000401,,2026-09-09T19:40:00+05:30,USR-002,
SHOP-001,PRD-0011,sale,-2,sale,SALE-000401,,2026-09-09T19:40:00+05:30,USR-002,
SHOP-001,PRD-0006,sale,-1,sale,SALE-000401,,2026-09-09T19:40:00+05:30,USR-002,
SHOP-001,PRD-0012,sale,-1,sale,SALE-000402,,2026-09-09T20:00:00+05:30,USR-002,
SHOP-001,PRD-0022,sale,-2,sale,SALE-000402,,2026-09-09T20:00:00+05:30,USR-002,
SHOP-003,PRD-0076,damage,-2,,,"Damaged packaging, not sellable",2026-09-09T21:00:00+05:30,USR-006,
SHOP-004,PRD-0089,sale,-3,sale,SALE-000403,,2026-09-09T19:50:00+05:30,USR-008,
SHOP-004,PRD-0100,sale,-2,sale,SALE-000403,,2026-09-09T19:50:00+05:30,USR-008,
SHOP-004,PRD-0088,sale,-1,sale,SALE-000403,,2026-09-09T19:50:00+05:30,USR-008,
SHOP-004,PRD-0081,sale,-1,sale,SALE-000403,,2026-09-09T19:50:00+05:30,USR-008,
SHOP-004,PRD-0098,sale,-1,sale,SALE-000404,,2026-09-09T17:40:00+05:30,USR-008,
SHOP-004,PRD-0084,sale,-1,sale,SALE-000404,,2026-09-09T17:40:00+05:30,USR-008,
SHOP-002,PRD-0035,purchase_receipt,25,purchase_order,PO-00037,,2026-09-10T10:00:00+05:30,USR-003,
SHOP-004,PRD-0084,purchase_receipt,14,purchase_order,PO-00042,,2026-09-10T10:00:00+05:30,USR-007,
SHOP-001,PRD-0016,sale,-3,sale,SALE-000405,,2026-09-10T19:10:00+05:30,USR-002,
SHOP-001,PRD-0013,sale,-3,sale,SALE-000406,,2026-09-10T20:40:00+05:30,USR-002,
SHOP-001,PRD-0006,sale,-3,sale,SALE-000407,,2026-09-10T15:40:00+05:30,USR-002,
SHOP-001,PRD-0020,sale,-2,sale,SALE-000407,,2026-09-10T15:40:00+05:30,USR-002,
SHOP-001,PRD-0009,sale,-1,sale,SALE-000407,,2026-09-10T15:40:00+05:30,USR-002,
SHOP-001,PRD-0007,sale,-1,sale,SALE-000407,,2026-09-10T15:40:00+05:30,USR-002,
SHOP-002,PRD-0050,sale,-3,sale,SALE-000408,,2026-09-10T09:00:00+05:30,USR-004,
SHOP-002,PRD-0038,sale,-3,sale,SALE-000408,,2026-09-10T09:00:00+05:30,USR-004,
SHOP-002,PRD-0036,sale,-1,sale,SALE-000408,,2026-09-10T09:00:00+05:30,USR-004,
SHOP-002,PRD-0053,sale,-1,sale,SALE-000409,,2026-09-10T16:50:00+05:30,USR-004,
SHOP-002,PRD-0030,sale,-3,sale,SALE-000409,,2026-09-10T16:50:00+05:30,USR-004,
SHOP-003,PRD-0059,sale,-3,sale,SALE-000410,,2026-09-10T09:00:00+05:30,USR-006,
SHOP-003,PRD-0061,sale,-1,sale,SALE-000410,,2026-09-10T09:00:00+05:30,USR-006,
SHOP-003,PRD-0072,sale,-2,sale,SALE-000411,,2026-09-10T14:40:00+05:30,USR-006,
SHOP-004,PRD-0087,sale,-1,sale,SALE-000412,,2026-09-10T12:00:00+05:30,USR-008,
SHOP-004,PRD-0083,sale,-1,sale,SALE-000412,,2026-09-10T12:00:00+05:30,USR-008,
SHOP-004,PRD-0081,sale,-1,sale,SALE-000412,,2026-09-10T12:00:00+05:30,USR-008,
SHOP-004,PRD-0089,damage,-2,,,Expired: past best-before date,2026-09-10T21:00:00+05:30,USR-008,
SHOP-005,PRD-0111,sale,-1,sale,SALE-000413,,2026-09-10T10:30:00+05:30,USR-010,
SHOP-005,PRD-0104,sale,-1,sale,SALE-000413,,2026-09-10T10:30:00+05:30,USR-010,
SHOP-005,PRD-0112,sale,-1,sale,SALE-000413,,2026-09-10T10:30:00+05:30,USR-010,
SHOP-005,PRD-0118,sale,-1,sale,SALE-000413,,2026-09-10T10:30:00+05:30,USR-010,
SHOP-005,PRD-0111,sale,-1,sale,SALE-000414,,2026-09-10T13:10:00+05:30,USR-010,
SHOP-001,PRD-0028,sale,-1,sale,SALE-000415,,2026-09-11T19:40:00+05:30,USR-002,
SHOP-001,PRD-0016,sale,-1,sale,SALE-000416,,2026-09-11T20:40:00+05:30,USR-002,
SHOP-001,PRD-0008,sale,-2,sale,SALE-000416,,2026-09-11T20:40:00+05:30,USR-002,
SHOP-002,PRD-0039,sale,-1,sale,SALE-000417,,2026-09-11T17:50:00+05:30,USR-004,
SHOP-002,PRD-0030,sale,-2,sale,SALE-000417,,2026-09-11T17:50:00+05:30,USR-004,
SHOP-002,PRD-0045,sale,-2,sale,SALE-000417,,2026-09-11T17:50:00+05:30,USR-004,
SHOP-002,PRD-0031,sale,-1,sale,SALE-000417,,2026-09-11T17:50:00+05:30,USR-004,
SHOP-003,PRD-0073,sale,-2,sale,SALE-000418,,2026-09-11T16:00:00+05:30,USR-006,
SHOP-003,PRD-0067,sale,-2,sale,SALE-000418,,2026-09-11T16:00:00+05:30,USR-006,
SHOP-003,PRD-0077,sale,-1,sale,SALE-000418,,2026-09-11T16:00:00+05:30,USR-006,
SHOP-004,PRD-0085,sale,-1,sale,SALE-000419,,2026-09-11T16:00:00+05:30,USR-008,
SHOP-004,PRD-0083,sale,-1,sale,SALE-000419,,2026-09-11T16:00:00+05:30,USR-008,
SHOP-004,PRD-0094,damage,-3,,,Expired: past best-before date,2026-09-11T21:00:00+05:30,USR-008,
SHOP-005,PRD-0122,sale,-2,sale,SALE-000420,,2026-09-11T13:00:00+05:30,USR-010,
SHOP-005,PRD-0109,sale,-2,sale,SALE-000420,,2026-09-11T13:00:00+05:30,USR-010,
SHOP-005,PRD-0118,sale,-1,sale,SALE-000420,,2026-09-11T13:00:00+05:30,USR-010,
SHOP-005,PRD-0103,sale,-1,sale,SALE-000420,,2026-09-11T13:00:00+05:30,USR-010,
SHOP-002,PRD-0036,purchase_receipt,12,purchase_order,PO-00041,,2026-09-12T10:00:00+05:30,USR-003,
SHOP-001,PRD-0006,sale,-2,sale,SALE-000421,,2026-09-12T12:40:00+05:30,USR-002,
SHOP-001,PRD-0012,sale,-3,sale,SALE-000422,,2026-09-12T19:50:00+05:30,USR-002,
SHOP-001,PRD-0001,sale,-2,sale,SALE-000422,,2026-09-12T19:50:00+05:30,USR-002,
SHOP-001,PRD-0007,sale,-1,sale,SALE-000422,,2026-09-12T19:50:00+05:30,USR-002,
SHOP-001,PRD-0028,sale,-3,sale,SALE-000422,,2026-09-12T19:50:00+05:30,USR-002,
SHOP-001,PRD-0013,sale,-2,sale,SALE-000423,,2026-09-12T14:20:00+05:30,USR-002,
SHOP-001,PRD-0029,sale,-3,sale,SALE-000423,,2026-09-12T14:20:00+05:30,USR-002,
SHOP-004,PRD-0094,damage,-3,,,Expired: past best-before date,2026-09-12T21:00:00+05:30,USR-008,
SHOP-003,PRD-0069,sale,-3,sale,SALE-000424,,2026-09-13T19:20:00+05:30,USR-006,
SHOP-003,PRD-0063,sale,-1,sale,SALE-000424,,2026-09-13T19:20:00+05:30,USR-006,
SHOP-003,PRD-0074,sale,-1,sale,SALE-000424,,2026-09-13T19:20:00+05:30,USR-006,
SHOP-004,PRD-0085,sale,-1,sale,SALE-000425,,2026-09-13T11:10:00+05:30,USR-008,
SHOP-004,PRD-0088,sale,-1,sale,SALE-000425,,2026-09-13T11:10:00+05:30,USR-008,
SHOP-005,PRD-0111,sale,-1,sale,SALE-000426,,2026-09-13T13:10:00+05:30,USR-010,
SHOP-005,PRD-0113,sale,-1,sale,SALE-000426,,2026-09-13T13:10:00+05:30,USR-010,
SHOP-005,PRD-0103,sale,-1,sale,SALE-000426,,2026-09-13T13:10:00+05:30,USR-010,
SHOP-005,PRD-0109,sale,-1,sale,SALE-000426,,2026-09-13T13:10:00+05:30,USR-010,
SHOP-005,PRD-0111,sale,-1,sale,SALE-000427,,2026-09-13T19:10:00+05:30,USR-010,
SHOP-005,PRD-0122,sale,-1,sale,SALE-000427,,2026-09-13T19:10:00+05:30,USR-010,
SHOP-005,PRD-0104,sale,-3,sale,SALE-000427,,2026-09-13T19:10:00+05:30,USR-010,
SHOP-001,PRD-0001,purchase_receipt,10,purchase_order,PO-00043,,2026-09-14T10:00:00+05:30,USR-001,
SHOP-001,PRD-0006,purchase_receipt,15,purchase_order,PO-00043,,2026-09-14T10:00:00+05:30,USR-001,
SHOP-001,PRD-0016,damage,-2,,,"Damaged packaging, not sellable",2026-09-14T21:00:00+05:30,USR-002,
SHOP-003,PRD-0055,sale,-1,sale,SALE-000428,,2026-09-14T17:10:00+05:30,USR-006,
SHOP-003,PRD-0059,sale,-1,sale,SALE-000428,,2026-09-14T17:10:00+05:30,USR-006,
SHOP-003,PRD-0067,sale,-1,sale,SALE-000429,,2026-09-14T19:20:00+05:30,USR-006,
SHOP-004,PRD-0090,sale,-1,sale,SALE-000430,,2026-09-14T12:10:00+05:30,USR-008,
SHOP-004,PRD-0088,sale,-2,sale,SALE-000430,,2026-09-14T12:10:00+05:30,USR-008,
SHOP-004,PRD-0080,sale,-1,sale,SALE-000430,,2026-09-14T12:10:00+05:30,USR-008,
SHOP-004,PRD-0095,sale,-3,sale,SALE-000430,,2026-09-14T12:10:00+05:30,USR-008,
SHOP-001,PRD-0005,sale,-1,sale,SALE-000431,,2026-09-15T16:10:00+05:30,USR-002,
SHOP-001,PRD-0003,sale,-1,sale,SALE-000432,,2026-09-15T09:30:00+05:30,USR-002,
SHOP-001,PRD-0004,sale,-3,sale,SALE-000432,,2026-09-15T09:30:00+05:30,USR-002,
SHOP-001,PRD-0008,sale,-1,sale,SALE-000433,,2026-09-15T18:20:00+05:30,USR-002,
SHOP-001,PRD-0029,sale,-2,sale,SALE-000433,,2026-09-15T18:20:00+05:30,USR-002,
SHOP-001,PRD-0011,sale,-1,sale,SALE-000433,,2026-09-15T18:20:00+05:30,USR-002,
SHOP-001,PRD-0014,sale,-1,sale,SALE-000433,,2026-09-15T18:20:00+05:30,USR-002,
SHOP-002,PRD-0038,sale,-1,sale,SALE-000434,,2026-09-15T17:00:00+05:30,USR-004,
SHOP-002,PRD-0044,sale,-1,sale,SALE-000434,,2026-09-15T17:00:00+05:30,USR-004,
SHOP-003,PRD-0057,sale,-2,sale,SALE-000435,,2026-09-15T14:50:00+05:30,USR-006,
SHOP-003,PRD-0072,sale,-1,sale,SALE-000435,,2026-09-15T14:50:00+05:30,USR-006,
SHOP-004,PRD-0088,sale,-2,sale,SALE-000436,,2026-09-15T15:00:00+05:30,USR-008,
SHOP-004,PRD-0090,sale,-2,sale,SALE-000436,,2026-09-15T15:00:00+05:30,USR-008,
SHOP-004,PRD-0082,sale,-1,sale,SALE-000437,,2026-09-15T15:50:00+05:30,USR-008,
SHOP-004,PRD-0099,sale,-1,sale,SALE-000437,,2026-09-15T15:50:00+05:30,USR-008,
SHOP-004,PRD-0090,sale,-1,sale,SALE-000438,,2026-09-15T18:40:00+05:30,USR-008,
SHOP-004,PRD-0084,sale,-2,sale,SALE-000438,,2026-09-15T18:40:00+05:30,USR-008,
SHOP-002,PRD-0032,sale,-15,sale,SALE-000439,,2026-09-16T14:10:00+05:30,USR-004,
SHOP-004,PRD-0088,sale,-1,sale,SALE-000440,,2026-09-16T14:40:00+05:30,USR-008,
SHOP-004,PRD-0089,sale,-2,sale,SALE-000440,,2026-09-16T14:40:00+05:30,USR-008,
SHOP-004,PRD-0081,sale,-1,sale,SALE-000440,,2026-09-16T14:40:00+05:30,USR-008,
SHOP-004,PRD-0084,sale,-1,sale,SALE-000441,,2026-09-16T13:50:00+05:30,USR-008,
SHOP-004,PRD-0080,sale,-1,sale,SALE-000441,,2026-09-16T13:50:00+05:30,USR-008,
SHOP-004,PRD-0080,sale,-1,sale,SALE-000442,,2026-09-16T11:10:00+05:30,USR-008,
SHOP-004,PRD-0084,sale,-2,sale,SALE-000442,,2026-09-16T11:10:00+05:30,USR-008,
SHOP-001,PRD-0029,purchase_receipt,10,purchase_order,PO-00045,,2026-09-17T10:00:00+05:30,USR-001,
SHOP-004,PRD-0081,purchase_receipt,60,purchase_order,PO-00047,,2026-09-17T10:00:00+05:30,USR-007,
SHOP-001,PRD-0014,sale,-1,sale,SALE-000443,,2026-09-17T16:50:00+05:30,USR-002,
SHOP-001,PRD-0022,sale,-3,sale,SALE-000443,,2026-09-17T16:50:00+05:30,USR-002,
SHOP-001,PRD-0009,sale,-2,sale,SALE-000444,,2026-09-17T16:10:00+05:30,USR-002,
SHOP-001,PRD-0011,sale,-3,sale,SALE-000444,,2026-09-17T16:10:00+05:30,USR-002,
SHOP-002,PRD-0047,sale,-1,sale,SALE-000445,,2026-09-17T16:30:00+05:30,USR-004,
SHOP-002,PRD-0030,sale,-2,sale,SALE-000445,,2026-09-17T16:30:00+05:30,USR-004,
SHOP-002,PRD-0049,sale,-1,sale,SALE-000445,,2026-09-17T16:30:00+05:30,USR-004,
SHOP-002,PRD-0044,sale,-1,sale,SALE-000446,,2026-09-17T12:30:00+05:30,USR-004,
SHOP-003,PRD-0061,sale,-1,sale,SALE-000447,,2026-09-17T10:40:00+05:30,USR-006,
SHOP-003,PRD-0069,sale,-3,sale,SALE-000447,,2026-09-17T10:40:00+05:30,USR-006,
SHOP-003,PRD-0057,sale,-3,sale,SALE-000447,,2026-09-17T10:40:00+05:30,USR-006,
SHOP-004,PRD-0097,sale,-3,sale,SALE-000448,,2026-09-17T13:30:00+05:30,USR-008,
SHOP-004,PRD-0098,sale,-3,sale,SALE-000448,,2026-09-17T13:30:00+05:30,USR-008,
SHOP-004,PRD-0099,sale,-1,sale,SALE-000448,,2026-09-17T13:30:00+05:30,USR-008,
SHOP-004,PRD-0092,sale,-1,sale,SALE-000449,,2026-09-17T10:20:00+05:30,USR-008,
SHOP-004,PRD-0083,sale,-3,sale,SALE-000449,,2026-09-17T10:20:00+05:30,USR-008,
SHOP-004,PRD-0086,sale,-1,sale,SALE-000449,,2026-09-17T10:20:00+05:30,USR-008,
SHOP-004,PRD-0096,sale,-2,sale,SALE-000449,,2026-09-17T10:20:00+05:30,USR-008,
SHOP-004,PRD-0097,purchase_receipt,12,purchase_order,PO-00049,,2026-09-18T10:00:00+05:30,USR-007,
SHOP-003,PRD-0062,sale,-2,sale,SALE-000450,,2026-09-18T14:50:00+05:30,USR-006,
SHOP-003,PRD-0055,sale,-1,sale,SALE-000450,,2026-09-18T14:50:00+05:30,USR-006,
SHOP-003,PRD-0073,sale,-1,sale,SALE-000450,,2026-09-18T14:50:00+05:30,USR-006,
SHOP-003,PRD-0056,sale,-2,sale,SALE-000450,,2026-09-18T14:50:00+05:30,USR-006,
SHOP-003,PRD-0056,sale,-3,sale,SALE-000451,,2026-09-18T09:40:00+05:30,USR-006,
SHOP-004,PRD-0090,sale,-1,sale,SALE-000452,,2026-09-18T14:50:00+05:30,USR-008,
SHOP-004,PRD-0082,sale,-1,sale,SALE-000453,,2026-09-18T12:40:00+05:30,USR-008,
SHOP-004,PRD-0080,sale,-1,sale,SALE-000453,,2026-09-18T12:40:00+05:30,USR-008,
SHOP-004,PRD-0092,sale,-2,sale,SALE-000454,,2026-09-18T11:20:00+05:30,USR-008,
SHOP-004,PRD-0080,sale,-2,sale,SALE-000454,,2026-09-18T11:20:00+05:30,USR-008,
SHOP-005,PRD-0102,sale,-2,sale,SALE-000455,,2026-09-18T08:50:00+05:30,USR-010,
SHOP-005,PRD-0122,sale,-1,sale,SALE-000455,,2026-09-18T08:50:00+05:30,USR-010,
SHOP-001,PRD-0004,purchase_receipt,20,purchase_order,PO-00044,,2026-09-19T10:00:00+05:30,USR-001,
SHOP-002,PRD-0038,purchase_receipt,10,purchase_order,PO-00046,,2026-09-19T10:00:00+05:30,USR-003,
SHOP-001,PRD-0001,sale,-1,sale,SALE-000456,,2026-09-19T11:20:00+05:30,USR-002,
SHOP-001,PRD-0028,sale,-1,sale,SALE-000456,,2026-09-19T11:20:00+05:30,USR-002,
SHOP-002,PRD-0033,sale,-1,sale,SALE-000457,,2026-09-19T15:30:00+05:30,USR-004,
SHOP-003,PRD-0072,sale,-3,sale,SALE-000458,,2026-09-19T09:20:00+05:30,USR-006,
SHOP-004,PRD-0092,sale,-3,sale,SALE-000459,,2026-09-19T15:50:00+05:30,USR-008,
SHOP-004,PRD-0094,sale,-3,sale,SALE-000459,,2026-09-19T15:50:00+05:30,USR-008,
SHOP-004,PRD-0090,sale,-1,sale,SALE-000460,,2026-09-19T11:40:00+05:30,USR-008,
SHOP-004,PRD-0094,sale,-1,sale,SALE-000461,,2026-09-19T10:50:00+05:30,USR-008,
SHOP-004,PRD-0097,sale,-2,sale,SALE-000461,,2026-09-19T10:50:00+05:30,USR-008,
SHOP-004,PRD-0092,sale,-2,sale,SALE-000461,,2026-09-19T10:50:00+05:30,USR-008,
SHOP-004,PRD-0095,sale,-3,sale,SALE-000461,,2026-09-19T10:50:00+05:30,USR-008,
SHOP-005,PRD-0104,sale,-2,sale,SALE-000462,,2026-09-19T16:50:00+05:30,USR-010,
SHOP-005,PRD-0117,sale,-1,sale,SALE-000462,,2026-09-19T16:50:00+05:30,USR-010,
SHOP-001,PRD-0005,sale,-1,sale,SALE-000463,,2026-09-20T20:30:00+05:30,USR-002,
SHOP-001,PRD-0014,sale,-3,sale,SALE-000463,,2026-09-20T20:30:00+05:30,USR-002,
SHOP-001,PRD-0003,sale,-1,sale,SALE-000464,,2026-09-20T15:30:00+05:30,USR-002,
SHOP-001,PRD-0019,sale,-1,sale,SALE-000464,,2026-09-20T15:30:00+05:30,USR-002,
SHOP-001,PRD-0006,sale,-1,sale,SALE-000465,,2026-09-20T12:10:00+05:30,USR-002,
SHOP-001,PRD-0023,sale,-2,sale,SALE-000465,,2026-09-20T12:10:00+05:30,USR-002,
SHOP-001,PRD-0019,sale,-1,sale,SALE-000465,,2026-09-20T12:10:00+05:30,USR-002,
SHOP-002,PRD-0030,sale,-5,sale,SALE-000466,,2026-09-20T14:50:00+05:30,USR-004,
SHOP-004,PRD-0098,sale,-3,sale,SALE-000467,,2026-09-20T20:00:00+05:30,USR-008,
SHOP-004,PRD-0101,sale,-2,sale,SALE-000467,,2026-09-20T20:00:00+05:30,USR-008,
SHOP-004,PRD-0097,damage,-3,,,Expired: past best-before date,2026-09-20T21:00:00+05:30,USR-008,
SHOP-005,PRD-0122,sale,-2,sale,SALE-000468,,2026-09-20T10:20:00+05:30,USR-010,
SHOP-001,PRD-0011,purchase_receipt,24,purchase_order,PO-00048,,2026-09-21T10:00:00+05:30,USR-001,
SHOP-004,PRD-0101,purchase_receipt,7,purchase_order,PO-00051,,2026-09-21T10:00:00+05:30,USR-007,
SHOP-001,PRD-0007,sale,-2,sale,SALE-000469,,2026-09-21T14:10:00+05:30,USR-002,
SHOP-001,PRD-0024,sale,-1,sale,SALE-000469,,2026-09-21T14:10:00+05:30,USR-002,
SHOP-001,PRD-0014,sale,-3,sale,SALE-000470,,2026-09-21T15:00:00+05:30,USR-002,
SHOP-003,PRD-0061,sale,-3,sale,SALE-000471,,2026-09-21T15:30:00+05:30,USR-006,
SHOP-004,PRD-0098,sale,-1,sale,SALE-000472,,2026-09-21T12:40:00+05:30,USR-008,
SHOP-005,PRD-0111,sale,-2,sale,SALE-000473,,2026-09-21T09:10:00+05:30,USR-010,
SHOP-005,PRD-0102,sale,-1,sale,SALE-000474,,2026-09-21T10:00:00+05:30,USR-010,
SHOP-005,PRD-0107,sale,-2,sale,SALE-000474,,2026-09-21T10:00:00+05:30,USR-010,
SHOP-005,PRD-0106,sale,-1,sale,SALE-000474,,2026-09-21T10:00:00+05:30,USR-010,
SHOP-005,PRD-0123,sale,-2,sale,SALE-000474,,2026-09-21T10:00:00+05:30,USR-010,
SHOP-004,PRD-0098,purchase_receipt,19,purchase_order,PO-00052,,2026-09-22T10:00:00+05:30,USR-007,
SHOP-001,PRD-0025,sale,-3,sale,SALE-000475,,2026-09-22T17:30:00+05:30,USR-002,
SHOP-001,PRD-0022,sale,-1,sale,SALE-000475,,2026-09-22T17:30:00+05:30,USR-002,
SHOP-001,PRD-0003,sale,-1,sale,SALE-000475,,2026-09-22T17:30:00+05:30,USR-002,
SHOP-001,PRD-0024,sale,-1,sale,SALE-000475,,2026-09-22T17:30:00+05:30,USR-002,
SHOP-001,PRD-0007,sale,-2,sale,SALE-000476,,2026-09-22T10:30:00+05:30,USR-002,
SHOP-003,PRD-0075,sale,-1,sale,SALE-000477,,2026-09-22T13:40:00+05:30,USR-006,
SHOP-003,PRD-0065,sale,-3,sale,SALE-000477,,2026-09-22T13:40:00+05:30,USR-006,
SHOP-004,PRD-0086,sale,-2,sale,SALE-000478,,2026-09-22T16:20:00+05:30,USR-008,
SHOP-004,PRD-0094,sale,-1,sale,SALE-000478,,2026-09-22T16:20:00+05:30,USR-008,
SHOP-004,PRD-0095,sale,-2,sale,SALE-000478,,2026-09-22T16:20:00+05:30,USR-008,
SHOP-004,PRD-0082,sale,-3,sale,SALE-000479,,2026-09-22T14:00:00+05:30,USR-008,
SHOP-004,PRD-0092,sale,-3,sale,SALE-000479,,2026-09-22T14:00:00+05:30,USR-008,
SHOP-004,PRD-0081,sale,-2,sale,SALE-000479,,2026-09-22T14:00:00+05:30,USR-008,
SHOP-004,PRD-0088,sale,-1,sale,SALE-000479,,2026-09-22T14:00:00+05:30,USR-008,
SHOP-001,PRD-0003,sale,-2,sale,SALE-000480,,2026-09-23T09:40:00+05:30,USR-002,
SHOP-001,PRD-0011,sale,-1,sale,SALE-000480,,2026-09-23T09:40:00+05:30,USR-002,
SHOP-001,PRD-0016,sale,-1,sale,SALE-000480,,2026-09-23T09:40:00+05:30,USR-002,
SHOP-001,PRD-0012,sale,-2,sale,SALE-000481,,2026-09-23T18:30:00+05:30,USR-002,
SHOP-001,PRD-0022,sale,-3,sale,SALE-000481,,2026-09-23T18:30:00+05:30,USR-002,
SHOP-001,PRD-0023,sale,-1,sale,SALE-000481,,2026-09-23T18:30:00+05:30,USR-002,
SHOP-001,PRD-0002,sale,-1,sale,SALE-000481,,2026-09-23T18:30:00+05:30,USR-002,
SHOP-001,PRD-0028,sale,-1,sale,SALE-000482,,2026-09-23T17:20:00+05:30,USR-002,
SHOP-001,PRD-0024,sale,-1,sale,SALE-000482,,2026-09-23T17:20:00+05:30,USR-002,
SHOP-002,PRD-0030,sale,-3,sale,SALE-000483,,2026-09-23T18:50:00+05:30,USR-004,
SHOP-002,PRD-0043,sale,-1,sale,SALE-000484,,2026-09-23T14:20:00+05:30,USR-004,
SHOP-002,PRD-0053,sale,-3,sale,SALE-000484,,2026-09-23T14:20:00+05:30,USR-004,
SHOP-003,PRD-0077,sale,-3,sale,SALE-000485,,2026-09-23T09:20:00+05:30,USR-006,
SHOP-003,PRD-0073,sale,-1,sale,SALE-000485,,2026-09-23T09:20:00+05:30,USR-006,
SHOP-003,PRD-0057,sale,-2,sale,SALE-000485,,2026-09-23T09:20:00+05:30,USR-006,
SHOP-003,PRD-0066,sale,-3,sale,SALE-000485,,2026-09-23T09:20:00+05:30,USR-006,
SHOP-004,PRD-0094,sale,-2,sale,SALE-000486,,2026-09-23T15:40:00+05:30,USR-008,
SHOP-004,PRD-0096,sale,-1,sale,SALE-000487,,2026-09-23T17:40:00+05:30,USR-008,
SHOP-004,PRD-0086,sale,-3,sale,SALE-000487,,2026-09-23T17:40:00+05:30,USR-008,
SHOP-004,PRD-0084,sale,-3,sale,SALE-000487,,2026-09-23T17:40:00+05:30,USR-008,
SHOP-005,PRD-0122,purchase_receipt,15,purchase_order,PO-00050,,2026-09-24T10:00:00+05:30,USR-009,
SHOP-004,PRD-0086,purchase_receipt,50,purchase_order,PO-00054,,2026-09-24T10:00:00+05:30,USR-007,
SHOP-004,PRD-0096,purchase_receipt,3,purchase_order,PO-00055,,2026-09-24T10:00:00+05:30,USR-007,
SHOP-002,PRD-0035,sale,-6,sale,SALE-000488,,2026-09-24T19:50:00+05:30,USR-004,
SHOP-002,PRD-0046,sale,-6,sale,SALE-000488,,2026-09-24T19:50:00+05:30,USR-004,
SHOP-002,PRD-0030,sale,-7,sale,SALE-000488,,2026-09-24T19:50:00+05:30,USR-004,
SHOP-002,PRD-0034,sale,-7,sale,SALE-000488,,2026-09-24T19:50:00+05:30,USR-004,
SHOP-003,PRD-0066,sale,-1,sale,SALE-000489,,2026-09-24T09:50:00+05:30,USR-006,
SHOP-003,PRD-0059,sale,-2,sale,SALE-000489,,2026-09-24T09:50:00+05:30,USR-006,
SHOP-003,PRD-0061,sale,-1,sale,SALE-000489,,2026-09-24T09:50:00+05:30,USR-006,
SHOP-003,PRD-0077,sale,-1,sale,SALE-000489,,2026-09-24T09:50:00+05:30,USR-006,
SHOP-004,PRD-0099,sale,-1,sale,SALE-000490,,2026-09-24T13:20:00+05:30,USR-008,
SHOP-004,PRD-0088,sale,-1,sale,SALE-000490,,2026-09-24T13:20:00+05:30,USR-008,
SHOP-005,PRD-0109,sale,-1,sale,SALE-000491,,2026-09-24T13:20:00+05:30,USR-010,
SHOP-005,PRD-0111,sale,-2,sale,SALE-000491,,2026-09-24T13:20:00+05:30,USR-010,
SHOP-005,PRD-0105,sale,-2,sale,SALE-000492,,2026-09-24T20:30:00+05:30,USR-010,
SHOP-005,PRD-0103,sale,-2,sale,SALE-000492,,2026-09-24T20:30:00+05:30,USR-010,
SHOP-005,PRD-0112,sale,-3,sale,SALE-000492,,2026-09-24T20:30:00+05:30,USR-010,
SHOP-001,PRD-0004,sale,-2,sale,SALE-000493,,2026-09-25T10:50:00+05:30,USR-002,
SHOP-001,PRD-0007,sale,-2,sale,SALE-000493,,2026-09-25T10:50:00+05:30,USR-002,
SHOP-003,PRD-0058,sale,-2,sale,SALE-000494,,2026-09-25T16:10:00+05:30,USR-006,
SHOP-004,PRD-0094,sale,-2,sale,SALE-000495,,2026-09-25T11:10:00+05:30,USR-008,
SHOP-004,PRD-0099,sale,-2,sale,SALE-000496,,2026-09-25T08:30:00+05:30,USR-008,
SHOP-004,PRD-0098,sale,-3,sale,SALE-000496,,2026-09-25T08:30:00+05:30,USR-008,
SHOP-004,PRD-0080,damage,-3,,,Expired: past best-before date,2026-09-25T21:00:00+05:30,USR-008,
SHOP-002,PRD-0037,sale,-2,sale,SALE-000497,,2026-09-26T13:00:00+05:30,USR-004,
SHOP-002,PRD-0045,sale,-1,sale,SALE-000497,,2026-09-26T13:00:00+05:30,USR-004,
SHOP-002,PRD-0043,sale,-3,sale,SALE-000498,,2026-09-26T15:50:00+05:30,USR-004,
SHOP-002,PRD-0031,sale,-1,sale,SALE-000498,,2026-09-26T15:50:00+05:30,USR-004,
SHOP-002,PRD-0037,sale,-2,sale,SALE-000498,,2026-09-26T15:50:00+05:30,USR-004,
SHOP-003,PRD-0056,sale,-2,sale,SALE-000499,,2026-09-26T10:40:00+05:30,USR-006,
SHOP-003,PRD-0063,sale,-3,sale,SALE-000499,,2026-09-26T10:40:00+05:30,USR-006,
SHOP-005,PRD-0102,sale,-2,sale,SALE-000500,,2026-09-26T11:20:00+05:30,USR-010,
SHOP-001,PRD-0012,purchase_receipt,15,purchase_order,PO-00053,,2026-09-27T10:00:00+05:30,USR-001,
SHOP-001,PRD-0009,sale,-3,sale,SALE-000501,,2026-09-27T18:50:00+05:30,USR-002,
SHOP-001,PRD-0007,sale,-2,sale,SALE-000501,,2026-09-27T18:50:00+05:30,USR-002,
SHOP-001,PRD-0009,sale,-1,sale,SALE-000502,,2026-09-27T19:40:00+05:30,USR-002,
SHOP-001,PRD-0009,sale,-1,sale,SALE-000503,,2026-09-27T14:00:00+05:30,USR-002,
SHOP-001,PRD-0020,sale,-1,sale,SALE-000503,,2026-09-27T14:00:00+05:30,USR-002,
SHOP-001,PRD-0003,sale,-2,sale,SALE-000503,,2026-09-27T14:00:00+05:30,USR-002,
SHOP-001,PRD-0013,sale,-1,sale,SALE-000503,,2026-09-27T14:00:00+05:30,USR-002,
SHOP-003,PRD-0065,sale,-2,sale,SALE-000504,,2026-09-27T18:30:00+05:30,USR-006,
SHOP-003,PRD-0062,sale,-1,sale,SALE-000504,,2026-09-27T18:30:00+05:30,USR-006,
SHOP-004,PRD-0095,sale,-1,sale,SALE-000505,,2026-09-27T10:50:00+05:30,USR-008,
SHOP-004,PRD-0081,sale,-2,sale,SALE-000505,,2026-09-27T10:50:00+05:30,USR-008,
SHOP-004,PRD-0092,sale,-2,sale,SALE-000506,,2026-09-27T16:20:00+05:30,USR-008,
SHOP-005,PRD-0106,sale,-1,sale,SALE-000507,,2026-09-27T10:40:00+05:30,USR-010,
SHOP-005,PRD-0111,sale,-1,sale,SALE-000507,,2026-09-27T10:40:00+05:30,USR-010,
SHOP-005,PRD-0103,sale,-1,sale,SALE-000507,,2026-09-27T10:40:00+05:30,USR-010,
SHOP-001,PRD-0012,sale,-2,sale,SALE-000508,,2026-09-28T16:50:00+05:30,USR-002,
SHOP-001,PRD-0019,sale,-1,sale,SALE-000508,,2026-09-28T16:50:00+05:30,USR-002,
SHOP-001,PRD-0011,sale,-3,sale,SALE-000509,,2026-09-28T16:00:00+05:30,USR-002,
SHOP-001,PRD-0024,sale,-2,sale,SALE-000509,,2026-09-28T16:00:00+05:30,USR-002,
SHOP-001,PRD-0008,sale,-2,sale,SALE-000509,,2026-09-28T16:00:00+05:30,USR-002,
SHOP-001,PRD-0022,sale,-2,sale,SALE-000509,,2026-09-28T16:00:00+05:30,USR-002,
SHOP-002,PRD-0030,sale,-9,sale,SALE-000510,,2026-09-28T17:40:00+05:30,USR-004,
SHOP-002,PRD-0043,sale,-3,sale,SALE-000510,,2026-09-28T17:40:00+05:30,USR-004,
SHOP-002,PRD-0047,sale,-2,sale,SALE-000510,,2026-09-28T17:40:00+05:30,USR-004,
SHOP-002,PRD-0034,sale,-3,sale,SALE-000510,,2026-09-28T17:40:00+05:30,USR-004,
SHOP-004,PRD-0094,sale,-3,sale,SALE-000511,,2026-09-28T20:40:00+05:30,USR-008,
SHOP-004,PRD-0082,sale,-2,sale,SALE-000511,,2026-09-28T20:40:00+05:30,USR-008,
SHOP-002,PRD-0034,purchase_receipt,14,purchase_order,PO-00056,,2026-09-29T10:00:00+05:30,USR-003,
SHOP-005,PRD-0105,purchase_receipt,20,purchase_order,PO-00058,,2026-09-29T10:00:00+05:30,USR-009,
SHOP-001,PRD-0007,purchase_receipt,40,purchase_order,PO-00059,,2026-09-29T10:00:00+05:30,USR-001,
SHOP-001,PRD-0007,sale,-1,sale,SALE-000512,,2026-09-29T14:50:00+05:30,USR-002,
SHOP-001,PRD-0005,sale,-1,sale,SALE-000513,,2026-09-29T10:30:00+05:30,USR-002,
SHOP-001,PRD-0019,sale,-2,sale,SALE-000513,,2026-09-29T10:30:00+05:30,USR-002,
SHOP-001,PRD-0009,sale,-1,sale,SALE-000514,,2026-09-29T20:40:00+05:30,USR-002,
SHOP-001,PRD-0023,sale,-1,sale,SALE-000514,,2026-09-29T20:40:00+05:30,USR-002,
SHOP-002,PRD-0030,sale,-6,sale,SALE-000515,,2026-09-29T08:20:00+05:30,USR-004,
SHOP-002,PRD-0039,sale,-2,sale,SALE-000515,,2026-09-29T08:20:00+05:30,USR-004,
SHOP-002,PRD-0031,sale,-2,sale,SALE-000516,,2026-09-29T13:40:00+05:30,USR-004,
SHOP-002,PRD-0047,sale,-1,sale,SALE-000516,,2026-09-29T13:40:00+05:30,USR-004,
SHOP-002,PRD-0044,sale,-3,sale,SALE-000516,,2026-09-29T13:40:00+05:30,USR-004,
SHOP-002,PRD-0042,sale,-2,sale,SALE-000516,,2026-09-29T13:40:00+05:30,USR-004,
SHOP-003,PRD-0061,sale,-1,sale,SALE-000517,,2026-09-29T15:20:00+05:30,USR-006,
SHOP-003,PRD-0055,sale,-3,sale,SALE-000517,,2026-09-29T15:20:00+05:30,USR-006,
SHOP-003,PRD-0072,sale,-1,sale,SALE-000517,,2026-09-29T15:20:00+05:30,USR-006,
SHOP-003,PRD-0072,sale,-2,sale,SALE-000518,,2026-09-29T17:00:00+05:30,USR-006,
SHOP-003,PRD-0057,sale,-1,sale,SALE-000518,,2026-09-29T17:00:00+05:30,USR-006,
SHOP-005,PRD-0111,sale,-1,sale,SALE-000519,,2026-09-29T13:50:00+05:30,USR-010,
SHOP-001,PRD-0001,sale,-3,sale,SALE-000520,,2026-09-30T18:10:00+05:30,USR-002,
SHOP-001,PRD-0017,sale,-1,sale,SALE-000520,,2026-09-30T18:10:00+05:30,USR-002,
SHOP-001,PRD-0013,sale,-3,sale,SALE-000521,,2026-09-30T09:20:00+05:30,USR-002,
SHOP-001,PRD-0010,sale,-1,sale,SALE-000521,,2026-09-30T09:20:00+05:30,USR-002,
SHOP-001,PRD-0003,sale,-2,sale,SALE-000521,,2026-09-30T09:20:00+05:30,USR-002,
SHOP-001,PRD-0024,sale,-1,sale,SALE-000521,,2026-09-30T09:20:00+05:30,USR-002,
SHOP-002,PRD-0054,sale,-1,sale,SALE-000522,,2026-09-30T18:20:00+05:30,USR-004,
SHOP-002,PRD-0031,sale,-8,sale,SALE-000522,,2026-09-30T18:20:00+05:30,USR-004,
SHOP-002,PRD-0036,sale,-1,sale,SALE-000522,,2026-09-30T18:20:00+05:30,USR-004,
SHOP-002,PRD-0032,sale,-8,sale,SALE-000522,,2026-09-30T18:20:00+05:30,USR-004,
SHOP-002,PRD-0033,sale,-2,sale,SALE-000523,,2026-09-30T08:20:00+05:30,USR-004,
SHOP-003,PRD-0060,sale,-2,sale,SALE-000524,,2026-09-30T18:40:00+05:30,USR-006,
SHOP-003,PRD-0074,sale,-1,sale,SALE-000524,,2026-09-30T18:40:00+05:30,USR-006,
SHOP-003,PRD-0064,sale,-3,sale,SALE-000524,,2026-09-30T18:40:00+05:30,USR-006,
SHOP-003,PRD-0062,sale,-3,sale,SALE-000524,,2026-09-30T18:40:00+05:30,USR-006,
SHOP-003,PRD-0056,sale,-1,sale,SALE-000525,,2026-09-30T11:50:00+05:30,USR-006,
SHOP-003,PRD-0058,sale,-2,sale,SALE-000525,,2026-09-30T11:50:00+05:30,USR-006,
SHOP-003,PRD-0064,sale,-3,sale,SALE-000525,,2026-09-30T11:50:00+05:30,USR-006,
SHOP-004,PRD-0080,sale,-3,sale,SALE-000526,,2026-09-30T13:30:00+05:30,USR-008,
SHOP-004,PRD-0086,sale,-3,sale,SALE-000526,,2026-09-30T13:30:00+05:30,USR-008,
SHOP-004,PRD-0082,sale,-2,sale,SALE-000527,,2026-09-30T20:00:00+05:30,USR-008,
SHOP-004,PRD-0092,sale,-2,sale,SALE-000527,,2026-09-30T20:00:00+05:30,USR-008,
SHOP-004,PRD-0080,sale,-2,sale,SALE-000528,,2026-09-30T13:00:00+05:30,USR-008,
SHOP-005,PRD-0105,sale,-1,sale,SALE-000529,,2026-09-30T08:30:00+05:30,USR-010,
SHOP-005,PRD-0112,sale,-1,sale,SALE-000529,,2026-09-30T08:30:00+05:30,USR-010,
SHOP-005,PRD-0122,sale,-1,sale,SALE-000529,,2026-09-30T08:30:00+05:30,USR-010,
SHOP-005,PRD-0119,sale,-1,sale,SALE-000529,,2026-09-30T08:30:00+05:30,USR-010,
SHOP-005,PRD-0115,sale,-1,sale,SALE-000530,,2026-09-30T08:20:00+05:30,USR-010,
SHOP-005,PRD-0119,sale,-1,sale,SALE-000530,,2026-09-30T08:20:00+05:30,USR-010,
SHOP-005,PRD-0116,sale,-2,sale,SALE-000530,,2026-09-30T08:20:00+05:30,USR-010,
SHOP-001,PRD-0001,sale,-1,sale,SALE-000531,,2026-09-10T11:00:00+05:30,seed,
SHOP-001,PRD-0003,sale,-2,sale,SALE-000531,,2026-09-10T11:00:00+05:30,seed,
SHOP-001,PRD-0009,sale,-2,sale,SALE-000531,,2026-09-10T11:00:00+05:30,seed,
SHOP-001,PRD-0006,sale,-2,sale,SALE-000532,,2026-09-24T18:00:00+05:30,seed,
SHOP-001,PRD-0002,sale,-5,sale,SALE-000532,,2026-09-24T18:00:00+05:30,seed,
SHOP-001,PRD-0011,sale,-2,sale,SALE-000532,,2026-09-24T18:00:00+05:30,seed,
SHOP-001,PRD-0007,sale,-5,sale,SALE-000532,,2026-09-24T18:00:00+05:30,seed,
SHOP-001,PRD-0001,sale,-1,sale,SALE-000533,,2026-07-10T10:00:00+05:30,seed,
SHOP-001,PRD-0010,sale,-1,sale,SALE-000533,,2026-07-10T10:00:00+05:30,seed,
SHOP-001,PRD-0007,sale,-3,sale,SALE-000533,,2026-07-10T10:00:00+05:30,seed,
SHOP-001,PRD-0001,sale,-1,sale,SALE-000534,,2026-09-05T12:00:00+05:30,seed,
SHOP-001,PRD-0004,sale,-3,sale,SALE-000534,,2026-09-05T12:00:00+05:30,seed,
SHOP-001,PRD-0023,sale,-2,sale,SALE-000534,,2026-09-05T12:00:00+05:30,seed,
SHOP-001,PRD-0006,sale,-2,sale,SALE-000535,,2026-09-18T12:00:00+05:30,seed,
SHOP-001,PRD-0010,sale,-3,sale,SALE-000535,,2026-09-18T12:00:00+05:30,seed,
SHOP-001,PRD-0012,sale,-2,sale,SALE-000535,,2026-09-18T12:00:00+05:30,seed,
SHOP-001,PRD-0025,sale,-2,sale,SALE-000535,,2026-09-18T12:00:00+05:30,seed,
SHOP-001,PRD-0003,sale,-2,sale,SALE-000536,,2026-08-16T17:00:00+05:30,seed,
SHOP-001,PRD-0007,sale,-4,sale,SALE-000536,,2026-08-16T17:00:00+05:30,seed,
SHOP-001,PRD-0013,sale,-6,sale,SALE-000536,,2026-08-16T17:00:00+05:30,seed,
SHOP-002,PRD-0030,sale,-20,sale,SALE-000537,,2026-08-21T09:00:00+05:30,seed,
SHOP-002,PRD-0033,sale,-5,sale,SALE-000537,,2026-08-21T09:00:00+05:30,seed,
SHOP-005,PRD-0109,sale,-1,sale,SALE-000538,,2026-09-24T18:00:00+05:30,USR-010,
SHOP-005,PRD-0109,customer_return,1,sale,SALE-000538,Customer return: Left earbud not charging,2026-09-26T12:00:00+05:30,USR-010,
SHOP-001,PRD-0002,adjustment,-6,,,Monthly stock count: 6 fewer packets on shelf than in records,2026-09-28T20:00:00+05:30,USR-002,
SHOP-001,PRD-0003,sale,-14,sale,SALE-000539,,2026-09-30T18:00:00+05:30,USR-002,
SHOP-004,PRD-0083,sale,-11,sale,SALE-000540,,2026-09-30T18:00:00+05:30,USR-008,
SHOP-001,PRD-0009,sale,-4,sale,SALE-000541,,2026-09-30T18:30:00+05:30,USR-002,
SHOP-002,PRD-0030,sale,-2,sale,SALE-000542,,2026-09-30T17:00:00+05:30,USR-004,
SHOP-003,PRD-0055,purchase_receipt,20,purchase_order,PO-00066,,2026-09-26T10:00:00+05:30,USR-005,
